FaceRectX,FaceRectY,FaceRectWidth,FaceRectHeight,FaceScore,x_0,x_1,x_2,x_3,x_4,x_5,x_6,x_7,x_8,x_9,x_10,x_11,x_12,x_13,x_14,x_15,x_16,x_17,x_18,x_19,x_20,x_21,x_22,x_23,x_24,x_25,x_26,x_27,x_28,x_29,x_30,x_31,x_32,x_33,x_34,x_35,x_36,x_37,x_38,x_39,x_40,x_41,x_42,x_43,x_44,x_45,x_46,x_47,x_48,x_49,x_50,x_51,x_52,x_53,x_54,x_55,x_56,x_57,x_58,x_59,x_60,x_61,x_62,x_63,x_64,x_65,x_66,x_67,y_0,y_1,y_2,y_3,y_4,y_5,y_6,y_7,y_8,y_9,y_10,y_11,y_12,y_13,y_14,y_15,y_16,y_17,y_18,y_19,y_20,y_21,y_22,y_23,y_24,y_25,y_26,y_27,y_28,y_29,y_30,y_31,y_32,y_33,y_34,y_35,y_36,y_37,y_38,y_39,y_40,y_41,y_42,y_43,y_44,y_45,y_46,y_47,y_48,y_49,y_50,y_51,y_52,y_53,y_54,y_55,y_56,y_57,y_58,y_59,y_60,y_61,y_62,y_63,y_64,y_65,y_66,y_67,Pitch,Roll,Yaw,AU01,AU02,AU04,AU05,AU06,AU07,AU09,AU10,AU11,AU12,AU14,AU15,AU17,AU20,AU23,AU24,AU25,AU26,AU28,AU43,anger,disgust,fear,happiness,sadness,surprise,neutral,input,frame
577.6190863715277,178.84271049499512,144.65711805555554,216.09068870544434,0.9965196847915649,573.9334665238318,573.651583668564,574.6594817044597,577.3763237719365,584.0913266323118,595.8603560500292,611.0771152231574,627.8214691928147,647.5926123362592,667.1710653969565,683.2038014597549,697.381244391669,709.0388475657796,717.2322023732709,722.5706311155902,726.1236897184706,727.9059531998016,587.7557341987465,596.7848264053162,610.0764776481882,623.9242361483994,636.5452047281887,670.5489610329823,683.5942048286579,697.0581983164705,708.7914122938857,715.3313758354905,652.5337288729877,651.9969570847684,651.3672019374565,650.9175711363655,635.1704003233335,642.5526777964791,650.2586041292323,657.6260515603151,664.3886898450128,602.6128706478576,611.8995372692009,623.2374792344096,631.6774424172337,622.3467029819853,611.1964742641469,669.889422153461,679.501638723702,690.6587608222178,699.0178658861767,690.6657005709267,679.6339421734747,622.8083971992618,631.6488565258371,642.9390780586658,649.673609588292,656.8870842428987,666.9738467031364,673.2577196069742,666.2756987094174,656.5394785670355,647.8601017817606,639.4299840776171,629.4474028560702,626.6917662022698,642.6136981258836,649.5272643529914,656.8788925573404,669.5325737833264,656.2698330080711,648.2998330081343,640.5087208735795,263.27895934616527,286.5272720809967,309.5247028535955,332.38442057275097,353.3854139266939,371.55825102562926,386.1054326404246,397.26603234130016,401.2340693697586,397.0839605377578,384.8819966742785,369.35252376896256,351.50942519776686,331.4212329111929,310.8094682693559,289.89618777492933,269.1068644846123,254.0050284774636,243.35248329732167,239.25731285459858,240.3516524931481,244.43056321283836,245.8934900614878,242.8439728242787,243.15240524156138,248.53117417125304,259.64810291449623,265.15737466873884,275.7421220588775,285.73542975170267,296.2008953809043,312.5047607796739,313.8981974051717,315.20702782926105,313.977950419287,312.74820840086204,268.1448051118198,260.92340152383304,260.9993909993947,269.5361474478965,272.6806805095773,272.67250428002944,271.33205858648796,263.1836498574943,264.126311937125,271.98765618333493,275.8853760920806,275.3039750735787,344.9886116531561,335.4345405943691,329.73230827719567,331.5363029092721,329.837331868458,335.83407846547016,345.91893983641785,359.9417762954258,367.43766317365953,368.53425166173497,367.02688878293407,359.1901350494097,344.8896777300258,337.2792463580695,338.04424159714677,337.42226082311004,346.0967457810657,356.1478821371297,357.26374427028304,355.78608784363905,4.151151583601522,2.2297888833890105,0.9108229088476735,0.59199697,0.51197237,0.39974582,0.6615344,0.23732617,1.0,0.2537566,0.1579489,0.46224824,0.19866723,0.113478914,0.14770031,0.36589697,1.0,0.25802544,0.3310483,0.99822456,0.7335326,0.026072664,0.10189079,0.18517381,0.00011956477,0.004212173,0.023377186,0.0077113933,0.33006883,0.44933707,/content/data/frame0.jpg,0
578.2604166666666,180.20190811157227,142.92692057291663,212.23632431030273,0.9970753192901611,574.2766251478236,573.4085762213599,573.8949538299621,576.3210619642816,583.0563254256004,594.8079575984615,609.7339133476391,626.2672226145833,646.0867154766764,665.7567352700086,681.7209569283358,695.9810049569221,707.8434269357127,716.2444160589764,721.5066453119955,725.0520557246631,726.9437215467838,587.4717392315576,596.2541264268352,609.5770930016447,623.4392115844415,635.977825953918,669.9846834491547,683.039686929487,696.6152541100123,708.570230529491,715.0086768938498,652.0472928045186,651.5911847636928,651.0349017590977,650.6091695483221,634.6357106623159,642.0798383685064,649.8490451414701,657.4321942627537,664.3796976410597,602.6313050000481,611.9044645079757,623.2775487148158,631.7070388980093,622.3679588293653,611.1646210151403,669.1090064094475,678.6978255925708,689.8507191872769,698.280201780308,689.9351673344884,678.8707143124326,621.4273479500578,630.6233079158958,642.1602409591419,649.1081617963816,656.7020509975056,667.2391395338298,674.016289306526,666.5986360868961,656.3474993300114,647.2385985272612,638.5497145429756,628.3093634069058,625.3780806267229,641.8124521263741,648.998514309898,656.7130263723814,670.4484120130617,656.0919992822467,647.7102360404216,639.5995706301578,261.02888371357227,284.16741798397976,307.07055854690316,329.93498169126417,351.09075301004964,369.70219561956594,385.23314044566087,397.7688857337382,402.4400538579018,398.48814470605976,386.0295610092596,370.30726818826986,352.34320571285,332.0980413612808,311.0755381144653,290.0520785071834,269.1027899671809,254.55994007656415,243.59321798597472,239.50150563230926,240.72862996307617,245.0478802061092,246.08086336220651,242.6896395091698,242.76102498683684,248.11385041863684,259.5906162442895,265.45432032902016,276.0371092333436,285.96122384187277,296.33445595162846,312.4237786671496,313.82376894729094,315.17632071223625,313.8798147066842,312.56202588567453,268.6006779518585,261.4587297923856,261.4868665245187,269.9305123606467,273.14358751125667,273.1600353932455,271.5531069245752,263.3198907516946,264.1292145914267,271.76695975107907,275.8252222589095,275.3361425524817,344.47122055040313,335.1918826502565,329.8238009919694,331.7118387164479,329.9950046957714,335.7359454933371,345.5307768651727,360.1375890545986,367.6809657247418,368.69192981962567,367.07490643492173,358.9829431848889,344.3818539779362,337.1612261946998,338.0591424103309,337.3936521486732,345.6990659466011,356.42282693776235,357.47650846680995,355.84178482331606,4.128342188535464,1.951004611515148,1.5672516217588353,0.5719072,0.48738056,0.14541629,0.6428411,0.2188516,1.0,0.18783888,0.31575063,0.4631454,0.32834923,0.09693102,0.17292951,0.34369394,1.0,0.26983818,0.32411072,0.99966073,0.7808351,0.21284167,0.0927179,0.10083818,0.00010810402,0.0019102142,0.013758911,0.0024985163,0.6548467,0.22603941,/content/data/frame1.jpg,0
576.8379448784722,179.33543014526367,145.55647786458337,213.68542098999023,0.9968974590301514,573.4639430208638,572.715914846886,573.3589956248314,575.8843969415469,582.5940225863061,594.5594968163383,610.0460582037732,627.264622262072,647.4565532242141,667.2934757189647,683.2248007013233,697.0254940883849,708.3805226423981,716.5157378806663,721.7451337308219,725.1835078509454,726.8609849505071,587.2896295236849,596.2318537851681,609.7270817011596,623.8375353555173,636.5703528795646,668.9918154407626,682.1821433926601,695.979504873753,708.2610478306622,715.125171509761,652.1493517316763,651.917845402731,651.5904932832783,651.3610044386811,634.8289047137981,642.4354626330005,650.3005871541657,657.8032751973852,664.6379466617961,602.6090453896735,611.807971608495,623.2144230874266,631.6394071571777,622.1890748774318,611.0237357040577,668.9937412212768,678.641595917483,689.860994501003,698.149798377257,689.8265291433895,678.779182236435,620.8723377348867,630.5777518709033,642.2376192531211,649.3351444737348,657.1581692931056,667.5894039912985,674.7573883243724,667.3035172887883,657.2594561777639,648.211176432254,639.5776960539065,629.0451744710554,625.0525576621787,641.7755312755567,649.1295139099511,656.9929495521735,671.1702400175484,657.2420171653307,648.8436119234686,640.6704695078533,262.70954685494814,285.5577863568477,308.13018072606064,330.6628673351495,351.4741048562711,369.6998597654316,384.682340461314,396.84130596010334,401.468574436183,398.113192285834,386.2824042410034,370.9256037786854,352.97621365727093,332.723223225654,311.78629031605635,290.8911132188756,270.1221511652302,253.4140182889887,242.42704307275397,238.19524738082038,239.33509546955628,243.79194765411023,245.17481090295905,241.5532965843417,241.52016857430743,246.80408999576517,258.28171129187064,264.60076266561686,275.48659619493037,285.6796836781987,296.3217072808379,311.69756685665664,313.316429922317,314.8527442534007,313.50520226461606,312.09123613206725,267.49800010326373,260.27763759700053,260.42703078458067,269.0947243349981,272.191165426062,272.13320096098477,270.9492968219957,262.6128604459624,263.4689080944117,271.28894489719124,275.2782680100298,274.73567935018144,342.8943094307473,333.8189464862612,328.81631893362726,330.77651895342615,329.17977179573325,334.9616985297406,344.76985152778735,357.24140482875464,363.14297449819367,363.8206658314897,362.31250457744557,355.4765645433308,342.70582748392263,335.93570023467873,336.87425840777394,336.37873674072864,344.6366669928676,352.55241967238976,353.2971159403986,351.7586924211329,3.4767127934727986,2.1635386018081215,3.0468694485338945,0.49352893,0.5300035,0.47710702,0.62931085,0.19721496,0.0,0.2366657,0.050681524,0.46819717,0.21402276,0.115351625,0.18942536,0.33801192,1.0,0.3401905,0.3310483,0.999006,0.75062376,0.13098042,0.081444494,0.30549058,0.000917869,0.015401843,0.049366053,0.021009479,0.1527281,0.45508608,/content/data/frame2.jpg,0
577.1889105902777,180.7144718170166,145.35997178819446,206.84936714172363,0.9981116056442261,575.78505159902,575.3629090017992,576.0926807440678,578.394375241461,584.5868677079527,596.2630898265853,611.7621304977309,628.7573545196035,648.574240306086,668.2448477331842,685.0885929462618,699.6893539987143,710.8367059470494,718.0425019125855,722.5444488550689,726.1549662729622,728.2830819009423,588.5593156918031,596.9180135643911,609.6583674721121,623.1571658702042,635.5417957227156,669.1669917185898,681.9435860269695,695.5161375980696,707.8894048754817,715.1869299629135,651.5788350912894,651.0262411069662,650.368454532856,649.863234201486,634.7051077708696,641.8826378513442,649.3708855372206,656.8436280424928,663.7126301804751,603.9902770799805,612.9568061427947,623.9368782013372,632.0887638915997,622.9423865697913,612.1309259528107,669.6787366536302,679.1457442440131,690.0347603540546,698.3140829461636,689.8484466714688,679.1220722125562,623.2711836892186,632.2885854271357,642.425836998183,649.095986674417,656.621569592407,666.6928945558466,675.1715504478427,666.7524888950395,656.9963422354296,648.5447242418632,640.6308904179398,631.5301853218236,627.1497794658519,641.8819276904004,648.8253635722951,656.418256432231,671.740171128,657.1574156144744,649.2450982800663,641.7234804273453,263.0392486503372,285.31815146600997,307.1058300389117,328.95924288416535,348.94408913134475,366.1396303219119,379.722775127089,390.36694845676726,394.3485841478269,391.71734908126854,382.14679114828107,368.9293940241336,352.11441032927627,332.39115482471584,311.7060750920201,291.14062788829995,270.52983394932005,252.95519257247958,242.6536201155719,238.7910029601719,239.82377670508967,243.77253046495363,244.61270264392974,241.17088543771644,241.09915918240188,246.20890772507215,257.5273714732919,263.91459598855636,275.16183651213,285.63016363563224,296.3931853582441,311.27910561963495,312.8561807403562,314.1864009580404,313.05723026252406,311.78676712924903,267.5645717238844,260.7321650670326,260.8288579180245,268.9009614647671,272.0043499937541,272.0187973304526,270.1347921293625,262.0659138969059,262.9207109528165,270.4559698136645,274.286437391342,273.7300188944365,341.3415943036491,333.60015944632084,328.9030366044748,330.7666024859038,329.21268157095136,334.39898694285534,342.6608810018041,351.20509362591633,354.9488401958533,355.3542385295733,354.1648816940776,349.7140219544822,341.0052147366458,335.1688901759535,336.093786035016,335.5789785309059,342.24232989560585,345.7258764547719,346.2445306639937,345.0992186020277,4.272969982631446,1.7849936293650908,1.6427646678187258,0.4620172,0.5561257,0.26037237,0.68084365,0.1425243,1.0,0.1739801,0.017398067,0.4635913,0.27735975,0.15517792,0.23424116,0.44990304,1.0,0.40157005,0.43255267,0.9908913,0.4146627,0.10042447,0.075708024,0.051061194,0.004025391,0.019616606,0.0129177375,0.0725025,0.00701714,0.83285946,/content/data/frame3.jpg,0
577.0545789930555,178.28180694580078,147.56461588541663,207.14440155029297,0.9980350136756897,576.9405282447641,576.3102133675196,576.9888732513915,579.1721436774894,584.9431603102529,596.2969954879974,611.8699473983561,629.0685464569449,649.1505258663694,669.16038039309,686.1679551885934,700.7487528861711,711.8046321431281,718.8176509607872,723.3250264622314,726.9104983941445,728.8565664083962,589.4168772861666,597.9388366577548,610.6479877227202,623.8783847816055,635.8730283551185,670.1471193132195,682.7543058254389,696.0831263838725,708.5127416719331,716.1349994330558,652.3494748032174,651.7761205076398,651.075140135725,650.5666360068677,635.3181497638819,642.5812721317633,650.21648659172,657.8047858008383,664.7576511625039,604.8792342526177,613.7596622919498,624.7079542777986,632.8497764029754,623.6301036144098,612.8223869956713,670.9318404076163,680.5791064818908,691.4876245877853,699.7269886532415,691.374384966071,680.5957746193275,624.3986603195236,633.9192707734626,643.6852139862864,650.2106638557088,657.7351500266584,667.5244286318936,676.4078495279031,667.0445344349388,657.3707919503537,649.1553781463788,641.5695161893567,632.9466442096963,628.3742259319436,643.0334157319013,649.9280685495768,657.6433345175961,672.7909970492426,657.6476756413907,649.811569380986,642.6021999043227,260.12841840661747,282.14284981402324,303.5296110219912,325.0544733046678,345.063127725493,362.34431184903474,375.9902270540639,386.86843137400683,391.18035259183796,389.3208848116461,380.5023437146012,367.7332910677189,351.17234827490773,331.50647965651365,310.7342319315003,290.0691492181131,269.2856486483147,250.26434801668876,240.39190651773623,237.21976735394753,238.93059238850964,243.24075789586414,244.13642952110058,240.58907947152056,240.26040602545243,244.76403304798868,255.5700458126781,261.9268882118522,273.11967584568345,283.53760992248044,294.26606769569224,308.9623718816756,310.7541596158135,312.2648558802191,311.17821184832485,310.0188206565957,265.0241096539088,258.4674866634492,258.714523276383,266.92218824846515,269.6832763269431,269.5786004238407,268.32729001019413,260.48733896608735,261.2906765179857,268.75717979483886,272.54988482748684,271.8925379353506,338.18875817906263,331.3298566641735,327.3193398195641,329.5608857581712,328.06036816969356,333.34480483037476,341.3192418153818,347.03882798407665,349.1044028397189,349.1004173028563,347.8539665772802,344.4425100002061,337.92466080145476,334.1861086953233,335.2687523742328,334.98934994242757,340.7455911973609,340.10589030672435,340.3448595411388,339.08443721236017,5.0451354197395455,2.424066963707707,1.7960988190679994,0.45018777,0.5134376,0.35680705,0.6417797,0.12108668,0.0,0.19140927,0.0049568727,0.46746108,0.09952637,0.10986861,0.22553092,0.45415804,0.0,0.35914788,0.4473318,0.5245002,0.31605276,0.32859987,0.04475256,0.008706536,0.00073830155,0.0017152182,0.007206543,0.0418591,0.002278651,0.93749565,/content/data/frame4.jpg,0
576.3057183159722,173.69913482666016,150.21435546875,207.98931884765625,0.9976271986961365,579.1086534551017,578.3617945889276,578.8554582020067,580.8745563634624,586.5318165550495,597.7714706733728,613.3795508904972,630.488110234381,650.3837178422567,670.262730652628,687.5282822852299,702.7202652489243,714.4193966561085,721.9548033662504,726.6532658457218,730.2517409452906,732.1923429623872,591.672752420605,600.0216835606298,612.3853283809294,625.5102586069639,637.4944843210745,672.3274775242069,684.9578217907299,698.330119379297,710.8263514992461,718.5384024277373,654.0277970222829,653.3437730068123,652.521025112606,651.8701906921444,636.790711678363,644.1414631450941,651.875337980299,659.6597931037293,666.8160261708457,606.7401293566006,615.5298900233422,626.3921482470054,634.6207280541646,625.457550971322,614.7388515068866,673.1394547923322,682.7650621602749,693.7103687542374,702.095494553454,693.61285293385,682.8309653005214,626.2830063986039,635.9818064189196,645.54922414057,651.9230024636738,659.1844276537435,668.8064348952888,677.9509047097657,668.1700307335268,658.6774346470614,650.8118725438064,643.4606003976376,634.990484837647,630.1174534192993,644.9341827123055,651.7155265843401,659.2138088505802,674.4024594658738,658.9980095385224,651.4368143196632,644.4263045505795,259.75318685176825,281.3136372083027,302.3405324685591,323.44875785697076,343.08084216319253,359.8008407576184,372.67025126878286,382.7853419377483,386.79512403992123,384.8006986455308,376.42769723893286,364.5616360040498,348.9136717420042,329.92415049146365,309.48450725405854,288.97957081517666,268.34848118683874,249.19291526364321,239.40721384518983,235.93353073026157,237.18116048383817,241.0217515218974,241.4463060970498,238.0683982455317,237.82131353755102,242.30132123983276,253.01627925059512,259.66162165352506,270.54632859922714,280.6161350336755,291.02301445947955,305.98423229642356,307.71389963506516,309.0623701191522,307.9001541081772,306.5966554509447,263.86275344902094,257.13988187783036,257.2066404200101,265.1875627718073,268.2004222696145,268.24232208778704,266.0392753193002,258.19823721755677,258.946022149302,266.3929654229934,270.2691783728631,269.6466465989746,334.9170200015171,328.37881855029264,324.43053612797956,326.4451638845494,324.89352428390555,329.6796096744496,336.9998121347482,341.5287562658879,343.123255222525,343.1809167511019,342.2212152882479,339.6242745252064,334.5268823371909,331.0809960659535,331.96848672908817,331.53441859678276,336.4170974612818,335.02001039427705,335.3654142566345,334.34641484411407,6.044235463385415,1.6844109486272099,-4.5899643523438245,0.3993109,0.44899568,0.48686105,0.6333032,0.1379761,0.0,0.178158,0.08779652,0.46856037,0.060295492,0.1442789,0.17811549,0.50094396,0.0,0.3446092,0.5716605,0.2742465,0.20931695,0.14893034,0.018618792,0.00571322,0.0005385698,0.004694109,0.0136874085,0.02982888,0.008746209,0.9367916,/content/data/frame5.jpg,0
572.9383680555555,168.87035179138184,154.41102430555554,217.03475761413574,0.997265100479126,578.7555614138263,577.856554660835,578.3622687595854,580.5990627598771,586.5551095973922,597.9473976842692,613.8336561739171,631.4152710289039,651.5549472143191,671.2649474590298,688.1040560847514,702.8671091591143,714.3866591904941,722.2257341764741,727.2161782934548,730.6509468180458,732.4814666074865,592.1396238966345,600.562802955048,613.331190374982,627.1385990768711,639.680280783519,673.9153738260271,686.9175767385328,700.5782880294006,712.9384996053777,720.2873879090489,656.2012035009122,655.3696387481517,654.4492793720007,653.727636774525,636.9629712635709,644.9016219683865,653.2771127255664,661.6551027719711,669.3668226722349,607.3128398275059,616.2314292379433,626.8451887312931,635.5371112372833,626.3786211083354,615.8016368707222,675.1137597240186,684.7543565350172,695.2307249769126,703.642711566189,694.9501681187764,684.5111958740398,626.5726109704335,636.766730488817,646.6890794701899,653.3132980869516,660.8892646687624,670.3273724819452,679.1355507457278,669.8160893148133,660.7074219732383,652.6319856348551,644.9120848313524,635.9789343445617,630.6645218022575,645.7525445699875,652.8413360353877,660.590638415237,675.4159719142579,661.1366943020182,653.4284361501839,646.1616207790067,256.1905388157405,278.029211635583,299.4238570060977,320.7394875806233,340.03665492070974,356.44371250478645,368.8383552826308,378.2221151978257,381.9112058054601,380.11365800554415,372.03011838159983,360.38145910498577,344.9605341172186,326.4286926036674,306.5136575013092,286.34714112291454,266.1144168653659,244.52251392851812,234.58958565766258,230.61850226485288,231.44006986071412,235.18944611868724,235.8554213176526,233.43183261399375,234.43726096500163,240.25886622281826,251.89967835220787,254.87460870650548,265.7251021171117,275.71452829562986,286.2110152396082,300.90605970469244,302.92387095063805,304.61137240698474,303.6551381401596,302.5536346275844,259.3777768040945,253.57660828083968,253.50700850916627,260.3884753954242,263.2574886666109,263.39076598114247,262.3195876952795,256.26934404399975,257.6737971147532,264.82606431704926,267.7003633520934,266.50505887591027,329.3768603826634,323.4246400966633,319.7349130240711,322.0197446051465,320.6081274227331,325.51553614801514,332.92498176389734,336.50515924605816,337.9000575806758,337.8883838819363,336.8802233886703,334.23305696414013,329.12190183466197,326.80237515161485,327.8782027363774,327.61979796348214,332.16201551476684,329.10148838540346,329.34188585705164,328.2203104130003,7.275743402627984,3.2097030130300865,-3.1295041148583604,0.5185754,0.5665304,0.3813636,0.48568356,0.17688471,0.0,0.28862807,0.0052432045,0.4653843,0.10444802,0.17362486,0.17627029,0.6120567,0.0,0.42019245,0.58167195,0.06232853,0.1913531,0.18845159,0.0568137,0.003552352,0.00021648862,0.0018585324,0.016403345,0.12166781,0.000453126,0.8558484,/content/data/frame6.jpg,0
578.0930989583333,170.9828338623047,146.77766927083337,200.97777557373047,0.9989387392997742,579.9780043221652,579.2457248642027,579.5472990529425,581.2719852926625,586.9995229953537,598.6329891862222,614.8119362540738,632.5313712556742,652.5260605327583,672.5023209948386,689.5271391713235,704.4227392124369,715.666645122963,723.0638018398861,727.5251707014315,730.985748532896,733.0894509532661,592.2754864489611,600.2297698185318,612.9881520085563,627.0719138735803,639.9517364919604,674.5424856910928,687.4626087641243,701.1209769411611,713.3503788278182,720.5981931429671,656.690282721181,656.0527779725164,655.343972972355,654.7259607924464,639.151966170938,646.5361494045998,654.4139359418439,662.3934547129272,669.7211511848438,608.9784544276869,618.022460078525,627.2252453519251,635.7672526695691,627.177448308331,617.9726361527815,676.4679518577719,686.4161338229029,695.4244462228405,703.6669996717237,694.5531312744594,685.3434531642463,627.3136662888114,638.1039171616643,647.8633043983614,654.3586494968325,661.5962431509303,670.92595293453,680.3694843696118,670.6316668964976,661.4682764495544,653.6876796301267,646.3438112261671,637.3397682162888,631.214825049333,647.4253828536847,654.2242858978931,661.6105463263817,676.6448799818488,661.5727399430276,654.1880895202179,647.1351865175778,252.02713760209554,273.78564560068116,294.8969025662242,316.14048187350653,336.1052422950228,353.03044137012216,365.7852082348943,375.6047047461143,379.73337743414356,377.5311340411906,368.59856378341755,356.00741374576955,340.0010679117328,321.52471461526125,301.6617583028377,281.67036091236514,261.5147357551134,241.84526762517896,231.6020233692775,226.92910407403213,226.86535072415552,230.23683199135047,229.39117650847766,226.22330345946813,226.80786489638632,232.32508123221288,243.6020641344112,250.00313765035906,260.83404116660563,270.86318341730714,281.5525717468885,296.1132618566771,298.11316203590667,299.7572078349343,298.61689256271075,297.22117576461164,259.0071519101359,256.9708037898439,256.17080346801015,257.157665073958,260.5772308857611,261.30533439149394,257.3379282097985,255.88865716029804,257.5237401152111,260.45367013742646,262.21250071633335,260.94430499303826,324.0070846213022,319.45935045512124,316.71049575911127,318.6708070486993,317.30223034633127,321.02878974099,326.4365256906474,332.00372407777525,334.09080893953046,334.1213271721772,333.0312814522689,329.7828074939565,324.043640375245,322.5723683106405,323.7423824376207,323.2114111897306,326.36400355984074,325.88554437217607,326.2570244324943,325.16339932496044,9.211667873315806,2.1814498072327573,-3.7500770642154575,0.6916411,0.6381096,0.39280212,0.32959965,0.18625325,0.0,0.30115864,0.03722113,0.47599518,0.2399617,0.45283964,0.36678424,0.56052727,0.0,0.45341718,0.5401241,0.73426133,0.36045963,0.27726936,0.6691749,0.0010186038,0.00095447636,0.0007387966,0.014381792,0.04709719,0.003418623,0.93239045,/content/data/frame7.jpg,0
577.6845703125,165.74985694885254,149.63031684027771,203.26119804382324,0.9981690645217896,581.0999921351419,580.3603051179844,580.4705750487186,582.1488085945624,588.331157556656,600.6417036730045,617.6630354584593,636.2174896461945,657.1247542898354,677.6572414642867,694.6374223826803,709.2042914025693,719.9260222411754,726.8932325824389,730.8333499598045,733.6263605670323,735.144602943721,593.4680920387997,601.5456125260949,614.5835316569862,629.1641975936184,642.4246338048163,677.1566271006087,690.0523391281047,703.7683934360472,715.8374244521166,723.1117143249363,659.0873475235683,658.5846396340619,658.0072190415603,657.525780792934,641.6390018918344,649.2954183818033,657.5405953958435,665.7414449081455,673.2208421586377,610.0179661692468,619.1319418636332,628.3316648867344,637.4652964625081,628.7567669368577,619.4496271388817,679.1675168121291,689.3958152437178,698.3069660851195,706.5889397232659,697.335337486835,688.1920669692271,629.9203965688275,641.4275848599298,651.4791838962655,658.0553119821146,665.2233990342726,674.9499636474002,685.2030209295826,675.0069686110983,665.7448178108688,658.0254065471931,650.6310224375387,641.0570162499573,633.723119044528,651.2246969319568,658.0729470295428,665.4180387828037,681.4930314712117,665.6290051251204,658.2870536606018,651.1667760507089,247.85116553706564,269.66912118517814,290.9397652129438,312.4873507233633,332.7332138582051,350.0229167549545,362.985098227497,373.0891517165293,377.2371387625906,374.4363792021236,364.9904197418493,351.6406161468584,334.86795597618925,315.9619057563001,296.02915557814447,276.06221114479433,256.0004183607258,238.6754380999332,228.52467281585834,223.5510515212846,223.07611192575013,226.1391219421388,224.41771306068102,221.2726121165898,221.99644140251712,227.56595429351455,238.4137110254686,245.3810522120964,255.92288521321183,265.63800085696624,276.12261808796336,291.24226515675076,293.32751865029513,294.9267397690901,293.57000418702586,291.8027776205146,256.4479821983813,255.35639020862635,254.1565236799421,253.3182628537781,257.6375991735314,258.76184435085736,252.61482363711542,252.5763114849001,254.34131368021883,256.1412225110488,257.9855824197943,256.64246929398746,318.66704643223693,315.16342919005956,312.9156512157242,314.6229651437759,313.19723043962256,315.984382082206,320.06746982759194,325.4525707160316,327.39700552087913,327.54419201730354,326.628667003541,323.8019419074543,318.625263145915,317.8192411636685,318.8716595051999,318.15590628592247,320.21132703641445,320.4890099761325,321.0220012982792,320.0624686270022,13.083682352264567,2.4117603368205804,-4.6160856184067685,0.6600658,0.6573698,0.35730866,0.35549492,0.19591475,0.0,0.3825033,0.024661072,0.49993837,0.22743641,0.4719428,0.61377674,0.6522921,0.0,0.44269323,0.56071115,0.34392378,0.54907477,0.052822407,0.3597512,0.001595814,0.0021209498,0.0020937775,0.008419885,0.05056954,0.005086002,0.93011403,/content/data/frame8.jpg,0
578.1845703125,162.4994659423828,147.36626519097217,202.82581329345703,0.9984263181686401,581.7131815250884,580.9452302836394,581.3956036948591,583.6634069460383,590.0293112037284,601.9942964149991,618.4497923958947,636.7954429740903,658.0194228096698,679.1383122518373,696.6702594035723,711.5549267389333,722.4728959544382,729.5842253480596,733.480795505222,735.9553231950431,737.0255652703026,595.4139825121638,603.5806042777854,616.1093985792772,630.3368882749969,643.3959872128744,678.5884155977401,691.1671147795932,704.6688366396402,716.6391460052982,723.9994775403502,661.1900220299021,660.7494663883872,660.2493005278593,659.8244562193186,643.9149907150154,651.7491067079973,660.2818112362575,668.6202203974599,676.15088135121,611.3946204999124,620.7074659718669,629.9114129018353,639.4090079817552,630.6344098560694,621.3394518019886,681.6183236756051,691.9469365641689,700.8356340747505,709.3910134076632,700.0229389009601,690.8784933857596,631.69907390037,643.1773777238732,653.5920765310602,660.3929656529226,667.6474088967661,677.6410497831375,687.7299016374773,677.3695614310791,667.8542094983795,659.8937427625178,652.2112781261803,642.3975777001465,635.550265433762,653.5183362674334,660.5336277808246,667.9742713558999,683.7131100432352,667.6432017992938,660.1528854595799,652.8319265539758,243.86818471152446,265.6088178775535,287.0336213348892,308.53824358633756,328.90123367059095,346.53310664090986,359.8917146507347,370.0854973189271,374.0370643951155,371.0093614166153,361.35893264058905,347.7811348524565,330.9423867990654,311.8388856401625,291.782854091829,271.54429254212755,251.51839976965175,232.18559003765859,222.77575646173455,218.0885566316624,217.6647060685591,220.70866440125837,219.443031662875,216.22183121511353,216.69474523908366,222.07264166986533,232.56390239743223,239.94528392707844,250.2781256739636,259.799664941394,270.1273130989857,285.7958062151374,287.9672633073924,289.52387486491716,288.2065456029386,286.3116543941742,251.22493296010862,250.78658241795847,249.43582123830765,247.6163458785427,252.18766193410147,253.419478313147,247.83235131928086,248.87616847024447,250.68060708335406,252.02114791759368,253.8068939614168,252.3521884597344,314.2306495676403,309.6483080152575,306.8619908810397,308.61756913453974,307.26516138398165,310.51946733668046,315.83055070743194,321.2755358356644,323.44771828955254,323.66904063106176,322.83333698626757,319.6645946918161,314.0522106058834,312.87519529822293,313.8182379574919,313.27497110872173,315.9341758703449,315.4959413860561,315.9648151457295,315.1630294109018,13.629976170264158,2.2395938264948856,-5.32647843811075,0.67636436,0.6249195,0.51671165,0.2643584,0.24272992,1.0,0.38620004,0.100223355,0.48556325,0.32898638,0.31446835,0.17646283,0.6871772,0.0,0.33756366,0.5818495,0.32383695,0.51275796,0.034771577,0.3806591,0.0012740775,0.0010418799,0.001912947,0.0030394376,0.04278875,0.0032331434,0.9467098,/content/data/frame9.jpg,0
579.4941948784722,160.2828197479248,148.73638237847229,204.23053550720215,0.9984959363937378,582.8209181771095,582.1792710292309,582.9229383973881,585.685646400759,592.4181957749256,604.4705905580503,620.7989458036307,638.7949606150253,659.616967665086,680.3004717485703,697.7375884159267,712.7441288444332,723.9323463349674,731.2865814264558,735.3342599598735,737.8795797311242,738.9978288580936,596.0697863540408,604.4251898071017,617.4467985944307,632.0340540311486,645.3145186766454,679.599141164981,692.5372303919662,706.2731925329845,718.2809461658842,725.4359759675763,662.4220416684374,661.8808991913162,661.3015575624155,660.7945094716245,644.9347986571684,652.9112636030352,661.6327288702523,670.1080615914238,677.7921532971886,612.5800586690997,622.0352325007547,631.0357633877024,640.5141488645497,631.7576616216571,622.6368435777961,682.8684918952953,693.2818143936889,702.0819056396645,710.7835409456804,701.0947752837745,692.0672566595753,634.2788421583703,645.0233943954256,655.1067068986274,661.9482845401341,669.1264091253686,678.8356401836963,688.3200294278022,678.5004663643538,669.344356102252,661.4293603841818,653.7487599202049,644.321194653316,638.1954092245617,655.0663896294452,662.0796516422195,669.4524969514389,684.2717227630167,669.2003971574004,661.76191942411,654.4410483336407,243.16241143590045,264.9344087487729,286.27918908537634,307.49910274916476,327.23963557267865,344.06048232979646,356.6435458646787,366.0872818623592,369.7767064005982,366.6798726808063,357.4774998130887,344.36686436016873,327.96743531994844,309.13044755730255,289.06143124389735,268.65205537543955,248.48283750118094,228.9414369289322,218.8869454301132,213.75920231379928,213.09190768571523,215.97302210382304,215.36312115349875,212.55069217006292,213.24584369391886,218.74571082247257,229.46642328296804,235.75448572018058,245.98136276016595,255.31585502683953,265.5008955961952,281.0610826983519,283.1478811788924,284.7192175298561,283.423119579592,281.63404075963206,247.30112519451518,246.9634826728205,245.5498365105604,243.4642066465179,247.74591524137338,249.0098908456477,243.66869992596776,245.0565342713275,247.03451264434167,248.13435606146703,249.52160609857776,247.96736806775095,310.34627616185776,304.76886402480636,301.375289360751,303.14957057430456,301.7705300680925,305.5348044930307,311.43365920557284,316.6279842468623,318.9431742142375,319.17571428964015,318.3321484705338,315.15773322297866,309.9796957741305,307.86749449246395,308.7897374173005,308.25158951995553,311.29944360077354,310.35344854561447,310.83585343600316,310.0054783756184,13.578483572235662,0.9763973867045317,-3.2199461972428427,0.62979347,0.639026,0.66958064,0.3642098,0.2174837,0.0,0.38680083,0.35310486,0.4672429,0.13995436,0.34255016,0.32711297,0.67741877,0.0,0.37474746,0.58004963,0.097843364,0.29178715,0.10629189,0.4264515,0.0005430555,0.00048339934,0.0005354763,0.0009768996,0.02018907,0.00093023124,0.97634184,/content/data/frame10.jpg,0
584.4538302951388,158.0350341796875,146.45442708333337,201.48218536376953,0.9988325238227844,584.3104427950229,584.0189669045805,585.0387848526442,587.9102419174927,594.7162470125718,607.1455070312707,623.9188649525402,642.0756119874436,662.7469857271706,683.0014959466383,699.8625599984214,714.567488588012,725.7662759818838,733.1810323813694,737.1593398045188,739.4451033712082,740.216113178734,596.749203350452,605.4265331643995,619.08850673847,634.3519458343233,648.2302376588165,681.317324956072,694.3640225871244,708.1819461926361,720.1293629108447,727.0596748010728,665.025961652146,664.7187740284153,664.3718116889079,664.1182190535734,647.896115635163,655.8258753427482,664.3519099198905,672.6933019079427,680.2847099255408,614.9050785120568,624.2785595244349,633.4545936596909,642.6259946170042,634.037149134531,624.7805567886982,685.3817532855553,695.7191298602829,704.6798112907529,713.0355999965807,703.72497312292,694.5418847400651,636.6636494330411,647.723967494833,657.7854430066817,664.403213538791,671.4462925126976,680.7247969800299,689.6805930378011,680.4939018727202,671.83449950313,664.1493182697495,656.6488156532816,647.165723594455,640.575564785327,657.7086677174424,664.5433473562595,671.7261134026385,685.6867071843059,671.5040811396051,664.253496320601,657.1019231627359,239.55320062719156,261.5583243470404,282.9337321727089,304.1506896360712,323.98416431346175,340.9460774453193,353.750264599165,363.5889008247617,367.5941426478339,364.3565096058659,354.4912272029245,340.9489596711002,324.40089092799644,305.4526918992162,285.1416035876689,264.78916974729435,244.61373339212622,227.04264743034182,216.19846747986128,210.72495499390715,209.94901658029613,212.8516485197475,211.80767751963958,209.03738297691925,209.83120560150093,215.5941656115042,226.79221803780192,232.76340444934795,242.76400735270363,251.8445533478377,261.8582343506743,277.87215460092864,279.77275192538457,281.2979537530042,280.1565923437589,278.6938051154251,244.49874699459633,243.07721882831646,241.66732764862707,240.84167084029514,244.9374721974039,246.198215398495,240.88880964294214,241.06943873263253,242.95253374103376,245.0089586023352,246.59421880966482,245.03644783072076,308.3528163022381,302.7529110102261,299.1744403585351,301.0203330376691,299.64424316082545,303.71106373770704,309.8237746406609,315.4070783121748,317.7518554517286,317.9173960894559,317.0020876482083,313.74292437965687,307.98979996513094,305.7537259709046,306.7843666767758,306.30665216471675,309.65796019148434,308.71932013254025,309.19266807254115,308.2697793774898,7.070135871746787,0.4582220229364718,-3.5594095424104584,0.65032554,0.6483772,0.6795534,0.26448834,0.20131578,0.0,0.30100656,0.011834348,0.46543315,0.14188674,0.19948617,0.1328884,0.6226913,0.0,0.21538615,0.576897,0.2619299,0.25223443,0.08339158,0.49071947,0.003127775,0.0070929527,0.0012668956,0.001831676,0.10853013,0.0027369643,0.8754136,/content/data/frame11.jpg,0
585.2803819444445,153.84213638305664,149.07530381944434,206.7732696533203,0.9985412359237671,582.0282399884807,582.3733066956793,583.9730397511735,587.0186572900816,593.9508350963545,606.394840429735,623.1272499227996,641.5321830706986,662.4428772324048,682.8684806716938,699.8986782925003,714.0442724964116,724.5117581223774,731.1881428040731,734.9678114055201,737.518761971069,738.6395308863121,594.9084971644754,604.1941218310627,618.3843287932225,634.1724090216009,648.7424049197601,681.0044319980236,694.4414871592795,708.307706258495,720.2315658751806,727.0984107261866,665.9175995509656,666.0340970469788,666.0280776892439,666.0257409361184,647.8741976065758,656.2345013119872,665.0871648167856,673.4665544709853,681.0811751117486,613.2594520546527,622.3010893762987,632.1622319349108,641.823619075229,633.051366499188,623.1644974718296,685.2681486567275,694.8198784802768,704.135537079837,712.6787360860541,703.8855784432853,694.445154974312,636.3566002682617,646.5804202225805,657.1186000253831,664.2333181826198,671.9825387613309,681.3791998727186,689.121410192053,680.9132098886661,671.9757503456054,663.6693324630611,655.649359102896,645.9420651163642,640.8177799608642,656.7916246679366,664.0619069881559,671.7399009652676,684.7244246573082,671.9816070179961,664.1215681407415,656.4265217816439,236.53259069461802,258.9948889316991,280.61322736666773,301.9849791885823,321.434470562762,337.57813658479824,349.73445876874723,359.0950037337258,362.80735018183367,360.3026614123402,351.2804428049592,338.0554553846366,321.40617810245055,302.384149864905,282.1519201415449,261.94183041457075,241.91527933499054,222.79339187526892,211.50994311596713,206.09775666477853,205.3757073437675,208.2269085015863,207.5956154182653,205.19206516933627,206.35164193395576,212.28150793991733,223.8879166865796,227.6801416386823,237.5087841023993,246.52450269080128,256.3793227053553,271.9982397549349,273.7579035959454,275.53426486909996,274.3562159231271,273.1829440104426,238.7453997722787,236.22140321034584,234.8735921077161,235.60810904192238,239.73267796782966,240.95863035287658,236.5564167027527,235.43170636530738,237.18114321399935,240.3788937340854,242.14306100121448,240.74779014681297,305.2661059475631,296.18293949441977,291.07995872421964,293.1360796310652,291.8557459723303,297.8396235125612,307.35467518578514,314.223028573619,316.7357628728612,316.7885912409911,315.6577062552551,311.8718851898826,304.60496749837256,298.96411940114376,299.9551689387645,299.8664314783,306.71308855705024,306.10545879651977,306.3663173511319,305.26925612740956,7.553760253512541,-0.011694229084310845,-4.951246922225672,0.48524114,0.5283696,0.5083807,0.35508424,0.17936578,1.0,0.39845553,0.13536438,0.47316062,0.10375816,0.20755176,0.30941454,0.527053,0.0,0.32641065,0.49774405,0.8387963,0.4095815,0.05078244,0.5782632,0.0015104902,0.0012102765,0.0011547973,0.0011184979,0.12905161,0.0034323803,0.86252195,/content/data/frame12.jpg,0
583.9276258680555,149.48664093017578,152.7673068576389,209.3946075439453,0.9974652528762817,582.3589201371901,582.7281722957146,584.2082100421067,587.1837156606821,594.2029102116767,606.8811941950871,623.9727637420383,642.7457115241396,664.0422505757815,684.7575744936403,702.0397347377584,716.4710697221271,727.0710756416756,733.6504123845352,737.2705647702423,739.7258606031337,740.8453216584749,595.9388761206706,605.1717788859441,619.2998506797439,635.0089768090456,649.6208828311255,683.5622396045128,696.8391420763965,710.5479982080178,722.2902303284573,728.8497074772386,667.7529693003962,667.898501484151,667.9695527015774,668.0556408967223,649.90994027133,658.1926490758133,666.9365243139782,675.2296122275839,682.8038457392468,614.8098151238546,623.3455465394682,633.7336793461745,643.6046614336301,634.8580229261534,624.5354821950623,686.6886429419701,695.7418470838275,705.5909626498997,714.1807912403328,705.8388631032813,696.0181290837991,637.3935434315035,647.9202815273484,658.8753113894527,666.1881650852374,674.1793003018502,683.9664707087159,691.6493329050318,683.3079589195495,673.9583585734617,665.4252631220697,657.1980368713294,647.1968815848304,641.7951169267417,658.5050782328799,665.9917108653844,673.9311901694964,687.3705189594639,674.0346817193313,665.8948841114507,657.9652147878223,234.3434719597417,257.1119049762674,279.0896760314172,300.90888485239884,320.60799963164027,336.95283496188495,349.11572803170384,358.5499038889229,362.4202332425666,359.87588375478117,350.68930880955486,337.3467468652434,320.5658691353037,301.3065110689786,280.79021742691657,260.3185554517877,240.06312491670815,219.59760354004993,208.01809727908312,202.50438651546028,201.87913130898687,204.85048453505988,204.45673737946527,202.07574278806896,203.28487155815128,209.40877059639024,221.31900799328014,224.6645183681194,234.44991399225637,243.39886275373738,253.17840234372306,269.4609480421641,271.15013681902747,272.9660316033587,272.04790729250817,271.1497174610831,235.23300504503004,230.8197943668365,229.5698755481326,232.67066060831166,236.74043210716172,237.93098931113764,234.23898443478902,231.01400202627337,232.5116116193867,237.6321518445884,239.72417136966214,238.50181784726374,303.09017519987356,293.31637931601836,287.925877414149,290.1193141649401,288.90943654138573,295.36346014423543,305.71778221667955,312.52505497935636,314.90807147512714,314.82048557303824,313.58339461431024,309.84092450248136,302.2543199314605,295.9022901715016,296.9864053429628,297.00623498290224,304.8936240394996,304.3272062503238,304.48964754547706,303.27809249014535,7.783710664089621,0.15925871444895134,-4.991211844669512,0.6357944,0.61799294,0.51474774,0.43546203,0.16898088,0.0,0.29378274,0.42046618,0.4721109,0.16289946,0.18414463,0.32554135,0.50843984,0.0,0.4177333,0.49837464,0.9418978,0.35595554,0.008040513,0.40295392,0.0028784482,0.005818969,0.0036084966,0.002545455,0.39872155,0.009252338,0.5771748,/content/data/frame13.jpg,0
583.7170138888888,146.01399993896484,155.27598741319446,209.85486602783203,0.9970861077308655,584.779922308254,584.6537070574249,585.6930625362086,588.3841848257384,594.9260073960261,607.309901827114,624.4960023005691,643.5083156849798,664.9274058666779,685.6965634946789,703.2180696928139,717.8237503032208,728.4981194832247,735.1146580297057,738.9781543266765,741.5826276982074,742.815338111716,598.751003069435,607.9542731796298,621.7891307793541,637.1287548557684,651.3441532191787,685.5232881736656,698.9158614171026,712.6732674700122,724.5444131482003,731.0676646087406,669.0816456639977,669.1173394194872,669.0995525817012,669.1246642944573,651.5676819856834,659.5651921188631,667.9348374215009,675.9850101035178,683.2569748599232,616.9504279470491,625.5646610317306,636.293283819479,645.7564819211836,636.7681023284254,626.1439040389694,687.3917767205909,696.8658720748124,707.194996481893,715.4227223319856,707.20589373441,696.9499280170919,638.1383117525145,648.981160561825,660.114002372,667.4125948501203,675.381578497889,685.319542573576,693.3011496226761,684.546242914594,674.8780083536861,666.2962568866999,658.0199286899821,647.9438201741576,642.5843907794309,659.7388802145931,667.242936936623,675.1944939863582,689.2233857228409,674.8890256861207,666.7503240848959,658.7945642380466,233.95157122390884,256.6421276125022,278.4486706581398,300.1652288155692,319.8380567964102,336.36578159696614,348.5992384063584,357.792211663624,361.50319145532666,358.97974200815736,350.12645982762876,337.20024696394614,320.60682343850493,301.3692401287851,280.87437505242974,260.42077243773986,240.1571362526016,217.88068296464724,206.433126700584,200.85610499027607,200.04783205531004,202.94951072775265,202.9438369516488,200.54875293633205,201.90913832216728,208.17638690350248,220.2040567542068,223.83826044863088,233.98314473722758,243.3129415555377,253.36786347091075,269.1959576418969,270.9471731393525,272.7212488511102,271.71374832295203,270.55045911177257,233.46450456337323,227.2587368998196,226.36933497056415,231.75422881280463,235.62285852625047,236.59522817353272,232.99202761281902,227.51081466672002,228.7886075842708,235.37958411830488,238.06760309246573,237.05282271930656,300.6901281551254,291.4801785995172,286.54304775980177,288.57685633320324,287.37041340165706,293.2728216685249,302.89850290865377,310.38336935886144,313.03222726991385,313.0584797418866,311.80867295011797,307.9734854937076,300.0381092128611,293.759130324581,294.79681594201134,294.68344548986187,302.25121211314274,303.3118780247927,303.5427766962366,302.3250762724208,14.200474607228536,1.9556189331570224,0.21057010249912667,0.6198353,0.6735396,0.4671024,0.50388193,0.18237785,1.0,0.19042608,0.25994262,0.4772055,0.20546362,0.20728466,0.13144308,0.44164383,1.0,0.1835429,0.43577012,0.8806085,0.52005047,0.0144231925,0.42999128,0.00029086764,0.0013082841,0.0021463295,0.0022117186,0.8923391,0.001239987,0.100463666,/content/data/frame14.jpg,0
586.91796875,143.55519104003906,150.8523220486111,208.85284423828125,0.998044490814209,585.4344311845161,584.872881081259,585.5260927130257,588.1127635697321,594.518852754858,606.7191164776268,623.757898154905,642.6933385070115,663.9198016998344,684.6279126748414,702.2229226790514,716.8643430881857,727.6381877613821,734.626931160652,738.957893567771,741.6761150006569,742.8425288645885,599.3115324759528,608.2519299733249,622.1393984585011,637.5076054575657,651.6313608115815,685.9328495755835,699.2171385956099,713.1277315993866,725.2313107837108,731.8626548887187,668.8464295973899,668.6005149816265,668.2889613899388,668.0365336668692,650.0707844490753,658.253585072529,666.93764100712,675.3959117114864,683.1056082869181,617.2713138351028,626.3999715040918,637.1881420256977,646.4271789375416,637.2060829474285,626.6027741297512,687.5078712930554,697.4783928963152,708.0221276957891,716.2296885838296,707.6353596653717,697.2406794179624,636.3046076491555,647.4714496320048,659.0312590478679,666.5537859490069,674.7898192740322,685.0539386089295,693.3229258667925,684.1025021010573,674.147187707058,665.284372372058,656.7700381545728,646.5052914102562,640.5399946880534,658.5910491794057,666.3986664392214,674.6169679789891,689.5433069561259,674.2567154657008,665.8477412157154,657.6112970869035,234.26067938208143,256.328491137152,277.52478639372566,298.63122765845037,317.9622944644434,334.03804749791016,345.9285166161135,354.9587307595357,358.99506469097105,357.1049490000878,349.07557238715526,336.93546901163063,320.9208435815963,302.0262744716674,281.77145186385314,261.67228654532664,241.6664334396155,217.41294387300877,205.5541514613251,199.64721128428573,198.94653687685786,202.10056137395077,202.7732488397778,200.3357184304732,201.81272983364397,208.3045052194757,220.59556031364264,223.57776425973861,234.1602565291796,243.7942252630528,253.98699918397324,269.1706058997006,271.3234866307539,273.24498773092637,272.1755086222911,270.78355601040676,231.6652285280834,225.01497251057663,224.45806449010706,231.05738830724658,234.28682144122286,234.882867858807,232.42712763802047,226.1712133789224,227.43305322788,234.77525967422116,237.29107434691468,236.23610781568277,298.9931233868847,289.9482995669823,285.48290722259844,287.4952781203465,286.44255980620073,292.2522067082755,301.8997020904644,307.80009928355867,309.9189953377281,309.8748974185364,308.605379273351,305.1023582867201,298.2181831240159,292.04915013118443,293.12617309117195,293.0543347126513,301.04279526844766,301.695286126298,301.8357212680057,300.5846818240534,14.376849218978377,1.895472946158747,-0.3349720656556389,0.6948248,0.68203396,0.14597905,0.4901937,0.19573048,1.0,0.24299176,0.1649524,0.47406417,0.38145256,0.28029516,0.25921035,0.4696433,0.0,0.1077995,0.43577012,0.91215056,0.37822637,0.05398985,0.20113266,0.00045193662,0.004510352,0.00082703086,0.05654237,0.14260563,0.003964037,0.7910987,/content/data/frame15.jpg,0
587.5799696180555,142.99316310882568,150.85188802083326,208.73399448394775,0.9978880286216736,586.7025317624639,585.5993301332492,585.7001997209256,587.9188193035164,594.3041721309462,606.8080856578677,624.1180011397153,643.0880900676666,664.2506975226447,684.9089831664232,702.5131056558197,717.3286664657296,728.4510230909057,735.6961655157158,740.1371893899411,742.9294088750121,744.1469654506553,600.6123265982682,609.8036492738031,623.7019220220161,638.925910417535,652.8226006049645,687.60732395143,700.844175871041,714.7377755859969,726.8412303180472,733.414486111338,669.8532015734289,669.4892573826738,669.0911985561607,668.7470065155624,650.731545125908,659.011898785516,667.7920803808911,676.3801002796173,684.1953229021462,617.9212455147167,627.3360489141046,638.3141984203364,647.6058158855274,638.1637282424423,627.3319656086868,688.4707750868497,698.6301285454309,709.3904669264657,717.8070626467348,709.0758060672807,698.4757990093996,635.9776220725527,647.8843913728842,659.9515143910977,667.6971864531544,676.1468666516904,687.0677304435222,696.0696049169594,686.0603857153512,675.4514954153362,666.2812275166405,657.4354890872988,646.6263152692553,640.2998120547356,659.4813520051124,667.5723134494428,676.103883703617,692.3649346314542,675.5754577001062,666.8421706653072,658.3079727630396,233.26934854084155,255.0612627843709,276.1081118899615,297.06220203189116,316.1369265942892,331.816087837806,343.3245743643438,352.2430807300903,356.2936749151645,354.61139787245685,346.85237108756183,335.2233561345579,319.68998457076884,301.0886994895634,281.1577796836399,261.41013833223127,241.75348676096607,217.41784493501683,205.70694739128407,200.05728750809635,199.70386883953367,203.21118185147813,203.84511688383031,201.33513069170067,202.780770107815,209.3013236410506,221.59642499100408,224.24869235546402,234.8291114911943,244.4880622159881,254.62834283116405,269.62936184912087,271.80350176931245,273.712995723006,272.6578158556801,271.24987423181494,231.41487843401305,224.56809343209022,224.19067507994717,231.3352427810005,234.36340565609478,234.798176906822,232.99252730718342,226.29879534179196,227.47235374168935,235.05002801868343,237.62223423029747,236.6794535031488,297.4360596222713,289.0627006569936,284.89356371134204,286.95222148379224,285.91079197950063,291.4152668406185,300.50621261249455,306.5900540185703,308.72993000481665,308.64854756301474,307.35886503317136,303.7440871861342,296.84775011590455,291.5208355887347,292.63364455629085,292.53207699958955,299.8291005444257,300.59606026150647,300.6813393859924,299.40127165939987,14.07519227884422,2.005992541277696,-0.3243871787921448,0.65774024,0.67164797,0.22261178,0.44608855,0.46638262,0.0,0.21756616,0.08668557,0.5032694,0.6365344,0.5205527,0.19915912,0.5002647,0.0,0.20502213,0.5099074,0.8810899,0.2633972,0.035925798,0.21287568,0.00052020134,0.020246582,0.0036778557,0.3407394,0.09187999,0.0030256375,0.5399104,/content/data/frame16.jpg,0
587.9742838541666,143.2686367034912,151.45035807291663,207.98827171325684,0.9980212450027466,587.8874806067636,586.7696358308955,586.7479868327009,588.7136013198626,594.6603033056213,606.7573997667646,623.9102346413472,643.1205090787524,664.6198275650763,685.7278723004895,703.8912962459185,718.9916379874326,730.0456514252771,736.9723936292503,741.1273053638229,743.737740896675,744.8914119566193,602.111869144746,611.2582789309963,625.4375210698921,640.979337245641,655.0001225528798,688.563924536051,701.8104485410865,715.8369166638624,728.1200844235232,734.7099487274004,671.1666095815312,670.779940101324,670.3754634740019,670.036726013848,651.9124048973173,660.152918843983,668.9459229603424,677.5472659406503,685.3804618522254,619.2476183815163,628.6384264270612,639.7287087242757,649.1730423465283,639.5589383292263,628.6452621698342,689.3920089445712,699.5465903735926,710.376727656942,718.7288152070839,710.072682149229,699.4343919579369,636.9356495172538,649.0895704146476,661.1593573767801,668.8376221825681,677.2784628151553,688.1282668056774,697.4780008886626,687.2861241231192,676.5772896614692,667.366531658974,658.5545897829846,647.7172745978116,641.2729617787893,660.562334462819,668.6276852902672,677.1532921085354,693.6941680827715,676.7012256202106,667.9791897539023,659.4800705090994,233.90921985874502,255.67806297986635,276.73966334327247,297.8421740279532,317.17322317200137,333.23656412335913,345.0548418685355,354.0966476824067,358.267566509958,356.6352893205419,348.86598789255754,337.04644564654177,321.29442480184366,302.49458502218613,282.3105631178023,262.2594328133989,242.33359222745912,217.67889041418448,205.78208716688152,200.08202235072736,199.9702107235637,203.85639371504362,204.60496333548645,201.69560724244104,202.88475127005063,209.41789155392053,222.07815577861027,225.34138615068116,236.070660896488,245.83991172854383,256.1182580367813,270.8761134450647,273.2422771687061,275.2626371039735,274.15121524854544,272.6311364747851,231.9340918623269,225.06800106920343,224.84529271842462,232.31810589077145,235.269993841462,235.60522789046672,233.99827047079953,227.0211416274965,228.11492741533505,235.86071656594686,238.55449014235546,237.68337551409456,297.84000206180554,290.542731358928,286.9809597769156,289.13431544752666,288.09449409256945,293.19593677311263,301.5479499408523,307.5926507416641,309.6800143449391,309.5680093235294,308.2082097502828,304.3531781088934,297.4066799388647,293.4612439256987,294.71021371949223,294.58965472181603,300.9581421199159,301.6700412160162,301.71285572679017,300.3644812905395,14.414709488702231,2.2223731158514473,-0.33044644572108833,0.55694467,0.6427332,0.34391037,0.43363172,0.47719777,1.0,0.23343058,0.73765415,0.5076613,0.69560564,0.49860737,0.1955949,0.57783,0.0,0.18848081,0.43671206,0.3919766,0.17831613,0.055348072,0.22163951,0.0011194937,0.017177576,0.003916989,0.3717519,0.039856177,0.007321194,0.5588567,/content/data/frame17.jpg,0
587.8797743055555,145.52397537231445,151.2841796875,206.23703384399414,0.9978443384170532,588.9272630404079,587.4995143733911,587.1311431655523,588.8103927949592,594.6697663190301,606.7600192097219,623.8989848345124,642.9366613965462,664.3230201769022,685.388517748224,703.5576718513231,718.7935601771077,730.0407917841915,737.1207146208715,741.2589487323778,743.825233604543,744.8977212124246,602.3575169530371,611.5305939619966,625.7022184862594,641.1915254333164,655.1313049987308,688.2502548492354,701.584179593288,715.7167060031888,728.1190173110849,734.7179175440181,671.1492219922554,670.7536827209848,670.3358691042371,669.9745084147346,651.9101543695434,660.1397063304439,668.8686387910819,677.4409722771616,685.2403712239691,619.2245954263983,628.5203435989248,639.5102622620833,648.9850460180891,639.3858062006336,628.5025683762098,689.5166325213215,699.7469296232165,710.5328757618171,718.8803416171347,710.3081261408325,699.6621838518489,636.8984256158566,649.0882381927804,661.0514129922818,668.5821700565374,676.9121262111391,687.780634940226,697.4643255046057,686.9142809109503,676.2049968739681,667.1501214082581,658.5529394884329,647.7662336618905,641.198510137014,660.5234741264228,668.431810848957,676.8628718803129,693.668836040223,676.2978115638628,667.7018171174221,659.3926380592471,234.06659814985676,255.62528808321565,276.53347862131477,297.545798036713,316.8645148835328,332.9239196894111,344.8138325440044,354.0910974351517,358.39342414207897,356.65962449308677,348.6694922436192,336.7963367774111,321.0807682090972,302.2997039079354,282.1633120650014,262.177736717535,242.26328438776213,218.79649436424847,207.09583969009833,201.5648910642294,201.54316251397276,205.53395815988833,205.98274934319335,202.9963127855665,204.1361249714327,210.6730774468623,223.30168725407083,226.32939773132978,236.97024347305359,246.7199310054225,256.9978450524827,271.557788124764,273.90767256769294,275.87743276651895,274.78143171049817,273.23879314960914,232.79004951008423,226.10424245173553,225.9196604087203,233.25331901794925,236.15925815619352,236.5061183943027,234.678471469864,227.7329248915431,228.74433506402914,236.1890851274216,239.01001297229922,238.21911144442385,298.3113274624558,291.49471394151317,288.1426904692321,290.29422997886104,289.256643762634,294.1491668685894,302.0658822853162,308.07685780743543,310.10569665105294,309.93835878675463,308.59307682728024,304.8141234829503,297.9132509809717,294.2949089436306,295.5612423620503,295.4347948856077,301.52449768044903,302.33019468416114,302.35940210405806,301.01646558890866,14.203383530287315,2.6107138722249563,-0.8257779661973926,0.5974508,0.678127,0.31059682,0.45177633,0.44918966,0.0,0.2364244,0.54547864,0.508138,0.65802324,0.4635298,0.2881171,0.6649696,0.0,0.18718834,0.5099074,0.35095906,0.20848261,0.08191222,0.17730893,0.00102226,0.02137431,0.0053876927,0.53612405,0.041827124,0.0069184126,0.38734615,/content/data/frame18.jpg,0
587.2992621527777,149.17651748657227,151.953125,204.41611862182617,0.9980013966560364,587.8728812635542,586.770375288539,586.7882201948294,588.9353038214493,595.1841316366135,607.3425585956628,624.2684997302773,643.1798749348166,664.3959991055764,685.0850808043579,703.0124201809073,718.1228668980452,729.381182455247,736.6779872999041,741.0785368048187,743.7729641343749,745.0475188382271,602.1141801595874,611.2795937874125,625.2976778345242,640.7633339542608,654.8814255056955,688.898992722145,701.9168262742646,715.7133732299286,727.7742490093224,734.1271233745799,671.2423607933354,670.8379152400338,670.451263419592,670.1006961781954,651.951878194119,660.2097858593786,668.9408869266717,677.5271891169089,685.3626016288542,618.9888126195607,628.4807456316573,639.5414659524303,649.0229157217492,639.3656632869361,628.4097242205098,689.3317152510841,699.4739529084331,710.2573059250014,718.5614670610104,709.8771311987723,699.3179470500813,636.3115159824006,648.4864280965849,660.8656318561132,668.583184646955,676.9539004846713,687.9121350449834,696.9446841708116,686.9236251970632,676.2564212469192,667.0858939312817,658.2667307004597,647.229981476666,640.5981388098758,660.4052756746638,668.4664946042647,676.9015719966637,693.2909304697429,676.3429920704714,667.6624869050363,659.1168017976953,238.82740054116206,260.3133475903617,281.153361667378,301.9391757709258,320.66985028161594,336.066341854686,347.4163894414378,356.0509408662167,359.8983055866195,357.9589056727416,350.42044526793086,339.0594173250758,323.75746500974736,305.4675399461064,285.7766033211733,266.1371764093585,246.50658788005308,221.40044958975164,209.5632821173599,203.6380714219046,203.13213433479336,206.67302868997473,207.44560859234014,204.73150142348294,205.91633448255766,212.24506960956418,224.6607088516617,228.4264446398078,238.8892765292169,248.3999975008245,258.3352313210091,273.4649192480431,275.58395252421815,277.3669518132798,276.1873311336336,274.51977910394834,235.46670245601416,228.4003242587445,228.15400460591854,235.62737971752844,238.68220689764166,239.05564135201502,236.75875116263282,229.5591173521468,230.5605009731015,238.1499885986853,240.9656969587034,240.23568604008597,301.10513657844024,292.70107028496943,288.47051891642377,290.302820150599,289.2166860181226,294.32209835577225,303.08557758363895,309.40214805514887,311.842228813769,311.94910817876917,310.8051042068029,307.2430825352843,300.4439466134556,294.6295337056845,295.59513247768734,295.3265450720713,302.4571678561824,304.35548281579895,304.5740957112138,303.4434845570779,14.711513658599722,2.126410292103611,-0.8273552128665466,0.70658976,0.69084555,0.31788248,0.45992622,0.28429592,0.0,0.24045546,0.0432603,0.50127286,0.6614385,0.4509758,0.3936379,0.58096975,1.0,0.24405438,0.50453854,0.8131891,0.2331055,0.046630207,0.16121066,0.0008935138,0.06713469,0.007360302,0.7552527,0.029591681,0.004100438,0.13566662,/content/data/frame19.jpg,0
587.6252170138888,150.6881160736084,151.07405598958337,206.28048133850098,0.9976503252983093,587.8311395588781,587.0789158752681,587.3202044958609,589.5892322978793,596.125005710828,608.5180009102748,625.5109461271737,644.2932448192892,665.3013964559127,685.802390137942,703.4605490671728,718.4764878655847,729.8449940454616,737.280777886233,741.6784829282649,744.4642479334855,745.8836587210351,602.4770766523039,611.5288432162456,625.3996689719946,640.6621231123229,654.6308069603186,688.5900436973741,701.6718964226206,715.5786784800365,727.751575965033,734.341907200915,671.1877248464789,670.8065909996759,670.4139192669873,670.0409740732107,652.0453319818226,660.3484269670481,669.1421993205068,677.7151878831805,685.5448090486929,619.0499808547777,628.3181713050551,639.3620232125161,648.7998884552306,639.2566920522371,628.3408413327577,689.4581737071309,699.3351351811777,710.1620394235957,718.6707138627709,710.0488884685349,699.4385482785857,637.0106846932533,648.6218553349748,660.8948388160145,668.7099122123666,677.1902288297101,688.2458842009927,697.0509583710607,687.2603244805397,676.5469843144164,667.2619813053578,658.3612769468393,647.4009197915873,641.1881739861967,660.4727690812449,668.5655706041568,677.0871403275572,693.3706973687715,676.6473137569009,667.8328115701054,659.2099755042796,239.34677244274985,260.88866933622614,281.7793101133397,302.7152761915287,321.66601768954473,337.29995634500165,348.8519916329763,357.9173026716534,361.9964174708077,360.047326244259,352.2859586082957,340.7809158606612,325.3707708792639,306.8984090156118,286.9917787543245,267.08688950395106,247.1762681964591,223.94787763780755,212.09409417439582,206.19964352528743,205.80310615819718,209.41443493176752,209.71189697440428,206.82170820018604,207.8978668826355,214.1447468299654,226.3240845799096,230.68764810283727,241.25873439841436,250.93500747883274,261.0515866456252,275.35915531710714,277.55279955971184,279.4290043971614,278.2828437970844,276.67898913299086,237.59208426534468,230.59046133259528,230.35389040894876,237.77503795458114,240.85909124490604,241.25889669604192,238.80077371501724,231.48040561892753,232.38586408302046,239.88180870345803,242.7823181313554,242.18382349827573,303.34230569839724,294.3289003918762,289.9993751077443,291.90314103321765,290.905379482039,296.4582305109823,305.98656192672536,312.883104522802,315.46590896760836,315.50655714614436,314.23769953964063,310.3020115802498,302.6190336983924,296.0214138236005,297.0772631711117,296.92220991948386,305.28393123407875,307.70271179475264,307.8515534735444,306.6085749614698,13.699305086011838,0.9985816284176241,-0.5332968444995405,0.67884153,0.6825717,0.4011803,0.46089205,0.2695881,0.0,0.3721804,0.17811282,0.4852344,0.5713693,0.4500725,0.099309094,0.5026392,1.0,0.24698019,0.42510897,0.9435627,0.26380983,0.01682751,0.12788345,0.0012702353,0.051792387,0.008954229,0.85082865,0.019361002,0.0072232126,0.060570333,/content/data/frame20.jpg,0
589.2902560763888,155.09612274169922,149.7243381076389,204.63251495361328,0.9979921579360962,586.6383794915241,586.3401982501864,587.1388841514075,590.1449089254907,597.4597093531787,610.4322984987305,627.5742986035832,646.2909986373804,667.06092295915,687.1483638791606,704.2496307212992,718.7201845054275,729.867237763329,737.3582940778006,741.6906856564465,744.1446927565887,745.1015365642319,601.6039602411158,610.6899367513086,625.0073712296936,640.6889528699467,654.9893797840939,687.4055118103945,700.6773396813771,714.7718096762712,727.1251705325809,733.6770492442587,671.0260272598414,670.9019832779866,670.7611366423065,670.654729592385,652.3931063118421,660.8500737197103,669.6981053316124,678.1849384321029,685.9528140774088,619.2754122607325,628.6507222733803,639.8102165206124,649.0256012745301,639.5431670255172,628.5441981317946,688.9905377604833,698.9931370916365,709.876075464279,718.1098881147018,709.6145951414665,698.9604538808422,637.3791008408384,648.9759178177271,661.5682042150158,669.5067336427921,678.0256205863814,688.917970201541,697.1580472560032,688.1987785630278,677.7537922877375,668.4417410467211,659.4722707424946,648.1346434827358,641.7104020033606,661.2305850375003,669.4115673926423,677.8902479860068,693.4003708385975,677.741819665064,668.9306280180384,660.181765727559,244.4837504922965,266.25709183117976,287.30837278577474,308.16067109337075,326.798458663667,341.83560437482555,352.88661319509504,361.5199865134416,365.24787773874414,362.86305717573794,354.6264489618303,342.9538004958573,327.6908581465779,309.49697971205444,289.7895012426576,269.9523583915201,250.1078094926164,227.13528851038845,214.7146365382584,208.6134582788821,208.09552525659237,211.72028799857344,212.55287559572034,209.51350531111675,210.37988848986868,216.61930077716568,229.10632176825982,233.34975295496315,243.722544900991,253.16216751024885,263.0975635443299,277.6006249017561,279.6463187320689,281.50687600468484,280.14185065533457,278.49176564927586,240.65446520394988,233.31520359576925,232.95521991037467,240.6101094178719,243.89289863607164,244.33644917862256,241.59997307484429,234.03470991813026,234.99596661787137,242.65051216860473,245.7883126335002,245.14659176737132,307.2642465844999,297.15778694712355,292.21224486843494,293.90517078716493,292.7920827899877,298.52411494123896,308.7507984449228,316.2146894932797,319.11011753132857,319.3277762987815,318.2492449790272,314.4356426554661,306.3133451788193,298.40838446754856,299.2663004553267,299.0236572540065,307.9695921337112,311.30808039296676,311.6525494328432,310.57652094741314,9.283992613705596,0.9085088724692711,-7.077387926311237,0.61444855,0.66350937,0.19297297,0.474124,0.30879793,1.0,0.26478085,0.82064897,0.5026951,0.64443254,0.6276994,0.34484544,0.4462319,1.0,0.18925248,0.4239796,0.92000973,0.58706015,0.024232708,0.17757829,0.0015582526,0.017385049,0.0053979936,0.6351517,0.02383448,0.07139205,0.24528046,/content/data/frame21.jpg,0
589.12646484375,156.41520309448242,149.57454427083326,204.94761657714844,0.9982378482818604,587.9912289459113,587.8921634518869,589.0178790504904,592.0590856381689,598.8009777192922,610.9385896441911,627.4310667412977,645.9718966364599,667.0252491040981,687.53438635042,705.0930342049454,719.7580988896043,730.8212870424152,738.0838373385071,742.3882609059594,745.0810598095264,746.2741554826022,602.4346056361737,611.4036682763551,625.40605839415,640.8656406544411,655.0604154339075,687.5908967794618,700.9863898096413,715.1216490659147,727.5291404341009,734.3720036787105,671.2416747194005,671.0430306664966,670.783991550648,670.5460027528549,653.1003537679192,661.3043927321394,669.9295186819469,678.2278296485453,685.7333821190147,619.6508853128822,628.8564342037811,640.070793251402,649.4806079201173,639.8963218826718,628.872815631655,689.3617767743741,699.355356635237,710.4012325139367,718.9030543200646,710.3509228401439,699.5389165814006,637.6543823852844,648.8139534358772,661.1395449941916,669.1638206921762,677.8053280698575,688.8746583419339,697.3040793675075,688.0540477536703,677.5221162698351,668.1444927560293,659.118311338478,648.0120917033189,641.9612026985599,660.8172596407034,669.0779043174385,677.717623297625,693.4409208934442,677.5988707721601,668.6830349459476,659.9154162268794,245.08735841777397,266.7229588714883,287.7265587071764,308.65705413050887,327.8107473246015,343.74727467420564,355.70964563309167,365.0065127387028,368.96568763565153,366.7670288235418,358.3718365533023,346.1379370140945,330.3681557424021,311.62790486755546,291.4581820113846,271.3404692725264,251.28855343658742,229.42650081482208,217.00065638381858,210.67996123075136,209.9816726334446,213.38984519399364,213.51522358558742,210.4317477833456,211.42496804786515,217.7975853642698,230.09509761601367,234.83269451113992,245.31450688812836,254.9213970971905,265.0346676592533,280.19010507343336,282.1339172425105,283.867929862834,282.66274051817345,281.09418398412595,242.70399625782358,235.32486296765398,234.98255342582053,242.60731285062647,245.9107762037449,246.3981951456002,243.29572128472336,235.62814293300926,236.4422156091192,244.16404690451253,247.3459945114464,246.77725479005565,309.7650836506069,299.20011079010254,294.1173678374438,295.9384842111696,294.80217748805694,300.83131987245724,311.56657162887564,318.5118719365575,321.1297193942904,321.30833925884906,320.21782723880426,316.5290961564835,308.8118091498069,300.94544015523024,301.80074858669536,301.6134212785957,310.7416952728166,312.94977981926456,313.22259839122194,312.1324821640653,11.4484871188839,1.0613801981636093,-4.026513585905646,0.65971136,0.66217756,0.23137341,0.66850835,0.27917945,0.0,0.24540992,0.07918171,0.50585365,0.6071092,0.4804996,0.29908445,0.4883949,1.0,0.30496755,0.4274278,0.81980973,0.58981794,0.01911662,0.23683324,0.0015135171,0.017257368,0.0037047416,0.7925798,0.010408716,0.023772592,0.15076327,/content/data/frame22.jpg,0
589.2386610243055,157.7299575805664,150.35367838541663,206.4748878479004,0.998039186000824,587.5604009362364,587.6834055640044,588.9339058469014,592.136467715488,599.3108688041359,611.8526223854418,628.5177631204141,646.850060347098,667.5529324738139,687.7537510739019,704.9745318755257,719.5509716242483,730.6651464031168,738.0671924473089,742.3952894878531,744.9952815316071,746.0908334948331,601.790584651504,610.3742039346563,624.2153554243293,639.6700473292208,654.0163905954198,687.0439454040244,700.5578844990353,714.7772874028884,727.2473928929929,734.0649565079414,670.8815892233034,670.8157376642666,670.6666671020515,670.5412847884785,653.1088382613793,661.2532465490971,669.79616826916,678.0739263331332,685.5764406787666,619.5646979830896,628.664020333897,639.8429242859564,649.1884183428828,639.7409200880944,628.7308022917271,689.1074370134462,698.9853776242483,709.9489902491854,718.3312335744693,709.8893856534751,699.131213943039,637.8512284500841,648.8763507730228,661.1117668595765,669.0355451032867,677.5617048768355,688.6667824230584,697.2823047854683,688.2761035392821,677.8309297974994,668.5204290729655,659.5736773560241,648.3424643162525,642.1240701400708,660.9013047452386,669.0442140571226,677.5525042665462,693.4536546781075,677.7676331430855,668.9595182304629,660.2619657077772,248.70279302927884,270.38338875775514,291.2916501101504,312.0567481942562,330.84049559097707,346.26754136029626,357.7147398342263,366.6981832305637,370.4594901871715,368.0459471079474,359.5680056210672,347.4536816758729,331.79245600710397,313.2639775491475,293.22913914013697,273.1537619265613,253.0850673392391,232.23977035597443,219.62086751599884,213.02525570207393,211.89250993946834,214.91846217997,214.93280952009204,212.06415374859702,213.28251835253826,219.86470584101704,232.32939877306217,236.5225732203433,247.03114699418364,256.6700711086344,266.81629885718957,281.69615199017096,283.6124338349643,285.3772821999722,284.0852831772471,282.5007549593212,244.96666591302926,237.40878545507712,236.8557445977529,244.37678569396087,247.89144836093587,248.5233220556986,244.92188124095503,237.30144992444713,238.1718601479297,245.84287266867645,249.11241217420442,248.51841161762286,311.26302941416407,301.20327706456374,296.2980817121829,297.97693464586746,296.86484225964955,302.63615027918206,313.0596737887271,320.42903772927525,323.2330086322838,323.46190150367,322.4019557545813,318.60027244399123,310.37666949708205,302.5398761564279,303.3716674458712,303.144605835602,312.303554934472,315.4385558208421,315.7764382651575,314.69807652725535,11.55405804327687,1.202594657460734,-4.780495830298551,0.6675156,0.66548836,0.36176774,0.7031666,0.2662755,0.0,0.26541647,0.22525403,0.50385106,0.47928363,0.5743742,0.37001762,0.36357993,1.0,0.17270766,0.4239796,0.71817297,0.42183244,0.04491864,0.18797944,0.0021933226,0.016518055,0.0041643893,0.76354605,0.012531747,0.053728424,0.14731793,/content/data/frame23.jpg,0
588.5244683159722,157.00465393066406,151.08919270833337,208.9203758239746,0.9978815913200378,587.9751758333199,587.812101240155,588.7658813947035,591.7939612589887,599.0216751349134,611.7539447813042,628.5345864060426,646.7249498345554,667.1845202107137,687.191186132832,704.1397514028275,718.5521802412864,729.7041632369284,737.3066849305394,741.7303354357906,744.234060175531,745.1801408721734,601.318254197104,609.8520553975354,623.7206208294575,639.1801908862828,653.3987697146772,686.173348431115,699.5439707556661,713.7020821286183,725.9546579892639,732.3038528843298,670.1684878969523,670.156682808654,670.0337006862543,669.888034862542,652.2458608824171,660.5570539811002,669.2081813217528,677.5717875181658,685.1135055354654,618.7628573228782,627.7288368286536,638.8660858786473,648.2942047050051,638.9206283752158,627.9216333466609,688.1621471737994,698.0683048320682,708.9965141602818,717.4350453095152,709.0306592574486,698.2341439079358,637.2050576540399,648.299942874507,660.5221243685718,668.3865322330353,676.8935627806989,687.9784062045375,696.4988557006718,687.3096105945594,676.8628994374225,667.5778836845957,658.6537823559801,647.5379692542954,641.468390577254,660.3078844306806,668.3970671536053,676.888930404278,692.6921929052335,676.8241817364337,668.0172272302424,659.3703288009676,249.53211933050324,271.3121784917347,292.31685255585853,313.0822120768195,331.72096712814937,346.9993066648698,358.28084676879917,367.1911929280747,370.9304920044635,368.51419963387985,359.99097071189294,347.8629609475199,332.1938281586737,313.6350637879276,293.6131707962195,273.5618846289633,253.58594929429532,233.2138934746174,220.47723427798914,213.86992635738136,212.79676164373433,215.8491913705287,215.13429614358796,212.26912649782048,213.54864863786827,220.44625712856816,233.30244658000504,237.1821888492703,247.6761577174751,257.3121731146574,267.4676945842923,282.3974104374667,284.33704621749087,286.1113061592893,284.90041790601936,283.3859296793844,246.12368400418885,238.49926312462674,237.84207834200043,245.16148712054664,248.81233769359596,249.58668424179635,245.47506911794116,237.81097417580662,238.76835189365613,246.53693681038115,249.77383224920015,249.12018152148846,312.1465766418486,302.0880735719317,297.1216729247999,298.88042187716326,297.8290218611195,303.80042404433755,314.2822814896742,321.6066215076362,324.36203371852815,324.4676220146249,323.3298505930562,319.5082446478731,311.2345065540253,303.407150229354,304.3318173924122,304.1884827000601,313.48285286462715,316.3604552109823,316.6061504790862,315.4599959505107,10.893649432070402,1.1085502910228342,-4.519763245259534,0.68063426,0.65832657,0.2730568,0.70912266,0.26287663,0.0,0.23712285,0.46002382,0.49575812,0.62622774,0.4254178,0.1730432,0.4378963,1.0,0.17199826,0.4239796,0.9316567,0.42979568,0.051710688,0.23363332,0.001422164,0.0025000777,0.0027757604,0.59180427,0.020251028,0.048080307,0.3331664,/content/data/frame24.jpg,0
588.6545138888888,157.56215858459473,150.41216362847229,210.81100273132324,0.997952938079834,589.124896979713,588.0628250438231,588.3151918550543,590.8982386196114,597.6045997619406,609.8140674886583,626.4241447326739,644.9239272285837,665.834591569971,686.3104558056845,703.452354978094,718.0237978315088,729.2760071968464,737.0330787173034,741.819317749881,744.5562393611021,745.4681495008906,603.8499960433118,612.3991950693684,625.6046198143954,640.1545835184644,653.3886873382935,688.1461729254396,701.0876129690489,714.8355200556587,726.9318622520387,733.4103777952275,670.813728291267,670.4426041755454,669.9743149925133,669.4951090638679,651.5018545173928,660.0227212713394,668.9662349583571,677.5839953688115,685.3235307357487,619.7677118692292,628.7999693494895,639.8940894615349,649.2467096982523,639.7715474841867,628.9048620854834,688.8524139904123,698.8432718076874,709.8065643737181,718.3595480726323,709.7550113996128,698.9509465044073,636.6056083252238,648.0184325721552,660.3331624551258,668.2346622184805,676.7983968008509,687.9248826510996,696.7626969089047,687.1216876161075,676.5150590013741,667.1149720309675,658.0790354264949,646.964710288038,640.9259179409136,659.9527802153619,668.1712124041971,676.7816899581167,692.9812960592308,676.5473418084987,667.6667049574035,658.9551344187256,249.38614502165035,271.28129173575053,292.5915783271265,313.6908279411474,332.8417249523578,348.9460055482677,361.17555013518466,370.80393882566364,374.9220398542701,372.5722405177427,363.6567575352766,350.9802144349493,334.8338651646452,315.73109833575245,295.30452531745635,274.9257658355416,254.8373405204582,232.39185562987944,221.04877642001256,215.50496198483694,215.1468957443932,218.49292351003237,217.85381892274435,214.9350596130084,215.88796032316986,222.18118521930035,234.40239900241704,239.81918564281358,250.54668253494614,260.35749698067883,270.66203783299295,285.5603949980707,287.71669351076287,289.54613802530366,288.2896718716869,286.51904810940823,247.08574999037478,239.7901823828863,239.38886381538174,246.9037916648366,250.3000304289463,250.82962829659718,247.39817398085756,239.70515540980074,240.58669015727133,248.3438521479958,251.60878839718634,250.95632436706202,314.34623979415494,305.2181516830301,300.78046443442935,302.7257712049002,301.6366901245628,307.21645895188635,316.9759390599936,323.7468394294108,326.41684319942715,326.4800517596638,325.2684136236004,321.3705323045017,313.5842238092597,307.42386204016293,308.47957467016545,308.3079374943129,316.23302737992185,318.3413766508314,318.5335656557877,317.2969275691345,9.889688271168351,1.215978511575111,-4.173462807189622,0.7534833,0.67651355,0.27664122,0.6798811,0.23123035,1.0,0.2472747,0.16393633,0.49761805,0.44671923,0.39013776,0.6170663,0.47293052,1.0,0.2719928,0.42197898,0.93835723,0.68637395,0.035068236,0.22580376,0.0023820428,0.0037921597,0.005998452,0.54425967,0.029286379,0.036870446,0.3774109,/content/data/frame25.jpg,0
588.6947699652777,156.36742973327637,150.01161024305554,214.52681922912598,0.9977600574493408,588.9289159521719,587.9304680266798,588.3121193287539,591.15051926386,598.3219854861799,611.1637149691821,628.2033747766532,646.7193109678713,667.3888528530978,687.5206128350329,704.1571893935734,718.3867745739009,729.4762860828274,737.2173963438581,741.9512212406976,744.4515664507877,745.1451835803352,603.9279030377933,612.5611761068023,625.7850901012242,640.3239827343749,653.5422577522656,687.8320070927764,700.8327557139538,714.58748536583,726.7055768823243,733.2990211579443,670.7927078729203,670.4693912076541,670.0373612125311,669.608952437711,651.6065620588162,660.2186295072379,669.1557014778466,677.6694052281671,685.3495685102013,620.0649583406074,629.0712861495095,640.0294517016861,649.2292923065639,639.8780049034241,629.1587708425482,688.8554774971202,698.7855847429589,709.602921651321,718.0864281069121,709.5683359285973,698.8847846974436,636.4555450970875,648.1036068215087,660.5315735245179,668.4359379101796,676.9593238215642,688.2636688282076,697.493361484354,687.7798216256144,677.1071340553694,667.7352164374106,658.7241626291301,647.2831395722822,640.6669629327691,660.2533149669614,668.4570514658441,677.0753870011036,693.8083095015172,677.0034842962752,668.1093529401484,659.3568174355272,251.5319587829145,273.444975550041,294.75835812980387,315.8275538455807,334.77133875000425,350.52616350893743,362.42850087848524,372.07810164823206,376.1972704311122,373.85099586958836,364.802548358434,352.1347832194332,335.9324462141667,316.77616012340775,296.4459235117341,276.21677418546574,256.24716354908617,233.23416275456285,222.2545384032608,217.09027163121928,216.8257691075678,220.18428215283478,219.79596765196186,217.00410653540973,218.07413877453828,224.34992070557678,236.42022285498015,241.79201930751745,252.52523189252878,262.3578577291114,272.6682084509107,287.4961082213729,289.6387351733189,291.45203055169884,290.2090006502598,288.5189648595636,248.4883614786941,241.3285798295127,240.95629229731094,248.44995506166777,251.7425726383293,252.1911436312767,249.16422542226508,241.58815687978608,242.49386090351575,250.16586876779144,253.26797333055015,252.61381369256594,315.9496626217275,307.70856310827867,303.76984157439153,305.6546100212927,304.63850481078543,309.76156485772736,318.87918381432905,325.66676232415466,328.1432473750454,328.14870989380745,326.9030254537565,323.1513798433152,315.2833734301439,309.62530877175305,310.70220751971874,310.53535519101547,318.2416188787075,321.0475736005488,321.2110348712565,319.92811016987,9.05474245925462,1.3318370468252647,-4.204306331576283,0.63864225,0.6558607,0.19144519,0.6751976,0.27975,0.0,0.23153567,0.18432577,0.50766695,0.5610333,0.5297786,0.22741401,0.47286242,1.0,0.19423534,0.43134314,0.9528178,0.55428857,0.03667548,0.2877894,0.0021479493,0.0131291505,0.018118348,0.45816323,0.059485484,0.027868928,0.42108688,/content/data/frame26.jpg,0
589.8394639756945,157.82164192199707,148.0705295138888,213.74830055236816,0.9982699155807495,587.483879813387,586.5917899545178,587.2119094014473,590.3745396024334,597.9433259192782,611.0963634380953,628.0349178178674,646.1777449662211,666.433996674357,686.0885935850016,702.205820788517,716.3182862315734,727.5091250899411,735.2574439080104,740.0956942245829,742.8198855098753,743.7654009265686,602.3438826330613,611.3173735579711,624.6319566932567,639.0716336118695,652.2150699716328,687.173341096445,700.1619052568212,713.7653105199175,725.8091848409712,732.4761196109598,669.3574884523653,668.8726299201475,668.3109468270293,667.8172515592491,650.3946030707508,658.7151310934169,667.3569004441704,675.6592886973821,683.1826223934195,618.8837366523478,628.1914564604663,639.1664068363514,648.2265910294375,638.8959614492774,628.1392845571683,687.5315805215232,697.5154558406189,708.3398453656091,716.9068311661847,708.2833391811141,697.5804929912797,636.5154014561396,647.7422905263684,659.6330049566559,667.1310897447677,675.154646885203,686.1013594573104,695.2555600956217,685.9241049380907,675.6018652046971,666.5796040610267,657.8695258270686,646.8571187000978,640.655878365394,659.3702726026115,667.1624158194512,675.3490703560428,691.6193810079751,675.2431059716447,666.8199540952386,658.4788401479451,249.93077030561471,272.15906644877117,293.7636159555308,315.0555315427179,334.1303438119645,349.99026606822554,362.1520909340247,371.9347394132058,375.9209480176313,373.0540235779973,363.48393069487554,350.68619721492905,334.68372526596454,315.74663153295484,295.6053261852428,275.5795710925129,255.77224236825737,233.0172202182511,222.5793537875262,217.91306053537699,217.9036810591357,221.35220182384262,221.5692140088576,218.95201143544193,219.9744890092641,225.96519182592635,237.7072641082827,243.07266086462533,253.85808008001658,263.71906667861134,274.0513968020934,289.11344439481826,291.02003889049274,292.6242427413814,291.4378421940321,289.855103354786,248.54708734356723,241.7622861154171,241.52338084160425,249.07539570704455,252.12891592096486,252.434348971247,250.08659039013145,242.58488987890473,243.44723601971782,250.90017395641883,254.02311146760644,253.4252176336937,316.87563916455883,309.4368659951562,305.4809132725261,307.3102704186148,306.1306273749308,310.8621947490231,318.9061008428034,326.7848150200607,330.129764045898,330.4187161257024,329.20669210291646,324.91373563980346,316.474607312424,311.6542292170838,312.6565565876688,312.2948161029994,318.63940877507287,322.096682188758,322.4724422002623,321.26281846723987,7.783672481018992,1.489283122516907,-3.6748948168694806,0.6933493,0.6675054,0.4260927,0.6934453,0.2744412,0.0,0.24501383,0.1684114,0.5119505,0.47696704,0.4917777,0.35835212,0.57863325,1.0,0.23969914,0.42197898,0.95947343,0.5015739,0.06324541,0.1724002,0.001008922,0.0027601405,0.0021082356,0.061818894,0.03425415,0.021547709,0.8765019,/content/data/frame27.jpg,0
590.0294596354166,158.40802001953125,147.84483506944446,212.51959991455078,0.9981259703636169,588.6355376435622,587.4092227424793,587.567479846729,590.1116589801107,597.0574756922533,609.7496346507373,626.389625283905,644.2941678930257,664.6412395147074,684.6521729709597,701.4889351939473,716.3073483657274,727.925946915133,735.861732212073,740.6986955821012,743.6842579403959,745.0447560171557,602.7616743130424,611.7215535110523,625.2075592895787,639.834110660918,653.2074496936935,687.2026945489804,700.494360831497,714.4761793343763,726.9869458962424,733.9359243303381,669.4925370376286,668.8405838906701,668.1024738204903,667.4282822157562,650.2237038054632,658.3433705950299,666.7742769896455,675.0489137566717,682.5279366354968,619.5577825679363,628.9020085908668,639.8981583313472,648.8837113196395,639.438523002419,628.5933530854911,687.5055206295052,697.6699094875323,708.6102274744856,717.1392916552164,708.437868026284,697.6221188441647,635.8111918899954,647.0654323854817,658.8375112548882,666.185482278817,674.2596233123766,685.1323290914103,694.5838864542959,684.6269095965077,674.1157953646843,665.0927273293719,656.5234879990161,645.8782969956202,639.8484904155699,658.4176938618066,666.0945219703208,674.312308544537,690.9872605262242,674.0665454650307,665.611827351956,657.4067712687768,248.1250034832418,270.51752680152697,292.34812244529144,313.9976639054836,333.55393262453197,349.9698362142755,362.59009259935317,372.7863570868783,376.9910976709821,374.2669701966822,364.82699568056705,352.14937228274465,336.13027999869826,317.1022924563669,296.74689851367896,276.4464698910982,256.1668736720593,233.9016400635581,223.32769420821052,218.68646878813297,218.89672329801243,222.6018510111852,222.99457335916424,220.08699000865442,220.92545434967167,226.94579096444903,239.00972109106243,243.97496220898483,255.13187335030997,265.4139299469849,276.1194596777497,290.6955147013575,292.726875454449,294.36701871760636,293.14302190593605,291.4777368730172,248.76454535147585,242.14329155828545,242.05554617379448,249.70597846417638,252.67489618045855,252.84753683950683,250.85356952874508,243.31568237942355,244.19186697537617,251.59935589501282,254.8518481492545,254.24489633807525,317.89208452001037,311.0378209392302,307.45007215356526,309.3264629291971,308.066182317998,312.4800221674215,319.876277853773,327.55793974873467,330.7619041311725,331.03147132884476,329.78021986591557,325.6092701851852,317.5717625646395,313.0980324051434,314.1583493033968,313.7330977007083,319.62481455439934,322.99841748008873,323.3794809783658,322.1535080904748,6.876986216411001,1.9655841206618796,-3.460277297995254,0.7133734,0.65148306,0.38695008,0.6598817,0.2569974,0.0,0.23173678,0.19102189,0.5000764,0.5372231,0.43230692,0.28335318,0.4451774,1.0,0.32604802,0.4171968,0.9305815,0.36696374,0.07334381,0.20506662,0.0005381406,0.00055833807,0.0002679251,0.089729086,0.0069412715,0.017405856,0.88455945,/content/data/frame28.jpg,0
590.1587456597222,159.27302169799805,147.53162977430554,212.9490966796875,0.9976392984390259,588.7927358023517,587.8661849765733,588.2388341168859,590.8169649881886,597.4398758706899,609.6645984759613,625.7463676264408,643.2040568329219,663.3711517320116,683.3847302947485,700.5371917383221,715.6943063606595,727.4544741233112,735.3324103757623,740.0857050628343,743.1394448973151,744.6485018018196,602.4593985608487,611.2103704443391,624.7701855890336,639.4280789155775,652.770528087845,686.4427653576101,699.607899277407,713.4794459528057,726.02101019205,732.9464871666802,668.9793567956076,668.2187815147481,667.3319691671466,666.5299647331092,649.6352398393516,657.5382468219977,665.7922668743355,673.9888725175173,681.43254899561,619.4484661659241,628.5981555704857,639.5452000454898,648.4828620504879,639.1039338702263,628.3086541313489,687.2722318369342,697.2202853933238,708.011208978595,716.2823261722718,707.8812402418058,697.2011244099791,635.7790006267999,646.6770536050404,658.0777625386487,665.2630094424879,673.2414875479269,683.8551339589933,693.0521774948895,683.3639700242405,672.989744517146,664.1400356904662,655.8023881508037,645.5542169347755,639.8495596239372,657.6021345363376,665.0899361088261,673.1811868062243,689.4816394371271,673.1005218079779,664.783177599634,656.77080222199,249.43880931213934,271.9305823376169,293.8082824020297,315.4318024266511,334.99519688427677,351.4169821012881,364.0933129388111,374.21194189462693,378.3721599763899,375.66391186306134,366.3530295437638,353.69281342832255,337.67432273993035,318.56675558640563,298.0631935151556,277.54072939276807,257.061263248109,234.3542947113543,223.34296650804606,218.63296680917557,219.0283943680828,223.0428336171011,223.68062933775218,220.43897326160513,220.90210397708432,226.62465045719,238.74626473435927,244.41406989956738,255.66965494660252,266.0839844832255,276.9583147018799,291.2008350738964,293.2632910307584,294.95442297095724,293.61010787556006,291.929637849782,249.6020965314936,242.9326045064532,242.86319544357394,250.44876677130085,253.43407234650658,253.6253927851343,251.57901347208826,244.123814510768,244.94354056970332,252.30847119414537,255.56252555363315,254.9771407580134,319.00834161910166,312.01471978001643,308.2814352142741,310.11799566717235,308.86049901777295,313.26586497468236,320.6858415401482,328.7761631278612,332.16697177110177,332.46434779560366,331.1892437561037,326.9550776821794,318.7647321058932,313.842552694396,314.86538060739406,314.4460018193058,320.50018714746983,324.31948289997524,324.7139889648504,323.4617775787425,6.472935079087971,2.070478118174816,-2.5357448665210276,0.67403215,0.6462808,0.16770269,0.6667751,0.23360561,0.0,0.2528786,0.43414488,0.50154775,0.44961753,0.59222025,0.43627325,0.42475525,1.0,0.32171518,0.4171968,0.96270245,0.3396834,0.031406697,0.15123701,0.0010157912,0.0012855697,0.0006042086,0.09351034,0.008758176,0.022000046,0.87282586,/content/data/frame29.jpg,0
588.64404296875,161.85693740844727,149.73583984375,208.22926712036133,0.9985536932945251,591.2596169078009,590.3849796066687,590.7464240736264,593.0522136117111,599.6103085183767,611.9015762605861,627.8801748038469,644.7691444006673,664.5353494234855,684.4354415224511,701.2409020435767,716.0814194818602,727.8233138259337,735.7751442270131,740.4582205954731,743.452677027402,745.0185578355575,602.5882962218501,610.4644888770911,623.4414820038797,637.6158555730594,650.8204321546643,687.1309959318868,700.2972211901613,714.1959492771896,726.6787614005732,733.7021770089802,668.5657681843079,667.8332951429895,666.9630998931907,666.2224502008011,649.0059751964559,657.0185943067288,665.4036680648418,674.0460010104841,681.9282181745745,620.6868069816438,629.8396891265515,639.707291001162,648.3649570292777,639.5600368132907,629.7225202486327,688.145124070488,698.4184084773465,708.1807787888534,716.4139366254242,707.4855698294663,697.5446685227116,635.2533395873106,646.7657962087019,657.8881640203801,665.0188292906525,673.0843732271217,683.5785910437995,693.4746622599814,682.5839438880784,672.0692769968636,663.2669929689268,655.0568682669311,645.2309911427325,639.066339855714,657.229802118826,664.7422976322923,672.9682766968842,689.769447827284,672.2875593249148,663.9839988843117,656.1704343124125,246.95664886088852,269.56981038142055,291.55053996308516,313.4638903654304,333.5668349008083,350.65259519089716,363.9105955382444,374.62331908874046,379.05948740354086,376.28706651654835,366.0360631115161,352.5825082494777,336.2257954456137,317.260045839004,296.70530037421594,276.1759486982739,255.48592359472423,235.25119199740843,224.79175845864847,220.4177490750791,220.5289604658787,223.85239678339448,223.08104369176374,220.13236310148778,220.9199875798131,226.93188889709256,238.99954608370854,244.75968399532627,256.249442590793,266.8180172935787,278.01913563811524,292.0676498450407,294.3313460131981,296.1571817718044,294.9981824401795,293.58438138446195,252.05438867342866,248.21997868569025,247.6548067763997,251.3833522180281,254.5622896854652,255.0514291653956,252.20446522082284,248.4537579271106,249.92282956957746,254.83307981561424,257.2356003273692,256.00814202188457,320.23067232245575,315.22916826746905,312.4537984243525,314.56872124542303,313.21812912804137,317.0634934452204,322.9707887355438,329.9571338803511,332.91417729317084,333.0297525432853,331.70958829136543,327.6661077400339,320.2802535090061,318.5415459995196,319.8595059812053,319.3816857268016,322.8663241989068,323.8813012794226,324.296761537405,323.03234447120406,4.00633071050858,1.8429111853759768,-2.684574389478748,0.6895497,0.6217139,0.39623958,0.4190622,0.22256511,0.0,0.23295622,0.09863595,0.48400053,0.45522338,0.32098845,0.16420761,0.6659307,0.0,0.27127987,0.56521994,0.80613035,0.38737476,0.056304667,0.23468445,0.0004188185,0.00022440177,0.0010816948,0.0056740604,0.13294931,0.0021400757,0.8575117,/content/data/frame30.jpg,0
589.4909939236111,163.12510299682617,148.05029296875,208.06103897094727,0.9986640214920044,589.4633777695697,588.8708448718879,589.3258747188968,591.5067856825174,597.9409455187027,610.0978387900404,626.2344295173239,643.7152010179511,664.2414796279816,685.0928635325274,702.1715170178153,716.8343819022336,728.2399286520342,736.1477882881355,740.6324882899356,743.2644482497785,744.4647008048717,600.8245026890979,608.2034895563106,620.8206063827862,634.8469295060144,647.7918972979219,685.9368783077014,698.4135343485739,711.7938807222056,723.6777843605399,730.8899549776897,666.5150886086092,666.1619164558379,665.6771306793049,665.2581963597083,647.4513224916582,655.7597226844694,664.779303730508,673.8427857478374,681.9394344421746,617.5594636550762,626.7970762707362,635.938873156343,645.1856826534462,636.2534347769061,626.9764080180381,686.9899658780163,697.461255313691,706.2846213405871,714.6231718275798,705.1789121314639,695.9916293750941,634.045818629224,646.0081636301597,657.0841480207324,664.2777611764585,672.3075315775818,682.7323157470586,692.8717584848298,682.354291180031,672.1681348324694,663.4295274435351,655.1792551130501,645.0344624094555,637.9881035286187,656.6037002554303,664.1687230691201,672.3756896957216,689.0682080955569,672.2614876436245,664.0125100197504,656.2129369658859,245.5788309380843,267.94189642355536,289.8053986191064,311.84962399952417,332.586716561862,350.438711699388,364.3441880980847,375.41919773827783,379.90462694265193,376.9799442352525,366.16387591724975,351.59759316967137,334.1559605010763,314.9301477141637,294.3537922334914,273.6242446855415,252.87386277833502,235.87917920169423,225.8277839543104,221.272894484343,221.1311836371845,224.26868932439112,222.6007723715685,219.090004256593,219.43006564471784,224.64446675695598,235.5635460997979,245.41377072687314,257.3222440274452,268.38958215892626,280.10573944187377,293.1067814235522,295.90947895750367,298.1013577231044,296.259808708405,294.02669279316126,255.2361591618129,254.92790737576752,253.86917964676812,252.53793105784857,256.77119754763334,257.67827346377175,252.06813113829526,252.7299271192416,254.61085307293615,255.89268702620438,257.86692858684114,256.39345573262426,320.99096699373297,317.065014743827,314.9011879547969,316.88394928020114,315.29460018430404,318.37750496857296,323.42166704315616,330.07190522778245,333.02648524071526,333.23645093696723,332.06606592403716,328.05265401030863,321.28328793578953,320.8629696194709,322.15221465196043,321.39164148560957,323.6447583857398,324.42685046886584,325.0490834897522,323.84506586830776,3.832578732225656,2.116593209569866,-1.562959345911504,0.6951459,0.5492195,0.30113298,0.3201907,0.2446347,0.0,0.48350585,0.2419596,0.4877717,0.42726377,0.5700145,0.46152285,0.65429986,0.0,0.6183059,0.5706156,0.38416386,0.4690856,0.07642113,0.39635125,0.00028824972,0.00027675164,0.0018110895,0.0044609047,0.05275727,0.0011562764,0.93924946,/content/data/frame31.jpg,0
587.9271375868055,164.36286735534668,149.3268771701389,209.37145042419434,0.9985318183898926,588.7735373338752,588.3130059420755,588.8774180307963,591.206255755772,597.7585530835944,609.9455068375366,625.9989550157718,643.3026030947404,663.4604301345903,683.8260335436953,700.6760838471363,715.3760991143339,726.7574729829082,734.6104598167794,738.937096272131,741.3038704623787,742.2642586808164,600.7147969725565,607.7553901080927,620.5704875651172,635.0828459305787,648.445624196022,683.9214868268864,696.794277062934,710.4762188203773,722.5133360784038,729.4529574910164,666.4586725696315,666.1090865258897,665.5713194409526,665.1425284372489,646.976116857935,655.4047885227488,664.6073820496068,673.6878435948105,681.7580787467318,617.967363917392,627.2285412603535,636.119181956626,645.301633552845,636.5021257330801,627.3969098299983,686.3704460843056,697.0134871601022,705.5591767029916,713.617236844051,704.3131025285711,695.3107527381719,634.6448525355162,646.7683404886797,657.4806728009564,664.4316156258834,672.2693425137911,682.1723136488885,692.1256171474633,681.5915821037263,671.9053501226332,663.5152551220019,655.6700330398306,645.847704504354,638.6020230862165,656.8957706032419,664.2082872901088,672.204918286573,688.3042810814168,672.1960827928356,664.2010691409877,656.7037184177566,248.31788913157322,270.21621109752107,291.53330732967396,312.8613505888135,332.8703295100129,349.98078727209963,363.178783579339,373.88807588275347,378.2560295028876,375.6620333694556,365.62504726239774,351.7784358623487,334.8413484578871,315.8534830553041,295.5654073598921,275.13521499402475,254.69087086276426,237.39033018201678,226.5278244270292,221.26964239889816,220.65435508797458,223.75298520482806,222.47314896154114,219.16362010179796,219.93242037255698,225.80877996634268,237.56053323976818,245.6325055396108,257.2968398389812,268.071312627976,279.5771471549439,292.3223917974964,295.2792721415158,297.6235832120919,295.6388617612181,293.43040763841555,256.1018093601609,256.6127479925036,255.43873550598937,253.07583246003182,257.3287749074476,258.30005025121943,252.81723702637288,254.54777330274987,256.642721281852,257.2721079442228,258.9430944903505,257.2947582565583,319.642532130676,316.59764128378345,314.83096184785484,316.8458887069803,315.4439354574523,318.3718683279216,322.96506713670897,328.23534929863644,330.29710427457053,330.2979279222918,329.1298007731316,325.71353465641573,320.06352094414717,320.37791476707025,321.74163578691736,321.16662484956487,323.14510155317,322.6646603496347,323.15079221015344,321.8703494626354,5.101820253901744,2.0063578425558704,-1.6576776070262256,0.70599633,0.5147038,0.6245071,0.26689583,0.26013476,0.0,0.4076746,0.12772632,0.47957814,0.34102002,0.3871971,0.20305122,0.6805148,0.0,0.5431846,0.57250345,0.3092687,0.4851407,0.08619,0.45950603,0.00012630619,0.00015291345,0.00033021305,0.009088862,0.010097695,0.00015883175,0.98004526,/content/data/frame32.jpg,0
588.4371744791666,164.84633445739746,149.13026258680554,207.08989906311035,0.9986181259155273,588.8624372667065,588.6181985077383,589.2737579106381,591.5787954516685,598.1200956846575,610.2732957594145,626.4979466144711,643.8882750494004,663.8868509505082,684.1237703454942,701.0746571295235,716.0068155502645,727.4535984515524,735.2825697399957,739.6261210723144,742.1344526825513,743.26058162476,600.0073951857756,606.7827211493922,619.1576824334338,633.3429640912749,646.527139382265,684.3737118106426,697.1440113490878,710.8202413100728,722.8571432093165,730.0165871677748,665.6520681027018,665.2876429594612,664.7545510233058,664.306629374255,646.523710352445,654.89982297136,664.1039537153937,673.3274218176562,681.5765714598899,617.065470627654,626.3559714489237,635.346687671809,644.6133185943537,635.7947352247626,626.6257464817994,686.3245705642764,697.0157671150441,705.7274136345915,714.0236809608739,704.4813797403635,695.3482513913273,635.0768756083737,646.7131216648537,657.1336766676507,664.062257305272,671.768746314747,681.8106342210771,691.9261685043609,681.3981730359094,671.7299531004988,663.4279830680364,655.6205339408389,646.0462827534964,638.7562986662986,656.6631515650135,663.9583939916761,671.8509985937543,688.2968033569177,671.8893770657348,663.9808789474716,656.4942922131888,249.00538789722506,270.7197155289986,291.8873165725681,313.13854743196237,333.08633221750824,349.97974757302177,362.6820145673503,372.6032420982449,376.7016215014932,373.92509976633175,364.2445708729066,350.90025322382417,334.3078666934978,315.5868154745109,295.44339083642984,274.9914572001203,254.45963383450663,238.2954761016302,227.70250681328582,222.34120758062704,221.41316991399987,224.02623875903973,221.9255025184375,218.77006187900378,219.59900576811282,225.50655019170068,237.03383752958223,245.740499735806,257.39185426060715,268.1380189740609,279.57384082970407,292.3559901472248,295.256845689335,297.4577495936842,295.55948904692127,293.31780709032887,256.7500331953229,256.60356251983876,255.31750599678352,253.46657791131497,257.7990200757505,258.8585902901149,252.67944893011835,253.718637524473,255.67054794599989,256.7279259512353,258.5567912292878,257.0371014995368,319.1748693296524,315.83723093082216,313.9202625453439,315.737470603231,314.3523203026575,317.25384239484083,322.0038855861179,326.4923152798575,328.3994187242554,328.43172418445977,327.3667104778326,324.35305985114826,319.3699018810099,319.19074803361343,320.4633402451942,319.81483146084423,322.02382283941233,321.4727340512861,322.0110695146824,320.82755801730104,5.459204848326795,1.6742012091181322,-1.6046656027800723,0.6453538,0.4770961,0.37705517,0.3089118,0.25596055,1.0,0.43306056,0.17031819,0.48915356,0.30648533,0.4630279,0.17140839,0.5984593,0.0,0.5278939,0.58840513,0.21973425,0.40408295,0.036769044,0.5025848,0.00014364927,0.00011779296,0.00033048046,0.005808998,0.013582994,0.0002186556,0.9797974,/content/data/frame33.jpg,0
589.0355902777777,163.81010055541992,150.35595703125,207.52270889282227,0.9986658096313477,590.2951496763162,589.9470436890322,590.329047790504,592.3072727137111,598.652153628354,610.7491381885857,627.0355660044949,644.6115619480782,665.1041315980827,685.7856104103282,702.9940817753254,717.9094746656538,729.2330552894854,736.9625674833363,741.1682640220072,743.5675157690505,744.6524038548671,601.2662047557759,608.37986966679,620.8844628154004,635.1531012096384,648.4726443577518,686.2870724310044,698.8756928262123,712.3342868922069,724.2330853021879,731.4138896308262,667.4082533992785,667.0569895252759,666.5400312238281,666.1020831738621,648.0219385938748,656.4747664104632,665.8175245544451,675.1918541440217,683.5431917117832,618.6588985486716,628.0566432559849,636.9819888906592,646.1757363424325,637.3959280956559,628.3150407692144,688.0040276854943,698.7182512073007,707.3449149360117,715.555108697397,705.9314730428405,696.900540441434,636.6921015693293,648.4992284945927,658.9437217346169,665.8452813025704,673.5606627882847,683.5297289467833,693.6417349365367,683.2164339293072,673.6007987492103,665.2594506421378,657.3694317125368,647.7546129073847,640.4191871641896,658.3929803536327,665.6958104717567,673.5929021770164,690.0248525376423,673.7908805227356,665.8830126682037,658.3724373913838,246.96740500863064,268.9756934892167,290.5129410482082,312.11683448906194,332.4310484783855,349.7047853094292,362.8092804538853,373.08006394882386,377.3319673093738,374.541983670539,364.50720675056954,350.667988998919,333.6314313541287,314.6321599100837,294.24745565506663,273.57984037370306,252.94462033446965,237.74181893400768,227.4591163648742,222.40599294707576,221.61960122746208,224.16827927577663,221.86120368159857,218.6613256045394,219.27200374965727,224.73499934090896,235.94977202777142,245.34814014867908,257.1698282343226,268.09436478510605,279.7058140576766,292.32288883050813,295.3774966969245,297.6717923124203,295.6631982412643,293.2100063751369,256.4755384516701,256.8058511759514,255.45201207534546,252.93293875116774,257.50525443439494,258.58280256729813,252.07718484760247,253.7277688190751,255.7586870341778,256.42879727528157,258.28909312690826,256.683936710322,319.2590465475797,316.28474028937603,314.510148963779,316.33059087491563,314.932481987527,317.5786203610771,321.94846763638833,326.6231344729299,328.7320832895805,328.79917446686727,327.7045344112548,324.49310833952103,319.5566820092953,319.6480714735773,320.94101642488704,320.2482258034969,322.0759260300524,321.7523743746326,322.31729099329584,321.13221143697353,5.934379805568423,1.2581182594522753,-1.6930982998080353,0.6655102,0.54810315,0.58819264,0.29808524,0.24859822,0.0,0.4077185,0.006823664,0.483177,0.3055768,0.4664673,0.1580429,0.57170814,0.0,0.4605061,0.5880075,0.7763765,0.45158345,0.097007744,0.3924874,0.00017942523,0.00014759453,0.00045591727,0.0041553527,0.018542528,0.000185716,0.97633344,/content/data/frame34.jpg,0
589.2776692708333,161.12902450561523,151.96392144097229,211.02954483032227,0.9983431100845337,591.3631030131482,590.7490560751094,591.0553361641723,593.2263339317149,599.9182553937084,612.4503018661728,629.283405147085,647.2806565338109,668.0716052669311,688.9048096789973,706.2165666348137,721.2357850869589,732.6118078040982,740.148427759756,744.0852472570537,746.3961400759949,747.2524081277631,603.0401002750929,610.498412510668,623.1632900381937,637.3280592666874,650.4674094285504,688.4246541501707,701.0818865620022,714.6990828692735,726.8682052093943,734.4607484693903,669.4643898781328,669.0630703597134,668.4629174572058,667.9270197521522,650.1928041179364,658.5547569533676,667.7378918160233,676.8719258665301,685.048924259395,620.2550895374918,629.7707378773185,638.8736933627423,648.0960500084811,639.2283422045049,629.9761748904616,690.331827503219,701.0705509610418,709.8391137651408,718.3383239738512,708.5213916620293,699.3239476785873,639.3037594218127,650.4469721400014,660.7882325987729,667.7444124280271,675.535426815889,685.6497412983105,695.8260770648144,685.6706314071374,675.9919300321924,667.5140325645687,659.4873554100044,649.9173761838173,643.1236154412921,660.2094679073981,667.5440243609843,675.5001672102387,692.1201657212997,676.0468873199375,668.0462775193793,660.4531154050032,245.22699506579255,267.61839933662924,289.4822528895376,311.3622268443443,331.83761267270165,349.2604766307404,362.46663287762374,372.92407947273625,377.1107501054482,374.31757350237353,364.2742310515306,350.2662810323274,332.87532580988136,313.2788792352129,292.3952004561544,271.41713883714255,250.5488333065235,237.65735696486087,227.92900384642854,223.4743088911435,223.16875331452533,225.82772908119756,222.49757555140678,218.89455252206784,219.05464713136962,224.26803491550947,235.37001834738237,245.25289638569654,257.0049184207081,267.91695883995163,279.48607921765733,292.44786345449063,295.2469720032076,297.3144890167106,295.328358901181,292.94780722946757,256.6139533926466,256.8020172011221,255.3403510786255,252.83131920002228,257.4787495596513,258.6712442148704,251.3828226006121,252.76396218366352,254.72081746821763,255.4849516874136,257.4299808157062,255.8773581933602,319.7319606415532,315.90395385706904,313.5792953016753,315.4316924950897,313.85329685191857,316.72312083405643,321.50665387525555,326.9904734764468,329.66140369845937,329.8859874623589,328.88069625708704,325.4908987496735,319.94569181278905,319.33936546049074,320.55395019827364,319.77275974860476,321.5531434238012,321.5633922560943,322.2273928178058,321.1638085487407,6.8120506214969465,0.49327978501850117,-1.8647754534666925,0.6662774,0.5661002,0.4587907,0.31785548,0.2285962,0.0,0.37896582,0.07148979,0.4857217,0.2781648,0.31410152,0.11476107,0.558261,0.0,0.28737044,0.5745571,0.49428606,0.45941573,0.012856096,0.40183154,0.00025719192,0.00018252898,0.00061524473,0.0027992781,0.0186851,0.00023149139,0.9772291,/content/data/frame35.jpg,0
592.1907552083333,162.11724472045898,149.79671223958337,206.16970825195312,0.9982638955116272,593.5418398270236,593.1450693225976,593.6425135453499,595.7085146124291,602.136974657083,614.3413551915019,630.8890059418179,648.9253211917323,669.7562058497963,690.7325121972223,708.2144215420252,723.1668650045627,734.4173852834305,741.8155395377959,745.8391850757537,748.4035704490103,749.6792231042812,605.1842237434985,612.9313701446838,625.5228401675507,639.4973756718624,652.5643509509606,691.1063630990836,703.7735116809738,717.2610176122428,729.2816542329696,736.8807725174141,671.2941086012609,670.9990624966362,670.5802055616223,670.1985833034465,652.6071302767061,660.885121511748,669.8598730886763,678.7868315615917,686.7653011575851,621.6187806144717,631.1543527834122,640.3141127784041,649.655415785893,640.686629130462,631.3717738033334,691.8778803495763,702.5356835588078,711.4344763949863,720.0407447620804,710.2456505821799,700.9998010650568,640.0456544450029,651.4676828066295,662.3047802013407,669.5145269909051,677.4413841635585,687.8261281605082,697.8630486633665,687.4993330423262,677.4149586028085,668.6960571815798,660.4015868370858,650.4531300278322,643.9078342031432,661.7919960290513,669.3182375717399,677.3910546775987,694.0259156769528,677.3863800666848,669.2305406912819,661.4017766157879,245.0551892712283,267.3232513500072,289.1158597849782,311.0073723694753,331.356617266134,348.7498122284189,361.95641385905833,372.23322890560087,376.24373539521696,373.2562018826058,363.19487607671107,349.2122742879517,331.8029467567714,312.3388106811733,291.6209203642072,270.76206914589636,249.90745014629937,235.19214364939907,225.6474213351208,221.13178405827637,220.65327790828815,223.2810212177963,220.65149359308123,217.15085886043744,217.37375817043613,222.38836960972475,232.92076200344343,243.6887134972858,255.49507008271175,266.44973320458814,278.0078635265621,291.2186088974755,293.8291947628247,295.7046722557461,293.8735961933038,291.55299841509185,254.33449838508238,254.33309010324555,253.15055363288337,251.16511955863788,255.53700886327715,256.5795503219313,249.84545625266475,250.75857587319223,252.49674220041925,253.24153158882507,255.33456281932774,254.02793533684962,318.3746034090567,313.7798737800455,311.2803873425371,313.15384457774485,311.57444543791496,314.70398684674433,319.988199465951,326.629464905239,329.79427971881955,330.1327097518631,329.07735366581403,325.1575670700229,318.5290720189099,317.26595380930735,318.46026528539437,317.692877028769,320.11397156842725,321.02768841842476,321.6791994114486,320.65619694163036,2.8262250527387622,-0.41113026238083017,-2.3134898962056054,0.6438358,0.56575257,0.4823962,0.29948977,0.23736505,0.0,0.41630173,0.06370717,0.4976818,0.24078564,0.2830647,0.37668976,0.60539573,0.0,0.49330953,0.5173272,0.7805761,0.3600466,0.08374511,0.3750825,0.00049003144,0.0006488519,0.0020893894,0.007315397,0.08504576,0.0011829296,0.9032276,/content/data/frame36.jpg,0
593.3458116319445,159.82892990112305,149.69710286458326,207.27379989624023,0.9984257221221924,596.4904756860433,595.3051200441677,595.2023468212923,597.115350520473,603.513583145668,615.8310812202145,632.5066509583278,650.4857420093366,671.0782135349993,691.9667404357871,709.8051831308625,725.3789159910035,737.2272835276491,744.9498967718215,749.2849260924759,752.0762778108108,753.3517643349354,608.7149815804916,616.8288142976846,629.6278591637522,643.5241524534691,656.3634259812659,693.3215872054383,706.3745314858322,720.2096626808509,732.8125085016542,740.4103068930172,674.6505809631398,674.0826504035219,673.3703206674741,672.6777086834438,655.0003511271261,663.3200786864402,672.2334810733262,681.1911520372983,689.341818404783,625.0380705568789,634.5468675151216,644.0366954029081,652.9826691440668,644.1124753197789,634.5622414315443,695.48068105137,706.0043121599792,715.3703777967559,724.1470012512247,714.5443670663687,704.9069228952441,642.7743070997667,653.6030667145045,664.2899548796688,671.648086219064,679.7363673982102,690.3127620251885,700.3926399357586,689.8995046285781,679.5292717005152,670.5919411544139,662.2034016056336,652.485759555156,646.7104448145665,663.8340671101813,671.4855407806269,679.7456036083659,696.4490005799656,679.5097763291594,671.0930092617012,663.0467432022679,242.71504204179905,264.8016447583203,286.42457638218923,308.2624759791827,328.72317213732003,345.90732644909133,359.0292532107921,369.4433396053725,373.7828610153963,371.302041653273,361.8910254720472,348.74479991669455,332.155306320096,312.7207041865037,291.8621541989338,270.90660176666347,249.9325324379496,233.1165515499423,223.44830765715102,219.32826113499874,219.25435662837623,222.05482595384714,220.0021264292347,216.8465225994731,217.14965709233377,222.22225635415634,233.27728829232973,241.93566453620252,253.2472496312671,263.67509397612747,274.6869247643915,288.27677008938616,290.65016476645695,292.4903647432913,291.07790655684266,289.29087038356863,250.91880549864553,248.7446638945951,247.86715721561154,248.99877827689465,252.42796220955665,253.21801398692213,248.69635540215188,246.90257368213503,248.4243393765732,251.33219632365297,253.4190905813697,252.24214092851219,316.1618966749058,310.15145144785015,306.90488651470196,308.82431330866586,307.4620835010411,311.6478657468371,318.3020733392025,324.9796309010625,327.8793116524748,328.0970964473163,326.93896761114024,323.0568683971708,315.9742370470567,312.9479179214078,314.1332216744622,313.5683896187328,318.0425847575749,319.19593982220977,319.670752186021,318.60230205808165,8.571870712424225,0.7483928467845005,-1.760337499832681,0.5867559,0.56752765,0.4782334,0.33247247,0.22225095,0.0,0.36887312,0.24039024,0.47936365,0.28913587,0.22272067,0.17494234,0.58606213,0.0,0.35211584,0.4469557,0.8521906,0.4287767,0.04129022,0.45550317,0.00092212553,0.0010972632,0.0008582799,0.010130683,0.060531277,0.0058851778,0.9205752,/content/data/frame37.jpg,0
598.4987521701388,161.31876182556152,149.11577690972229,203.7582950592041,0.998561680316925,598.9771737331159,598.6366283786728,599.3347560105092,601.8108373923524,608.2315056725133,620.335634610502,636.7954081130251,654.7568282464697,675.1611449255237,695.6386955975838,713.4366982656396,728.7384783820345,740.2120808576512,747.5175979474386,751.8006716327344,754.7777755442426,756.3674268451675,611.441067394359,619.4818574174107,632.363702213267,646.4851689713367,659.7342840638601,695.2920838452125,708.2637987739788,722.0277524808178,734.5534031660139,742.1553393968466,677.8385942837582,677.1936104838614,676.4399926175233,675.6956437700015,659.187135049048,666.9919257970256,675.3099738880269,683.9284125157142,691.8176008862786,629.1690532642259,637.9220092561812,647.7257163780388,656.7360188075072,648.1124064350404,638.3793245729057,698.4523674697742,708.0035521246034,717.6940052445404,726.2407984374778,717.5763207682171,707.8386626923901,645.7808036979069,656.2553852044524,667.1674104755901,674.629896067203,682.8068758128704,693.581804134315,703.1862710734089,693.2070209772709,682.8262737123115,673.8934754370335,665.5176708655778,655.5712266835206,649.667524811303,666.9537202422662,674.6500955327367,682.94458486758,699.4471255646258,682.6732911800557,674.2145682398021,666.1038342882063,247.58532180440886,269.511972806538,290.77242036820974,311.98311253642413,331.2603981414178,347.22328082313516,359.16888913586456,368.3395922274276,372.1150559671702,369.61230429533657,360.79386764057995,348.3243120079371,332.23322247318987,313.3108266122148,292.9694110105369,272.60874324870747,252.09264453455756,231.5863977963822,220.852538806737,216.0135353144329,215.64571120846549,218.66908005744585,217.7446921785605,214.72237265246503,215.1351136074762,220.26931931775772,231.39115087015261,239.51049072679723,250.60452979667218,260.8323236772336,271.57972184687935,285.3242630803483,287.4302103884845,289.24584503180824,287.904620923875,286.2275114752823,248.56990729684884,243.5985579556912,242.77655192772494,246.93746694050773,250.12537544740644,250.948620259334,247.0495185932894,242.4625493413937,243.41625996533944,248.4891677304301,250.81217184947923,250.10734021032283,314.27082588650524,306.64532361255,302.61630265682305,304.3449309442767,303.03034797847585,307.4586800136806,315.2006279799979,322.4946608137676,325.6119659218368,325.93737260757644,324.8604758491264,321.26026360508513,313.8006563644411,308.56379189859035,309.5080659035368,308.97527220874684,314.86675384153455,317.34127581297946,317.83715374572273,316.8525682532827,11.054541657683009,1.8432740878254708,-1.1042814362465485,0.6422003,0.6660443,0.35926503,0.41605794,0.23277384,1.0,0.25558478,0.21463221,0.5018567,0.4988532,0.39383006,0.28503507,0.55203426,1.0,0.23642221,0.427887,0.91782516,0.48215944,0.100455135,0.2577469,0.0013553135,0.0017829315,0.00039490275,0.017191686,0.3517298,0.0017741193,0.6257712,/content/data/frame38.jpg,0
599.20947265625,157.82279205322266,153.34624565972217,206.59034729003906,0.9980642199516296,604.2215304426663,603.4119485495203,603.5583060197218,605.5982489181397,611.5144279852534,623.0413227596409,639.2743126385503,657.4428384096354,678.3503644978919,699.3842443787926,718.0027734712658,734.0037206905108,745.6764705343339,752.7857812323109,756.8060808206519,759.6419853796851,761.2650649366533,617.0483317871813,625.2672019650745,638.1136560454352,652.253201038473,665.3921779648263,700.2038964519979,713.4678234041494,727.5469251520917,740.2898477334275,747.6608057950289,682.8143135155806,681.9883666563073,681.0542115379376,680.1118111364085,663.5476061642794,671.5881462349889,680.1586230666035,688.9001156413087,696.8956317374905,633.2140295164354,641.6618688434246,652.1572942098965,661.6513166378227,652.5976410930325,642.2243951598994,702.7363509483785,712.1413080640414,722.5150416214474,731.3771547094675,722.7692120795546,712.4503584175854,651.0041514635313,660.9869064013055,671.8911456146016,679.4377222968997,687.6726619110577,698.6504141776113,708.2410083763043,698.3836837003546,687.9224585272023,678.9049410610696,670.4335923335311,660.4629245671267,655.1557106402315,671.7027748803448,679.4592664238644,687.7909181854739,704.2470700516842,687.8778335179886,679.3270315869595,671.0911241125023,245.75037990428063,267.3789988566514,288.53106112950263,309.79112479054675,329.19298533614347,345.34354454819913,357.4798773105849,366.71830334881815,370.6770883963127,368.3508694143675,360.1021581086243,347.96993321132504,332.051394494194,313.03001386986944,292.5966211162613,272.0229107840132,251.44957725233962,230.1702450442708,219.6306231868857,214.91953732181355,214.5742993366257,217.4224166672202,216.12973949635034,213.03213585596677,213.48090534017956,219.0256661704252,230.8157192048584,237.7480370682788,248.01608914691133,257.4424426246078,267.46703720264304,282.59821048402955,284.4812676608999,286.13459469927875,284.90912101910544,283.37106540353307,246.74313859435279,240.48835249333752,239.7875255895333,245.54681154685295,249.048788697879,249.87654567755908,245.5254669025453,239.10743010557235,239.9156230083654,246.3759131874067,249.2900666657415,248.7577582776912,312.65059785610174,303.5108640153976,298.56316216604137,300.3334303709489,299.03246358744036,304.3468736664836,313.4687870564885,320.63710029148206,323.5571126493378,323.74558681904637,322.67931507571666,319.22121672100184,311.8457518289997,305.2949186883834,306.13954303495666,305.7700272715774,312.8767520832589,314.98492913276823,315.3395206380992,314.3117268828464,10.749369465589359,2.899146814688649,-3.6773615765353536,0.6039456,0.6840796,0.12398953,0.4615695,0.19981177,0.0,0.18941861,0.14069594,0.49872166,0.31042826,0.32752687,0.13724159,0.46763265,1.0,0.25669575,0.42310694,0.43393925,0.2919924,0.024674011,0.30955046,0.0008920133,0.0044868225,0.0025317483,0.042479478,0.75036556,0.0034308382,0.19581355,/content/data/frame39.jpg,0
602.7394748263888,153.86452102661133,154.3298611111112,209.16550827026367,0.9978221654891968,606.009726002992,604.7340285649757,604.4700248727046,606.336321452696,612.2897644186997,624.0243593852966,640.4185301303972,658.6242974583303,679.5373350183027,700.5656521210055,719.0190262326596,735.0705973374345,747.1026219022588,754.7233095611563,759.1396283745165,762.135176006968,763.860531732741,619.161277176337,627.2833272433827,640.2419716301656,654.5058757645406,667.7377695456785,702.7605638429037,716.0773220982663,730.1504476032337,742.6785534551129,749.7658628442772,684.7916465676265,683.9003788395581,682.9073934278839,681.909605636972,664.9476395709341,672.9715999199976,681.5698335657302,690.4197956633458,698.5077652945548,634.9886549662604,643.7663270436989,654.2182865555458,663.5777496728527,654.4374306398904,644.09436245914,704.8972336259465,714.562762395733,724.8654217717445,733.5243808297078,724.7488481299358,714.4886471722319,651.9856739125289,662.2658249409915,673.3465819586414,680.8826594749249,689.0484845003809,699.9041954442492,709.1677456229479,699.3832943841243,688.9573140982785,679.9642979499732,671.3953722822056,661.387602928485,656.0381189943606,673.1608675204238,680.9392407779691,689.1978519592897,705.4172220844093,688.815875801351,680.3152157300378,672.0361532950785,242.78615946715655,264.68827022020287,286.146602233905,307.6946534634601,327.2707819509885,343.50494819157905,355.5899036527994,364.6560176981628,368.51915029751945,366.0814266907966,358.0625155722401,346.3090140425226,330.79176373050893,312.02478378215153,291.7140857601256,271.2351398972655,250.72566676077724,227.37923671180585,216.38048667793078,211.26190592497625,210.73208829779304,213.52546474074484,213.06148159903123,210.55511837877938,211.60982408810264,217.69823859581413,229.71032805056265,234.5158415514012,244.99002515782036,254.5824485502073,264.76694845201393,279.7194928241265,281.7068849123583,283.37159002931566,282.1024603311291,280.39736137011596,243.362400093638,236.9473041122954,236.30679239171613,242.18210693100843,245.58414380046727,246.35919694311855,242.45735357654175,236.25680126952625,237.3186432246327,243.95212029548773,246.59090052082792,245.82927459115447,309.5185701687295,300.5647659705244,295.7510614957523,297.36017271474236,295.9652685547123,300.9307042763046,309.5972783219065,316.82237560135025,320.02043103866845,320.4460475088705,319.4995598999095,316.0599941571861,308.7019263273837,302.1703913503793,302.90736955483715,302.3293635677636,309.0393346107141,311.76392931364853,312.30881234859623,311.4061745014603,11.700123683312965,2.6983484227755214,-2.7154051490368434,0.62326604,0.6481737,0.32208014,0.4418713,0.25980133,1.0,0.26727158,0.124472946,0.48755068,0.4729062,0.3199502,0.109250374,0.45307884,1.0,0.115747854,0.42197898,0.94676405,0.42393908,0.01771721,0.13469104,0.0006463048,0.003319603,0.0023460307,0.023482507,0.86562836,0.0019958087,0.10258141,/content/data/frame40.jpg,0
606.5286458333333,156.68289184570312,151.62923177083337,201.73559188842773,0.9980897307395935,606.7686339893269,605.0577789921576,604.4839888868288,606.0911300139069,611.7250033608307,623.0863598396897,639.3863160638111,657.8186995831809,679.0512962706825,700.3895511702453,719.2040429781364,735.6440567557397,748.1552732673808,756.4302628283654,761.4612097989184,764.6221687450961,766.3769680351752,619.692949219664,628.5096742983237,642.1191518306157,656.8818009094716,670.4314908280148,703.8078558606512,717.1208050096093,731.2252997425944,743.7454623916856,750.87748188865,686.4518874714495,685.6672679293192,684.8765159542595,684.0611765304661,667.1869720722029,674.9737838988674,683.2290125965651,691.805183975283,699.7619507696172,636.6563589331699,645.8741703766109,656.4127996536533,665.7049073256915,656.5568685397338,646.1356140289613,706.1782792705785,715.9821637217747,726.3009416709824,734.8143169365026,726.0408687977574,715.8153326875854,652.351173890439,663.3242463600855,674.9741807033511,682.4487795476361,690.5271128065133,701.3822549836127,710.4247221330329,700.4587538721976,689.9086894113984,680.9521196107526,672.4675956385088,662.1497628054349,656.5130541101096,674.6832075827886,682.4054629272732,690.4777647579986,706.7909453933667,689.7966029667018,681.4334434494456,673.2020302353951,242.70610777087632,263.93410874099436,284.8368021807719,305.8111945834353,325.0278296989595,341.0863195728266,353.2333272854735,362.42386743894576,366.7114625336703,364.5539427658,356.98513532246443,345.5759675106365,330.26878003152524,311.8363027220048,291.78606074718437,271.5922621247987,251.29740100773552,224.46815123387842,213.3997807565081,208.2339563346418,207.86744606964226,211.05454360935346,211.31494114079237,208.88606482310684,209.9508499745898,215.85462973130666,227.60131222231826,232.27434154859998,241.97712021735674,250.73278430060645,260.07774632986957,276.5205016657237,278.24611057505854,279.6994827500871,278.7547994938709,277.39285107188016,240.59179640396428,234.10790292137426,233.55766496580804,239.87420796106653,243.1207973148205,243.72969740232725,240.96549965205872,234.74387228929436,235.8178344462906,242.5146532148185,245.13719897904343,244.3634374505118,306.6371539381371,297.32851034107034,292.3161915373689,293.93144551248133,292.67132433562756,298.10398173619524,307.2580735941856,314.86155453476704,318.11702509432826,318.50660052176954,317.47658265768314,313.68098183494885,305.82332958600864,298.7119583514491,299.4421796061815,299.00679129744367,306.6243984776438,309.8674598788066,310.27528831249674,309.31385269244265,13.122984745016687,4.376771739542752,-2.6692737910986026,0.547152,0.5961897,0.155384,0.50370145,0.24587564,1.0,0.29031092,0.030469956,0.50687695,0.3415825,0.6203994,0.41346738,0.41322932,1.0,0.15606469,0.4254229,0.70220834,0.5006726,0.120957784,0.51152396,0.0020145744,0.027293248,0.003925204,0.13168819,0.5560822,0.010332055,0.26866454,/content/data/frame41.jpg,0
608.4120008680555,153.0575408935547,153.1044921875,205.10321044921875,0.9976983666419983,611.4393365463402,609.1111437299929,607.9693019011429,609.1336146936574,614.3986234615164,625.3320547591466,641.2671037364213,659.577994095398,680.8463522740756,702.4366683467058,721.5761346895248,738.4622551927329,751.3589379470898,759.7996876540376,764.9067101803797,768.1950626649748,770.1223796510006,623.9558430164703,632.2825545082749,645.4117734108579,659.7443239703956,672.8845381315172,707.529739584362,720.8562863356477,735.0078368953866,747.6271662702493,754.7975711901497,689.1975555392361,688.1645733714744,687.0784560116823,685.936445476397,668.9466952115923,676.8748707579813,685.3590293642162,694.1886253991485,702.3760660611515,639.3229967925603,648.3891192496645,658.9809200159834,668.4118664717098,659.1115208020274,648.6414453962476,709.4763771247511,719.2941821065513,729.7071247112923,738.3513637193595,729.4789749303818,719.1491825930149,654.4853923017356,665.443359383096,677.0165548233126,684.5202503085748,692.673040135797,703.7276393292238,713.1487934766453,702.9560201049229,692.2143346735087,683.1562074344213,674.5701134660042,664.2510303197421,658.6917571860242,676.66007079064,684.4433348442413,692.6290591016426,709.432968225464,692.1124653268882,683.6494830458039,675.3417840357419,238.72028011326256,259.7636132476124,280.6633331952195,301.7935354735804,321.28091849618795,337.8008873544793,350.5211031776009,360.2520170102027,364.7708262125103,362.7301385020197,355.1464468262158,343.7179941723516,328.42507856281884,309.80263142837356,289.5791602237339,269.23093427778366,248.8584952908488,222.60595487585306,211.6790151084475,206.5414713874561,206.08480507251517,209.1495848551378,209.28606102616467,206.7545182748836,207.7575073724889,213.74715062244138,225.72260088471086,230.5096826592606,240.19571324503266,249.00022336655456,258.4217956125329,274.82650130026013,276.5914786852343,278.07283854742417,277.0282229706951,275.5598608390792,238.8463845060549,232.29766279992327,231.7893576456816,238.0898314999249,241.35746976830052,242.01404587390934,238.90953205826224,232.47476054652506,233.55763580873608,240.41707809322253,242.97956747277203,242.22973338380106,304.5788787189871,295.5773488213832,290.6672140399998,292.2911821853835,290.9766656525593,296.218565306325,304.99055176116235,312.60020955786456,315.9106845906601,316.3225923548322,315.32327812348956,311.6139370674704,303.8258318726846,297.353064737712,298.0685267242734,297.5745689520874,304.4300503028775,307.5225419512499,307.9656384007496,307.0266770628397,13.343911573307144,4.472707639157226,-0.4063709929952242,0.65515894,0.6575418,0.1766437,0.4313395,0.2633504,1.0,0.23181804,0.028930793,0.50313926,0.35528737,0.38344595,0.16589856,0.45784512,1.0,0.19449557,0.42197898,0.92358494,0.3428839,0.020787163,0.17821722,0.00095726375,0.007763311,0.0038556303,0.06446467,0.711529,0.0067742835,0.20465592,/content/data/frame42.jpg,0
612.7566731770833,155.2206630706787,151.53499348958337,200.8989315032959,0.9982197880744934,614.7555857691317,612.4124484864226,611.1846505423275,611.8327576942406,616.1094034506576,626.2659332946628,641.7938748290162,660.0221556578148,681.3210862882872,703.107111224282,723.1191030059466,740.8449070743859,754.1498036812843,762.607193742851,767.9203266931668,771.9277399740565,774.759663560473,626.492969993797,634.9443644184829,648.4165497121738,662.9946983035811,676.3062695020459,710.1763730424013,724.1540454881267,738.8601752416123,751.9912881877938,759.5708221719229,691.4009553228061,690.0747736116354,688.714349593247,687.2851535721968,671.4412466442934,678.7105234835267,686.4163933321362,694.7407082753051,702.626885497379,642.0927514001328,651.1594691647651,661.8704571146434,671.1287981641684,661.7332723446032,651.1081631815842,712.0376428929621,722.0171272198766,732.5853550681155,741.0369542569131,732.0934613792065,721.6519286307312,656.1504399128918,666.8738717729883,678.0685484779018,685.2790687941756,693.2691799684544,704.263949422839,713.8231859457737,703.3474108900808,692.5020114665506,683.7469518644198,675.5033211659114,665.6376066532625,660.3840923905865,677.5497983592028,685.0421890482751,693.0081452420953,710.0390014700138,692.5742752361675,684.3603748497167,676.3820465927347,237.88977019127293,258.75195693355,279.3397310275127,300.2727014900388,319.7697079387748,336.572550347588,349.64578330490144,359.5539953515813,364.20327586751085,362.7546524023322,356.3085201068684,345.50631513381904,330.1383302941231,311.2732330783699,290.8991321309975,270.3729165952051,249.56268964432485,221.0725080781824,209.7633574578478,204.64824936517562,204.71136700447607,208.48493248525753,209.67455449578136,206.8392325435836,207.7581348445068,213.98595267351828,226.21433609123693,229.91422960009044,239.576228968206,248.38533192637766,257.74356912352175,274.5951525755921,276.24389883246965,277.6848634014053,276.8552598072397,275.74127119329137,237.45014523610436,230.96343372302314,230.7073708129869,237.34581612508765,240.57495334910968,240.98313084756586,238.79015750568766,232.51632882157315,233.77802061466076,240.67583380140536,243.35695041583358,242.47072415629208,304.55728634621977,295.51316448091586,290.62658750615697,292.34355972806554,291.02053928738894,296.50248408209904,305.47418411426145,312.7171433766298,315.67883711683623,316.03491112978224,315.0365962771017,311.51698140288977,303.88795916611383,297.468597083972,298.1959623164705,297.7958891660088,304.8343860744543,307.16215886409066,307.55200099368005,306.61193973456216,13.079994727135967,5.130094036537392,1.9476238489406625,0.6049638,0.6019724,0.3927743,0.45719343,0.20181192,0.0,0.23970662,0.90224797,0.48166686,0.2226119,0.29084,0.13607281,0.40688953,1.0,0.13803044,0.4372231,0.61432517,0.4879476,0.07447537,0.18008448,0.0005198336,0.0038987931,0.0014325572,0.02886221,0.8303136,0.0016296976,0.13334326,/content/data/frame43.jpg,0
617.0189887152777,153.49023056030273,153.2194552951389,203.8201446533203,0.9984058737754822,618.2092073815188,615.3761705728564,613.7773735567827,614.3584448312299,618.1254438110093,627.1092261536585,641.4680253002967,658.7407128001383,679.932564481532,702.3382462616166,723.6040539266844,742.6981681125548,757.0595658505769,766.0845429736058,771.5600410741597,775.7730538236058,779.108289373565,628.2991951334297,636.4239225261551,648.8619180004232,662.1738638565723,674.442079834316,712.5645088107656,726.2702888673787,740.668817669942,753.6110127644264,761.5323502682837,691.0754336728085,689.2418413513813,687.30889755573,685.2636421302298,670.3481430704111,677.2511899214715,684.7311386380828,693.2218555774546,701.396018164471,642.3955292611303,651.5935514317073,662.5384903272331,671.8213001976028,662.2233209183926,651.3682794353101,712.9321894463349,723.0611269122968,733.8928138742191,742.6490099069666,733.3122163962373,722.5634219482457,655.2610495091465,665.3044995143822,676.2232265316022,683.4000840046547,691.415940258788,703.2051480099265,713.611846831485,702.3610030703127,690.6248605233086,681.676376017338,673.3652570950908,663.9353808018346,659.5738656617528,675.7377455163607,683.1772611715253,691.1998453354685,709.6672215567953,690.743703255205,682.3816694358591,674.3956332023457,236.5792183989566,256.8276538474529,276.9853463390442,297.72735378857726,317.16907421823305,334.2370743558087,347.64229251307074,357.75568945496485,362.41582028430093,361.4085581553852,356.2617144399974,346.56329031010426,331.8093266883104,313.0116195712475,292.5162924291751,271.8038353007356,250.80409715233145,219.14142376465804,209.1363658514794,204.84276396784261,204.92920631067625,208.1607970615165,208.75505445605705,205.98053151088206,206.78105072978923,212.66902145484164,224.37772025272952,229.3486324067182,238.49110376401114,246.7848161330341,255.53105515083007,273.4889470990562,275.01276400217284,276.3578211434502,275.84393420780873,275.00741374670105,237.39329548595305,230.39538000414979,230.0427588070066,237.02660617837319,240.57633303284564,241.0320960759367,238.34982494717985,231.63790759029615,232.91200459939665,240.35348104301065,243.2111151774081,242.328461518915,303.71111158059796,293.6949230950686,288.18300826925986,289.8480748325022,288.6168892048219,294.8780730503251,305.1025133053761,312.46170952587636,315.364580288963,315.580310753463,314.5051280789259,310.9502550659206,302.9031938476528,295.13990026632854,295.86122258373575,295.58733906997986,304.31411598680893,306.6023050831045,306.8667272459035,305.85698679701454,10.757681051417082,5.0563899441794495,3.8584410190758804,0.56219256,0.64963216,0.23766622,0.40934268,0.27890244,1.0,0.24221699,0.0067809173,0.49161524,0.13520484,0.2308267,0.02698858,0.3977921,1.0,0.20461702,0.4372231,0.7818072,0.43427312,0.038907588,0.19698364,0.00068597525,0.002298766,0.0027021028,0.023332419,0.91352403,0.0012408193,0.056215838,/content/data/frame44.jpg,0
620.6535373263888,152.2727222442627,153.18999565972229,204.9125461578369,0.9980288147926331,623.2139444036094,620.0981730388884,618.4484864475194,619.1959489857641,622.6890955887944,630.7638638260989,643.8473693901975,659.8630921345843,680.402407815394,702.9928476141177,725.1737851540888,745.5010287900517,761.1796303388517,771.1156735482868,777.3667826884459,782.4037777230021,786.5159044313571,630.5024910216645,637.3018407305744,648.5367418559243,660.647104288354,671.9500335001031,712.5033836805285,726.8139486927512,741.9675841748367,755.8660966994943,764.9020703594573,689.5666477250876,687.2597605733023,684.7988337386435,682.1681847795624,668.7258407696297,675.4554622395985,682.9598769327445,692.0312753228222,700.8276300698165,643.874388624772,652.7489723734159,663.3987205664262,672.7475149658196,663.1997440930967,652.6132459715842,713.2123179774455,723.5213687919363,734.5940519144274,744.241977893993,734.078832411853,723.0294384478858,655.031705633919,664.197653024398,674.5624497888232,681.9001615939573,690.1480485966455,702.9478082282499,714.7377945019797,702.2458504193488,689.6118116910985,680.329367210294,671.7706674069531,662.8037258027783,659.0775630343659,674.2628492010533,681.9509536511407,690.332918200825,710.6722754236475,689.5427649788228,680.8449311403231,672.728168402414,237.80804076146546,257.6174560400916,277.2388578979848,297.6480606116479,316.79045914740254,333.86506181079324,347.5957868673692,358.07016286005364,362.81435058876303,362.0891182778255,357.67950884413415,348.77934219668373,334.7666996044203,316.1909062161644,295.1973640052141,273.6048404660354,251.7186522164953,220.21225340511694,210.60859001758547,206.7343234437079,206.8017213011479,209.6532288692892,209.5106432313409,206.70375733917575,207.46772674638686,213.50070338414747,225.3573327062147,230.47897628391422,240.02498104990195,248.69443260049644,257.7289332834729,275.42870841812663,277.0473415767565,278.32653048654197,277.71772931173655,276.65284756113067,239.52539269117003,232.63939382858268,232.13532791294136,238.5428364304501,242.20775706614256,242.83106816350227,239.1568919559987,232.54570956093966,233.87443006998984,241.02283868349724,243.96191143578014,243.07087761080754,305.240590107214,295.1054531725499,289.6277961869681,291.2861044570669,289.76964167230125,295.6700943507333,305.6466334349335,312.68335961423566,315.9054418105194,316.3140500235388,315.3449337617908,311.84805708270994,304.46244787665955,297.45052047408643,298.0460575277691,297.48365879216226,304.8631855559299,306.318266971345,306.8457832668719,305.9534083732996,11.568335382910497,4.641908432095178,5.807613464464043,0.65829515,0.6252843,0.25060484,0.32432932,0.30167052,0.0,0.36415002,0.431254,0.48561484,0.314621,0.35386425,0.26137853,0.44784978,0.0,0.4030465,0.5675139,0.9729777,0.5609696,0.025915822,0.20183736,0.0013951424,0.034663368,0.0038138926,0.32731912,0.30409932,0.0031574992,0.32555172,/content/data/frame45.jpg,0
624.7909071180555,154.25913619995117,152.03776041666663,205.7218780517578,0.9981377124786377,626.9650047874801,623.1611290779601,621.177943960372,621.9490765510894,625.2547382254116,632.6875394000559,644.7647602620884,659.845140991269,679.7299859899973,702.221423725639,724.8088727604824,746.062081095494,762.8879546013468,773.6629973874496,780.3486945463337,785.7146593794878,790.2218196949561,634.7856768965233,641.2985757884077,651.5654796931346,662.462423721879,672.5711922346491,713.1282926005613,727.3899213417768,742.4163738852756,756.3932206058402,765.96065460643,689.6152431411012,686.923873530571,684.0029964504167,680.8659284103362,668.5255483022393,674.9859168741007,682.3007639372929,691.3025626348011,700.032785463541,645.2128644920094,653.6757124061453,664.0001863044548,673.3631861310283,663.8371878114425,653.5671497447645,714.185182039297,724.2024050657863,735.1481051772746,745.1397693337694,734.7854546822367,723.838621563846,655.786099620097,664.1685114013462,673.9723318420392,681.0519916867199,689.0537352203071,702.0162759044179,714.3174201306265,701.542281731057,688.8103447375343,679.726013108651,671.3831167824219,662.8178568158044,659.8225102819706,673.6683107756096,681.1007919125899,689.2894889422699,710.1407446856665,688.559530852394,680.1113825992394,672.3189584122869,239.4828543323303,258.6467832248392,277.87988439589935,297.8560320937151,316.5763814267251,333.61592237713046,347.6941805726525,358.68621625213854,363.64394545540017,363.157973780499,359.1570468347978,350.87848911481524,337.51771857605456,319.04782262598854,297.8335043850442,275.99797464529655,253.99982162910817,219.90580463731055,211.37240865052772,208.3199924118735,208.65563467094432,211.50563260500604,211.6818887502146,208.9736932514641,209.666880117324,215.31129243253798,226.5835633906898,231.85077269363828,241.28238565249939,249.94772544310453,258.948148346517,276.9858242348593,278.4915756938469,279.6579253708602,279.0742208148407,278.11407839407434,240.49710886847043,233.80727697011116,233.4099520495456,239.56902171441834,242.93030004899447,243.54439714731288,240.50392898144818,234.14627410676331,235.5459496338055,242.56700947862862,245.17101984266702,244.24497798678948,307.0397887568826,296.965930099646,291.19376022039864,292.87973334875346,291.28828536768924,297.2633664831035,307.0445709288735,314.5005803520489,318.1238039967226,318.65109363762497,317.77257185696146,314.1113704094925,306.4641918216846,299.73064351414104,300.241614912773,299.65059731220134,306.44173768489054,307.6788046498674,308.2298138638445,307.4589130245389,13.18881800603875,4.750319938084516,8.784550814303831,0.7004361,0.6657728,0.33993334,0.32400718,0.28253704,0.0,0.34711337,0.42008835,0.47506055,0.20414737,0.42434663,0.43539408,0.42484495,0.0,0.3899353,0.55355084,0.76305556,0.31749743,0.11531827,0.23347694,0.001435523,0.09854502,0.0057764547,0.30345568,0.3041931,0.0034408176,0.28315336,/content/data/frame46.jpg,0
633.7244466145833,152.90120887756348,151.1091579861112,207.74149131774902,0.9975470900535583,633.8420307786009,629.1099282500708,626.7481321830619,627.9639893273292,631.2852460086852,638.1812918619595,649.6259076982892,663.7424865202731,682.9277314997803,705.1226175061361,728.0773023221004,750.3467202164966,768.4795440305097,780.371228609739,787.4777163484483,792.8281579164285,797.2193431789651,641.5339378203262,647.4153299376173,655.9446025928869,665.3566680177439,674.284825947025,717.0579944730812,730.9248632383543,745.69257825088,759.529268733735,770.0532723650638,692.1604062778448,688.8241087464751,685.2404339946031,681.4540105161941,671.6571534169681,677.5681071752592,684.3961330224577,693.1417205154646,701.7775904125208,650.7361817158735,658.9252466142511,669.0414571033706,677.9920815826351,668.9142878123433,659.0130251486605,718.7076217079762,728.6990254599357,739.890621435316,750.2885924760632,739.8342916132345,728.7927252378429,658.9997042081446,667.0526399413943,676.6841925640557,683.5770103366528,691.3073163081365,705.2658566211098,718.7973393196164,704.7304038465046,691.1099241895815,682.1270040447158,673.914157589957,665.5891418324038,662.4555633099123,676.418056071494,683.7093876473687,691.8008820427924,714.835529648926,690.5960687234425,682.2921079270842,674.5922922734352,243.47589323423676,261.92512838993133,280.40194896232185,299.6681002676621,318.10148848185054,335.39030107089064,349.7552377961141,361.37151397326465,366.8592214068182,367.0776907748119,364.4319424788457,357.2277430783036,344.40244853309594,325.61002642522385,303.61652213310447,281.05533626551073,258.3824714364914,222.051905583017,215.13701501941438,212.14674990604345,211.79765656919764,214.10377660261656,214.48944494791758,211.94859255777686,212.89887413029055,218.3175771603236,228.28612060332182,236.03580248828325,245.69973250010725,254.62919057695683,263.9386186380501,281.7893475767752,283.52153046756166,284.65340179361215,284.4193306547967,283.64818712897625,243.615647953727,236.98019253495806,236.58662672185534,243.05522491639215,246.17822395238346,246.6238625329577,244.50092214781642,237.71638066472286,238.67952998345726,246.05162672628632,248.6262458061343,247.91947072907598,309.84543255132985,301.52115973524445,296.88533870622155,298.69691232224716,297.4507320219754,302.8787366791841,311.726679218197,318.4446977222721,321.53057940253683,321.80875154687544,320.68346268222876,317.0035101455568,309.6247046412743,304.0871012587496,304.953281857119,304.572583790237,311.36907177213124,312.8381642303736,313.123379459826,312.1415971690816,11.113920274936659,5.4191234063546565,12.588577704760795,0.649907,0.58317876,0.1302922,0.34015116,0.25921342,1.0,0.3327393,0.016367374,0.5043216,0.33412185,0.45088127,0.36900285,0.4724415,0.0,0.5771458,0.50721055,0.41928324,0.25652575,0.059723977,0.21537623,0.0021484417,0.2722856,0.0040407544,0.48204783,0.030518485,0.009492301,0.19946662,/content/data/frame47.jpg,0
642.1987847222222,156.72754096984863,146.85991753472229,214.47466850280762,0.9971809387207031,640.1454521267751,635.5121571062969,633.2529652355305,634.3997462805808,637.5172693741724,644.1997381945424,655.4093693139163,669.366585373881,688.267958635597,710.5478454546792,734.0881551776947,756.9541305550324,775.7652330933956,788.1213154387099,795.1160884401822,800.2460948752446,804.7002329222576,648.0485546270668,653.6373893003483,661.9239640424637,670.6809298671736,678.8024723309596,720.0309885870129,733.6784124602586,748.42189426754,762.4785853050867,773.2899330035398,695.563273548288,691.9420898281692,688.031992238008,683.9266800858576,676.0283791381887,681.3168981715014,687.6628632923582,696.1570476588248,704.6157189443904,656.3462780221173,663.8893024267513,673.6699654068317,682.4781298956915,673.553017686638,663.9755462888788,721.7534267021922,731.1139384873456,742.1914885585306,752.7356674375578,742.1990360469986,731.2938049554077,665.3470645413585,671.865479035411,680.5802893757512,687.2508348517886,694.7522713677304,708.8616797713747,722.6030407292412,708.8987499052828,695.3371557027242,686.6406004666052,678.7877301837692,671.0200989653074,668.7618351901758,680.6539540904322,687.5270928722658,695.3578192534687,718.4694715166072,694.6786680147443,686.6650531020074,679.395141930989,247.86218184772565,266.53652450866684,285.35927042863,304.9947059757594,323.68619923041433,341.58167789848153,356.2502677571847,368.26999597211693,373.8463780564475,374.04244401195297,371.4977285047853,364.5943537478088,351.889552890598,332.86497301581244,310.62562326639795,287.417111567921,264.17327087362764,224.68896079400577,218.20115811547714,215.90275612169444,216.4384897391044,219.4308694911324,220.23687836377064,217.16832573778424,217.78043932487276,223.15757998598883,233.07492614137266,241.88210117290282,252.3932751303065,262.21067842518505,272.4005395376596,288.74592975098903,291.0392157134627,292.5366711744332,292.2945839477818,291.2723901539355,248.80564858706498,242.02554947506474,241.67676960147332,248.1011779789984,251.49914319363563,252.00628226124024,249.72622741422106,242.86438685445376,243.99848136909145,251.61311487162857,254.2459304321933,253.5281289959181,315.6689102861976,307.5194942725209,303.0175401247873,304.8468396315675,303.7054967667243,309.28965644587856,318.5515906682374,325.6576891246118,328.74895324790873,328.9309980561384,327.6603200789514,323.681044848046,315.4608634597705,310.3428225552061,311.25574651092825,311.0111281143638,318.19636781668555,319.7111119351832,319.8181880927161,318.7989856814943,18.30678627697252,6.6505471321187635,15.621066487166297,0.63007534,0.62607366,0.19514637,0.6925528,0.23256566,1.0,0.30622885,0.04677834,0.4950796,0.51480997,0.3144975,0.16239879,0.41288367,1.0,0.37591845,0.4442522,0.85281336,0.42108437,0.11375126,0.23560604,0.0024843107,0.11176328,0.0018746919,0.0447998,0.02952394,0.003247067,0.8063069,/content/data/frame48.jpg,0
647.1244574652777,162.02571487426758,148.73209635416674,219.55163955688477,0.9971792697906494,649.5820550927739,644.6920930767948,642.0650332514792,642.9136416931605,645.8069828083436,652.1844995925189,662.9013999071897,676.6017876059032,695.54009673622,718.1171398692427,741.9888549059315,765.2124056281564,784.3395421794125,796.8939235484158,803.7607749458421,808.7617297025754,813.2665305764381,656.9296512577814,662.1761703868328,670.0366486487869,678.1516423105393,685.6680870461148,725.9705829376685,739.418025592282,754.0737156247069,768.2381826911537,779.495560178279,701.7721239908392,697.7296986487772,693.3507303770175,688.7545112461796,681.4768940569766,686.6713323392946,693.0636536518155,701.9921072688323,710.9445480691404,663.8603219107856,670.9367608314824,680.634720147769,689.2071427208725,680.3470545391801,670.9237661380791,728.6668051538254,737.731777643472,748.9524088072576,759.5092349138245,748.9531311708788,737.9948122229334,671.8169294968097,677.4378449796659,685.7543780917351,692.4393116332944,700.0132156838699,714.6641161314151,728.8528608969573,714.7970781483882,700.7424967219283,691.9793230421551,684.076005476752,676.5728538021624,674.9603968676145,685.993802373273,692.8733579482982,700.7834908574318,724.541873323376,700.019481403106,691.8754832716065,684.5682884328264,256.95471393941375,275.3384048442131,294.17697283235384,313.89991803909334,332.6582722581661,350.56568213145647,365.1801346232446,376.8729717455021,382.2208023724279,382.6121036053246,380.5827172328841,374.0166988765768,361.4344279903721,342.20465299067655,319.5248379289801,295.6417692205928,272.0825078571902,231.32716849292433,224.99788125813234,223.31375328951503,224.68220050388618,228.1790450174742,228.8292115354534,225.46001338479982,225.52178332619155,230.3644069696461,239.9608741971531,249.64111990116317,260.16393210330534,270.0083427920133,280.184805193122,296.02590963150533,298.626654221207,300.2825943050402,299.93428941116235,298.7043868282717,256.06685053116485,248.8523773445895,248.66625093545122,255.66880462054405,259.2492234643944,259.5946389037874,256.9307032007871,249.7224721781124,250.86059532221725,258.81165170084796,261.8390933408855,261.12846027674414,323.8488908619711,315.2994975551828,310.67156509101824,312.50360486285626,311.4231844388846,317.3605265949436,327.3874047640129,333.941708266811,336.78457029807305,336.822886977111,335.5572902091985,331.66572893907005,323.51049491254935,318.17726859361755,319.07771055100966,318.90198774837245,326.87648953757844,327.84208555289206,327.8866365440522,326.87430674315783,15.302522229724087,7.593865746809431,19.330365487953003,0.5665738,0.601945,0.1948243,0.68468875,0.2228514,1.0,0.2773937,0.006271929,0.49216998,0.42669767,0.46322182,0.15891829,0.40733674,1.0,0.3802008,0.44499898,0.95374405,0.532524,0.1355976,0.3215543,0.0026732655,0.061391737,0.0031468365,0.024168717,0.007247622,0.007232797,0.89413905,/content/data/frame49.jpg,0
655.3228081597222,172.77260971069336,150.00678168402783,222.7485580444336,0.9935963153839111,656.9833325731382,651.9066705831411,649.0980036976591,649.5614838804211,652.1872847460274,658.1233544954827,667.7140361653201,680.4856927835401,699.2966001807047,722.5913357038191,747.1729961691437,770.164334457043,789.3270013384115,802.8213513498984,810.6120308988478,815.8122273273551,820.5206121057097,663.9118759702266,669.5483284032847,677.706118128878,685.970414734554,693.5607625691939,730.716958280439,744.7112294412502,759.4437358743887,773.5779078450736,784.51937477157,707.1991159367955,702.6711953963909,697.8964608944605,692.9453328363843,685.3199500534569,690.811379468422,697.7239070029519,707.3291228390354,716.8380124826015,670.7953750028103,677.1730977958033,686.5622568180049,694.6893929553739,685.9301619847366,676.7832443773766,733.056939130793,741.9769739818603,753.2510737643576,763.5318156610998,752.8365493057203,741.9820085628784,677.8445850390947,683.0061378718442,690.4173996054267,696.9911763120857,704.9517968687243,718.9860897621858,732.846681644413,718.7164767961127,705.0380220347687,696.0978807240658,688.407128048995,681.8624674714835,681.1620473195563,690.3169947649958,697.1218921980451,705.3638279351801,727.8455901493975,705.1054551491965,696.7551643946431,689.7196481000835,260.30285695615095,278.68019292756685,298.0950827586121,318.4935002966522,338.0776858805408,357.0252678133505,372.95109740553016,386.13628271873677,392.5853738841053,394.1873106487528,391.5554037604401,384.1330452367338,371.15438927079884,352.20993005279774,329.45470724176084,305.0410520195883,281.0568736430324,236.13957654631923,230.01287382051268,229.30580993350787,231.52245948113642,235.52539749265497,237.1835829544052,234.56204794027855,235.38098786497073,240.59135701493398,250.76158507866302,258.18368072076555,269.59161910403077,280.1928455402349,291.1052043036931,303.8297732503972,307.5205513065741,310.3157793658258,309.814328723534,308.6626523834213,260.9759772518295,254.65650264934982,255.30380478509215,262.7507467218078,265.6568311567686,265.28999979394695,265.81022655563703,259.09879548190037,260.8142413366225,269.0090973683507,271.80849966882636,270.64124161910695,330.03900541979385,322.67060931984815,319.24868744936975,321.71163316142577,320.9834351866977,327.473647407787,338.338830872528,342.67293597595346,344.00251146685184,343.2988013118227,341.54342135165155,337.2918929362542,329.93380498162094,327.69212591886753,329.08216417863855,329.53535613136114,337.3928076076743,333.75178586959737,333.2084812895379,331.77085349337085,8.84980129238143,6.860433312905215,19.507933712968672,0.6646396,0.56906503,0.4215796,0.5664796,0.12005761,1.0,0.3582938,0.03600704,0.5008541,0.23971403,0.3066388,0.43597636,0.43913215,0.0,0.34136206,0.5027689,0.5703943,0.12654449,0.117632896,0.15274207,0.020277383,0.4818259,0.035764318,0.009536063,0.02172804,0.005905166,0.42496318,/content/data/frame50.jpg,0
658.6483832465277,179.81891441345215,163.54888237847229,218.74275398254395,0.9971311092376709,666.6319604343937,660.9134723726414,657.7736578975524,658.337114349723,660.9292275935263,666.6782443293118,675.6361826014063,687.1973151850216,704.7034464662979,726.9109387887477,750.9345136750676,774.1319877268994,794.0205211874953,808.3501214449125,816.818701304668,822.4244933822758,827.2728144927355,672.0726160496042,677.6766245173005,685.441601558375,693.1934753248806,700.2663569603435,737.3304671548035,751.01454143557,765.4861890121663,779.047929556986,789.5751081686207,713.3052964069839,708.6412503626428,703.6931409713455,698.628643210473,692.7182919176278,697.372262130539,703.5126834562654,712.2068899698245,721.1736993543734,678.2500472809942,685.1081760248333,694.2961061013041,702.0808280170128,693.1879211010335,684.1952571956184,738.9501179428948,748.2239116263328,759.2973598876139,769.6351629346111,758.5911598825705,747.8653590970204,685.4365401741087,690.681393753005,697.7374953741689,703.7172509965526,710.964277106751,724.8876445611253,739.1613740203501,724.4624569913476,710.6155266091013,702.2613481148968,695.1741663087399,689.1649732999663,688.2332561610264,697.7697098724826,703.8976224602773,711.5066275083024,734.8822904485723,710.4308525776075,702.6740895295464,696.181506943357,269.1282066779215,286.9692341886316,305.87379386902114,325.71765885332496,345.0304305179311,363.91341477667197,379.85963837904137,393.64046567465573,400.67661902707283,401.9559679960426,399.3193075301298,392.3724129017921,380.018364015463,361.7715652498889,339.69667024322746,315.95528904259703,292.22234087479376,244.38587611152354,238.88885294711469,238.18443655198288,240.4171719557471,244.61502304804714,246.83935671038614,244.81652403094256,246.4377237434308,252.34226265836276,262.38343886051837,268.2716280179284,280.2195849125234,291.358666889407,302.7337329741417,316.65111594789187,320.1679879051252,322.4430292843339,322.3520025960439,321.3689049750923,268.7648196270069,262.74378282259283,263.86516497163836,271.8774692537729,274.12229878439314,273.35448600889856,275.82674144893474,269.07304775912365,270.9188023948984,279.2759066351857,281.65438174355984,280.35308967896844,341.5209746229614,335.7708665995326,333.0646453470717,335.46111301157055,334.6296535244975,339.95369781889383,348.1454426455448,353.5864698461535,355.6522186833797,355.08861359704974,353.3056920964026,348.94759773468604,341.6159909650007,339.43873521690443,340.9103854965946,341.0247399250427,347.57750370004396,347.24614339903127,346.79601658189466,345.33132863913966,12.451465546207718,9.158238637340807,25.9245348942011,0.6409026,0.5478494,0.12288635,0.63571566,0.1318789,1.0,0.19541806,0.6489847,0.49938124,0.5011958,0.56488824,0.60687786,0.4400111,1.0,0.32931164,0.560162,0.78890127,0.34232783,0.31466365,0.1523325,0.038860515,0.5695671,0.04501811,0.021782454,0.018099047,0.019162651,0.2875101,/content/data/frame51.jpg,0
661.7803819444445,189.7672061920166,164.74793836805554,221.45517539978027,0.9961763620376587,677.2207322366564,671.8933670448334,668.7016380674194,669.0895960871961,671.2496690118566,676.4441944885452,684.2403881224981,694.5994307481676,711.5893317353526,734.0248611377701,758.4490184202303,781.8530113584362,801.7681501077072,815.9157342066785,824.2338779143342,830.171329277748,835.5232658173445,681.9250900146995,686.664964379073,693.381016612627,700.1217708715494,706.6227673831241,742.2139191412002,756.2689043044206,770.9855774495195,784.9985557058612,796.0208861239654,719.6386914298782,714.7248099480412,709.4531332112928,704.00756023504,698.659464824749,703.2211583084753,709.3656901006507,718.3538772364061,727.5568745786595,687.0075851932642,693.0742489785714,702.2842870712423,709.6280827914107,700.9228958071427,691.9960479424608,745.1883471179585,754.3183234041373,765.7402579876752,776.0478849196314,765.225483301912,754.1457339405822,693.1001706614924,696.8429116177358,703.1919736456082,709.1015550419584,716.3985285838716,730.8166469837596,745.1650310670818,730.1772692312695,715.6602318519485,707.1868510813733,700.2334487361599,695.1024761298042,695.7152906911799,703.1956642976832,709.1931085569499,716.818051182714,740.6469759802069,715.842150903796,708.0155212700064,701.6968318831368,278.13337423616815,295.39338185214103,313.71218686134137,333.2299706837821,352.2577056053908,370.98074789475413,387.01121397998213,400.91141351197444,408.0914741656259,409.91742823961965,407.6460774029879,400.7550755893158,388.62445660885095,370.2707963211491,348.01361411631774,323.7397835871495,299.8320879194051,253.3182533492478,248.01504767277783,247.75764449018777,250.23351764266232,254.4273734963036,256.379554207143,254.3559364110766,255.74937932527752,261.3062262535745,271.4644134559134,277.6208329493001,289.7302742395325,301.05974452484145,312.73880509607113,325.0717446729006,328.97707231679635,331.66537179964325,331.4490013818604,330.4106609721298,277.14442995732014,270.8348642425328,272.2906284897327,281.12811663904694,283.57880465504456,282.54615862051116,285.35675649250163,278.04585192698374,279.88757443076537,288.6384827335495,291.7920974124431,290.4803477947074,349.9392316360428,343.6516118373489,340.7192382865946,343.36896807930225,342.7102896420342,349.024029120005,358.5274265335067,364.2082904593169,366.1197156002474,365.0985137550879,362.9217101383497,357.9161721834159,350.20497442514545,347.7895931193409,349.46196537995087,349.9708318544525,357.87704810348004,356.5287721179986,355.6234377403414,353.80473825282974,11.880463231456217,11.287707298014087,26.593142499681633,0.5999912,0.5057131,0.17415845,0.65633065,0.111605324,1.0,0.15309417,0.83857244,0.47324678,0.38719437,0.32194126,0.12062739,0.43970373,0.0,0.2517885,0.45112792,0.8209024,0.1829584,0.32189178,0.102510385,0.01609058,0.13558275,0.06583819,0.009998853,0.018765138,0.020162595,0.73356193,/content/data/frame52.jpg,0
667.1279839409722,194.24901008605957,162.41585286458337,225.20075798034668,0.994499921798706,685.2643995164996,679.7473607098134,676.3785983317334,676.5136083205089,678.9208106079234,684.7265582506298,692.9833289430572,703.1618587234817,719.8390856759014,741.9055012803966,766.037855220603,788.9821518640515,808.2640443367902,821.9721871228976,829.9429268700358,835.6224391463768,840.4626964407435,688.084415774425,692.579035900045,699.5621131689721,706.648093926227,713.2629108833604,746.7527976018274,760.7887544824332,775.7683517337757,790.1936376845274,801.408241375294,726.047684730219,721.2978958466206,716.1654706062519,710.9232880880456,704.8215227797301,709.7703373347347,716.2782077925721,725.8026073920477,735.4064658485196,693.5275085548075,699.4722729551272,708.7163598120773,716.0386231505767,707.453837018483,698.5128390694331,751.7434436288813,760.5875542832155,771.9666328146043,782.2690462498349,771.6138277578862,760.5821099098798,700.6638336578037,704.8475124139818,710.7674871972496,716.383213324451,723.6717956432911,737.8373946505004,752.4682056946729,737.5441072253658,723.5339708490708,715.1667099823951,708.3940625751749,703.44706012668,703.3003036608187,710.6339872972322,716.505687563083,724.1042206331398,747.8378467107702,723.8433014571708,716.1118080921462,709.9502432690124,286.27722809542774,303.64372398747,322.04073666322483,341.31771631387073,360.0006793968478,378.3503598505706,394.02247172563966,407.8604418759048,415.14897587190467,417.24828112881346,415.086800484107,407.9750475453816,395.2169317987316,376.51650806280827,353.8601994396795,329.3468601730783,305.34611348831254,262.272100139812,256.1533896221796,255.70855371619155,258.59980589446286,263.244846967997,265.3108094651283,262.92624642837427,264.0988404162498,269.90822032578217,280.5137065612995,285.0533071973923,297.7984241000131,309.7044309891803,321.79493448244966,333.3269225880258,337.54346087557883,340.3519360284895,339.84825095687484,338.55160418425226,284.47043709820946,277.9551732458127,279.2675168877122,288.07246188001784,290.5890348625479,289.64114208186857,292.3464399170233,284.9810242821742,286.8158666881618,295.3666818635546,298.6521276112244,297.37576837770314,357.2197321552703,352.7920713786334,350.6567011752793,353.3161325812232,352.5524706290246,358.04958029100794,366.2313780967763,370.6123912249516,372.10706499694834,371.1265784605155,368.9482653597861,364.3362690551812,357.8835107966572,357.85754532382566,359.5586059465611,359.9552237117791,365.5851567540162,362.6430045173406,361.8906662173756,360.11141923910395,6.1980140725269885,9.737849167827683,20.709932520897105,0.4974392,0.4402341,0.19369364,0.60797095,0.11382268,1.0,0.248462,0.3839001,0.4774278,0.18818016,0.38689965,0.42683023,0.40445504,0.0,0.31838018,0.5645903,0.6184307,0.17892164,0.042780254,0.050110605,0.017052459,0.74407834,0.056765456,0.0040681046,0.011308203,0.03739071,0.1293368,/content/data/frame53.jpg,0
679.6337348090277,205.18893814086914,155.4841579861111,218.50515747070312,0.990066409111023,691.3353123617786,685.6158542821847,682.3598671970656,682.9065085659242,685.5054530976946,691.1800489745592,699.0539360013303,708.9940748117886,725.4749211698472,747.4161719787459,771.4149576601412,794.2883826832127,813.6263754372776,827.6075820662627,836.0230936470252,841.9898994540163,847.1821621831266,695.3516829164619,700.1088111922065,706.509102624001,712.7570923085055,718.7594299802953,754.3326795945311,768.2990311377492,782.8845373419747,796.8290165100946,808.1095826124795,732.4071981507444,727.6140457059385,722.5029819227536,717.2703580584584,711.305083864729,716.0553823956234,722.4118743767478,731.8042973447584,741.3033393502253,700.0406153302978,706.3265515147941,715.5287027924627,722.6717172551926,713.9416466936494,705.06057938183,757.9921334659615,766.9770769772025,778.3391155278812,788.7133885544732,777.7473032893352,766.7700747562834,707.2299454654847,711.2684267330442,717.1699201745221,722.8080386498295,730.0902345605318,744.4831482114627,759.2035145262438,744.4160151016131,730.1754422697392,721.7500533463099,714.8929660735924,709.9624529251505,709.8104559376421,717.0255578102617,722.926621462304,730.5637921894453,754.8693381269525,730.393009496422,722.6279959480562,716.376349146172,290.9457661868622,307.82297217683697,325.9828964590597,344.98709129433337,363.5451646953952,382.0101535190472,398.0831844031411,412.4860847976859,420.3582956456579,422.9191686477825,421.20122994428164,414.55204354312156,402.32583128134434,384.03132039093396,361.7816057968878,337.6142645131811,313.9723447217417,267.0026655876212,262.60205155593064,263.29651314041837,266.4292717799814,270.89886310891814,273.4686288451841,271.8890276394912,273.6074820903148,279.34376447272626,289.28278583065185,292.9204845422846,305.4808854405219,317.2088467167189,329.04271592421503,339.75610062989364,344.15567535258526,347.116799534607,346.80788251696356,345.61188010412445,289.65438177672075,283.62002869915125,285.3937697001071,294.6626086694829,296.55683918513677,295.1430273006601,300.24292437287113,293.10404370307697,295.17552719634915,303.99018813318287,306.86666723944035,305.38540185662566,362.2862098517624,357.8988255203367,356.2518567741929,359.0592257391967,358.577173908164,364.24226753132393,372.6855356952765,377.1314182760718,378.35689642984363,377.0861731700272,374.62857466211426,369.6017730513784,363.0180865602124,363.1197981837489,365.0071364397256,365.6277367561073,371.9797745558077,369.3554490042734,368.2517341047999,366.1672709705708,4.313197136199852,9.176162606974149,20.35965675954248,0.6427699,0.47267422,0.3954092,0.6111548,0.13888997,1.0,0.29195,0.57891434,0.4757849,0.28107896,0.60981333,0.10425881,0.42067948,0.0,0.3587702,0.56733406,0.38573402,0.13935085,0.15191357,0.1592447,0.031422514,0.5867734,0.022552071,0.016919876,0.021654358,0.05617032,0.26450756,/content/data/frame54.jpg,0
692.5409613715277,208.23106956481934,147.5773654513889,213.94176292419434,0.9960069060325623,699.6707354648291,693.4975972313905,690.0597655625144,690.5749177390502,692.8700075261114,697.84307760887,705.0103111106416,714.3362105039788,730.5076123873049,752.6318337085931,776.9618596792018,800.3391027857134,820.253984624686,834.70083177332,843.2260991444225,848.6734451152402,853.2550018391776,702.5580934062564,707.8193250640747,714.4368537793412,720.6950996206174,726.2746192710674,761.3304685706821,774.8806234627668,789.0934524252798,802.6416868777935,813.5717271493795,739.1320999191873,734.1416349385622,728.8766924712144,723.556623441681,718.0087413116524,722.5586146082464,728.7968067757561,737.9493922361823,747.3868990080897,707.4134619665474,713.9421990434847,723.0475462811585,730.0289562137704,721.1632890159326,712.3638272507931,764.5256745055597,773.7232487495598,784.8821809343087,795.04797807051,783.955121248847,773.1795883744533,713.0375648894269,717.7705302933208,724.0940940334694,729.6390763762575,736.8493246639565,751.0350914959421,765.4678911264398,750.2238090678002,735.7820269828951,727.3619400212807,720.5943262756425,715.644557781383,715.4631412767367,723.8080939093211,729.6242101846786,737.1961591109273,761.2903229673808,736.0982568151898,728.356352812491,722.1898060479382,294.3537349901572,310.84572021221567,328.7848752438492,347.5759862365294,365.9906604686932,384.39847926716953,400.4406072581037,414.74183765010866,422.5073913687985,424.65156597531495,422.3114453233346,415.4038154655532,403.338573524093,385.4763278891405,363.68755609816367,339.94922444539577,316.58656443777727,268.52569729384277,264.98473572466173,266.3843612653375,270.12313576147756,275.0677703316252,277.91096198849795,276.331442522756,277.9599599765944,283.5578653493112,293.1744167682275,297.5395835640975,309.89260834851086,321.4047866470052,333.0245937241618,343.9142818112974,348.30907387417386,351.0953332965953,350.8409018324854,349.72103307456405,293.2093060289583,287.47167528793767,289.4813426129526,298.71384437345193,300.2865925681968,298.7122911892571,304.5366860128845,297.7018645334176,299.9071489042886,308.60051977265334,311.24654885062887,309.63802386132755,365.7397638375783,361.8272239904609,360.5367804126422,363.2976686094972,362.8316980487459,367.96340332610134,375.1810885351665,380.3299783036626,381.9375468987553,380.7629723921003,378.3428971842787,373.17562934466963,366.49176512709266,366.80723749517415,368.69164013231966,369.2178252724462,374.6029367593199,373.44947943679153,372.4461530515569,370.4160112393237,4.155911231120022,9.74907142468604,23.98143536051779,0.6625998,0.46995878,0.34299806,0.5907726,0.20196426,1.0,0.24828011,0.25217476,0.47700408,0.4911861,0.6756375,0.18904997,0.46211234,1.0,0.31150958,0.565587,0.4683483,0.22297862,0.31940266,0.14756604,0.009096012,0.93511194,0.004971282,0.0024248501,0.0057005645,0.005392993,0.03730225,/content/data/frame55.jpg,0
699.4369574652777,208.87433624267578,145.85145399305554,213.2584991455078,0.9971400499343872,706.1880432226998,700.1175225096764,696.6088698445748,697.0608291681966,699.3781731888773,704.4657014398189,711.9197393506536,721.5679879159883,737.8359228554509,759.8726083334954,784.0883387367954,807.4047112703665,827.1901420547441,841.5074141470116,849.999673400151,855.5799448505677,860.3204993679872,708.784467931022,713.6948046368116,720.5060436665602,727.0694753668604,732.9120525381229,767.408644905618,781.1944720166397,795.896344256926,809.9600127138732,821.0846795320485,745.5401895787793,740.5493261683245,735.2863185704786,729.971113712915,724.4078193373276,729.035879760528,735.2674500695227,744.5275978231608,754.116968123589,714.0283667862872,720.6319150245936,729.7164194568848,736.7049415524045,727.8691215221609,719.095001642577,771.237059173518,780.5687302909246,791.7247581745527,801.9218787723391,790.8327524612189,780.0240910871028,719.2445310806285,723.928190279887,730.5221517333505,736.3613045081178,743.8906371948967,758.6628887912138,773.7193271630422,758.0965134403734,743.119926808645,734.3314076850011,727.2609898888899,721.9886090543121,721.6234189042449,730.3209894127319,736.4310279663789,744.3160174054099,769.6763275504,743.3030138070059,735.1909693388903,728.6847456521995,295.6862415397969,312.2528311392951,330.1653687224945,348.99883253464,367.43750690318154,385.7260111893385,401.5172686113241,415.51565236003296,423.1274832581454,425.36203543884005,423.4388669109437,416.903608307867,404.9398346941547,386.96401060289895,365.05072542617415,341.24038560484837,317.70802441037665,269.7181200837025,265.50322949509354,266.5693379326873,270.27927875925855,275.41068733366376,277.8730419618316,275.83219317130477,277.16882130530195,282.947227269191,293.1320002101273,298.2311096327347,310.501263772072,321.92129813471615,333.4703613167501,344.6208979632367,348.83250906299725,351.4845783076871,351.2533819705917,350.176596127445,294.4535655755764,288.77020377454556,290.7160694159602,299.8603063056022,301.4398530426482,299.90924695662613,305.34319981737553,298.33230093050406,300.4040760635433,308.92006203716517,311.6383769565931,310.19071905828133,367.42858364282654,363.0811864513049,361.61671926596534,364.28999078739616,363.8235712059683,368.9837172547475,376.43756831098506,382.06756596440573,383.72980920745977,382.57376650823676,380.2007741378293,375.07441445090694,368.0447614638535,367.39638363836605,369.259834962348,369.7269256949821,375.7919971178144,375.5938854844968,374.59611244244223,372.58740264262997,5.485533754436321,9.194592284655965,23.27722759368976,0.59669745,0.50871694,0.20245875,0.68726873,0.19079581,0.0,0.27419886,0.14113587,0.4724784,0.6341312,0.604146,0.4961244,0.3952455,1.0,0.2819741,0.55978686,0.8122832,0.29341435,0.18599942,0.13423778,0.027227964,0.7936011,0.012630984,0.009598215,0.009512075,0.06601965,0.08141001,/content/data/frame56.jpg,0
734.3184136284722,616.1566772460938,16.784939236111086,20.17906951904297,0.5729265809059143,733.2235275071215,733.8531056487734,734.5732603896873,735.6113271840487,737.0686790219943,738.8166948449104,740.8727735088377,742.9406426499621,745.0287608423583,746.8894566205676,748.3901596429271,749.4478804800862,750.2419342631541,750.7493563351736,750.9718195034736,750.9300469497899,750.6884958807757,735.0593909729083,736.0322890040907,737.3840241316672,738.920989113765,740.3160671266681,744.0207666927836,745.0610507867648,746.3854075862773,747.7615319271821,748.8876646664924,742.278630953611,742.4586432080507,742.6472489869404,742.8307569612689,741.7224001452248,742.5526134123451,743.4596430312088,744.4183218392636,745.2473313779003,736.6571381093199,737.6771630487927,738.6817581808868,739.9939607866819,739.0509333355528,738.0139068137388,744.93935730104,745.8569751119369,746.8341717094936,748.072294497364,747.018399900265,746.0333054582691,740.6515169556603,741.7019670707137,742.7822686418367,743.5592089853004,744.1881787677727,745.3928439657411,746.7036609847925,745.714444422234,744.7973794027151,744.037333114288,743.190505796119,741.9299747509679,741.0051403424476,742.9889592143709,743.7934842805905,744.4595127351789,746.3705933546759,744.5586384768155,743.866441195925,743.0562684204051,627.2848584800875,628.8715674696041,630.3585546265203,631.8145479399633,632.8681841828675,633.5628250037134,633.8288056990026,633.632580636342,633.3339924663509,632.724185637208,631.8508762923999,630.5924734218879,629.1001936122746,627.4747430400761,625.6931657082521,623.967350304605,622.2669820674979,625.2058043343064,624.2624232698938,623.579117558935,623.1374545677802,622.8587033813366,621.3855562153426,620.857959423007,620.417150155351,620.2341827041845,620.5796636038733,622.9589332624096,623.7027140614531,624.3459373458916,624.9743788734178,627.1545166237707,627.0537368379588,626.8439647782394,626.5933063630243,626.1850677654226,626.2611552408059,625.3358835064697,624.7658574500665,624.6716108500831,625.5883698858627,626.079203164925,623.1665511677384,622.5413527791841,622.3285511917824,622.444654700988,623.1220630083689,623.3067032668645,629.6092365321203,628.6760683966644,627.91725903307,627.8181838076167,627.5623583085032,627.7388950495275,628.233460031221,628.5943678516494,628.9413389787475,629.1191415109948,629.3223190438059,629.4859207552497,629.4138630279792,628.6065119421303,628.473921393994,628.2354662453603,628.1248632268632,628.0898324186794,628.3115898037319,628.5117118291091,,,,0.2707375,0.4515889,0.5511144,0.29173896,0.27401692,1.0,0.4936366,0.7240778,0.46168023,0.18151928,0.112942435,0.17764765,0.5565735,0.0,0.23159117,0.4617821,0.0036666635,0.1329374,0.015073322,0.89043146,0.006581596,0.0010129896,0.21593502,0.032937087,0.10702259,0.23845585,0.39805487,/content/data/frame56.jpg,0
704.1432291666666,206.4107894897461,145.59635416666663,211.91287994384766,0.996249258518219,710.9356369605161,705.0670684342649,701.6718350670549,702.1710295516114,704.3085798949237,708.797525801162,715.5227105168788,724.4574346513273,740.1429818889169,761.644820503348,785.4661109021081,808.698476249624,828.4720465523278,842.988815265835,852.0423263008124,858.5189937240611,864.1840087629253,714.9602499199314,719.1560936583787,725.4353310991291,731.8323095942765,737.6491769443501,773.2532654314482,787.171112926696,801.9943903428311,815.8320714584825,826.2480320168415,750.5685596845333,745.1977381311631,739.5056371931992,733.7217139962836,728.6017439426905,732.9806562258091,739.0715201052767,748.4023698301135,757.9979019908933,719.9041616293757,726.7119985039012,735.5981817363536,742.2639957375914,733.6394104528522,725.0107933554882,776.5397686939059,786.3385133052907,797.3642476301775,807.2342613504416,796.2138320421664,785.3813367366547,723.014955163062,727.4178840142408,733.9831224791178,739.84389263095,747.3134166488453,762.3084780814593,777.4833189484452,761.541622773062,746.3510866355009,737.5388250202336,730.4197882926765,725.3066768677027,725.0838661700154,733.8214862015575,739.9647788023381,747.7939981036902,773.6976969873826,746.5573759957406,738.4744783786168,731.8970156397477,294.41343636348483,310.9680135294111,328.68422260418447,347.26937824274773,365.33932582518264,383.22200632122804,398.7175505995756,412.2508601764339,419.74219539119804,422.1775466313002,421.0660092364569,415.3314530084099,403.97072962028597,386.47557300912285,364.87237826302953,341.32639549062606,317.99747884077897,266.5196817554729,261.6514271615051,261.76923642325846,264.6974464423638,269.358085421939,271.40240388760003,269.702767508385,271.60720784318846,278.27651557679474,289.4895473024517,293.18912947266926,305.65617618216675,317.2534729967874,328.9469876555522,340.7694596895499,344.89652009833026,347.44724787113955,347.3768124077278,346.240053448194,291.65645712341166,285.7398630396351,287.5570055367971,296.4401345954002,298.31207033556484,296.86950748275285,301.60546254102246,294.70598529382914,296.83015183808993,305.63113650376,308.32134074188343,306.72512945080916,363.8165435426081,359.1501296735214,357.5478327705341,360.11338427547525,359.8761590897948,365.1784625643286,373.17459284547203,378.6381536678082,380.41224216586943,379.25871935384293,376.85677456120357,371.6356681552079,364.35962567173283,362.7740016780963,364.671894106682,365.19219497875747,372.49283758212005,372.8321009730271,371.7828141588234,369.70881033592286,5.3594758276842285,11.486951131463254,24.667749770338407,0.59150255,0.59688663,0.110318094,0.63899636,0.17454426,1.0,0.24684832,0.16798618,0.4785975,0.4781015,0.5607927,0.20549181,0.39631397,1.0,0.38203686,0.55434656,0.68508446,0.41060278,0.02409289,0.23092003,0.016559893,0.21621087,0.035588607,0.012870009,0.012774492,0.5602538,0.14574236,/content/data/frame57.jpg,0
706.0770941840277,203.01445198059082,147.07362196180554,211.7350559234619,0.9946993589401245,713.4999300506639,707.7234803534917,704.5577671424081,705.0401336994973,707.0223859827577,711.3466247495804,718.0367631202332,727.2845679632331,743.200407820945,764.587172810738,788.1633815963824,810.9635952420949,830.4215452157993,844.8296620834144,854.0226136511709,860.6976302671769,866.6013995350204,717.8483507521208,722.8580131479442,729.3830540641338,735.7608074241722,741.5147297202057,777.1559633434939,790.9038494102053,805.3539467524131,818.9064009885398,829.4146347489007,754.1059946484506,748.7793887561353,743.1213385360069,737.3621232472352,732.7001400525162,736.7730941784014,742.402854526041,751.0985525213675,760.0133152948266,722.947168650804,729.6375190440557,738.6607692380575,745.1619879008075,736.42886034453,727.6705626768626,779.5067411926772,789.3748181489138,800.5493783598982,810.1773851562348,799.2707457879701,788.3600931347967,725.1726941496557,729.8040325065905,736.4163131500134,742.0498823321984,749.2993666078316,763.4655732622772,777.8931659200532,762.3271482061423,747.8683427929061,739.5266998211238,732.740522785381,727.6045176372887,727.4048756436675,736.1338536147941,742.0346167050739,749.5568529097886,773.8258379652759,748.4556529642413,740.7571275407329,734.5294104583965,289.72455267524975,306.28606949689424,324.17775552648385,342.9797227234993,361.2336569356356,379.32881651009893,394.8412530843602,408.2301318853946,415.3316319591944,417.4793451642305,415.8388505937751,409.80641389730994,398.360858515921,381.0214232064826,359.8343683604319,336.82016333449053,313.96885224243044,260.7373151417284,256.1150483231346,256.6414852918633,259.89521438433724,264.8110416356526,266.98344790123105,265.2218505655952,266.94591232898074,273.0156952918043,283.40483292943907,288.57953220184027,300.74944007584475,312.1832887808772,323.6893311808532,336.39938934239717,340.2107984480026,342.701458206845,342.77637790663215,341.9238501807139,287.0552638767895,280.9705484652111,282.9219893215022,291.9848347358585,293.98472275601034,292.4808918950515,296.96581350293786,289.9167890223789,292.076852543804,300.9374662599376,303.8999065903929,302.251597472719,359.8556766316267,354.7121749702143,352.69850548113044,355.24732000997136,354.95279033108307,360.59683191520924,368.94731168602647,373.5987997620973,374.8983771379078,373.75222840138247,371.5823891236985,367.00922825346936,360.2848255163787,358.70760454723944,360.43130284331244,361.0023554246494,368.1466386300235,366.82326928971634,365.8204023966691,364.011213559804,8.832722337300396,13.198986012520058,23.72318827313695,0.59286225,0.60545665,0.07482563,0.5908717,0.118902355,0.0,0.22869456,0.80307746,0.48833597,0.322132,0.5049474,0.32440487,0.47516927,0.0,0.37961903,0.54515564,0.42234874,0.17513923,0.14081697,0.14690824,0.023233881,0.17789386,0.042409066,0.010746962,0.0088490285,0.65273076,0.08413646,/content/data/frame58.jpg,0
709.2917751736111,197.7908992767334,144.3117947048611,211.9569797515869,0.9959670305252075,715.6168062723613,709.216294503678,705.6261808831714,705.8804047014822,707.5860495894716,711.7195364904327,718.1522564111824,726.9605682172987,742.6827703307955,764.1553517859683,788.2983824583868,811.8282529941496,831.9026110287851,846.8108087605917,856.3636299288302,863.3564601504539,869.707552985883,720.5973774268923,725.5678328415005,731.5694873144658,737.3205412914758,742.6498648028783,778.0523242134057,792.0470202220245,806.559866487798,819.9918105054993,830.5143327942943,754.5115458097155,748.6758592090715,742.476566903951,736.1260274210991,732.5990642159527,736.2897743029391,741.5055468334157,749.8825392559759,758.670612002074,724.5733672980676,730.946829221929,739.9309328036563,746.1414210232513,737.6476257258521,729.0174024875512,779.9928331596735,789.7041102494925,800.9775547261683,810.5530557699027,799.581620517663,788.6429619304117,726.4623538132705,729.5583084219248,735.3132358669757,740.6577045626165,747.5678123640236,761.821409157257,776.5785037346058,761.1364647890011,746.92558226663,739.0357144560355,732.7358863258135,728.2441491120999,728.6404026186357,735.4244369944913,740.8816152719337,748.0292401919212,772.29602475717,747.4808298869791,740.1877263003739,734.3612344487195,284.266145445769,300.7321216446756,318.65664427521483,337.53313800332097,356.011627205092,374.4752744295164,390.23928877337283,404.097632642813,411.55526386900414,414.0037050001778,412.9445275258928,407.54585301819577,396.54091340442795,379.3054208550097,358.03791338100996,334.76905849793116,311.6029907511245,253.81635836565397,249.91667050876444,250.6057915519529,253.47230950568945,257.822327818242,259.97504368780915,258.7934464310172,261.23173771149254,267.83913891261267,278.13466536196785,282.3083233859874,294.20137114576664,305.3400098384112,316.6225960028704,330.3464676158602,334.1251077014275,336.64763743657784,337.0819813088782,336.63274997819735,280.8137408152813,274.5317260899442,276.43628985920594,285.69168022707225,287.86164856877474,286.3255645547729,291.31139255878804,284.3081775011251,286.74886411604456,296.10516173745475,298.8478120957766,296.94352879288965,354.9599692617202,349.21897417334105,346.76289222849755,349.2585881537361,348.96373461194315,355.1805371150569,364.4206610159282,368.4488403733302,369.4206184610947,368.1844288034597,366.0506861051381,361.7919785480084,355.04041005007707,352.8102323998636,354.4382108425547,355.0986106129309,363.45993481936466,361.5903308047111,360.460278719501,358.65786535203887,9.48828297892433,14.53749278439008,24.494955341995887,0.62540907,0.53952295,0.23594698,0.5802106,0.11988701,0.0,0.17612447,0.31851318,0.4744587,0.29353902,0.3789364,0.12543279,0.41373977,0.0,0.304688,0.54515564,0.60971975,0.23684798,0.23880883,0.06483141,0.004832362,0.058456108,0.049385082,0.0086594075,0.009271593,0.8429637,0.026431775,/content/data/frame59.jpg,0
707.2432183159722,191.25569915771484,141.0373263888889,216.66292190551758,0.9958284497261047,718.2357651851887,712.2893375604175,708.8149004128765,708.9075217477987,710.2000711310797,713.7139208707554,718.9535756880423,726.8431297256457,742.8222025635025,764.8629421446842,789.1601988779457,812.6591075122369,832.7784745098243,847.3547566089305,856.1526947665216,862.9059976813855,869.2680648541746,721.2038630703244,725.626914393562,731.6389289417823,737.3586014692321,742.6603215303996,773.6943459437634,788.4328190147685,803.8079373664486,818.187950723046,829.3275074776034,752.2616675378042,746.2439733611488,739.7883976536343,733.1014836288539,730.1788925074275,733.8583774138715,739.0435604877775,747.4246154679322,756.4841187238601,724.8624968442737,730.1294572694801,738.7515129088631,744.7582197552035,736.9332492141975,728.8174011132317,778.8728498366177,787.8855755797731,799.0293784958344,808.6587739642687,797.9673422177752,787.2603515437272,724.8763821023304,726.5870118016469,731.9584370980142,737.5570707771919,744.7332386882533,759.2719019660062,773.9567168829697,759.3993178050041,745.1924672536807,737.0755886062184,730.5865859995652,726.1135647939573,727.205401687243,732.260906368941,737.882700224643,745.2440953086091,769.3081230979496,745.5033746083261,738.0013292987769,732.0451114822899,281.3480694251007,297.58010655970793,315.4025946255183,334.5091591227765,353.3573896336452,372.3028169509107,389.0613471181273,403.93389971224224,411.4140400973906,413.73569863590046,411.853269862012,405.3188147309388,393.4096644492015,375.3406510651257,353.07219945059023,328.9003517026231,305.2457453142074,251.35676435434107,246.20655012508337,246.4516419764177,249.3500346263536,253.6406413536297,254.1091293405848,252.22551505080196,253.99480066724414,260.42069198658055,271.25140247948525,275.92432645998406,287.45927988495146,298.29879263965995,309.45273055434745,325.00643564022994,328.3027587102324,330.6537064649556,330.9190295711928,330.76692710710086,276.57764644787903,270.09388955534655,271.5167333341924,280.06365980944724,282.58539933765564,281.5337072669099,285.21381979941566,278.3479936046972,280.49131336004143,289.29637236146846,292.108059633249,290.4486008291369,354.06442201487107,346.1880713699734,342.28972318279875,344.7197053304785,343.87589695861834,350.6674308239576,361.00350224400245,365.829605725909,367.5222434781231,366.62549755992177,364.7907063789644,360.7695759377907,353.79767319017265,350.23996323664096,351.5551730201378,351.9121295313853,359.93892446781683,357.8108537012313,357.07152569747177,355.59218782460175,11.36669406592206,15.12193992305651,24.546488949467637,0.6176394,0.47777265,0.18292871,0.5865657,0.11214527,1.0,0.18010528,0.001297906,0.47004378,0.11999541,0.31907195,0.13816428,0.434158,0.0,0.354037,0.43056753,0.28388974,0.42454442,0.28323966,0.08866027,0.016051473,0.2326013,0.04689046,0.007274733,0.014451776,0.59608907,0.08664117,/content/data/frame60.jpg,0
705.6037326388888,187.0367431640625,141.12158203125,219.29346084594727,0.9952633380889893,716.4857415256301,711.0447326040369,708.1057936502393,708.2298901658124,709.0871117374119,711.835284698031,716.5342790384991,724.3081393279247,740.5861341975851,763.0814009652943,787.499942172482,810.6448461802138,830.2515701902307,844.210987124507,852.3766609771792,858.9054230894999,865.2642372451442,719.0692720114691,722.8660599404902,728.5651670279451,734.23680167921,739.8833480280564,770.2205170082241,784.9345828641058,799.9887563820635,813.8870955735342,824.4082465372326,748.8592979761552,742.8414933752965,736.3412624427815,729.5203968881733,727.5564745363988,731.0444779292768,735.9219999709808,743.9713453492006,752.7503297720605,722.2986361028597,726.616749388231,735.1148059958575,741.0302026401735,733.8118925747924,725.9383064793171,775.355000046721,783.1447414903814,794.1514871740378,803.5745563148471,793.6911925052214,783.2445770920654,723.5808216766939,723.1494581574934,728.0009429487975,733.7186525537068,740.7428360952479,755.5214774691394,769.8845972653389,757.0044635728648,743.4216456639508,735.4449614679463,729.0336336289654,724.368871998737,726.2301746452456,729.148981785255,734.6821406141371,741.8970391723121,764.8190658851299,743.1194802360419,735.7044556068715,729.7732797614096,277.73279291243944,294.10076530434026,311.9908659435646,331.13994606507686,350.3497431723108,369.781641162474,387.05241599926467,402.14340242486605,409.18563166314516,411.21907817901456,408.91272677175493,401.83131617715117,389.51232444352127,371.14567938161645,348.77387780458366,324.6142425454236,300.879798722312,250.04553372153987,244.0335875020212,242.96326044695297,244.41581747490977,247.37472354904412,247.10005408496113,245.2642632383172,247.21790401320186,253.75008547527386,264.77360636332946,269.80110139882777,280.7838802640438,291.2494746368286,302.15573378754107,318.2483230437365,321.0251330585229,323.21794009491214,323.16534798612247,322.9007718778421,273.1758035397397,265.9750686183786,266.7270667596722,274.8787808817083,278.1978166360725,277.70692819803617,278.437814207379,270.9591081103631,272.71274829497725,281.719840990467,284.6984161682167,283.3763198813449,352.22905230283095,341.8669324727498,336.3141594380695,338.2841127071806,337.05918555659036,344.4988122503705,357.01910643679093,362.839122045154,365.0998455238514,364.6245715935097,363.25110663491523,359.53126191784395,351.3823867972069,344.94897435065786,345.65955601021597,345.72083765919933,356.0107590172379,355.13413498856335,354.7723583738202,353.66147751699964,12.919355829480443,14.676334414678415,26.746347383116333,0.6497821,0.48635182,0.34419313,0.6416075,0.12012578,0.0,0.32320487,0.017286563,0.46965575,0.14050986,0.41717693,0.1852442,0.35983709,1.0,0.35382944,0.4254229,0.6803258,0.47228628,0.25252843,0.094383694,0.11434267,0.15697673,0.21166082,0.049717214,0.0061384677,0.41461974,0.04654432,/content/data/frame61.jpg,0
698.4964735243055,189.0102653503418,155.0871853298611,221.6140480041504,0.996164083480835,711.2162010519112,706.0215789026003,703.5452927435161,704.8564775625126,706.9336654325375,710.3328802547592,715.7376083625053,724.0931522069428,740.3693181841961,762.5178466305132,786.3629311565945,808.9882598465729,828.0024131804785,841.8730046305284,850.6860262619442,857.4879589932842,863.5624543316022,715.9745898133982,719.8746826575432,725.8811451951366,731.9166468965062,737.7947474536086,769.2340726159265,783.1681159069132,797.7929964658349,811.2544241961499,821.425058436246,747.5284468959479,742.0004331134965,735.958995185689,729.5448034503703,727.7003251673532,731.285124339734,736.2272270248924,744.3676638977007,752.766164147069,720.2447576338982,724.5837666597913,732.9093519782806,739.0824726861484,732.2103831104453,724.5474914816789,773.7882203155925,781.4754591908437,792.2628110865292,801.6875414348044,792.1981228619818,781.8814685472646,724.5305466857856,723.7814805051147,728.6971436022934,734.2014204045294,740.899821859557,755.3814166537655,769.1325544257493,756.6061893541345,743.2664423774919,735.5744719572696,729.3346974919351,724.7857251672543,727.1953020901201,729.9496319019324,735.2379854023347,742.0658901150324,764.3215638820618,742.9305026845386,735.8131098451792,730.0507221131675,279.2870597229632,295.45890979584374,313.207497695768,331.9292463057766,350.7123544152272,369.6543219675625,386.1283251735771,399.93210435544114,406.32637921887954,407.63016158728465,405.0947826320446,398.0945688419294,386.29059259692684,368.5072591473315,346.8911682071509,323.37586523257795,300.16724879771107,250.02186758659548,243.24913252975097,241.56144512473165,242.47286590964785,245.18523793406084,243.613302981812,241.18177232432285,242.66414872016588,248.80568616721274,260.0711618710656,267.09979663315175,277.3550914484271,287.05230964871896,297.30448972836007,314.70778580289215,317.13483853256105,319.0332263112129,318.7969502330209,318.0042698279341,274.6524599077153,266.8312477725098,266.84518879027246,274.3308812859308,278.23015779987134,278.38075883428047,275.04631149196564,267.10875248879233,268.6142635241175,277.9366197243314,280.7141079522338,279.5934926455184,349.56441978604005,337.746240980588,331.085620555506,332.64430401162116,331.62397051147235,339.59016447608764,353.171236097332,360.21378810057286,363.05084465678897,362.6488931747823,361.45773267244135,357.4440510468444,348.3590250211058,339.2659625018987,339.60945523062674,339.8364901338834,352.26802616767566,353.39093195428495,352.9256078867012,351.9669667585048,15.816130737835659,13.146760876687393,27.183136583341586,0.6174163,0.5504501,0.25757393,0.6064472,0.118581474,0.0,0.28928268,0.0015630138,0.4823108,0.10144168,0.37168357,0.17596194,0.35624272,1.0,0.34619102,0.42655325,0.99356186,0.61841035,0.31913376,0.19414884,0.1139739,0.09540376,0.49319935,0.013631937,0.007129608,0.23642768,0.040233724,/content/data/frame62.jpg,0
700.1136067708333,189.03572273254395,139.47759331597229,212.6945400238037,0.99824059009552,707.4710776628424,702.4134600791343,699.963759402104,701.1848958428246,703.1380790010944,706.1906063327292,711.3485238781742,720.0540904721811,736.6357066173238,758.745724907969,782.4696019868625,804.7516195748531,823.3799376011211,836.7790723196574,845.0979751828154,851.58639233445,857.5413773825894,711.7382530484725,715.190652884167,721.432663471225,728.1354712205812,734.7844245994612,765.1138520857747,779.3277167149497,794.4362256638342,808.4998229075918,818.9074690509742,744.2874922694841,739.0375354750616,733.3421695679842,727.2121273895996,724.4700651791746,728.4248852160435,733.7168529833671,742.07266282471,750.6419352647353,716.4427746042852,720.8793478473309,729.3352522735743,736.18584767321,729.0994035997069,721.2614780746765,770.5077095836812,778.4258842059605,789.2432038924362,798.7983688200002,789.3366883858191,778.9650668608795,718.7645293154127,719.4375644219231,725.3546232142442,731.2895573978956,738.4203628680959,752.9957667951138,766.8382264317414,753.8326469779031,740.2676438409203,732.1699166176398,725.4828239995554,720.0247444042013,721.7448819020952,726.4090354996994,732.2567529867578,739.5074072509159,761.8157282870853,739.7305986264115,732.2168033887718,725.978945977742,280.44364306667296,296.02796450657297,313.0564121891275,331.21256126159165,349.4042329202314,367.62245143663404,383.6984069905143,397.09913908444605,403.08993576764215,404.3656606108659,401.84761888983235,394.9496498998965,383.02218473976245,365.35032946100887,343.6855072996325,320.41066765750656,297.5977433404555,250.25474658241387,242.2856232915683,239.4549295663429,239.39335454812203,241.666457768633,239.56905062852547,236.7059225762224,237.93173324161228,243.83189028093932,255.20727207819857,263.3957834697886,273.00076369004296,282.09599099540264,291.6862601489196,310.0151615671298,312.07854461131365,313.70243643835533,313.18656025111136,312.3808745278309,273.2930605677667,265.137645273061,264.7191405259956,271.7990581800258,275.7907928016292,276.3442757696124,271.7906985821228,263.6878445444778,264.79326635089524,273.6177765594691,276.45568129362266,275.69406791815834,345.72540131895335,333.9216034406272,327.25650135715387,328.697607799656,327.41756243631494,334.66742561932483,347.5957757760666,354.57852736675477,357.7243528313097,357.75998190917835,356.8954823451463,353.4214342695684,344.6163664015223,335.7889657041376,335.9749002001711,335.9304475248798,346.8000698457331,348.00061155367644,347.94544885668597,347.325819334231,17.73639455996882,10.873126282347469,28.29700321364225,0.7647903,0.5458429,0.35507527,0.63116133,0.11443665,1.0,0.3876449,0.07488233,0.48192337,0.11288176,0.30862492,0.21146533,0.38307512,0.0,0.17343555,0.46011508,0.86628443,0.8184036,0.38251913,0.18051524,0.03913176,0.030441236,0.14300519,0.008116898,0.006439791,0.70700365,0.06586157,/content/data/frame63.jpg,0
696.6374782986111,187.22158813476562,137.91064453125,206.43468475341797,0.9985520243644714,702.7481984797855,698.0368418061764,696.0572611635565,697.4821294066346,699.8511833132633,703.6087383831007,709.446219477122,718.6827416440104,735.2131962514659,756.9427331884274,780.4076132690691,802.5128178591267,821.1355681704902,834.199884221239,841.5931063201824,846.909536342446,852.0694683218613,704.8627861848437,709.1369811753584,715.5386503382297,722.4858921432577,729.4182726141858,760.0803055880928,774.0064461284128,788.4943790580421,801.7884440989521,812.1185699824719,738.5656932205904,733.364912874769,727.8320891297992,722.0151577245349,720.479877816214,724.0949397864658,728.973384956856,736.8234546541337,745.1939146733421,710.3487446795067,714.7425833761446,723.0306896040531,729.9159021348096,722.6981737134086,715.0119847386115,764.9162043757613,772.8201823997149,783.5145992270172,793.0032915821106,783.2821038800328,773.1642005052269,714.9460647921735,715.9327230116494,721.3499487589345,727.0928318874857,733.9194480899995,747.863373505554,761.39673334139,748.947424034741,736.3476778652218,728.6881551292571,722.2968733966287,716.8674366972316,717.6523631957514,722.4853015288871,728.1187511972469,735.0885840019502,756.2911895628267,735.6599074306648,728.5322550834592,722.5693385711431,278.86027249221814,294.58521030765894,311.7198338855138,329.87273569971023,347.4998578358443,365.1915931841215,380.7570725021815,393.93973290743816,399.7033023043193,400.6319843406418,397.80409320351794,390.9288842036634,378.92956398597016,361.36587383323786,339.7022568427143,316.71817377313454,294.223739547496,247.5820441627905,240.82715807558532,238.3919959641881,238.27094216625517,240.37369912720231,237.92335822648084,235.76780034080258,237.51585645880968,243.28015674097452,253.36808643647282,262.3907176090506,272.28874263636396,281.6904891734263,291.5295782692339,309.48017989614254,311.5549934146809,313.19783158256666,312.8805387773242,312.4408263784168,270.890544323458,263.53706318897594,263.335006630116,269.7205815513886,273.42858407553314,273.823498374431,270.45456017776496,263.1971129399415,264.3591319487265,272.46701220144826,275.1845765741451,274.3516848060534,342.10542242058455,332.04175221035837,326.2302396919442,327.81792924297565,326.43373587333247,333.01312090031547,344.4508849744477,349.80211694849856,352.45127341172133,352.47619733816043,351.63535442410466,348.5720591642212,341.1095432342478,334.9601992958536,335.3061073673514,335.1281404921321,343.5811610176699,342.5710184942833,342.69450119381526,342.13823104887103,18.183399409313456,6.65998485099445,19.24163249146071,0.66760236,0.58409,0.46010795,0.54338133,0.14310718,0.0,0.3363997,0.052169695,0.48136592,0.18344088,0.27696002,0.2560947,0.4307528,0.0,0.33745962,0.55355084,0.8390908,0.52902776,0.13679986,0.36173323,0.012594015,0.006519334,0.079167955,0.0037671,0.005733546,0.62142575,0.27079234,/content/data/frame64.jpg,0
689.9753689236111,186.09766960144043,140.11100260416663,204.19582557678223,0.9986467957496643,695.8209482394694,691.4095463456822,689.5486035269942,690.8903598579404,693.44890292429,697.8687028216344,704.7893149878315,715.0176743742459,731.623265886259,752.9480607276545,776.1446172071031,798.2168197598662,816.6422294322783,829.245368961987,836.2365681737352,841.0621048333754,845.7775911333572,697.3066719105275,701.62173409829,708.4005441487707,715.9914192353978,723.4837674837693,753.1920482901324,767.1253220441254,781.8574065938678,795.5518484293057,806.0944538062187,732.9968214402398,728.4359971553346,723.5734216487012,718.4046622349841,715.959864649858,719.842035313388,724.884758950241,732.6466319945163,740.8628589390717,703.471295796505,708.2815846027299,716.8333884668194,724.0431037311262,716.5462716791163,708.5155310739983,758.8271013744046,766.928282972838,777.851369029175,787.6493855028709,777.7531927162854,767.3514547207797,710.6174053121307,712.2303112701037,717.6199673878225,723.0801229197511,729.4868429917534,742.7370596494623,755.8315481107735,743.792162908554,731.8482593554742,724.5597635151889,718.3007752796756,712.9363935013581,713.4199505461819,718.590893440824,724.0185596529038,730.5855720536719,750.8845909249197,731.0348360335352,724.3118617527921,718.5628733193901,276.2943910364654,292.01186811316296,308.9321364697704,326.84772160275406,344.17898095083933,361.52183684644524,376.5415420641042,389.25306695798326,394.7507944275656,395.2690607862219,392.49928237126744,385.9455388161198,374.13073083424354,356.66665158294234,335.1787748150777,312.44857772969,290.1612110231796,247.2315223626146,240.04783360672337,237.1365378779123,236.872256357273,239.09187790788917,236.2963504837671,233.86477792859068,235.2931907023296,241.09781043233932,251.44304081782275,261.92873694106515,271.7065470879413,280.90447874049846,290.52844476481846,308.17960232492703,310.2251515183318,311.7510760672876,311.3865442920106,310.8286977774586,269.8937394348597,262.5491668386478,262.4084089964173,269.08639918854084,272.71204370515125,273.0623499926635,269.5662245987405,261.7720082868523,262.7544067429741,270.7899816770963,273.8385519023146,273.2549344707596,339.23007396763796,329.72163526181794,324.0385236893633,325.51246824760585,324.0966962948734,330.4013769723498,340.98388382007727,346.5702942072237,349.4299531680756,349.61063438895593,348.7886524060004,345.58525950824617,338.3766177278724,332.8083032127388,333.1165610615707,332.863569378757,340.24353043169776,339.3308792207715,339.5620360943366,339.07734714468546,18.98935873406139,6.512494108451098,17.788615388001876,0.67159975,0.54427576,0.24109982,0.5643979,0.12982996,0.0,0.2656282,0.00523305,0.48401153,0.13534093,0.18024509,0.23616646,0.36285618,0.0,0.16117969,0.489553,0.88936883,0.42161962,0.057956006,0.25510746,0.01252641,0.007725103,0.06485865,0.0071775205,0.0050944416,0.6312476,0.27137026,/content/data/frame65.jpg,0
683.49951171875,181.71699142456055,140.70052083333326,208.99247360229492,0.9982185959815979,690.4309110711632,686.5080979798946,685.029015362901,686.4667472268184,688.8161389382685,693.00216554887,699.8033386023733,709.9054789305039,726.105003615903,747.0594127187962,770.2745887605049,792.7083047049904,811.3671247888907,823.7983458169062,830.4700291646623,835.3905034482935,840.3142364627593,691.4742617625869,695.8375603409178,702.6069831912456,710.1502275541342,717.6146569705811,747.3986720107771,761.4591239212266,776.3321807256581,790.2156446862033,801.0014757123721,728.0398601005134,723.6301096594859,718.7906103525971,713.5768353455645,710.9854043910516,714.8665528148058,719.7734540360627,727.4726167107315,735.5767065881859,697.7664150804363,702.6342414282938,711.3114045350962,718.9656475484928,711.2105557847559,703.0127250767398,753.4447537798638,761.4759557144354,772.5256094034303,782.809760312476,772.7387722552576,762.0947558136108,704.5570346294942,706.4612022406964,711.6755976024521,716.9784420942401,723.2265502267524,736.2029060991183,749.2201530641332,737.126345212236,725.4266046183941,718.4205650232153,712.3155420812845,707.0882762275637,707.3137191132463,712.412526694374,717.7029042984747,724.0728112329987,744.3484775273315,724.8287470967368,718.3809819073922,712.8673588186762,277.5965670974824,293.23593389041844,309.94262472145545,327.5871723073062,344.4328225963087,361.11012505660995,375.12495473537797,386.53269510849094,391.3978158128574,392.081386924443,390.4264449546918,384.78609012279276,373.73528541419114,356.41930160696336,334.9475241391916,312.0822057388288,289.78538638600065,246.28897580575818,238.84015989553387,235.87678517670355,235.410779193233,237.4554534121315,233.50481031108808,230.97649858110822,232.34068851372984,238.37212841652178,249.2829571823105,260.1728583188876,270.0769560072964,279.40330912055094,289.15860389111157,307.6018096009054,309.36434948141766,310.73691793987723,310.4910930381732,310.0465453487979,270.2473965989187,262.3578373433437,261.9848397234124,268.7108302689727,272.58022932375513,273.24121354409874,268.28653753501294,259.8913443352244,260.7630473592695,268.9861257570987,272.32201227589644,271.9061802834609,337.8884838723055,328.6427021315159,322.7514848185953,324.25571796140935,322.8421014530818,329.3468720095683,339.5436052217357,344.38872509189844,346.88434487538836,347.07223014078926,346.33545800608636,343.6256738342283,337.2991468853987,332.4270901667793,332.7079688474129,332.4926833360512,338.8152788802503,336.1868732894124,336.3686745940354,336.006297745929,19.628158497260866,5.98353382305071,16.74272845526116,0.6306413,0.57105255,0.23230618,0.56083405,0.11113302,0.0,0.30157033,0.0014575676,0.47746074,0.2426853,0.44398475,0.15076795,0.47675094,0.0,0.22459522,0.5731187,0.3244309,0.17856005,0.08431118,0.14230745,0.006852244,0.0013921723,0.012233073,0.001274392,0.0020203704,0.037493456,0.93873423,/content/data/frame66.jpg,0
677.8523763020833,182.5465793609619,137.25450303819446,202.77203178405762,0.9982709884643555,680.7838184705356,676.3583676952455,674.6868633466751,676.43736401245,679.5717487549708,684.9211993690378,692.7003768436563,702.9958373859362,718.9292643981877,739.5393734623061,762.6336079616773,785.2474178027849,804.3432138406702,817.1214364999273,823.894213148722,828.5496259851521,833.1245305263967,683.2343468123282,687.7824164637932,694.4360260422596,701.6591690820198,708.7420643800318,740.574472862999,754.7694225163948,769.6933341006984,783.4757712003533,794.4567197742762,719.8268789521481,715.1972168774009,710.1817502340658,704.8901173679284,702.5598438504073,706.2066767272808,710.8560851619442,718.3371056548744,726.344635314797,690.2568028754075,695.6812069878566,704.1269492013522,711.2505119934555,703.6002587420361,695.6361522195276,745.7776930886299,754.3018623614331,765.1518308572041,775.3449990186618,764.8392393806892,754.368157338427,696.1855477294856,698.318227117371,703.6675036908072,708.8716013712857,715.0177592318454,728.0842439377536,741.1318887453651,728.9829752524292,717.106326571486,710.0576085023705,703.8754024761319,698.6557716693438,698.9111255333655,704.3989239456266,709.6242038212265,715.9578614548287,736.3717469592799,716.2738394719537,709.8847136389392,704.3589453623662,273.955073140574,290.1682052017899,307.3710628208796,325.30834289567224,342.22121981688053,358.88772772163816,372.9489634086382,384.8450031165429,390.1427419081483,390.79611944338694,388.7555800661869,382.9817241219329,372.0246626246036,354.9846925326673,333.6624237102176,310.98517605914043,288.669773383128,243.7163402115387,237.45711395442578,235.2843907180433,235.1782766950339,237.36717120670585,234.50915573439016,232.2162574423587,233.79995466678452,240.0200870471774,250.33205969431566,261.30330550306485,271.5728484947238,281.16134149082814,291.1121580737323,308.58577940437294,310.4783407351349,311.8813547778958,311.88371882979914,311.65459433919534,268.77542816873944,262.0860387372334,262.0477207916596,268.271312229592,271.5917826650291,271.84922501662186,269.1648730871907,261.9096920679556,263.0920298424052,270.7508618465902,273.6025828494211,272.90195328288814,336.8318631364825,328.5089791050292,323.3948531790424,325.05634656548864,323.69121536672424,329.71634247186626,339.0813237877139,345.0670742001108,348.1357005909164,348.29458518355875,347.2696599080816,343.58207251680153,336.45043859043943,332.8730769320741,333.404321454566,333.1889316704188,338.5656123915316,337.0203636431528,337.1847885292127,336.5798958130707,17.523416969570057,5.9278931252890095,17.64034889908099,0.442815,0.4824605,0.41807008,0.5049405,0.17039469,1.0,0.33445853,0.9837389,0.48449492,0.26825917,0.3796964,0.35913673,0.39920628,0.0,0.39259177,0.46439102,0.97404826,0.13893808,0.17514002,0.31593972,0.0012324536,0.0018056242,0.0048110136,0.006959606,0.0015874757,0.24623407,0.73736984,/content/data/frame67.jpg,0
667.5822482638888,184.54779052734375,140.14219835069446,202.56790924072266,0.9987745881080627,673.3641751108728,669.3154722375593,667.79129542431,669.3279325934573,672.1074286860827,677.1828033080453,684.4242840259859,694.4931498962399,710.5830408461973,731.4134234867709,754.4730941965572,776.6243759838128,795.1443188651917,807.4464572207887,813.960905149657,818.6580246595984,823.3377141600686,674.5789402784369,679.692550806463,687.5975744535401,696.0481516015507,704.0680858098215,732.5736492419062,747.380500242811,762.8012338590846,777.1031289372258,787.7314068321532,713.7348009378627,709.3492048141555,704.5908629392762,699.5848932241045,695.8347390292267,699.8825725753845,704.8556672352861,712.4707268095897,720.4764257856864,682.058692703157,687.5170964921041,696.6120986162193,704.1660155139076,695.9647469053572,687.3072191835465,739.1171978973105,747.9483447408942,759.19522135101,769.1134183364005,758.960952171343,748.075846057059,687.8603430751272,690.8431784116602,696.7748511485466,702.255270647711,708.8518120376464,721.5903888473542,733.9898556224214,721.753445644186,709.8097308748714,702.4839544004028,696.0280701442547,690.5118126330979,690.9514458645059,697.0998708388726,702.669410860279,709.3625055196374,728.9238443783646,709.5185642328659,702.7903994671692,697.0332731343553,273.43083715613403,289.789190820548,307.1054053670434,325.068964380008,342.0709461373008,358.7473793635812,373.08287393628905,385.2213469660453,390.6606980014973,391.61824737468123,389.003007025923,382.4803439554336,371.02968257124303,353.8168165347708,332.43484581392494,309.83622276114784,287.83623287655064,243.8003861177919,236.21421718262837,233.92723476785096,234.42413492563864,237.47009065806623,235.42118072926186,232.91218664771242,234.41344220162392,240.8200718300103,252.02536562451323,260.3905458682651,271.049025637459,281.17465132658526,291.63974202560746,308.3600472956774,310.5069086617468,312.24930107985506,312.09938561185993,312.01446683753693,267.22134919347457,260.25934266729575,260.5402729820433,267.55634441291176,270.9558265219783,271.0312189195537,269.3392402320813,261.74299434630495,263.01154550942965,271.08467529523443,274.4234204136915,273.5815422629623,337.3716677982562,328.61961523705247,323.5492066464667,325.5594097836649,324.3438006443204,331.00617907751183,341.032650760141,346.89659566720786,349.5594027001671,349.47223816402527,348.2574983518365,344.39600508149647,337.1765762957381,333.5488161199857,334.3107379055722,334.38707931862587,340.3395941740695,337.6699919005101,337.64523056535944,336.8180947543118,17.495135303501023,6.611282425614212,23.925351005137895,0.6843718,0.56396717,0.2282215,0.660894,0.13176751,0.0,0.26247105,0.508984,0.48345894,0.20728528,0.2640097,0.09971724,0.4030314,0.0,0.25881895,0.4881599,0.7075411,0.28963664,0.09610302,0.38326225,0.00090338674,0.0015435078,0.010151279,0.0042550834,0.004171527,0.47253516,0.50644004,/content/data/frame68.jpg,0
658.0863715277777,188.37939262390137,141.7511935763889,198.02319145202637,0.9990043044090271,665.5581500070858,661.5243147912455,660.1021141814315,661.6530630276847,664.3591413345445,669.3215112394166,676.477827577313,686.2888751875088,702.1514369215431,722.8142470531513,745.4989781276107,767.2900774659144,785.7350540467039,798.4134268612008,805.6603095809288,810.989976675504,815.9605509165651,668.3859584259452,673.5091892668239,681.3159426866713,689.6167409068745,697.4393789413716,727.0827751488373,741.9583308069222,757.3395667632984,771.599276690416,782.2489087297356,707.3791110512559,702.8859392367534,697.996048640233,692.8726832439917,688.5209078700141,692.5151838092455,697.486437908981,705.1245155589985,713.0598543324777,675.3671934505649,681.2329928465496,690.4311761893393,697.7710437464957,689.4460963796337,680.6215449513815,732.9574127075875,742.1387058114384,753.394644314702,763.1110995049794,752.9867574375871,741.9937967677631,680.062226636435,683.3277436498814,689.2742550178517,694.6718088337968,701.3174627840542,713.9286216539944,726.3509639408793,714.1584917863694,702.1536252166509,694.7165378690745,688.2392551686157,682.7670160445581,683.3115970063676,689.3573960682255,694.9253182188249,701.6557845386972,721.3100314088928,701.9414172460844,695.1372075056379,689.3314622925467,273.472536920852,289.74996824713486,306.96170952025034,324.7731144715133,341.8300604227318,358.5690449702294,373.35158038158005,386.2466156573322,392.2207887751116,393.73511731714996,390.9791827075107,384.1667438443611,372.5087822450481,355.23765248399104,333.88040212592585,311.5352462955401,289.70198155570955,245.333285539033,237.81746914060437,235.63986764320754,236.2134913177584,239.23148311888247,238.32418339062957,235.8659418979846,237.41946854171107,243.83457958278046,254.9974270206979,262.7873964295244,273.50983708374116,283.692930271568,294.0764897041079,310.329587755341,312.53181996595754,314.3298337035558,314.1320514842339,314.0925346987922,268.83221111267676,262.07656169441196,262.54761877334414,269.8103436165548,273.02451005451064,272.85247040061535,272.40532168506155,265.1387797186693,266.5516535172958,274.6732523219403,277.96855564355303,276.8947755224392,339.1701841782774,330.5654112302042,325.67871455308057,327.7936557426658,326.6378676689686,333.40314133659103,343.54096726768967,349.9936050912063,352.7955293074151,352.65387791988735,351.2514569483777,346.9074008030975,339.14514271710857,335.6505841490463,336.5140896476986,336.6714627670689,342.8551598300237,340.5674212273957,340.46935161363285,339.4622401337642,13.324052351408127,6.840521968525052,16.290610818903406,0.6380946,0.5428429,0.2823931,0.5870906,0.11200369,1.0,0.14475796,0.0033567648,0.46710938,0.26773408,0.3235654,0.24061263,0.42473757,0.0,0.31278217,0.48299906,0.2516669,0.299133,0.039890554,0.250481,0.0012731776,0.002823876,0.012058748,0.0036417292,0.006233162,0.41362584,0.5603435,/content/data/frame69.jpg,0
651.1274956597222,188.34312057495117,140.2341037326389,200.42526626586914,0.9984661340713501,657.7787708961793,653.2830225749758,651.0817371019517,651.704902684936,653.9325153627714,658.6958614789179,665.9506263195865,675.8160098346855,691.5845361246544,711.9434144964318,734.4672162639102,756.4075905435512,775.0234545666215,787.9174916255784,795.6139951381004,801.5302835959608,807.1169981694684,662.7857207103162,668.3801908067223,676.6250642631852,684.9270361442404,692.3933468491074,721.4319168710512,735.6932626518727,750.6221281521808,764.7035056622689,775.0822589195407,702.235621486365,698.0109329911211,693.3707004251626,688.5442421286828,682.7537766365887,686.72051156615,691.6458133568713,699.0887141377214,706.7659937016172,669.7369270736192,676.1042543798216,685.2263835590342,692.106958755386,683.7319688412751,674.8945935051177,727.1145648257718,736.2557172561604,747.0608952530562,756.0389093274669,746.278633934163,735.7016489381862,673.0557102850921,677.5102905418157,683.6943954114845,688.8058584228321,695.2633705618515,706.966089059503,718.652794767732,705.9468542262431,694.0436246402733,686.8291892354531,680.6075539425901,675.6205806925177,676.1755163101877,683.2034536093756,688.5767407800889,695.0979815273245,714.0024628193669,694.3643535012833,687.7137632473704,682.1584148182283,270.8980629765684,287.2649257078208,304.47473923336463,322.4173349885523,339.6311696308669,356.6240507160034,371.7582297079034,385.34570512849166,392.01859430267916,393.78438781198827,391.2754689865821,384.70710017737133,373.2308759200779,356.168051773534,335.19988461390284,313.19401128782397,291.4539760701156,243.69608248950462,236.80107141226796,235.696489988295,237.63101987889047,241.73473798600435,242.20852732388403,239.41104140386818,240.44854687286565,246.30662590239126,257.0489210874682,264.89668596757394,275.96841884944797,286.5167686199357,297.1972203192755,312.14163987197685,314.65633591684343,316.6117741810939,316.46132277107733,316.35221503580954,268.53714418517944,262.2510778430245,263.18495891780526,270.7705627535396,273.60902679223403,272.9816465627948,274.2344645570656,267.31242383394175,268.88460164590134,276.9314655644077,280.10585412820154,278.8275403899846,338.742768031863,331.5236520757927,327.5830149825281,329.7819565960441,328.87205169880053,335.240912906944,344.4848224318537,350.20515850062236,352.37411018086016,352.03259479821844,350.40533987170113,346.1804005046444,338.9750609949796,336.37584265249916,337.49894558402247,337.7732703274314,343.6982461177805,341.7319701912172,341.4609712912694,340.21221742036585,12.05143760208758,9.074183125056503,17.36386899878968,0.7152951,0.606848,0.24138242,0.609293,0.11500623,1.0,0.19036682,0.010278071,0.486211,0.18967144,0.49273428,0.28729427,0.43890128,0.0,0.4525193,0.4372231,0.1395491,0.5084066,0.16955253,0.26388985,0.00039967065,0.0014056439,0.0055744937,0.0022369656,0.006530262,0.14383914,0.8400138,/content/data/frame70.jpg,0
647.1619466145833,190.9973487854004,139.5788302951389,198.69670486450195,0.9992116689682007,650.9259798791771,645.2641915302713,642.3745862377247,642.7087931796817,644.7956146663689,649.7277429663511,657.2156888678495,667.2503389926735,683.0522830279508,703.2891202113994,725.166557329748,746.757837925886,765.5403078571787,779.0116644157968,787.3996958678438,793.7595760920967,799.9460427636299,659.2161268988066,665.5419412087939,673.7213988778777,681.7294966131867,688.6114863598988,720.0676275615733,734.2019832718004,748.7558599345547,761.8580624994097,771.3705533601393,698.1777763522314,693.2245043042522,687.9398463756349,682.5376631745856,675.2627287205182,679.4630403163873,684.6521161397088,692.2886296470706,700.1893707214023,663.624458013702,670.7787405782582,679.8528868304552,686.4522730289101,677.7503221161803,668.8969647713984,722.7709149000012,732.6732664866946,743.2959338008139,751.9193568832246,741.661295756208,731.1721776270508,664.1762846103076,669.5584077204157,676.7027988054856,681.9914360649307,688.5771859493522,700.1990774462431,711.6001302940836,698.6042256039678,686.5131567905763,679.2028347159326,672.7475002934464,667.2621064424072,667.2459617287628,675.9352214185309,681.5052328972452,688.1617438109236,707.0361576021835,687.2483452669715,680.5255145414781,674.7731289097333,269.6536299605363,286.7157641154659,304.67859848543793,323.434634290517,341.24729866337265,358.72466177829364,374.2576812150346,387.8261334458525,394.72815485971404,396.62356698060717,394.47670378708074,388.5447437457808,377.9700131562414,361.6921198361082,341.5488324568538,320.4497382365389,299.48781723461866,242.58089220849973,237.02615851778523,236.65672739205374,239.10466959839533,243.6624814334601,246.77496478210645,245.36800130843733,247.77919865815238,254.83538361185396,265.8797960401954,268.919450528744,279.5522438186307,289.62611166995276,299.886190886175,314.49266577533604,317.27144670432676,319.59298830930055,320.09553515717187,320.56125898298967,269.61154143108377,264.4562828138511,266.03022895738434,273.7693168227821,275.7879460803808,274.5201739143119,279.8544029355276,274.47855437742123,277.03654639899685,285.4498963434361,287.5376806860646,285.3275319204794,340.10514544440184,332.8183937989653,329.0157026241744,331.52478440630694,331.0904688702376,338.4717864704191,348.27043385335924,353.9281185173488,355.9001043328867,355.2295728764964,353.23693717634114,348.2959015706576,340.3163342161947,337.91554708016326,339.41962043792796,340.01703169035636,347.4705172974802,345.022859329055,344.46423234030243,342.84283978259487,10.097928426784602,12.992527807334449,15.460418022325946,0.66222876,0.61772263,0.2599433,0.55858326,0.12055473,0.0,0.20986728,0.016343264,0.47830316,0.2966924,0.31908306,0.20518681,0.42890745,0.0,0.38134682,0.42197898,0.07111684,0.43246043,0.06121543,0.3018373,0.00018615581,0.0011602041,0.008470239,0.0051802844,0.009539985,0.80439264,0.17107043,/content/data/frame71.jpg,0
639.7972005208333,191.99652099609375,143.79942491319446,201.33970642089844,0.9989156723022461,645.7884262874461,639.5868927456577,635.7932896463217,634.6220505567379,635.7064267884408,640.5960816799765,649.1389305251876,660.031263605911,676.3575350305031,696.9956201084851,718.766086945048,740.4085942468653,759.1343211618871,772.7656874517033,781.414473197198,788.2819349147445,794.9616660043081,654.0473138366136,661.453147421437,671.0940569897011,680.4344981867204,688.2460782001581,724.3624498685698,738.6752829462639,753.1168748107633,765.5264943211375,773.5492136873039,698.8395594149291,693.859967065246,688.704006427675,683.4659604434103,672.5124341768202,677.4815570445653,683.42559461415,691.2893420255525,699.3763111766793,659.1831779651826,667.3301126222101,676.7750614264148,683.5970881845193,674.5316905026768,665.1291596613995,722.3345529799033,732.8308062616561,743.3217023944668,751.5242174717689,741.1026330536315,730.6080934835027,659.4749625708034,667.0552203168825,675.2416495464201,680.7118458519797,687.7240513975297,698.3979906529988,709.0047567330901,696.1315638274964,684.3015676713474,676.7018398570701,670.0184797311264,663.9237723475442,663.0539124885348,673.6832520389669,679.5801265365477,686.6095340025583,704.6172877518305,685.6315230990452,678.5752074803507,672.4774110955641,268.7617962560709,286.6596204449943,305.15627163898785,324.29784004017347,342.48430943023016,360.2481400913791,376.0310209217954,389.6791355025249,397.1550368512675,399.6535419933745,398.1847759241358,392.7307230700928,382.3229491515132,366.1486652267471,346.4523870941048,325.85478305288706,304.9946067088149,249.45064240880328,243.45717361947698,243.0524640583999,245.90086879149328,250.92713458128782,256.7412684894949,255.95069299473525,259.0000412164416,266.74122224438577,278.7329913377429,275.03189266375574,285.4913947516905,295.31827083303034,305.4309695316522,318.7374074570027,321.7212674130791,324.2835687105991,325.0116369338982,325.733267937904,273.3717597296851,268.9415415639236,270.7245433011509,278.4515034028038,280.03390727393054,278.5771803888736,286.80970702100205,282.7915644961131,286.0488766637154,294.60719571659064,295.883406843611,293.0133575006788,342.18043523714437,336.55577447042015,333.898167765107,336.74138816051453,336.4926263572179,343.49429041613985,352.3296835164521,357.0375949699853,358.4038119596087,357.46767898384746,355.3100728464666,350.3989065537687,342.5194909218044,341.83655523824893,343.7544289604695,344.4634447427728,351.3080809735631,348.2103383996524,347.5121953255515,345.5828584566698,14.441044527986712,17.66514699171755,15.407121716424724,0.6949202,0.5709692,0.2656382,0.68883085,0.14212221,0.0,0.30931926,0.2730159,0.50742054,0.34905136,0.47334817,0.49388266,0.49738294,0.0,0.34654802,0.43708214,0.16620338,0.26556444,0.028500669,0.08377162,0.00019087309,0.001237349,0.0008207928,0.0015442928,0.027188392,0.15385252,0.8151658,/content/data/frame72.jpg,0
633.5208333333333,203.8593521118164,145.67469618055554,194.086669921875,0.9993650317192078,639.3464401795515,633.0027509790889,629.0019088756205,627.5456702476047,628.8971714457948,634.5449791792838,643.6082044291863,654.4881047202391,670.3012667131231,690.0344523420529,710.5769887466856,730.8629620035238,748.7467939856754,762.4879394197312,771.7954421054571,779.1495304698998,786.0848079366435,648.1520021204458,656.3734339857444,667.0348637771938,677.3530432701082,686.0457744816522,721.275039677322,735.6358569881879,749.8452893396782,761.8116283284093,769.0801192917046,696.485124411789,691.9482539185789,687.3881724531471,682.7548209450208,669.2137590890925,674.6302796183707,681.0427965701936,689.0695936053293,697.3073231269606,653.9742287879868,662.9472755238036,672.2817790115456,679.063339315963,669.7928603520762,660.4180638937163,718.5124897538219,729.2518123473856,739.2055573649646,747.05004692839,736.5697099196143,726.5235513601219,655.6287254900351,664.5840516480763,673.3987029335054,679.0108300441759,686.1781408812531,696.2117916142073,705.4915577434149,693.1260580550588,681.3766417050443,673.6115095116577,666.8510570321581,660.7335984589736,659.3603959735076,671.4590735975187,677.4939957859285,684.6149193839635,701.5474555001216,683.2697449803848,676.078626238188,669.764332512414,271.3247028396116,289.36720097427894,307.9343753620051,327.2957828527375,345.655995051848,363.1984785914421,378.7577844578133,392.3422003007319,400.4275592295977,403.53205452855326,402.2560341071046,396.9965416354127,386.99284860464394,371.7828734230716,353.4771625857684,333.99840919300914,313.8431781230029,254.0847740452824,248.15872964104346,248.0590210238297,251.2610662640538,256.7385572418949,264.95794842961186,265.160329505289,269.0005168367614,277.1586668737873,289.3802640872338,282.1962946576532,293.34948609980637,303.7480294193898,314.31575462800686,324.37122811714073,328.1087082847487,331.3664487525763,332.3490419492358,333.1061749785207,277.3396555402578,274.0487020036264,276.37854498684754,284.2139903227595,284.95046669734,282.93116070162506,294.60541209404767,291.5656978966901,295.37779467655344,303.7902311870654,304.1667570241261,300.89821623549216,344.45606275165915,340.00541435681515,338.62661041961985,341.73098077913164,342.2020580108103,349.4252514846564,358.2352730695857,362.88601892471775,363.7254592831305,362.1488484421163,359.3090026493999,353.60550315884757,345.1280148446094,345.0448190572148,347.5335156021174,348.77964773218264,357.1101656140585,354.76660705634276,353.4758437805285,350.88551593919397,13.202297336104381,18.836243178454982,13.207179056966655,0.59188896,0.57560784,0.20978479,0.29776296,0.11355779,1.0,0.24302447,0.03853863,0.46456662,0.16195284,0.47258496,0.09503359,0.5634601,0.0,0.26767674,0.42310694,0.21027735,0.2681585,0.08992421,0.091850944,0.0006806747,0.030941743,0.002872747,0.014775638,0.061999395,0.04469123,0.84403855,/content/data/frame73.jpg,0
622.2920464409722,209.27392959594727,149.90874565972229,193.7244987487793,0.9994144439697266,634.9738926328948,628.4487877332178,623.8332619585863,621.6707264895539,622.4954646980881,627.6272814963767,636.3607756799848,646.9370029460229,662.5406851548341,681.9488934074861,702.4023483253618,722.4717078291724,740.1062044741893,753.8232188771167,763.595578920098,771.5086372626347,778.640424471454,644.0501767316746,652.3063713957808,663.3494401721662,673.8095762620537,682.5585686679069,716.4121454158503,730.4674187382639,744.5770778651581,756.7233470971469,763.7434390270059,692.7631815423986,688.2189808451083,683.6372504786623,678.9707891072737,664.4760923409119,670.1555707262573,676.8287435766811,685.1980745703631,693.6743204347135,650.2314386407302,659.2952105404154,668.5405963864264,675.5590324937032,666.3652681291171,657.0756461860858,714.3817050985544,724.9321770489037,734.4196109014297,742.1746525014701,732.1445799546577,722.471943385523,650.7699758832646,659.6813220397166,668.7055274006261,674.5748018514173,682.1405600674809,692.4135327805473,701.7655425158523,689.07207588138,676.8976923061323,668.6260479166767,661.5421340720563,655.5000305411918,654.3739256945548,666.6009907548053,672.9455902086299,680.460689953055,698.282204484206,678.9583184769469,671.2478524521969,664.5407040622606,274.79601156721105,292.3846162926254,310.51539552775284,329.62144040758676,348.24388809960374,366.1879196455875,382.3402541637538,396.7022218546708,405.5202876962785,408.84215877770475,406.9289562417366,400.9509656070077,390.34632955227244,374.83711929631454,356.51065508697593,337.0734456906862,316.84922867072873,262.5584573212302,256.58059139280454,256.9860462253682,260.75918092142524,266.48298546945443,273.34704210141354,273.0006010628074,276.20781855463474,284.01263182593493,296.1874934420118,289.77075831987463,301.1785791770626,311.82526896851095,322.6044522790535,331.0651929930309,334.95115225290556,338.21510418459184,339.0272054877282,339.44357212182786,284.13436596230827,281.3638075913734,283.7541849405402,291.37388556089513,291.75867378775615,289.63153758853196,300.95738483570517,297.6975551401547,301.0752530766772,308.8248630243975,309.24214417138774,306.34395582718616,350.2114902963085,345.7878528817664,344.70903250845186,347.85386220800547,348.4162460669759,355.2179356910451,363.84773658348604,368.9960977513415,370.23240832942747,368.554498875214,365.63635752248956,359.5241274804207,350.70740569563714,350.1268701414133,352.7423077273388,354.00412767257103,362.519960860081,362.0374721727376,360.60383465411405,357.8199604212414,13.696678521647627,18.68727669802751,13.21456897982613,0.58016706,0.5371862,0.2964608,0.25368235,0.12368226,1.0,0.3333628,0.0025518988,0.47514355,0.31022117,0.4983789,0.25609466,0.43906328,1.0,0.23378235,0.42487836,0.85429215,0.33487675,0.03411544,0.09765034,0.0023325714,0.43621314,0.003323063,0.19319066,0.045691535,0.0070380187,0.312211,/content/data/frame74.jpg,0
621.6606987847222,212.3810691833496,146.76665581597229,196.35764694213867,0.9986206293106079,630.8776762862414,623.9594465348948,619.0676655136542,616.7801453488408,617.691815014926,623.1545403563377,632.2407532273143,642.8407766375344,658.4628446723525,677.9441492696258,698.3283456621378,718.3647136556473,736.169718790869,750.1317720696294,759.9213311534726,767.6055916489727,774.4888047179396,639.5174466459807,647.921541706945,659.063637264549,669.6314564222087,678.2133490127367,712.5901246076639,726.3120153400725,740.3267358439101,752.4688485820919,759.5372115252434,688.8341443765272,684.1720697018864,679.4891598730051,674.7510337253528,660.5327579077405,666.0267640696997,672.6262412414344,681.0075981057587,689.5178422032918,646.1154631800067,655.7123374653311,665.0910500597927,671.8627350129364,662.4412425871187,652.9905233625318,710.3345629150274,721.1956261596198,730.906647877428,738.7035179224397,728.3317542657038,718.4923790092342,646.337332643515,655.7625468865713,665.1324956547801,670.8196290199487,678.1238849530723,688.308427158104,697.4708811041021,684.6097905206507,672.4592580487532,664.2993282432466,657.236337357053,651.1179577306561,649.6035011401182,663.0187913773145,669.2263611938054,676.5433906845843,694.1187667184697,674.527436776862,667.0014869376471,660.4294529013259,277.4758765543295,295.47930370445505,314.12008152327735,333.6490183589103,352.523182207791,370.55747937410854,386.55184148955186,400.63765572494685,409.5066619374086,412.6640691030792,410.68216631194343,404.7179050307156,394.2781655421469,378.9655279881019,360.9296578273288,341.810752894663,321.8524868847946,266.40335088990406,260.50381411714767,260.9543506273475,265.24169448441614,271.6984224093019,279.87362571008094,279.5267453211296,282.6904444646228,290.5283528114145,302.82952759162595,295.2602923156943,307.0038897174592,317.9074870130239,328.883027738044,336.53998554406405,340.83001894076006,344.3434705925454,345.3302718107772,345.72568329206297,287.4873331908677,284.45185416239894,287.1404668465097,295.673659809583,295.67608250193655,293.2611989422934,306.3296298574284,302.7841073767194,306.28321247639377,314.5581604791722,314.94447106396467,311.9735901426272,353.45703530907866,350.2491940086742,349.9032054514008,353.13245071207666,353.88760040752925,360.4801887062239,368.467643883048,373.68338451688635,375.02733974410785,373.28332427520047,370.0412984345726,363.2848659098113,354.26142534883,355.06616650341516,357.89362403742257,359.2684773700227,367.3316750388044,366.91936791171395,365.4382812749849,362.50140231415725,9.762703747297866,16.576715219828905,8.937818928781496,0.4896975,0.5015331,0.19330059,0.30436566,0.14580901,1.0,0.35619015,0.053775482,0.48435286,0.41561052,0.6050699,0.06296967,0.46921998,1.0,0.23302223,0.43079662,0.82826096,0.26539996,0.018076854,0.0718623,0.0026503503,0.4717908,0.002272621,0.31350905,0.014320345,0.002173312,0.19328365,/content/data/frame75.jpg,0
613.3873697916666,220.0092544555664,148.13736979166663,188.71717071533203,0.999198853969574,623.5468488559122,617.0665981430377,612.487994054011,610.3305144922651,611.3462603094614,616.8317716293467,625.9597125436013,636.7106182284149,652.2748634037448,671.3933213153521,691.3019784769015,710.856236171289,728.1706589974607,741.8138810207827,751.732530738402,759.7444113017406,766.8310643326911,632.6508677555155,640.9329466138365,652.3382235034899,663.2599173225279,672.3782307141701,706.2020224532204,719.7605708707263,733.490599200282,745.4313998643895,752.0804173704282,683.3034272911723,678.8804090968434,674.4735886272044,670.0199837294196,655.1013056206554,660.7692066950742,667.4378504441955,675.8831146297148,684.3458926050549,640.8692895558054,650.2377160638146,659.2557790377305,665.9722735652064,657.0383780182101,647.948883078412,704.5153533812667,714.9600512043966,724.1329306810876,731.6991443476888,721.799256994502,712.4184392271051,640.8870395624447,650.18016014875,659.5287984364297,665.2630899349213,672.6095207246372,682.6276177228002,691.519513919486,678.9758406914744,666.9393924630733,658.7456721929354,651.7119249802531,645.5962040615236,644.219356968575,657.4238298734128,663.647083436927,670.9647767634224,688.2230204811282,669.0698319481651,661.5144572590021,654.9210586901171,280.3580659952224,298.2367770552766,316.5905268861723,335.84550462070706,354.43179978573335,372.2772785139656,388.14512304239884,401.82541085905285,410.29957448503956,413.3860779208975,411.46093784719756,405.7372963526897,395.56242562668484,380.61008999582555,362.9735619160923,344.1316261611486,324.29191056531033,270.45846885126946,264.2100345749145,264.5122166271075,268.5644554051819,274.6817691001726,282.27573486840913,282.05152461344187,285.119326426335,292.861008694691,305.26694052137134,297.3964525964713,309.15342933250497,320.082621348264,331.06164161460015,337.89608257402597,342.0616514325136,345.5012922628181,346.4062996355515,346.6392499127993,291.0693851157991,288.63909200143854,291.0073343321331,298.38574213000754,298.5367251712728,296.3401719732386,308.2120580678428,305.2902854920806,308.69605957967934,316.24947029472366,316.4319241652509,313.5058726905498,355.90414596383255,352.2494128477508,351.7006744295706,354.837552789214,355.6516234359178,362.1455612261552,370.2561129290627,375.54595236016866,377.0018308514998,375.28932640866583,372.23369313644594,365.6555676721331,356.59650420759607,356.67939606369634,359.3597145567486,360.7491148863319,369.0293242572616,368.9209074866709,367.4344827861954,364.6120697533015,8.737166844847398,16.029379067030504,9.888539689617657,0.5554788,0.60554427,0.2329793,0.39421558,0.12917317,0.0,0.3178666,0.014248321,0.47743747,0.442618,0.48032087,0.18546325,0.4230787,1.0,0.26254684,0.43079662,0.95281845,0.38617957,0.011867522,0.13339993,0.0021126266,0.07612832,0.00072150433,0.12543431,0.032882355,0.0019543744,0.7607665,/content/data/frame76.jpg,0
607.7720811631945,216.79376220703125,148.34977213541663,189.81319427490234,0.9991718530654907,618.2883314884298,612.0616643191331,607.7476507407171,605.9251315175497,607.2408876022248,613.1704534858077,622.8338515042983,634.594112427531,650.9827303668735,670.6505137181321,690.6375212579796,709.8009512990739,726.441406481058,739.3230861078782,748.4199504570952,755.6364020031597,761.9138893971804,626.8076312640551,635.1809361725009,646.8255660654859,658.3124777855946,668.1383389628804,702.2803862062738,715.4586987296398,729.0124828712433,740.7040738695032,747.6793796648035,679.3795568055216,675.6337535938355,671.9100461320295,668.066892644144,652.3462994820493,658.3432692822016,665.4558334684616,673.9933868451399,682.4598401037711,634.6132281361829,643.7383180239563,652.5932695502934,660.4477893316025,651.3422903298979,642.4582715221518,700.6664257454531,710.6150795554822,719.374472903306,727.5782752389396,717.5958566793242,708.5893846512754,637.1993608622311,647.0357166721788,657.0166350288068,663.4114573035267,671.2356879186409,681.1467144655103,689.3568773902798,677.5717103821594,665.7898560394588,657.1882283822529,649.7154457728338,642.8873092117574,640.9762610417206,655.0882225183113,661.8533980716652,669.6481744751882,685.8447189144217,667.6858750266279,659.6752934051524,652.5931880913076,282.45396110819274,300.3328100972767,318.47790778122817,337.6524569738749,356.39748651125046,374.19142808420565,389.7579551512845,403.02614408890895,411.0416811320165,413.9428021793956,411.6065177390874,405.12379443051304,394.2158931809927,379.2292726333453,361.53396431561487,342.82958281211995,323.3311119627069,273.66757768309617,267.0656187841555,266.4037781015745,269.49428450253345,274.88272173801806,281.7502437186963,281.13131155685005,283.87916073432416,290.90012429112767,302.35336629713356,297.0373121587213,308.31035331178873,318.84478547647086,329.53259812303895,336.54495418035003,340.63815960143984,344.2029541585789,344.7326955192966,344.6951429268738,294.21659791850925,293.03723472307047,294.5125927196668,299.02176845140093,299.9133302619971,298.56752599395986,307.79892664636327,307.00655472739436,310.3524689898695,316.2482260002489,315.74436144399897,312.880385694114,356.16809800742703,351.05759204301376,349.6918235352232,352.6989770290311,353.1301122875193,359.7472564990503,368.51189037495624,374.22984957247627,375.9948349928454,374.54315440810205,371.7400556735547,365.6013472382274,356.630499939939,355.43709864595894,357.9500947793167,359.02634447531545,367.49647696480224,367.1075374609236,365.92863586640397,363.33639371642585,8.929658718106749,13.994010203211333,8.48370776335219,0.53867006,0.47583115,0.21653524,0.40965465,0.19828552,1.0,0.38251537,0.022428775,0.48360637,0.32549068,0.5884321,0.13347687,0.47279623,0.0,0.24567287,0.5061809,0.8600145,0.3875558,0.007679507,0.22817717,0.0024554231,0.50488937,0.0016536546,0.25767085,0.015296135,0.004219323,0.21381532,/content/data/frame77.jpg,0
606.3904079861111,209.777738571167,143.72797309027771,188.08966255187988,0.9993733763694763,614.3042340529959,608.4231954774909,604.3685527353624,602.9747452241025,604.5254441989769,610.669274630714,620.7814588449137,633.1925832810559,650.0269821686819,670.3003808611134,690.4503798836768,709.6651311602889,725.9704081383205,738.3193484235717,746.6913954943135,753.2899447967561,759.0344029090918,621.57121000546,629.3994072528884,640.8732424167888,652.5096866632399,662.540603332522,697.0183903743886,710.7550707682166,724.8003949588413,736.8138522713473,743.9821185778327,673.7871597803957,670.4476869047463,667.1395398542578,663.7561220321244,648.7757317140324,654.7988531201065,662.0542828456245,670.7106839225991,679.10237269604,629.5460070024174,638.467544159388,647.0716996525051,655.0131225714002,645.9004891363545,637.1882302856767,695.1766175093785,705.4010251300784,714.0762539898801,722.4115334075557,712.1934891604013,703.1650190760993,633.9541364903301,643.761252101221,654.098888756693,660.8832203149052,668.9459778342409,679.4272007177319,687.7337306020733,675.6884698750598,663.3735056995118,654.407707445363,646.6585512347723,639.4472211677802,637.7783020131328,652.5051865608065,659.6239517405237,667.7521188204918,684.173658534637,664.8408485169042,656.4695682797609,649.1050060252736,279.5397978960146,297.4713674978702,315.592123020415,334.8479469808219,353.7879431244039,371.66708552391805,386.89330654983263,399.22952008799246,406.20182677700154,408.35006401700196,405.5565564836724,398.72982709939424,387.37295423910086,372.1078264979768,354.1215695526473,335.11519521651917,315.4219532276471,270.07525510535,262.5580660583137,261.0438791253061,263.64417822485933,268.8417427226243,275.1333500607302,273.99869194610943,276.48032018298534,283.4309806393623,295.1107778905723,290.7878611046433,301.30505790115984,311.20013067112393,321.41163665285916,329.57697498252423,333.313028634212,336.63398315111806,336.6694862014077,336.2128569733163,291.24949493095664,290.2771768344662,291.2331896270722,294.090848844868,295.6067241571145,294.7807367457325,301.0832479194806,301.3555478396734,304.673287036754,309.5117379790403,309.047642213279,306.2819290345908,351.5202278284645,345.2893685099051,343.3322746342534,345.98886873719323,346.0543724703727,352.41508227828274,361.6840825013229,368.3333235405945,370.4348377439689,369.2846411590622,366.85472037720274,361.01352015246334,351.9042903823374,349.350869031452,351.51085093340885,352.20787576802803,360.94785498063163,361.32270207810114,360.50470588000906,358.1959582599379,15.2558940505894,14.751290236621953,11.536674698994013,0.52428204,0.5925834,0.25425303,0.3282143,0.3625583,0.0,0.38541666,0.5320769,0.4927901,0.30615452,0.4970392,0.27620384,0.5037255,0.0,0.18215536,0.5050075,0.80008155,0.33289894,0.039118152,0.31784528,0.001296825,0.74248827,0.00047772267,0.04277978,0.007577797,0.0016194313,0.20376022,/content/data/frame78.jpg,0
599.5438910590277,206.61395072937012,147.10487196180554,186.25137519836426,0.999270498752594,606.7630594402933,601.8566272639295,598.6584913115166,597.6818614892267,599.3143070761565,605.7628068488094,616.855104093771,630.8824629697867,648.7833731676354,669.3697522724863,689.3808321879168,707.524850754591,722.1144168835119,732.7587374353571,740.28739690527,746.3708877595365,751.4614962730204,616.1499812520248,623.8656445976234,635.1547971423896,646.8468056588513,657.0202094873802,691.61399483745,704.7288047740266,718.1934301885465,729.7144941826359,736.7920130470211,669.8328557973633,667.1766081193063,664.5308979347963,661.7593706102033,646.6519952455947,652.851112111545,660.1696544929982,668.3397222695596,676.1200160196383,624.8648414414921,633.6106147204362,642.0754858641916,650.338972317743,641.5137881677064,633.0126352746771,691.0942872543155,700.695795597092,708.9521815651053,717.0667310049315,707.3218940994834,698.8080922176767,632.4282906261942,641.578378606977,651.6719119645052,658.4603757909825,666.360944838773,676.2894818292625,683.7483487218135,673.5502064286613,662.5587347461666,653.973581643831,646.351809896867,638.8292384605205,636.688328836036,650.3974081147649,657.4339559786391,665.2591706240918,680.0636629883379,663.8168795035226,655.7648223294732,648.4446014092249,277.4413060453559,295.241710402413,313.03427491755804,331.91474571971986,350.5456604326051,367.78433378883574,382.1151385085799,393.4442762453583,399.69795228301814,401.37439956550554,398.28365013077064,390.83486779272675,378.8964604385317,363.5101478948636,346.0807205941312,327.767862339447,308.90012711734965,264.05641788447207,256.1104083935853,253.93495550643638,255.8917121068395,260.6871442445083,265.57883258903496,264.30532786952995,266.62887850100645,273.2536115254098,284.423587815723,282.4634075290473,292.0110627521472,300.9274808143929,310.17103409824324,320.3403281710714,323.4109884272109,326.2730702554529,326.00839399528377,325.3932095268748,285.6530841788022,284.34838661335465,284.81239601631165,286.8907734098099,288.5989730511716,288.2113771286016,292.69208324218675,293.0867330242171,295.9801942027122,300.32768295160577,299.50013668214206,297.0939846236886,343.8290940178516,335.1043557607924,331.504636062517,333.72411728869656,333.59148608040965,340.5556103239693,351.62115086123265,357.63126559102693,359.62032074149954,358.8774873942432,356.98474839844255,352.0537342878589,343.73585518430406,338.9262953451097,340.4431215812238,341.065979369839,350.68392673541837,350.428242647366,349.81718791726246,348.0261603794038,14.736477326874615,13.118738195534133,9.19917399077165,0.5609962,0.6195295,0.38250008,0.26171944,0.3255025,1.0,0.31838962,0.2069409,0.47836748,0.17855,0.5011064,0.14425977,0.49166885,0.0,0.31159657,0.5731187,0.41591772,0.25408432,0.06370861,0.42666668,0.0007502749,0.82107854,0.0007730738,0.027504731,0.010866087,0.00047575717,0.13855156,/content/data/frame79.jpg,0
596.3900282118055,196.1179904937744,142.87098524305554,189.8151683807373,0.9993072748184204,602.3899307579553,597.1029296448511,593.6923591773816,592.6720102809356,594.3287199980481,600.9039880039356,612.5712830128165,627.702114351368,646.9108860211231,668.5404538525272,689.3822372163324,708.0061272856713,722.7776460895009,733.3191865722879,740.4202438581226,745.8250223130005,750.1233590105078,612.4720988779084,620.2134576038275,631.5727801376887,643.5051454429142,653.859362251566,688.727137239933,702.0072894225339,715.5465246037593,727.0865589886498,734.2768012149008,666.8875320176459,664.1487370332079,661.396501176337,658.4854729518136,644.1125982053708,650.331438712286,657.6646090037269,666.061108435962,673.9395572723779,622.2777515949905,630.909805710773,639.6475403831395,648.2745100476834,639.4107230721817,630.6785208801348,688.1765230759013,697.9004647922382,706.5213453342708,714.8418698956625,705.2433491687557,696.4522447291831,629.2709967919462,638.6727309274595,649.0749954608995,656.0612486888623,664.1816468057104,674.8025563190461,682.7151707670555,671.9275537056346,660.5017192181884,651.6192032694329,643.6642025550237,635.6967452744962,633.6516147090292,647.9296973632225,655.1529715517255,663.2158318732495,678.7637579213458,661.5729363861376,653.2945197700498,645.8074650658901,268.9545398852273,286.9227937009332,304.94575458276904,323.9955438119282,342.98603028271646,360.73482452019744,375.68898984608836,387.3506301849002,393.43195970551506,394.9175698318836,391.55300719921934,383.5892495527705,370.9737281470216,354.86003640596914,336.86031872979515,318.21751640257844,299.35470464326454,258.2524828016575,249.9650512973924,246.89298377149157,247.9991879376829,252.2158950942778,255.80741839811571,254.27756200582894,256.75322815327365,263.7520533487849,274.98502489345685,273.3926209261209,283.3145982846229,292.6741294383605,302.2650472475275,312.4741094222227,315.6836268395491,318.70102124091704,318.2133076445439,317.2573493518671,277.7838150448456,276.0567987035977,276.1982401268367,278.17760545385386,280.359303429223,280.28086439843366,282.76279616469435,282.57052380570883,285.20089575252086,289.6380196403776,289.2496530985784,287.11104058650824,335.66003524489247,326.6125495578208,323.0483967578464,325.3736812653883,325.0926176885123,332.0694487291332,343.20783183113804,349.5136782279387,351.80274026310576,351.19833545606457,349.3050460191737,343.9992819912186,335.55591600177286,331.31009374322593,332.78081029680766,333.3472955516213,342.4259532014264,341.9690449985385,341.49186687389056,339.6740499722066,14.604384353531676,13.211717110486976,6.409756307326412,0.44133353,0.55958456,0.2943258,0.31070665,0.392375,0.0,0.28518808,0.605081,0.48285556,0.18797986,0.32188427,0.053558487,0.4182375,0.0,0.34766844,0.5696634,0.884487,0.3209558,0.008245432,0.64212596,0.0019186197,0.7132995,0.0035352262,0.011190629,0.01410918,0.0007220315,0.25522473,/content/data/frame80.jpg,0
591.3166775173611,196.24709701538086,145.5310329861111,186.1329116821289,0.9989961981773376,595.2141512451591,591.4667438769329,589.1472206089113,588.8430191991795,591.2824816562544,598.5424670697058,610.8555747909323,626.1062840137462,645.0346291201562,665.968031558853,685.8828229093422,703.8500835382562,717.9681735426084,727.7594662883132,734.4679131581631,739.857734551381,744.333813431391,606.3728392792732,614.1858476651839,625.6571144799602,637.968568028222,648.8892248995119,684.0547520993416,697.1080739316315,710.458334788524,721.8852684365174,729.1323566261487,662.6246584335161,660.2806054778675,657.9020578570135,655.375513344705,640.3968340308631,646.8039418425903,654.3359604933295,662.7138572976139,670.5559551638311,616.1914109014759,625.2703774944113,634.1992503569228,643.4347609563498,634.1757591038331,625.1403601650411,682.8873253539869,692.6342050533289,701.3365261142951,709.9831577948851,700.0354075789,691.0701096280047,626.1625258945494,635.4420634557034,645.729308542424,652.5549853522461,660.0997780791199,670.4535894823314,678.588592454372,668.3684794978326,657.6133331158657,649.1023569316526,641.2084771278371,633.0311912315614,630.3334314966066,644.9720234994965,652.0400815809255,659.6335010019959,674.8660975300925,658.3322093941779,650.3911274153386,642.9326379177953,263.04855411411745,281.0465484113553,298.93020174675655,317.893121397952,336.49172359899256,353.39478852616594,366.90136040744255,377.1706259320788,382.3952563542927,382.7170113016833,378.81981973640507,371.0322529966572,359.15386659022226,343.77911103662757,326.4189618406375,308.3688660874823,289.874080713641,252.0484170609373,243.22855985494297,239.51356695453205,239.8249974662349,243.39699260556,246.94548983516378,245.61813085780796,247.86880458468295,254.3356490088291,265.24499626294727,264.2655594519946,272.5814164493095,280.1698966496962,288.247779065556,301.9271504478114,304.2055024490834,306.3978907092389,306.10352114445266,305.25987296250986,271.8439215722748,269.9180382168223,269.58918730009384,270.8991857821088,273.6272797874884,273.96112983458545,274.4268943510725,274.4580806703485,277.10625515614913,280.93200109393763,280.774298833539,278.75733944386366,326.9906733064515,317.19500049712167,312.3655343561246,314.24171929968486,313.62482261823675,320.74471589031725,332.1415615632568,338.07926368098487,340.38211208672544,340.1067006088758,338.6494707480462,334.0721045608636,326.47784640420537,320.08320646355696,321.0781066298305,321.33566502159715,331.2485211744777,331.0070052649853,330.7822773805119,329.4047007739953,16.784544963126766,10.679101461919663,7.267753640903982,0.62428075,0.5724076,0.24675317,0.28192776,0.4012841,1.0,0.43100956,0.07537989,0.48249933,0.23876883,0.3961387,0.12254587,0.49929664,0.0,0.17158087,0.5731187,0.12201654,0.23016742,0.07494143,0.57878214,0.00056581857,0.9017794,0.0016202279,0.016268712,0.0052424744,0.00041678787,0.074106686,/content/data/frame81.jpg,0
590.9482421875,192.38511085510254,137.8759765625,181.09779167175293,0.9993607401847839,593.0200393371545,589.3035550629429,586.8953459720888,586.740099549252,589.7095189050094,597.5052364373871,610.2982916649888,625.9492398554379,644.4148434826564,664.4958376119661,683.9651593456896,701.4212936795907,714.8549780102526,724.0998812794455,730.6612730102454,736.0609768174977,740.2112482429478,603.6662730285743,611.2969774830334,622.5373094197979,635.1619157534857,646.5729763338913,680.4027654280469,693.3147368054872,706.7882649438833,718.2371810275735,725.5570040426553,660.1084851679988,658.1822261796536,656.2303847724935,654.0793502329094,639.4627672390496,645.8434628977129,653.0935398195747,661.2158865511647,668.8878143210053,612.9355670292249,622.0220212158079,630.849762667711,640.5188807299126,631.3371433672268,622.3559203555568,680.4797199344671,689.9978434366045,698.5874611435529,707.5484708060781,697.6538777239712,688.89757922446,623.9509291178986,633.5663305771503,644.4941943169149,651.481128535877,659.0743013151377,669.9409550700364,678.3217943332072,667.9573526041752,656.8955924273013,648.2644081471998,640.2350907482324,631.3752838392271,627.858381291143,643.8138897967254,651.025470035692,658.6074966522234,674.8926621496247,657.448282775255,649.4314457107324,641.7134112979692,264.1643543011433,281.829428992865,299.1772752147188,317.4752330416772,334.84613582327313,350.0527659731183,361.69112148727413,370.18214001851624,374.6221598624338,374.7499553783979,371.6930571034165,364.51162525928135,352.58213534244885,337.2639399403232,320.16129634539016,302.44033540254065,284.31891569509105,248.42983255819058,239.2749988329117,234.35393884340755,233.56556641426934,236.71249537379444,239.20935240326384,238.04853233898757,240.48991114071788,247.21637747677264,257.8943171761189,256.81019255579383,264.6083226074141,271.7520090498141,279.3257197610902,294.8289893910786,296.509411049454,298.0934873756035,297.8518857170021,297.0296214403553,266.0359511085267,263.64245352763174,263.00242026825026,264.2004676093237,266.80613087577854,267.46490730479303,266.52748976067,265.93147121477386,268.1127189148066,271.62723161161404,271.39164667885547,269.8620511899394,321.5448324142768,310.7969264186119,305.3375475716225,306.9175048045147,306.27514645947383,313.2315695961479,324.6523255894564,331.4570806036469,334.29688452959545,334.2375203648212,332.99486246658375,328.6406182061563,320.8545863718389,312.2957323330858,313.0884375820183,313.2170102853894,323.7664096641731,325.76612581560687,325.6790031072778,324.59432150264445,18.623888260211295,7.052403070293908,3.929650727048529,0.62452084,0.6192484,0.3983692,0.3162677,0.5403722,0.0,0.50053966,0.04922207,0.4849986,0.18145025,0.31258085,0.09689682,0.4750751,0.0,0.1863033,0.5731187,0.5343262,0.2917856,0.021089643,0.5050562,0.0004070396,0.83149993,0.0048976853,0.06417706,0.007587998,0.0011137489,0.09031654,/content/data/frame82.jpg,0
589.7116970486111,186.60120391845703,133.69731987847217,177.4474639892578,0.9994274377822876,589.4652727757876,586.2214274568238,584.3359595192501,584.9722015477857,588.7105315935758,597.125586565616,610.5129860925293,626.6522687528744,645.1996613498768,664.8113061863754,683.5302379373982,700.1403251664833,712.6305789158603,721.0529095950548,726.8495635307245,731.1858723025765,734.2006232769097,598.3886118860861,605.9949528112427,617.1826487345091,629.9497601166946,641.6374840116187,674.3947039226362,687.0415773428067,700.4348183772956,711.8717858025382,719.2534841131721,655.7523431986716,654.300774574753,652.8030767617338,651.1184697443434,637.1207897396731,643.6750246996405,650.9532892981891,658.8837720201366,666.3397441000965,609.0813756884099,618.1731729620411,626.9148795801345,636.7255408354577,627.691441537793,618.8133463473862,676.0490214064488,685.5949395731914,694.1888030603902,703.2790265220945,693.5413825249623,684.7837918292353,622.4150339802294,631.8548911843312,642.7555695034383,649.7722195992128,657.1036765024855,667.9773334861696,676.4889526081545,666.7239826668392,656.3193279833982,647.9961982237276,640.0776650495964,630.7909943217217,626.2290593028926,642.4411180728268,649.5965047667735,656.9203654890923,673.1631707057444,656.4860822414794,648.7780083364811,641.1133729098694,265.4999980704453,282.6276600049703,299.436605986243,316.9248295024325,333.2294956814385,347.0297701715474,357.12595137129284,364.03732106437417,367.5706176845699,367.0832055923911,364.08241585289363,356.91924894353394,345.06184527722905,329.9345554159838,313.2024089183393,295.94066201524873,278.36176662481705,244.37873760319053,235.16109883556274,229.7592432369842,228.113607102833,230.50671505805767,231.29442061952142,230.07066127202688,232.42802212005626,239.01832148801077,249.49044066578756,250.5564761357333,257.747197445846,264.2937537266538,271.28649838078,288.51851419968625,289.72958786152776,290.7977238627147,290.4760823961627,289.6269981695485,261.7492932937781,258.77474432975595,257.73236680684096,258.91135501262363,261.63579480057945,262.630856429433,260.0301766422801,258.79393468163926,260.50725742068045,263.91396371701103,263.8684437454307,262.73637163471193,316.0334935023926,304.6151325955765,298.35999170790126,299.53201198829777,298.6637247177685,305.2478176822369,316.20781855736425,322.7860604952333,325.8757706086028,326.20460845711096,325.3736103756248,321.9137244666017,315.0865156355165,305.29183364806454,305.68106018325307,305.5232982296093,315.37792468263325,317.76301127384323,317.9898813399239,317.3300353054922,24.37880624903203,5.221987839643546,5.931011453093146,0.72689044,0.55251217,0.33745012,0.30867666,0.5127738,0.0,0.4199108,0.0032178375,0.48014382,0.152949,0.3556983,0.09380997,0.5005514,0.0,0.17284128,0.5731187,0.67441446,0.2129039,0.035781577,0.44790325,0.00033352122,0.87416744,0.0027610501,0.047236428,0.0036635364,0.0013942815,0.07044365,/content/data/frame83.jpg,0
587.1456705729166,181.2773666381836,133.3376736111111,178.51190185546875,0.9994189739227295,584.8231319286239,582.3889321156533,581.3147335252554,582.6063803700872,586.9238878892938,595.7989636044774,609.6578057112835,625.9857174929464,644.2490725954733,663.2917071855584,681.5607185857109,697.960764122309,710.1872281011252,718.1760398641782,723.3662355828055,727.2017160996663,729.7535362596522,593.6883889240013,601.1964824217437,612.3691258034138,625.3359518992169,637.2832590763646,670.2187565520901,682.7638245820432,696.0565708882147,707.4267505691329,714.7311247831458,652.1373478178837,650.8911364924672,649.5652390418094,648.0622152055709,635.2791804781039,641.6166789226954,648.5818923379927,656.2890575069687,663.5548973953962,605.8800564578866,614.6397015665577,623.2351289056744,632.9148161501529,624.2769474265945,615.5916002770289,672.457909858221,681.4965202460677,689.9363419437301,698.9155931269227,689.6328170968729,681.1242388242347,621.2245193904033,630.3244169760001,640.8062642618636,647.654208454716,654.728417320762,665.5530643327074,674.116558488163,664.712612560895,654.6534681851801,646.6093766465732,638.8796437438425,629.6711082161506,624.8094629501284,640.8051023587395,647.7663001857676,654.8586909204794,670.8947926477719,654.4733093601274,646.9801003521301,639.4679114650796,262.5444860493335,279.4864061752887,295.9246029924863,312.8617542083666,328.55104700539084,341.575802271234,350.63318186339166,356.5846156507396,359.35690373646503,358.5397666361299,355.5870260575291,348.7594151693469,337.1410861783719,322.08708625869184,305.49274753705976,288.4336092613245,271.0310328511972,242.179203506888,232.37831444477558,226.27312640007221,223.97036847402632,225.90422215819854,225.47251769088035,223.78480233058872,225.8600123827382,232.40717688446603,243.04488517510762,244.82309491332705,251.8172282250627,258.1736746282921,264.9446842357189,282.3017357492674,283.12837236525377,284.0022639643386,283.5201252405386,282.53568685851207,257.8899978957896,254.04228547571108,252.62666612118045,253.83547310372012,256.5618915523795,257.8872144355584,253.5570057830264,251.49002481399145,252.83694505029416,256.4804306520367,256.3350331594578,255.56434664775077,309.9051321072417,298.4776361282609,292.10103517468815,292.9682490228515,292.04479140258627,298.0684930106145,308.5760043105358,314.7433988609555,317.58292410987923,318.0655224876624,317.5363458395892,314.82934138763375,308.7429353154075,298.215607821547,298.3686342934292,298.1077551216731,307.765659874618,310.5873735316956,310.91907772135164,310.51382889439554,24.363987365359236,4.144418606414266,4.416302816468184,0.5731772,0.56693196,0.51327103,0.39284486,0.49747851,0.0,0.44730893,0.00027732094,0.48298717,0.20250756,0.29086626,0.14780556,0.5081081,0.0,0.2648734,0.5731187,0.17150348,0.32099676,0.010019637,0.47471,0.000713086,0.9116096,0.0039239633,0.020037627,0.0013520584,0.0012998477,0.06106371,/content/data/frame84.jpg,0
583.9859483506945,181.54819679260254,133.9284939236111,173.1206874847412,0.9995198249816895,584.2108886330731,582.5515424802243,582.4961274442612,584.9814179762094,590.1867413548969,599.2771785124008,612.9096054970503,629.081595758774,646.9070411720933,665.1891738428551,682.5653677239081,698.4920595414271,710.5086371985623,718.772061981469,724.2870297591978,728.1034327320126,730.4884988516744,592.9909508207026,599.7613798103797,610.6182505649574,623.6858781913893,636.0068810000022,669.4817356432039,681.9075444100072,695.2884816722033,706.8946642593597,714.3557489114895,651.816062356365,650.8263122330065,649.7715165403696,648.5472903271847,635.986270234713,642.4285305208294,649.3302579483221,657.1225450303544,664.5305580453382,605.9116408404632,614.4474447186336,623.0336517930249,632.797638111181,624.2690284983353,615.5700596732045,672.7473253553645,681.594686737555,690.1284598764598,699.2974829287718,690.0370023141734,681.4267545063432,621.641660513141,630.6292233912682,641.3590553074654,648.5035737114722,655.7313648079211,667.0166410609023,676.0883248365916,666.6223804620391,656.4202683386294,648.2875476308262,640.5006902998178,630.7907166931016,625.2702262951752,641.6969567004327,648.8423480746725,656.0833761240166,672.8633375271845,655.9131902675224,648.3755133121806,640.7587675423275,269.9924394911077,286.9545854480154,303.4510482201855,319.96154042886656,334.6096094625095,346.3272350581386,354.17071782000755,358.4534107228284,360.167540401259,358.93842307825776,356.5574060545705,350.55099937459045,339.73380852230724,325.3523978428263,308.96773717326727,291.9682454259647,274.68789253219813,243.67629985293647,233.23974259609156,226.24433493742112,223.16340009902143,224.55597955033898,223.68376465324965,222.03043332721916,224.1129254875995,230.7692987493832,241.6948803099625,243.1519357329597,250.19600064738495,256.5829728187426,263.3087750748047,282.23618752973607,282.7145133046571,283.1914769983635,282.7403185523968,281.75855517797885,257.7781124067161,252.71848837905003,251.072345127066,253.27836567106004,256.02798663654886,257.5576162231747,252.24936903488447,248.94127000626983,249.99121173676002,254.53432837654663,254.59825951574044,254.01781479738895,311.5288708637594,299.20566396008996,292.2517564395191,292.8938786717819,291.76101096043163,297.62011474832383,308.3284381638857,314.3425344114504,317.32685435278256,318.09095714909694,317.9149886387187,315.96987475139383,310.182243079602,298.8302496122152,298.6897075959747,298.16171538694437,307.4887770078269,310.17940747416424,310.7255277459061,310.6443848531816,26.70430698591675,2.3999447923958375,2.2758583446399503,0.6416676,0.6339533,0.35776785,0.33871084,0.5038287,0.0,0.39472526,0.57411927,0.49695745,0.24037184,0.41153198,0.4548141,0.5247496,0.0,0.31437272,0.5731187,0.82661366,0.1603676,0.018641375,0.3823949,0.00037766082,0.92725766,0.0026419607,0.03991192,0.001374317,0.0019314145,0.02650497,/content/data/frame85.jpg,0
582.5033094618055,181.19357872009277,133.3125,171.93481636047363,0.9995323419570923,582.240454529294,581.5277914825142,582.3225542173964,585.3930192190847,591.0030129006684,600.4030275119636,614.1182501830037,630.2274055584498,647.870156298584,665.8690617821475,682.8473535276947,698.2242463389985,709.5621935895651,716.9826969148731,721.7148658756001,724.6134177459365,726.0255545172238,589.7999683922574,596.1825519900221,606.2825814262258,618.9277596078524,631.2419626612968,665.0793380447489,677.2012290966136,690.1296671892509,701.3067354524367,708.6134355252432,648.5297453895627,647.8915912531021,647.1463176838649,646.266949597092,634.2369472314916,640.7957604660793,647.7931478733448,655.5922124177745,662.9866076487383,603.354779389899,611.5851439959351,620.2480507349526,629.8908349602127,621.6125153311456,612.8704972539672,669.5117004901599,678.2241794045428,686.9363262800434,695.9663327478723,687.0302809860204,678.2733949455534,621.046788713121,629.7409562980275,640.3506623442496,647.549074699323,654.7646977364665,666.2888081204208,675.4987550670264,666.1708359352849,655.9910034132487,647.8391905983681,639.9935975683278,630.1455210807342,624.6525465097166,640.9442002931075,648.1358427443014,655.4023476657353,672.102120277648,655.1865346899251,647.6268209887454,639.9848415800221,272.36644784139327,288.98223921153675,304.9592000697185,320.8153602633961,334.81317261881384,345.68413792565485,352.54117126756483,355.88785265174965,356.83155634641776,355.0372674169845,351.9086986853138,345.5327527907626,334.63876612140996,320.38792783988254,304.26073783402865,287.6774247856764,271.00538356931054,244.4482988697795,233.98840384819255,226.51623158346538,222.5430297214396,223.0089048688908,220.86735860830234,219.7024616781558,222.13789309399107,228.68523868940025,239.1494317698536,241.89440335935308,248.48785931733565,254.44397893832718,260.791855249581,280.4330619386026,280.5909894692514,280.8574814167019,280.2284767961113,279.2126714730213,257.85277618898976,251.87998698632913,249.950576678372,252.60161815736723,255.67910824096515,257.44172435034034,250.71775251610984,246.6067914111057,247.4205141810586,252.3427876996842,252.88324246943876,252.47194467606164,310.4027561870754,297.49171939142207,289.9780976062112,290.48064460356073,289.2636237177488,295.23342457046806,306.2200623857409,312.412636733064,315.43738797417734,316.3020049261571,316.32297256669256,314.7143302657187,308.95404594778086,296.9829866326711,296.64460211831727,296.08172242626574,305.4905114724712,308.1937260980774,308.82289058924096,308.92695403452603,26.831647562496034,0.8005196995199414,1.6160594929682948,0.56554484,0.51175874,0.56162447,0.35666963,0.34561625,0.0,0.3748508,0.038470842,0.47606516,0.1519732,0.25609407,0.53451085,0.53094727,0.0,0.42318875,0.5731187,0.49614224,0.2771837,0.01353507,0.10129007,0.0004929172,0.9084531,0.0011062195,0.05104948,0.0008583431,0.0053756502,0.032664217,/content/data/frame86.jpg,0
581.7473415798611,183.8470687866211,133.60047743055554,169.3051528930664,0.9996504783630371,581.3549568909652,581.3986242823607,582.9074349816026,586.5516307696421,592.5636502887812,602.1107061997072,615.9516647436953,632.1054510515,649.5343530402442,667.1930416583355,684.0672672662768,699.6738670106879,711.0569484247653,718.5168671127194,723.2161008627927,725.9883384050527,727.4464853636537,588.7281462785381,594.8181882610054,604.7566461661049,617.4624886719498,629.9365040727266,664.8472453773047,677.0727950163919,690.099228348583,701.4106933032281,708.9420346962434,647.7134797343983,647.1261315227621,646.451339541501,645.6652053999001,633.9745691957596,640.4859088663848,647.3852719393367,655.1049123069788,662.4890003779283,602.7797218787787,610.7920584981471,619.634572049606,629.4059682756028,620.9806018303825,612.0574077478163,668.6696073918429,677.2865545263512,686.2253276713218,695.3201578525968,686.3794350542667,677.3957351144882,621.3636966058934,629.6729496893845,640.2015077236729,647.3634564081112,654.5540444105336,666.2472902438603,675.7409880174218,666.2493488840537,655.8295899839841,647.7152114140904,639.9494938350617,630.2307624690702,624.8787278588602,640.8323719561022,647.9519187073815,655.189849379427,672.3900909361064,654.9702651286852,647.4554352409855,639.9175304186479,276.36868730238257,293.0327741851752,309.0469483589259,324.84050896183817,338.4139108837553,348.6291136064947,354.50828725750944,356.5413518738733,356.63040622670815,354.4825300357961,351.8303112168087,346.24535357836885,335.92176950427347,322.1032440835688,306.0885128660011,289.33440285851793,272.495379997883,245.28162796399602,234.7876248108355,227.0117835659148,222.76810267133442,223.12749886532538,220.78972522622462,219.39756374064473,221.76963795826123,228.42797059351597,239.07097085808255,242.46132117322122,248.9090912456404,254.65049342912698,260.7412044696571,280.9269163088593,280.86047066920673,280.8823285842009,280.30670856684264,279.3820763788217,258.635294264569,252.120261151244,250.26348879332045,253.72968183511193,256.857991472933,258.5647555638261,251.34633958984887,246.48903254704646,247.2256503371732,252.70579897047492,253.6067749607446,253.2981605764644,311.53318023008796,298.13633697887144,290.4495440319615,290.8496710276604,289.56644793725354,295.6104096809222,306.8450025888178,312.6593169640937,315.4683920561665,316.41793379052706,316.560379582259,315.42718292335485,309.9507035134566,297.1182183067758,296.66030406988466,296.04248192856267,305.98728831672906,308.75245382444245,309.44010019726375,309.6257653234079,26.501442685156967,-0.5054084778362752,0.7422413612427301,0.57549554,0.58162075,0.27279273,0.44880557,0.373614,0.0,0.41813892,0.026100025,0.47609925,0.21786141,0.28227583,0.046638176,0.46509263,0.0,0.25175536,0.5731187,0.4031362,0.24029115,0.022004468,0.11432205,0.0014433922,0.8607993,0.003911875,0.02773755,0.0017383995,0.019117428,0.08525203,/content/data/frame87.jpg,0
581.7863498263888,184.24971771240234,133.10101996527783,169.86638259887695,0.9996999502182007,581.0969775865102,581.3047238163588,582.773600072609,586.3393570299684,592.5380464815487,602.5518005160972,616.7998112045098,633.1938454590467,650.9352368029715,668.8782903691656,685.797250246189,701.2034275616408,712.2791644069496,719.2309586209929,723.3650584770937,725.6293298789955,726.4839461408595,587.9850795614469,593.8786604372242,603.9647907736197,616.8949622885983,629.6558021737561,664.1360813501054,676.3223576437996,689.3580014898735,700.7959843381319,708.3882061577925,647.702056060227,647.308736968143,646.815352201724,646.232095435177,634.2882317609983,640.9360989663619,647.9240205823764,655.5907692167979,662.8791004771502,602.7925607641082,610.6082779795179,619.6325470030579,629.4492739604025,621.10680257904,612.0122166431381,668.5272707726128,677.0501665424979,686.1571513395774,695.1523580643061,686.5085111302633,677.3664012889267,622.0797092009483,630.362276040384,640.9065628257223,648.0471830084003,655.2308316740381,666.7839823861892,676.2994795883391,667.1753271373215,656.8722805167179,648.7486633111439,640.9999521901923,631.1189589161413,625.7107044582518,641.5869632419954,648.6545631839313,655.8542495729932,672.8277620092401,655.9597948028314,648.4550879239471,640.933298439658,275.63585643458,292.6380180767619,308.9086043851988,325.0017916029409,339.03128830969837,349.5758484653223,355.84024398378017,358.4064619785146,358.6416333229081,356.0768976026114,352.2730412013546,345.485670101781,334.2828221485447,319.76664128481417,303.271271702838,286.2943694750493,269.29169754166753,247.06026607994772,236.20198010962773,228.14914150845362,223.76309752221147,224.08558333583852,221.71739477602196,219.9572485553171,221.96290559210792,228.27625261638113,238.75576886870834,243.6997555330472,250.2969945615103,256.1786230809098,262.4824021451856,282.2484284986199,282.2401301917269,282.3198449670196,281.487669368159,280.3608006013781,259.9440496949008,253.26707159156405,251.2538087859372,254.84378027570898,258.36109601845277,260.2131979283518,252.07724261055256,246.83061074042888,247.32809606113244,252.74573015726696,254.23300423374087,254.1166578401723,313.1351398472175,300.0507874911377,292.4283126931996,292.8040692631551,291.374622114437,297.1062979198199,307.8394471231643,314.9026792154251,318.26193833390687,319.3491866339557,319.49443737905926,317.9730163164612,311.65035040289536,298.97996570780833,298.50795849772646,297.7846207219221,307.1990924162899,311.16507562161706,312.024673297575,312.24137696044977,24.482467317710423,-0.6482769807451276,0.7088095784547744,0.6193182,0.5506154,0.5323544,0.47077185,0.39257818,1.0,0.38746214,0.104904264,0.47570562,0.22084625,0.39333308,0.19134706,0.517118,0.0,0.37938398,0.5731187,0.48759106,0.21755986,0.014258002,0.122975655,0.0013430854,0.6106856,0.0021838238,0.11120359,0.0034391412,0.07192972,0.19921507,/content/data/frame88.jpg,0
582.2680121527777,183.82305335998535,133.28602430555554,172.5193576812744,0.9997081160545349,581.1443905311792,581.0252676386172,582.1287315430443,585.4358902952638,591.5362070943863,601.6298971404344,616.104857147992,632.7366525772635,650.9611502322674,669.2750725774071,686.1950210857525,701.1855951942711,711.9960370265824,718.7104035702956,722.5367980802382,724.5794248335997,725.1837170821611,587.9232959855565,594.0080402775793,604.1151804288087,616.8094082081102,629.2410257686362,663.0414917659632,675.2291009733653,688.2212485824298,699.637500427465,707.2295171831145,647.3912455262657,647.2669986372115,647.0223301183747,646.6599053116995,634.6053102408115,641.3398704516155,648.3484426217343,655.8525586211836,662.9800408266951,602.4838122355668,610.1774389830641,619.4424390509677,629.0953389183412,620.7830875395597,611.5359427947728,667.96905502477,676.3620317137306,685.6948622662037,694.6199818780431,686.1397645985953,676.8462108211605,622.0722369327631,630.373481436479,641.054098904927,648.2766819917516,655.6108886120339,667.258383549817,676.5945334401742,667.9621572185349,657.7511828722843,649.4253950114993,641.4635805704172,631.2899580300228,625.8874518139955,641.7326628810897,648.9381680361981,656.2721895632899,673.0700506031376,656.7241007578309,649.0323434515583,641.3107121043283,273.28949321278634,290.32340976833655,306.6414228814137,322.8831899395235,337.2553060006293,348.4355023299622,355.6916736611017,359.6983736177482,360.72408604259135,358.53836991337596,354.1860392722117,346.36254497243993,334.11904996103283,318.662806064141,301.57212759681715,284.3227995860857,267.1760502215662,247.43222128157032,236.77640013088524,229.22854661050508,225.27966359681855,225.64656148893243,222.74069711340707,220.95036471833376,222.8212558397146,229.00069072314471,239.22923658295312,244.7540215304417,251.40811556153352,257.4247363047683,263.8623515099466,283.3984441923967,283.3936811276261,283.54706168487553,282.6645126731625,281.56610798261084,260.4464258291772,253.30064407689156,251.33233840931558,255.41959092249658,259.2156609980515,261.05356234310034,252.88592427410833,247.02336276315498,247.44954600420732,253.1584925065365,255.0923893499862,255.0312530691421,314.3977406925559,301.03182823400755,293.35171945919467,293.79327777461003,292.397070479983,298.3118097613569,309.47579192719627,317.18689764165606,320.7383794054233,321.7351062366238,321.7742102580175,319.8793248893662,312.9642679688947,300.0368782974365,299.66038640827827,298.983932494488,308.7985729615516,313.43509568751165,314.28819020283254,314.3523928608671,24.93128611599958,-1.312955702093264,0.12521293029868596,0.57840246,0.48607442,0.37220994,0.41406298,0.29644093,0.0,0.42428592,0.0435021,0.4850402,0.29637924,0.32893196,0.44763756,0.53602576,0.0,0.26093104,0.5751863,0.9145381,0.4941051,0.039455276,0.1706402,0.0016169084,0.21526349,0.0028330279,0.18290181,0.0030945158,0.17294656,0.42134368,/content/data/frame89.jpg,0
582.8301323784722,182.798921585083,133.31939019097229,176.4503688812256,0.9996495246887207,581.4456485843291,581.2863972615493,582.2833926398946,585.6656493014815,592.059577448136,602.5702026137452,617.3794366128411,634.1484339926144,652.58054487357,670.9782516885183,687.7047235729094,702.3934297545545,713.0602047025102,719.6754276013254,723.4735683366865,725.4670227130377,725.9531726112787,589.1844841733822,595.2171191441037,605.363387455488,618.0397586728336,630.3745313382391,664.9568333772481,676.9356324976162,689.8340146926346,701.1987656004115,708.6145456213768,648.9685344263517,648.8280911224153,648.5608664373062,648.174988110756,635.7173212440495,642.7105345232467,650.0359186811238,657.7898076266445,665.1121438821223,603.5966705141536,611.5036297878366,620.9912514389946,630.6987069946829,622.3630662433623,612.9228795452816,669.6178396991313,678.0872095346098,687.6511612632486,696.8055834475463,688.3024405817539,678.7821691438163,623.88538306062,632.278675232895,642.8325137227923,650.0629522502317,657.3054877319146,668.9023840506013,678.4300764682939,669.9074219788597,659.828570365786,651.4913141630902,643.4269430356738,633.2262321198363,627.6578848157559,643.5607604648288,650.8088869227558,658.1356404280878,674.9467215782579,658.7685944700551,651.0682678341952,643.2263746508648,272.35310246208417,289.7869653588429,306.5518673169657,323.29910027567155,338.1321874239802,349.64481523616234,357.269038967391,361.81056499107467,363.20538104646903,360.79657897668295,355.83088338056984,347.3255066484227,334.63306926232156,318.70408766661023,301.24333002859623,283.70669665880075,266.31768777913305,248.31398703046682,237.52378781122746,229.98091089124264,226.16684912533555,226.54381722789415,223.92045040161813,222.05085571117905,223.6423340404399,229.51595117158809,239.69371762961148,246.78934169150023,253.671555792218,259.7863421446924,266.35594747322745,286.13049213666335,286.19017549255074,286.36104733762556,285.4606603687704,284.2759665785841,262.1127372632696,254.75299321188356,252.8025123662569,257.3742082064449,261.25156916276285,263.02610463633926,254.96911031617947,248.61044759925392,248.83331678546978,254.68053138320366,257.0053362918334,257.0929240460855,316.74710715334095,303.88275040291387,296.30656110867136,296.78351050650167,295.3810715399303,301.206313474818,311.97847138358134,319.8894629753455,323.61167749606966,324.6038675376093,324.544663768849,322.3169310809441,315.29503091912215,302.98473612826604,302.6995206155364,301.96889486893554,311.3882384580612,316.1434836504057,317.0067783411994,316.97539062580677,22.512535541341084,-1.1794914131984002,1.7001521618052862,0.6574173,0.5479789,0.40226996,0.4178293,0.30237556,0.0,0.44238827,0.018409453,0.4742353,0.2064946,0.33542722,0.13185589,0.48016965,0.0,0.27255213,0.5735441,0.789625,0.45147935,0.025768002,0.13537696,0.0009913066,0.10065094,0.0021962079,0.3848232,0.0025989418,0.27790588,0.23083353,/content/data/frame90.jpg,0
582.1023763020833,184.15221405029297,133.77897135416674,177.39967346191406,0.9995757937431335,581.5939839131383,581.5951576098801,582.5859733663169,585.7456284380846,591.8067252984424,602.0686382329177,616.8011779173576,633.4114801251826,651.9736082929485,670.5912174229106,687.5951648292939,702.2856100386998,712.9255960709088,719.6400296364664,723.5208420521849,725.5529361806457,726.1447077335124,589.7067153666299,596.4212409246347,607.0503781923662,619.7564321154787,631.8391452155256,665.3139850340449,677.2678008546245,690.1973456702799,701.5478179225502,708.7046399951341,649.6510083601461,649.4217885586422,649.0919480526863,648.7165046700848,635.447108032482,642.6484671381841,650.3673567196092,658.3564122580574,665.9069239393466,604.1230643210047,612.0718462004452,621.719195660191,631.2106972255569,622.851026321915,613.322366152137,669.7189513816938,678.1087767751378,687.7492172848742,696.7404575773871,688.3292011158701,678.7921728055389,624.2825239668728,632.9430101732632,643.5190265608953,650.8112551716331,658.2587226233063,669.6195107182903,678.6179962090682,670.1325494248613,660.062218692321,651.5816570242823,643.4040169688205,633.342879136706,627.9433285144332,644.0080393779481,651.3557235736553,658.8448223659725,675.1504392439547,659.3018535328902,651.4441758978337,643.5017066035716,270.98700225025186,288.6809247330966,305.75483715389964,322.8677289951411,338.0763137337144,350.0389988950774,357.92336068416444,362.8112429701159,364.7389351873244,362.7608818634362,358.0735684898773,349.6313645002192,336.96729085461993,321.13483237121727,303.76320701364784,286.0397898488991,268.3516724066958,247.1555022896364,236.86673073269594,230.36641751866773,227.4987401303988,228.24618828136408,226.05610822716153,224.4850231459268,226.37914763632216,232.73031888816513,243.2898083568125,247.6604837266832,254.84473223718305,261.2437205287142,268.11620980738735,286.48722842406823,287.11617761426714,287.7482355147549,287.1498278170675,286.2662181554497,261.190441040947,253.93384205670372,252.39414226077315,257.53234551235255,261.15583284783315,262.6454379979659,256.7100345421859,250.36860180114581,250.96484609024446,257.404444289039,259.5499555885899,259.29574556294756,316.78988316506366,304.7287470521442,297.8927819472119,298.7954879720328,297.7027699611881,303.8171843751534,314.75980652613725,322.0924927807773,325.3859492811007,325.9798017665689,325.47902026056545,322.69413607488787,315.42693575412886,304.19564764774987,304.34506875943043,303.9674175580931,313.96728842029006,318.03278360439435,318.58230207455927,318.1132928565694,17.55986212810502,-1.3679341740993887,1.0215767700413947,0.5913254,0.49072304,0.41175294,0.4222575,0.23647015,0.0,0.41516286,0.020281302,0.49288604,0.28472948,0.35670802,0.29383788,0.5487147,0.0,0.2443114,0.51742274,0.8002934,0.52191055,0.03144446,0.27356964,0.0004874611,0.026877884,0.0015958316,0.7539567,0.004650741,0.080560215,0.1318712,/content/data/frame91.jpg,0
582.5801323784722,184.96499633789062,135.6398654513889,179.13674926757812,0.9993649125099182,582.391609550715,582.5972271050023,583.6970252437465,586.6503859864576,592.3949447281032,602.5252745551661,617.4622234235118,634.4795321056547,653.2207853092572,671.8467227839516,688.7679350253377,703.3613327115484,713.7086515050548,719.9600324848958,723.5865199661763,725.7198993895538,726.5686615928942,590.718100275473,597.4941838379196,608.5497205869451,621.6457883782889,634.0258159638361,665.7183452482793,677.9961518465789,691.275411486152,702.9746021953666,710.2870416354679,650.7616902031492,650.4712483206058,650.0729798251039,649.6029849462211,636.6822739399704,643.6943991898479,651.1731879753286,658.9434949234892,666.2251835025484,605.4348825884008,613.1183439798348,622.9404380667409,632.3591321082088,624.0404476176548,614.3247707292427,670.5238335547758,678.8343690671536,688.6658421666776,697.40351995179,689.305126942027,679.603589043265,626.3705364552613,634.4945167439834,644.4373463990563,651.3105674470346,658.3814588736495,669.1708341074961,678.056013522741,669.8761819826511,660.4939148986596,652.5413834731065,644.8083747568184,635.2045220933003,630.2074302967936,644.9794136085068,651.896102279854,658.978012765009,674.2971435846739,659.5608825232048,652.2154243460594,644.7813396248188,272.3485356021523,290.01644922036576,306.9737424720413,323.87711921402297,338.8636154072228,350.806545128773,358.69874080238947,363.6006843096882,365.3651302777122,363.4043400619339,358.8510216288421,350.51398912453294,337.7445531353216,321.75709078948125,304.4336188470872,286.8039067672893,269.21529833841777,250.03300731674716,239.16206542398612,232.48726430688257,229.92133558437052,231.0858450663203,228.8898940471514,226.63995604756528,228.16001595388587,234.5081660495689,245.54753937725908,249.85851539962096,257.186458398831,263.79984107743223,270.9189024465839,288.8933637108115,289.5350188650329,290.2559343635905,289.4272627227976,288.37823553692,263.20752183589536,255.5452913514393,254.0462573463563,259.62175361977825,263.38657513074287,264.8976852552143,258.3007863194176,251.49845881900035,252.05251245782785,258.8308478802028,261.2554123319322,261.0582993126518,318.69755949580724,306.94727110582755,300.16796190618624,301.112461790238,299.8596076470858,305.8584728063353,316.4068381667639,323.04061891652304,326.08577418266,326.7165255940701,326.368515537084,323.9779051610887,317.301483217351,307.18814003779914,307.2012988437534,306.77807730580173,315.692777547647,318.12094241269006,318.67948055208615,318.34862691298986,15.760777691062033,-1.0731716655153027,0.541587545593121,0.58865833,0.62156445,0.36437058,0.44249094,0.20191933,0.0,0.43029237,0.22100472,0.48283827,0.121802874,0.39649278,0.22549142,0.53655875,0.0,0.27909917,0.5751863,0.70167893,0.3718669,0.03569363,0.108223885,0.0006462982,0.036442753,0.0012369045,0.63021547,0.018748373,0.06479476,0.24791554,/content/data/frame92.jpg,0
584.2450086805555,187.77746200561523,137.36480034722217,180.9598274230957,0.9994156360626221,585.1651827380924,584.6045779851754,585.1260067395725,587.4159922151244,592.5058594799941,602.1241479452101,616.7532948080404,633.6375644877911,652.8270085533978,672.1829352425981,689.9140044687808,705.2509597290864,716.3103114295237,722.9391091201021,726.7295803167776,729.0712093816892,730.0936618482215,593.7617597381524,600.6895886958669,611.7454651322081,624.7191178463031,636.9823087955499,670.0479840811688,682.5009878720093,695.8396727487396,707.5262416664146,714.7676824685618,653.93356629403,653.5823769431291,653.1372325007089,652.6467348910918,638.5837260228956,645.8301952797963,653.5694595741614,661.5899031505439,669.0789225434858,608.0190306920131,616.0377463437891,625.9940414542011,635.4810853088641,626.8345958798648,616.923349770146,673.6221734787969,682.4079776381401,692.4395701372989,701.1373213296212,692.7323595194804,682.8451878649519,627.1566046612893,636.5018486805563,646.4960804727762,653.2341257112218,660.3083784823518,670.6366562835913,680.0138507290073,670.8454309944611,661.4912626005414,653.6104767507732,646.0003990893399,636.6047152034726,631.0658884716306,646.6317775632139,653.5633503575756,660.6981257913236,676.2027997561208,660.8844439539381,653.6113439488902,646.3293066259344,272.4417835160435,290.51259378365637,308.1358974647244,325.80771246732616,341.74606315018946,354.80585970112236,363.8899282397145,369.8172144266081,372.2186283885753,370.431242466513,365.4877084122707,356.68792553701064,343.6237541657259,327.11618499342455,308.9572376276301,290.62725808394134,272.35946441119955,252.34897140593534,241.95290977575456,235.62706839453602,233.20537235123385,234.25101265995605,232.06080674088867,230.1658300076605,231.97752336351158,238.63634293517265,250.05111643105244,253.28421868868054,261.0075045341574,267.9047841731286,275.3404902967541,293.88960562732336,294.6342311150074,295.34062222600767,294.41674559320046,293.3507779017491,265.7625006574707,258.5038841553034,257.21250319806444,262.93863177993734,266.52184909826167,267.8296162169366,261.993955335576,255.25367091393258,255.97268169902452,262.8045849545732,265.4060951746119,264.9807668563295,322.3668127146168,312.7833933796601,306.864287330229,308.07783402064734,306.50755826598316,311.7485412743793,320.54889365288045,325.6487304602824,328.24125158939125,328.8969827984482,328.5744368719214,326.5367931051804,321.3321677014236,314.66508386113946,314.8324013247114,314.2139078616663,319.8330669086363,319.7148820428612,320.3769683903582,320.09334283305554,13.714420369440065,-0.6976821982438977,0.7430109636739841,0.6772691,0.5759253,0.31427708,0.40074334,0.16727798,0.0,0.3587556,0.061034292,0.48278463,0.11979977,0.27374417,0.17466274,0.56252605,0.0,0.2111372,0.5731187,0.008200213,0.16590548,0.009122547,0.15063637,0.00012369442,0.0012843738,0.00046216053,0.038778298,0.051482897,0.0037442485,0.90412426,/content/data/frame93.jpg,0
584.8245442708333,188.38900566101074,138.154296875,183.42761421203613,0.9994412064552307,584.9548579302807,584.6426468743771,585.4963270457561,587.8243408477263,592.6278739734353,601.8051891912279,616.3005947315419,633.3042370104225,652.6023360114634,672.1533840883469,689.9944675490514,705.2805029484399,716.1428552282568,722.4029775019286,725.8299520482765,727.9405155794851,728.8379731278775,594.1188893856621,601.3110660289396,612.4278761576137,625.1782938681615,637.1596178144479,668.9353680446413,681.1673188683042,694.1882399007254,705.8134540562653,713.1883496714961,654.0562290476479,653.9465871686637,653.6893085702575,653.3924738793376,639.3066674130797,646.4298078511144,654.0776405046902,661.955272408158,669.245558656682,608.7738050330348,616.6060294286451,626.5079820858293,635.7143772635081,627.1805602963339,617.3467582602318,673.1824066436142,681.9100812635191,691.8763798098356,700.2709435876432,692.1117746396471,682.263462143074,627.6647517962563,637.3293285390621,646.8474559012095,653.2519743122631,660.1330026006299,669.8621745081093,679.1370745405346,670.0293465581293,661.1491809056249,653.6108523734972,646.3339548455074,637.3181045798098,631.6656898368965,646.7845335066171,653.480494385034,660.4541350969679,675.2682525369138,660.7113349767819,653.6885869831635,646.7725814003883,271.9568386761191,289.82073084887503,307.31411428841886,324.8746446869959,341.0155639962338,354.51312610362186,364.0425758232616,370.4233605788069,372.91408243063864,371.39333107025845,366.32994131225314,357.3713850618151,344.0776385090544,327.32477398485173,308.94269700016565,290.4709070600537,272.2227172807086,252.6846315319856,242.79117392286193,237.2213874620885,235.44321974576607,236.7525395277365,234.57894864381268,232.28604005396306,233.4943966817247,239.34615313928268,250.17733941652372,254.62195512170248,262.5804310192232,269.75449582644274,277.5300756351781,295.67374680390606,296.62170232910955,297.51790038002883,296.48844487250517,295.3302451076557,266.8157536677434,259.5223842743635,258.2226550408599,263.93769698364525,267.6968443088685,269.00729239065856,263.2347399564855,256.56586483362236,257.3252434116462,264.1942605548401,267.10799644079276,266.5813165808021,323.07281547387464,314.77699105005007,309.5933980019581,310.9960321149415,309.43122458253447,314.3825584247322,322.3980659422056,326.073345167464,327.76996698228754,328.1885530956047,327.8333748081976,326.2764522547626,322.2694660022986,317.51668668882485,317.7889086999585,317.2701662980012,321.63116317875665,319.48909909095573,320.0303156509482,319.6573600814993,13.40487140160505,0.9829531851365513,0.3833725793379989,0.5263994,0.5304691,0.22073704,0.44223514,0.19203544,0.0,0.32843903,0.07481657,0.4895935,0.18859977,0.48679382,0.14187324,0.46674317,0.0,0.37236112,0.5731187,0.010969557,0.1503254,0.036858995,0.25655144,3.3034128e-05,7.240442e-05,5.0109426e-05,0.0053024064,0.016356934,0.0004562661,0.9777288,/content/data/frame94.jpg,0
585.9427083333333,190.31114959716797,139.67464192708337,186.77942276000977,0.9993371367454529,585.3602895808509,584.8503806398614,585.6979610988067,588.1953235757634,593.3866102721202,603.1251619892714,618.0154729662543,635.2191092140386,654.685885750687,674.2995166501587,691.8348560568729,706.6519903431699,717.4540188058622,724.3021680580787,728.4490253236813,730.8895130463848,731.945581946196,596.6128339635164,604.4534241313243,615.8954998167301,628.6740203412303,640.4932949811171,674.0917229035722,685.9556450104187,698.5691155257764,709.8231762123019,716.9626962767243,657.3065197236056,656.9098359305367,656.4180458187107,655.9245991282182,641.1117532431463,648.4256816502257,656.3301803518661,664.4107038963139,671.849730711715,610.9993212542076,619.4307322073023,629.3994949210576,638.4328317482812,629.6594508563767,619.7580066902008,676.3350911244829,685.4851365906534,695.4764434697272,703.8126946660432,695.380909646798,685.5146076595083,629.6153444493846,639.6860468688958,649.4050669891903,655.835745057976,662.6981355429211,672.0971220322299,681.1224565157345,672.15285788865,663.4719848917075,655.9313991164536,648.6207771869542,639.5357524334388,633.5855756944381,649.2381800480589,655.9639829500607,662.9397956356306,677.3530987934837,663.198208548079,656.2069656338022,649.2379395769622,272.7667402398906,291.54536865472664,310.0853161465516,328.5932676230059,345.5377962640623,359.6007597529888,369.6298205942494,376.3479150616504,379.1655950590821,377.4038102878917,371.5514785662499,361.96925310123197,348.37351159374884,331.6411452575362,313.3335462831751,294.7853826955452,276.3553972924533,253.46385811516984,244.30202288550686,239.32017649477393,237.9663709784461,239.53122996067168,238.74089498225385,236.7164623354115,237.84745134135983,243.22707700460228,253.4650137123847,258.9209488703232,267.6329094362709,275.4638974595912,283.7878645907158,300.7951428285137,302.1248544768996,303.22935158369137,302.1702901546764,300.84092585343024,268.9561550840558,262.06522201587927,261.16131120252476,267.2933842869445,270.71514771862303,271.6378085977699,267.3410376426134,260.7833440764848,261.6787582444215,268.56178248541664,271.46680692898326,270.80065523276903,327.3509939372925,319.87012515106017,315.1958613323045,316.61603019157747,315.13130820233755,319.7175996782057,327.1888095420527,330.85069004357,332.70985224943115,333.15422947668503,332.6596071497197,330.82015021428515,326.663380195695,322.53177948522944,322.9338070804479,322.37552671037565,326.52168928169885,324.88635222887297,325.4637099726192,324.97890688210373,12.382262921103283,0.3922982150496287,-0.6407270574009947,0.59717757,0.6200717,0.2947395,0.41863814,0.17681386,1.0,0.3223824,0.004164219,0.47943878,0.13909931,0.3183711,0.1455333,0.5607414,0.0,0.36696643,0.5731187,0.21990055,0.40423474,0.014978332,0.20205326,6.596582e-05,0.00015351226,9.0196496e-05,0.018114729,0.012183387,0.0003267424,0.9690655,/content/data/frame95.jpg,0
588.25537109375,191.7770175933838,140.14008246527771,188.85846519470215,0.9991121888160706,587.8618173611744,587.0650693603133,587.5205121712662,589.5610421231687,594.6193332226723,604.6045514557339,619.6139964595378,636.8419893617427,656.4699994565216,676.261614237647,694.0319347580195,709.0843899027083,719.930172298087,726.4713474210981,730.2282508076875,732.7652007258112,734.2650172906501,599.0195178354389,607.1518284004615,619.2471742607944,632.3718119584624,644.4045472650889,676.5505818676122,688.9134578285183,701.9499882259597,713.6731153576234,720.9672786349515,660.4519428688872,660.0697280647611,659.570343046428,659.0794546922332,643.9883863290395,651.1890255139002,658.9305266761353,666.8442440086408,674.1315586234599,613.8295107404048,622.31050535509,632.3853134144343,641.235953443769,632.36699628157,622.2935255350233,679.3744461677694,688.6550187533269,698.6666151436164,706.7395402400882,698.5287638597815,688.6276781361312,631.2586949234951,642.0581981911503,651.9045283852538,658.2940333255215,665.3107244596599,674.8729567335309,684.4364452709391,674.761784164598,665.6197382733792,658.0122723256322,650.7529264597774,641.6014045591896,635.2623325212442,651.5432513067469,658.2961270980834,665.4595984429175,680.7878236963263,665.5690419609606,658.3944803756533,651.4420815673759,271.7905315760431,290.7306968596009,309.51769930320165,328.4430933590404,345.8390338371314,360.3435689646807,370.9679112722687,378.4860947055122,381.64267972807374,380.22646547540074,374.3777752337721,364.62588769042134,350.76285745942437,333.7008129180144,315.16469846017196,296.52759662379464,277.8506320594803,255.18441614114883,245.87825225160066,241.48761118925324,241.00265293928223,243.36568465266578,242.71656787973512,240.23226621038617,241.0615217187974,246.45342508257033,257.02441671445956,262.135896391141,271.2985220404119,279.66367024547753,288.52781848488917,304.74788278399546,306.23236753039714,307.5177412602652,306.39257490190926,305.12611266614886,270.77595017948175,264.32013343594656,263.7817029363861,270.1006544954221,273.36483241124614,274.002744123918,270.38811595996367,263.87033705680574,264.7595082310131,271.456966590509,274.5367777010984,273.89640074008753,330.29586594497886,324.2726766455768,320.54568043609777,322.1244795052564,320.6399812506446,324.6366823825192,330.77270576069367,334.7348393829815,336.41053284302177,336.6948941733507,336.076853037702,334.1747889931929,329.9414780536112,327.2153996862007,327.80368223505,327.23115025915035,330.32727253340767,329.0413719833466,329.5642477790035,328.8719114879318,11.13012865026929,1.0010247057400894,0.14056956975993676,0.6389305,0.62973386,0.43603987,0.3965891,0.17766196,0.0,0.29436508,0.04450125,0.48871994,0.18466833,0.3968809,0.18071143,0.64123553,0.0,0.22508499,0.576897,0.093241625,0.24463521,0.0807783,0.20859756,3.765054e-05,0.00011345833,4.3886826e-05,0.03195488,0.01261647,0.00030495005,0.95492864,/content/data/frame96.jpg,0
589.2616102430555,190.79125213623047,140.84266493055554,192.01653671264648,0.9990831613540649,590.7509176527308,589.4475865666182,589.3115675435239,590.7864305835869,595.255617737121,604.9103863673383,619.9278959727772,637.2133918852394,657.0691958258773,677.0746807785756,695.2070483307741,710.6910158022598,721.7802246034529,728.4900157161832,732.3235306779061,734.7654936074257,735.9299936149116,602.6223414175555,610.4250161100626,622.0427196751764,634.8803815151248,646.6726248005458,679.8136572023207,691.9558039739336,704.8244705287259,716.404206193868,723.2614602626466,663.1907076680577,662.5141250468594,661.6990478323119,660.897210283372,645.7714554243155,653.0328557794081,660.9029923365058,668.9648774323822,676.3079063689477,617.5030319889855,625.8653709693725,635.6822327981575,644.234012989707,635.6887908275431,625.916997424787,681.8326100688537,691.061728256714,700.899376635185,708.8158588889563,700.7290052120893,690.9998699020487,633.4574814157537,644.1667914717432,653.9459188801368,660.1970599586646,667.2048396862201,676.7352976075865,686.2216690905703,676.3150068950049,667.1703533788124,659.5456107275722,652.3468172352109,643.4099056090422,637.2394591936663,653.3548996580425,660.0271966970081,667.2146870308682,682.7423838543198,667.3408758769306,660.1454884396219,653.2416757957288,274.0257420644889,293.2455819638403,312.18151756069085,331.1949683781743,348.96064938259104,364.0483470700718,375.1869574036209,383.3553366562635,387.00966290721414,385.61154597857876,379.44193047582655,369.2694586452273,354.83377328664994,337.1525844220869,318.18669476850346,299.15695531677636,280.18015392634095,259.2790001016404,249.99784343557695,245.39040546884348,244.7676604920253,246.95146367628644,245.5566772651924,243.24709039061105,244.34993805482605,250.11093682400755,261.1238458717941,265.4511014752173,275.03057637433693,283.8027406884746,293.0196561347452,307.7815948714475,309.7576561656848,311.26244579429476,310.13152564408153,308.5965896814373,273.3861247544766,266.95449709339243,266.3720960146269,272.5782373375905,275.62249517951966,276.26548420935217,272.97043496303456,266.52058216060027,267.3845802142504,274.1864103509126,276.95245667187027,276.2545587384072,332.2560643998088,327.22706531689545,324.34595476516824,326.0233407399325,324.87474481208733,328.4214369765566,334.08745075886753,337.6360794304434,339.1312002576136,339.2506456640355,338.3770062771316,336.17930419080096,332.05689258378834,330.1791811291954,331.0193230633842,330.6487497672964,333.6912496453274,332.9594697045465,333.29422448620994,332.37004363723497,10.280701485340485,0.8691366381362133,0.024136094072936886,0.63522446,0.5843372,0.25752348,0.48083135,0.19806348,1.0,0.22047432,0.3029344,0.4807978,0.3086187,0.43373847,0.18126397,0.52574176,0.0,0.3093477,0.57644624,0.39991578,0.10530122,0.45993367,0.07729425,4.7560334e-05,9.956575e-05,4.302446e-05,0.049413804,0.0040196814,0.0006243799,0.94575197,/content/data/frame97.jpg,0
589.7822265625,191.35823249816895,142.22498914930554,195.5951442718506,0.998914361000061,590.7802275491294,589.4842273346459,589.4263924476357,590.9299036491292,595.3090426578672,605.0267201686215,620.0934776877689,637.5437628325983,657.4124598050352,677.3163347705506,695.1118525004665,710.3540592982772,721.3833009596057,728.1159029660178,732.1583013530013,734.7875223230643,736.0936478397911,603.7135296741636,611.5918472276708,623.4983422773425,636.5343034253278,648.4056554570583,680.5072984155328,692.7440357064518,705.6080450895023,717.1701399623547,723.9369336629741,664.51742111301,663.8872950496764,663.1144844162857,662.3741027301832,646.782879037432,654.1611010929938,662.1531577929431,670.1464456177248,677.3901602903261,618.4872305180223,626.8172309844485,636.7208678026193,645.3487235331695,636.6552544450776,626.7838577084538,682.7705395490733,692.0671408895442,701.876855474057,709.653311437743,701.6974330197986,691.9525623398073,633.8199529711196,645.0367313185561,655.1154746590446,661.4414976895769,668.5280760653961,677.8657801872013,687.0201866095372,677.2263647274054,668.2352222459036,660.6089775018178,653.3578061299479,644.165794440006,637.689000587677,654.4491353385688,661.2063948167649,668.4857001890648,683.5402723703831,668.4629943299411,661.2253373511171,654.3006518907504,275.59154405141527,295.10137513025285,314.2556349734232,333.50192139781086,351.53262594086823,366.90439463722754,378.2525396002965,386.4519009339457,390.03820954071256,388.60101119950644,382.06741772423095,371.6434837688205,357.16179034613214,339.65817511197463,320.94668651674385,302.151803204177,283.36390792403927,260.9369475400579,251.33554487319873,246.82493432341641,246.56942695551396,249.2442485095657,248.76031852007225,246.47729544888483,247.62821529640746,253.28248485521266,264.2510726334661,268.1183435130495,277.81394821466495,286.7504105665396,296.1948797924128,310.71664073237184,312.740665916956,314.3794889295674,313.1525051534831,311.65379254082484,275.5197330995471,269.17216538444893,268.7372985175352,275.0501429163395,278.0130406861309,278.58131671669446,275.8834395521462,269.6267162586252,270.61141326869983,277.4252275438815,280.07902204539903,279.28025986014484,335.4194263042879,330.66728445146117,327.8528631344607,329.61597379491866,328.3932849656926,331.892253659638,337.3545446899004,340.93591480728304,342.3882084177402,342.5414135090918,341.6843267849056,339.59377888921034,335.38531855041015,333.8426911553802,334.68820810415343,334.2975078405998,337.0833334853582,336.0038608482759,336.3939455494134,335.4720009306508,9.158062961112494,1.531151769592214,-1.2594583895909823,0.6221941,0.64592624,0.2736891,0.45273542,0.2034663,0.0,0.21822746,0.15501581,0.49977896,0.27727753,0.51164186,0.307777,0.61844504,1.0,0.23218814,0.57644624,0.09220622,0.17700669,0.04533842,0.111198045,7.0735565e-05,0.00012982251,8.2805345e-05,0.03126669,0.006209475,0.00057332567,0.9616671,/content/data/frame98.jpg,0
588.8389756944445,193.0257339477539,142.4543728298611,194.1775131225586,0.9988418221473694,591.6483364616818,590.265335144371,590.0885221111346,591.500533362909,595.8679746561986,605.5667196936806,620.5038811304394,637.750295849462,657.6470067930445,677.7465824201663,695.8833781726107,711.5322569458722,722.9105261496406,729.9758114882616,734.0416189064199,736.5647436337131,737.8354308456865,604.1078897756815,612.1330202708696,623.9476224996893,636.9109278569904,648.6904959459252,681.7538352560632,693.8938973528675,706.6846153011384,718.1799797807716,724.9120623245553,664.7806590508262,664.0074635695464,663.1054507850231,662.237354103413,647.0852795722726,654.3514574049923,662.2821450255651,670.3364417026196,677.6156123749279,618.9166297359507,627.3795237879672,637.3187544114317,645.7976620861587,637.0394118324411,627.144645747665,683.2144637552774,692.6317794428996,702.6002943018239,710.4915520222448,702.3544233886896,692.4589906483279,634.0631765811945,645.2149703827699,655.1455900382548,661.378465602078,668.3969600517903,677.8159979330085,687.2987847545919,677.2584794223021,668.0815069619175,660.4292730462212,653.2522673423937,644.1912443435863,637.7899271351553,654.5144894172968,661.1634552870901,668.3826408453597,683.8746750034697,668.3906546010439,661.1445250461929,654.2595075444938,275.0945209959905,294.56610706155334,313.84127278090364,333.29190780582576,351.7231569971991,367.49645036910806,379.29437926396076,388.0946079865789,392.0357646989032,390.56724744192707,383.77577699640005,373.2562851847024,358.69795772874386,340.92871142244894,321.91436081227494,302.88738541195016,283.8877081689866,262.99912482341597,253.7734101176693,249.44380152885788,249.29087351527141,251.93914894008776,250.9571166523151,248.64699532892428,249.75323388547395,255.38564026362792,266.3135141760881,270.68630954704895,280.64379681149603,289.82749138236795,299.3891518929131,313.4641262720543,315.6582564678938,317.33256197092487,316.13808182557113,314.52345588610206,277.30815086770644,270.9920822422737,270.6976496363318,277.3017620850119,280.2408104543788,280.6179777962152,277.9540220764811,271.3082575423641,272.20641622428366,279.1878487900385,282.10830719063006,281.37165971296054,336.99976284053446,332.7968882562618,330.3915949037091,332.11983006587707,331.05394500523835,334.39925051068894,339.6334968403917,343.2036597193746,344.6216222611156,344.67119088163054,343.6981098339593,341.3274131285634,336.9615134763153,335.6244940335828,336.5844780767302,336.23833105260746,339.3262519474156,338.926633589871,339.23482291159326,338.19654850312145,8.709916508076871,1.6951319562325504,-1.6578422896256626,0.6253967,0.5695063,0.23779947,0.48284516,0.22152239,0.0,0.20074065,0.47986135,0.49079132,0.37500846,0.38801026,0.07777848,0.5178458,1.0,0.24369778,0.5668284,0.29246837,0.10680088,0.027017493,0.14008746,0.00011404634,0.00022268943,0.00013228851,0.12835824,0.011211313,0.00052248023,0.85943896,/content/data/frame99.jpg,0
588.79052734375,193.7010498046875,142.48822699652771,193.56838989257812,0.9987780451774597,591.2032807317004,589.9234336763226,589.8351331526621,591.4108082491286,596.127231660751,606.1040278468124,621.2242092568758,638.536179197321,658.3117444778381,678.1412571520981,695.952647184187,711.2705503265846,722.4351894827502,729.5054201308819,733.7269957918804,736.5235655498952,738.0919512064014,604.9310718098848,613.3886843285363,625.6095307989974,638.8539793964668,650.7715076320717,682.9626713435485,695.0779005438526,707.914389715164,719.5472975101511,726.3336622750779,665.9557779644077,665.1112413107658,664.1625757341571,663.2522749023352,647.9847263527881,655.2157954131129,663.0673598783833,671.0110634185563,678.0995142053165,620.1356113541904,628.7007448428936,638.5002858011248,646.9002404418752,638.2415002987142,628.5148398949965,683.877942562732,693.2277534578432,703.046012977948,710.9263475405357,702.8019517289046,693.0546206056031,634.9034213750205,646.1261199167013,656.053181077696,662.1560345098908,669.0840207018919,678.3095303776979,687.8128002519559,677.8350176032218,668.8293541137988,661.2710701930307,654.1906287909184,645.1429039176404,638.5840070612205,655.3263830706313,661.8745776723706,669.01516906861,684.491432352065,669.1188687937822,661.9819463464307,655.1883475219041,274.4173658137788,294.1569269373787,313.6472418256766,333.17863509642916,351.51116816659635,367.32176268682815,379.2388132668231,388.2507347369908,392.35033515382815,390.8890274244892,383.91603084443267,373.1590603675322,358.44757217340447,340.61934651170156,321.5451181174758,302.49157428792387,283.4145145727638,262.8683869552395,253.88071516045747,249.9594810399343,250.30290850093513,253.42944829233164,252.3702712062004,249.55231078391444,250.09656127744165,255.28464883624326,266.08652586302304,271.55584181535744,281.59151078598006,290.8235138090633,300.4422794252954,314.17054469781726,316.3592734632773,317.9429717894818,316.76266400968814,315.0538199136797,277.68668309727656,271.81588029842607,271.54795703652087,277.76612622451796,280.6135489986285,280.97577809204375,278.160351321254,271.6591677230957,272.44331901607836,279.0516151541291,281.95394755574745,281.32747107186003,336.73334814559274,333.37634298367334,331.423963752047,333.1737339345185,332.14694051423214,335.0689329438537,339.57483137603197,343.1943532921556,344.55301352317326,344.59186284611496,343.57154892801555,341.0974174743445,336.7867209680946,336.36319966061563,337.3852165248027,337.03742786040675,339.3363220081359,339.0067396372782,339.2554943718802,338.1737082535452,7.27117945248359,1.6507199431097184,-2.6980517002822664,0.5214851,0.6738781,0.23658013,0.4710601,0.22664371,1.0,0.28204826,0.215771,0.48709914,0.3453528,0.5978046,0.22593363,0.60536855,1.0,0.42228657,0.55911875,0.2343142,0.10532124,0.060808137,0.055487644,0.00016252788,0.00028356395,0.00012289279,0.2911269,0.00952024,0.0010681668,0.6977157,/content/data/frame100.jpg,0
589.1650390625,193.26787948608398,143.05208333333326,195.46892166137695,0.9987727999687195,592.285625457327,591.2300404600364,591.3914199567663,593.0778813106932,597.7411863793845,607.6283098609354,622.6515312981446,640.0386437697989,659.7889062814795,679.4954641034824,697.1812113069077,712.2364143428495,722.9537941085227,729.4998366706845,733.6055888776259,736.522003099441,738.2026483462323,606.392456999751,614.7076516986608,626.6928379621975,639.7929202338325,651.6481318820177,683.3823852794462,695.5514290354995,708.3284936646796,719.9297819046988,726.8354723994485,667.0265972283828,666.2195564392091,665.3076439682463,664.4597785809092,649.0739522239505,656.4074411662702,664.3261059839774,672.1685112911769,679.1787658851267,621.3287583935416,629.6964168953996,639.4194870088511,647.7790435056968,639.168709331708,629.5401020256165,684.8472473590955,694.1269301801303,703.8556695999364,711.5728887934524,703.6713577240498,694.0334949782377,636.2261925329165,647.4064491423214,657.443386316208,663.6839294624556,670.6926321624342,680.0349919264713,689.7646261319906,679.6181476133743,670.4285305667809,662.8320934635162,655.737924746903,646.5177242042539,639.9540026337436,656.7724927657041,663.400478125755,670.6110388902143,686.3644823650188,670.740978552999,663.5471810396348,656.6908505598906,277.7599874360951,297.4317464824717,316.75121860685385,336.15228400345586,354.2981607788529,369.9653552995237,381.6720465003491,390.31011204093284,394.11265772034994,392.5450490749804,385.7328217441768,375.09646202862587,360.4086384330749,342.6034792800215,323.653805313661,304.6555193172271,285.58347641407704,262.15907696333284,253.2902545759382,249.37184113717876,249.54528276475298,252.71297798067485,252.03698834591387,249.3898626806831,250.14121704023864,255.29256130558792,265.8797637310215,271.60428116027765,281.7154436052772,291.04412992513494,300.7926734693583,314.4014134568779,316.62955571191605,318.2965414955547,317.0304336924437,315.2956678910323,277.55692700331224,271.62130306036806,271.4535587012019,277.8414199265071,280.4858402630582,280.8128984222492,278.41037781084333,271.8928076096952,272.6603170456815,279.26058502016417,281.9986013404157,281.40663068601884,337.79968236859213,334.5190484184359,332.6190268806231,334.3702064074605,333.35003884623075,336.18683112060035,340.5269612602856,344.71520152515996,346.1803711873981,346.2471305902168,345.2152888716355,342.68510051429485,337.95410280924807,337.33949687251334,338.31923130432915,337.9916278850942,340.4419566175343,340.8295246605785,341.07203955090154,340.0044483468737,9.940404658852849,1.681276332642003,-2.971983407701346,0.58255696,0.621135,0.1745275,0.49877563,0.21234187,0.0,0.22008261,0.5877237,0.4819757,0.38197833,0.4820649,0.02569288,0.59435695,1.0,0.36064708,0.5470833,0.52586216,0.23984435,0.24910513,0.13486092,0.00011297318,0.00035896336,0.00012660025,0.15639868,0.0074744853,0.0006662682,0.83486205,/content/data/frame101.jpg,0
590.7918294270833,193.24925422668457,143.04443359375,195.34953117370605,0.9988009929656982,592.9541772140026,591.2893518596604,590.9830225413227,592.5284494986058,597.361050803196,607.5798713039859,622.6703951150615,639.915406604617,659.8708430971529,679.7376730615065,697.2129371691992,712.3067584872765,723.5776513914441,730.934263759766,735.3443719797683,738.0809534789653,739.5260998949309,606.3283416444696,614.9893485779892,627.2556344908215,640.4686891565315,652.4331344125698,684.2641022382411,696.3363452337617,709.0809722629008,720.7623628713134,727.7360731977983,667.5185652520263,666.7237123672655,665.801821628017,664.9370364443439,649.3173885118872,656.6086096396677,664.4561453491058,672.4655523238584,679.6087768662085,621.7510962722063,630.4662046765328,640.2444656666621,648.528928040064,639.8438115797165,630.1524105568577,685.2885650067235,694.7317447927835,704.5401514242521,712.3703333044696,704.165716709716,694.4357376494352,635.7043783835965,647.1477686296666,657.1684313156363,663.2809613601703,670.2210678547103,679.5081470127086,689.1403466068978,679.0593786657621,670.0470964153981,662.4684612239557,655.3016441368078,646.1511111109016,639.3593085965126,656.4023827134346,662.993617158945,670.165149960555,685.9163628333831,670.3700984042007,663.2241352543408,656.3955781121218,273.14989157503476,293.34599717498645,313.3514272270645,333.3529449826999,352.12846081310727,368.4657496655316,381.1344781436833,390.8725612465953,395.13978681151707,393.2984365458094,385.3331966033968,373.76059578106447,358.59906378955475,340.5086749011791,321.19781719254433,302.02661449442485,282.89281614479455,262.03134768609016,253.3090015333447,249.65212215845088,250.04472110647077,253.15774237213077,252.8077944415794,250.19282947179966,250.65947561624034,255.44065816758427,265.76990323546795,271.74150677314276,282.135109117508,291.7072200300843,301.67918859783026,315.2694585030481,317.536368814305,319.18126590864244,318.03363566465305,316.26135140364545,277.25848050545073,271.6158591811409,271.4057129722214,277.5578131007753,280.41313978325036,280.67757609155524,278.3081985447192,272.0830572388297,272.89794667037177,279.2906739888796,282.2506126837336,281.57088610804146,337.7091194017428,335.06602781503784,333.38786222845056,335.14418990896706,334.1014092096407,336.72382151514876,340.7043595857481,344.5255833562078,346.06732157684496,346.1544400351304,345.07041255330864,342.3514503605909,337.91556290152903,338.0143903041678,339.1078352424265,338.7063637649742,340.6048615037191,340.60536451326175,340.9102861035044,339.75639618520677,9.306017821038983,1.5913306966695677,-3.363547985704339,0.5515141,0.6818741,0.28688908,0.46578044,0.20697413,0.0,0.20279892,0.7869656,0.4964705,0.53334934,0.5679786,0.3191222,0.6021103,1.0,0.25822568,0.55180186,0.17758137,0.33364218,0.016173514,0.039284084,0.00020307014,0.00064120634,0.00023326979,0.43625075,0.013380389,0.0010795217,0.5482118,/content/data/frame102.jpg,0
590.8217230902777,192.65856742858887,143.44976128472229,196.0458927154541,0.998723566532135,593.0295958619242,591.3701203544487,590.9921458883905,592.417606820953,597.1221709117813,607.1917246467538,622.3643876453102,639.8947943731654,660.081416389562,680.1101263313345,697.6112124404409,712.70919970722,723.8635707634381,731.1382672740855,735.6014936464609,738.3865037141546,739.8523663840533,606.5220338620469,615.0070647616466,627.2824271545178,640.5490816668653,652.5101483406381,685.251218486375,697.3082467356653,710.0692222362352,721.694994804216,728.4408544829691,668.2692237141698,667.4382905597872,666.4939591061118,665.6337193552753,649.7706967092498,657.1354724426815,665.127766908746,673.2436608936823,680.4624645366431,622.4036711046238,631.1375767062141,640.9857429428796,649.2407731494967,640.5256714454397,630.7699121325209,686.0455814955177,695.6087165426537,705.4367748083552,713.0874230690135,704.9700988099919,695.2184480294947,636.404967671905,647.9868855124173,658.0759617875395,664.1498099917709,671.090060745471,680.207146590121,689.6325266116293,679.678898694615,670.8092362444278,663.2664474765554,656.1482537998893,646.9594649499921,640.0950537785506,657.241179513192,663.8151258558095,670.9622475269655,686.3860428170002,671.1852440836186,664.0790254468433,657.2932513055036,274.0172508628547,294.1917786498536,314.16844484390435,334.13689397311214,352.9167152259564,369.2957933820255,381.9138115855395,391.5117780133412,395.78772261431135,393.9655814742222,386.0145896779446,374.4066254245553,359.1968664446981,341.1855370668065,322.02451972563847,302.9083456837333,283.79297792378793,262.0701153391187,253.1382569996631,249.37209293174473,249.82687802398698,253.08596786177972,252.60280865569808,249.99347691033518,250.60872613488323,255.65781801273067,266.35933204226274,271.7601311221457,282.1033474710138,291.6396789013453,301.5903200695344,315.0549623754846,317.4469275156184,319.2065993316877,318.0049868101968,316.1842058327181,277.2120134225461,271.37596931843916,271.2062644937587,277.57021995829285,280.3865838775037,280.6385855512691,278.4142289027201,272.0978230403748,272.98490847490064,279.65425550123746,282.5355706906751,281.76393782165286,337.70474072349646,335.2180129140636,333.63052085773427,335.4285436505026,334.42468755474755,337.02607567001905,340.9693132786162,344.5695655526391,346.0409249621597,346.08519334732944,344.97444529714016,342.280958748611,337.9415772852691,338.2196393942064,339.33874473218816,338.9850042973843,340.83029624644246,340.6356107033015,340.91539755451817,339.72355857261016,8.729142424083516,1.5505967945661534,-3.6977862746259205,0.4235941,0.6294799,0.32104346,0.4881144,0.2599514,1.0,0.3298208,0.5862568,0.48251015,0.42300367,0.6580582,0.09952713,0.56623244,1.0,0.2482117,0.55180186,0.10567083,0.36107895,0.17676154,0.32160318,0.00015750199,0.00025818674,0.00016997331,0.29448116,0.0096194185,0.0014250303,0.6938887,/content/data/frame103.jpg,0
591.2979600694445,191.3891143798828,144.28960503472217,196.60892486572266,0.9986569881439209,594.6192939438217,592.988795648814,592.6925817553977,594.0986731354005,598.6775149871764,608.5916592804356,623.5848368409152,640.9875788611985,661.2040645863303,681.3998572453702,699.1130374447321,714.2961088672391,725.5002193848632,732.7203627240542,737.1004723909764,739.8984871155844,741.4535678683214,607.5824592205695,616.2324842860503,628.6675123127688,642.0782574293466,654.2173809391043,687.1145747529054,699.1947972043372,711.8466348446973,723.3600936925232,730.1171707909098,669.7844729180779,668.9743425446532,668.0365240705723,667.1632105874287,651.1890143496507,658.5187964858424,666.4764089191531,674.6061752872911,681.804226335058,623.5348584808125,632.244881484779,642.1646437732156,650.5536324545083,641.7361784764271,631.8948642132668,687.5057109678446,696.9881133864019,706.8404175450096,714.5506975648468,706.444893809431,696.6682040690202,637.2745551448074,648.9656242031274,659.1474283492321,665.315684709004,672.3942039444828,681.7676496004979,691.4820421728573,681.3084786905174,672.1628184810252,664.4514978312927,657.1840058318694,647.8497033287372,641.0082016144597,658.2929587047315,664.9800112549665,672.2808174736028,688.1950157728952,672.5150717005554,665.2270342919846,658.3178002278382,272.2851865941125,292.4995418404724,312.50424531936187,332.52678013213153,351.48745057479755,368.20089482131334,381.2430811729082,391.27333304359763,395.7030554439025,393.9745129376861,385.99466758728977,374.253324854978,358.8821806727601,340.6881169612798,321.32698682231603,302.1506247400175,282.9703181079135,262.00609058408827,253.0371194870072,249.2577907712116,249.73060940164214,252.9665043110772,252.65683957313695,250.0654320704275,250.6671974011847,255.58622679073278,266.0354728199077,271.66438758006916,282.19363554808024,291.92643601953205,302.0687243547509,315.16197188404203,317.61618499137694,319.4252919390756,318.1390733885901,316.2142877717288,277.00170799979514,271.25757160387093,271.09444583651293,277.36130187885647,280.267837426456,280.52149096341464,278.18609950877726,271.96419445913716,272.8373602853362,279.3800887191578,282.34772611668586,281.6008843222262,337.67574654082364,335.29426502562455,333.83839567708674,335.66159331606923,334.60214770734365,337.0558826874294,340.80042061456606,344.832636457465,346.40725011458653,346.4982771052855,345.40132663263375,342.65149025966093,338.0223466087609,338.4653174425348,339.58416333068453,339.17979424099667,340.79037994233386,340.8891975946808,341.2184725811194,340.04343267862805,8.459336400238644,1.7344476511069826,-2.7733970732344755,0.5211263,0.6083864,0.2511638,0.46148863,0.2598198,0.0,0.275627,0.03791105,0.5002256,0.4275031,0.5658353,0.056493312,0.537878,0.0,0.3077574,0.55590594,0.13329107,0.32887113,0.3012825,0.12713756,0.0001562645,0.00026848694,0.0001683494,0.21381816,0.009346165,0.0010176386,0.7752249,/content/data/frame104.jpg,0
592.0336371527777,190.8958969116211,144.06673177083337,196.94829940795898,0.9987820982933044,594.3575582940839,592.7139233985532,592.3277115466666,593.5886703871784,597.9379153587721,607.6821665295249,622.5231878857496,639.8901839329496,660.1766142022484,680.4351102676083,698.1840498541414,713.4508459527028,724.7267698137889,731.989662837906,736.4004778659123,739.3422749466863,741.0591085851406,607.7857329780165,616.2673489742845,628.6425816639055,641.9887216344553,654.0532127180811,686.2944609773263,698.5200773381348,711.357386557057,723.0943586081162,729.8640431862882,669.622249014631,668.781588657363,667.7949745497112,666.8705256674666,650.6665884437211,658.1085463359016,666.1943855158479,674.4048439268308,681.6800065886841,623.7357760390323,632.4478668263464,642.358487100513,650.6486277225804,641.880090966944,632.0310724445801,687.1507436402767,696.6914505365644,706.5669452749157,714.316538624847,706.1667522342195,696.3378990234737,636.9863861033734,648.5013636411329,658.6152006707321,664.8118607668935,671.9787097151379,681.256851998608,690.7410847528931,680.688124002831,671.6135647326364,663.8189850588126,656.4887639823878,647.2874865419801,640.7230683544767,657.6945129747969,664.4361224806289,671.8383625271181,687.4674298927985,672.0919679096255,664.7014481141082,657.7282227831811,270.25410047598507,290.6098802591473,310.7303393782654,330.9123579886659,350.0235795349149,366.8830337763575,380.12783301915306,390.28933287226573,394.76621518038974,393.166471356933,385.2164081853907,373.47253358267744,358.1041291063998,339.8053660635178,320.3207728201428,300.96094671962555,281.60667787753187,261.1188339683347,252.0591081407763,248.38742961336243,249.0535469782426,252.4081448216116,252.1000585849772,249.46395297801882,249.98110200873157,254.9763941197582,265.8260079385834,270.8975521151276,281.35775636936114,291.019708698479,301.1035900625834,314.2157617057396,316.6751831206134,318.53236394708756,317.23730438837856,315.36013433578773,276.03317028391393,270.38650268618267,270.2794990487041,276.59960916817295,279.43314888269856,279.602409310045,277.6920929226744,271.4918406822849,272.38477730320255,278.9509633891398,281.9536367494509,281.17048591693356,336.7150655143,334.1352438770027,332.5758447636222,334.49200718963857,333.450806576559,336.1647912790677,340.41486137457423,344.19799498094153,345.7071745093285,345.7239237622198,344.546545665793,341.6743939225248,337.03900648947865,337.4449892214602,338.64901961937585,338.3064981020916,340.2794023200727,339.98743847194464,340.26313201974517,338.97846854903764,8.613762231211588,1.9605326923715662,-1.7377579081874839,0.5103868,0.6818852,0.23541932,0.4665887,0.22636141,0.0,0.23578903,0.7885992,0.49355775,0.43537867,0.5316728,0.11159232,0.563935,0.0,0.2582223,0.55590594,0.19946158,0.17043652,0.18540177,0.04812037,0.00012780097,0.00028823916,0.00015330501,0.21339396,0.010051496,0.0007117688,0.77527344,/content/data/frame105.jpg,0
591.9481879340277,189.31228637695312,146.0791015625,197.98619842529297,0.9987602233886719,595.6784545335547,593.9456273352822,593.3723126156198,594.6166782642167,599.3092341618476,609.3797031135105,624.4717570334577,641.839510097278,662.088723591011,682.5521304463325,700.4030735991261,715.7582544802765,727.1665309433799,734.463931884418,738.8583404788267,741.7746159151502,743.5089087848335,609.6946808560733,618.03694266065,629.9343639453668,642.6268376248046,654.1206753117168,688.1528786588464,700.4149830644062,713.2083402523533,724.9640728868189,732.0748166793925,670.497018494995,669.7114044577169,668.7937525437767,667.9455748708172,651.393910480759,659.0412103788439,667.3516593252136,675.7431591925481,683.1970541892481,624.548736644948,633.2706144254663,643.1841892710579,651.4053243083641,642.6174771532823,632.8078446087095,688.5857544432529,698.0624459198074,708.0180933234817,715.9274651825754,707.5874549891516,697.716547466853,638.0519177891033,649.8979556079828,660.1759799166562,666.3573110213117,673.4318307803694,682.8691686255164,692.7524246064647,682.3431412803332,672.9426930392943,665.1416250927608,657.7928336053471,648.479907897203,641.826333215657,659.222755378716,665.9774967903,673.3125803557265,689.413710099066,673.341766334255,666.0190737107075,659.0606889394776,271.1666946352575,291.41051275886946,311.4970225649246,331.7314589753996,350.80389409808157,367.49565401729217,380.55842568437856,390.7500674268101,395.41975318600157,393.70388387675774,385.6199059452441,373.78726450467036,358.4438939612652,340.15136596205883,320.56819745674125,300.98085143387596,281.4438480377303,259.4832047322152,251.18173390830407,248.15899549935665,249.04790042813772,252.29667793911003,252.3885337613932,249.933279248887,250.42823719237612,255.14563161807064,265.4528135831198,271.32997184653095,281.68892670701945,291.2204994352904,301.2040583206142,314.3229786557578,316.82827133184037,318.67735388709025,317.37248149916377,315.4792022243662,275.67881717751624,270.0337660373815,270.0874931613686,276.7003972313989,279.4384909235031,279.4815051931686,277.885516476469,271.54912158487116,272.4611657125439,279.03648628572074,282.1047596359387,281.3736515818515,336.6889827741699,334.5646938595195,333.30922946726804,335.2130729050847,334.2165154732593,336.79084339695305,340.4861762921662,344.69319136213596,346.34413213593416,346.32984360981317,345.09591821481644,341.9250266242261,337.1272114454681,338.2509919879683,339.4683772456912,339.1143928180934,340.4713921283701,340.59783637984106,340.8441399822417,339.5305585323089,8.730554014998425,2.073027346302266,-2.046365979474768,0.453599,0.6206383,0.19446069,0.47298086,0.24346444,0.0,0.27227283,0.01831312,0.4835819,0.53515565,0.6443361,0.2239019,0.646182,1.0,0.46732152,0.5545626,0.17483853,0.34657815,0.5759546,0.08855385,0.00014564437,0.00016744024,0.00010307011,0.10025732,0.005473793,0.001029612,0.8928231,/content/data/frame106.jpg,0
591.7042643229166,189.89087104797363,147.00786675347217,197.37884330749512,0.9987871050834656,596.1947697783736,594.5975605533108,594.2041408890833,595.4732986294227,599.9769194915932,609.7369346911105,624.3973786494281,641.4724605469212,661.5836104414522,681.8995789847056,699.7258461234364,715.1385200279826,726.6652160726294,734.1394873406109,738.7023775639614,741.8165584355086,743.7829049925821,610.2357742653652,618.7907928462538,630.8054084744751,643.6549269195425,655.3358651854892,688.7719025311383,701.0350873589775,713.748130626405,725.3900124550969,732.3883076587222,671.1167128934565,670.2256077716363,669.1994815885822,668.2436753455121,651.8214634790484,659.3009865072536,667.4797136445904,675.8290524010209,683.2261849113088,625.3216460958863,634.0752574484583,643.9331149174111,652.0339127094937,643.2689296019214,633.54247907964,689.002810569359,698.434901342868,708.3508317034339,716.1480862251701,707.8416933144395,698.0455934398371,637.8796777309059,649.680615894436,660.0232870672612,666.26504644598,673.4402920868185,682.8873475534381,692.6302239440533,682.3221903887247,672.9228948813435,665.0408569025557,657.6049573665308,648.2326194832008,641.617978069785,659.0401279063595,665.858289146077,673.285774571636,689.29878678734,673.4159532840616,665.9934513836611,658.9507703355648,270.73264343932783,291.11332722146636,311.3410887811784,331.6336361679506,350.7361939821096,367.532833764304,380.7402766097754,390.9587055356967,395.555831023946,393.8455642483158,385.720117065506,373.9623153357484,358.71978716834064,340.5261368137492,320.977899379965,301.4422548766096,281.99496559196314,259.1388321578444,250.70412406250938,247.53018324196555,248.40918955058225,251.69345262991038,252.356741475577,249.93628001196004,250.43196429478996,255.12938852096656,265.36133508240977,270.71366933787465,281.269220329013,291.0192614193959,301.1958739104181,314.0399853012767,316.61621369077454,318.5318779381627,317.22167670344095,315.28860541208564,274.96489159193067,269.34403991857897,269.4258727899134,275.99427188985453,278.67485077852757,278.66676843248445,277.39241187305254,271.19980304062045,272.1530116388488,278.79697538018,281.75179638773636,280.9417053144201,336.35760860676316,334.09436818543315,332.8017998768386,334.71572765512053,333.73665554955414,336.3488980259621,340.28897466321916,344.4521381689014,346.1328849697261,346.13199555872046,344.8785048638331,341.66486525364166,336.80157999255215,337.79900502363125,339.02345574330343,338.6784207436633,340.268645268805,340.3353934471314,340.58369441168423,339.25710260271603,8.815166678551716,1.9744076648003221,-1.680040979576838,0.54172355,0.5974059,0.25567678,0.46789014,0.23378369,0.0,0.22543797,0.17932871,0.49653587,0.45106998,0.5374401,0.033335533,0.6120748,1.0,0.19056949,0.55242014,0.13881823,0.23347434,0.3352954,0.06269206,0.00011350293,0.00019557496,0.0001537019,0.14766629,0.009965822,0.0011998405,0.8407052,/content/data/frame107.jpg,0
591.9944118923611,188.8103141784668,148.97618272569446,198.5130958557129,0.9987351298332214,596.1423946579933,594.5556260894114,594.1052306756288,595.2786448535979,599.76175520723,609.6962854101672,624.6871619792545,641.8984695153943,661.9598166701996,682.260924138274,700.2236941107286,715.7864471607695,727.3550881580685,734.7311183948498,739.0808242700193,742.0532359282388,743.939953366761,610.5452720506563,619.0095167875807,631.1680595955559,644.1831782828833,655.9724893564983,688.8946998365941,701.2366338684343,714.0848531952073,725.8142383892681,732.6951577576558,671.5760993472849,670.6649363232943,669.5923333631513,668.5998398242723,652.1398101405273,659.6423797538248,667.8177719541513,676.1492937532405,683.53473776994,625.7335824202888,634.411383653229,644.2901801614096,652.436990251668,643.6987448843214,633.8945273791875,689.1735635433693,698.6472480429014,708.546810242078,716.2898785043245,708.1034822626156,698.2651451298145,638.6482235607225,650.3443623510453,660.509555009812,666.6455362735175,673.7491348431961,683.0748398339701,692.8800228549932,682.3641349470596,673.0535090426703,665.3059539712923,658.0698667433692,648.9083704475471,642.3581118736288,659.5695755961624,666.2480277024952,673.6050741930464,689.5281918499078,673.57950222075,666.2385571275247,659.3575170696508,269.76175643488034,290.1936700077748,310.3971325821887,330.6942927941285,349.81586641734896,366.51165236317615,379.4360622526048,389.4312105247961,393.95659769548126,392.3983544419151,384.6320854008055,373.225281905025,358.1462949116814,339.99983554133735,320.49131722682176,300.95089429167876,281.3597036791643,259.5920201719301,250.94252417317813,247.64828335112122,248.45044957037356,251.74075023567738,251.98324381083825,249.44910537242671,250.01324352750498,254.96506214959436,265.5970604425663,270.5181529413634,281.06838765717316,290.8282837233713,301.0387420388181,313.6834788919764,316.27266593482614,318.2224258813973,316.93664269245994,315.077769028326,275.0867824449907,269.46975887226165,269.4826016534622,276.00048704757154,278.77688478155324,278.8480915783698,277.2186415279871,270.93251544415455,271.900175346417,278.5438475825997,281.58243967550754,280.78585357014333,335.9573057065128,333.89807329664035,332.6698944894945,334.62992014176825,333.683189216277,336.37340045839903,340.27015159274185,343.9799618124513,345.27582612317127,345.14360724142534,343.87692138882255,340.93094782744697,336.3299806409184,337.2475331082924,338.5362696399492,338.2616229658071,340.1831131750977,339.87409129555317,340.04182128374737,338.68346821673833,8.381988338695022,2.0986192378698814,-1.3637063458707313,0.5051811,0.5775992,0.22877058,0.68088835,0.22062388,1.0,0.26818565,0.83018404,0.50195026,0.43205348,0.65117115,0.026926849,0.5944211,0.0,0.3950752,0.55468196,0.01951319,0.12700926,0.23440771,0.11220194,9.100763e-05,0.00014395358,0.00012885801,0.1442955,0.005279731,0.001134696,0.84892625,/content/data/frame108.jpg,0
592.1248914930555,188.8638210296631,149.40711805555554,198.82811164855957,0.9988304972648621,596.5587768398125,594.9255357984919,594.4316337868213,595.410421509285,599.7304135523796,609.5628389828504,624.4624468383989,641.6767624035203,661.8358885851201,682.2411853790052,700.2945644455791,715.9272089395013,727.5704247210404,735.007521921947,739.517009162387,742.7740980798396,744.9252964529164,610.7658609704331,619.4147689190838,631.6614724543857,644.7312689771253,656.6168582852489,689.8727587857468,702.2572737779146,715.0607481136948,726.8005549292398,733.8030635835936,672.1275551766091,671.1591987738515,670.0522416323686,669.0087967932812,652.35585972814,659.9034990532116,668.1267494284184,676.5342651198229,684.0055503133312,625.8323770519254,634.5315501669032,644.5384566627772,652.7414416929519,643.9128761276056,634.0012167533827,689.8332946927894,699.1898969325525,709.1747817534916,717.0091366022076,708.8329871552439,698.9539372099044,638.5995657541268,650.3835083579576,660.6567299301437,666.9153937621068,674.1778961272521,683.6810914733953,693.6685930125701,683.0403510380102,673.5292628732755,665.6315237138168,658.2539924060098,648.9562236626664,642.3435135870205,659.6651572636913,666.4944149946386,674.0201393044861,690.306494054614,674.1173702967561,666.5987708555832,659.5619959915065,269.0862016189253,289.54738810121484,309.8486845665243,330.333449955525,349.65575248959675,366.50096145988516,379.5834291562554,389.67350889452985,394.18990768422293,392.6717702473612,384.89468455264137,373.45432131955056,358.31929415055487,340.12300529294356,320.53918736954097,300.8749338029792,281.1433637376738,259.2163528512951,250.61614572654798,247.4034841339237,248.27982875958804,251.61638627215626,252.01242799926365,249.4258446871276,249.81949723671545,254.48474320800787,264.864332954347,270.4547025923285,281.1636504146481,291.0886635846501,301.4320672464738,313.8267646856895,316.4339688752267,318.4168013396468,317.08504819190193,315.1809732578595,274.79386849608244,269.177338786391,269.27220193308364,275.9418754048883,278.72032531527094,278.72663957014413,277.05191145668664,270.62465417535077,271.5132575570977,278.1325805348067,281.30845874853577,280.5901624821802,336.22905835357506,334.19770283143583,333.01314008445087,334.97873633962257,333.9838145582543,336.5857142048462,340.44693794497334,344.2641467778201,345.6205169867935,345.52607336829624,344.29005797687176,341.3205805246334,336.67014603183287,337.6622093329545,338.9148778605422,338.5894519725627,340.41348945969924,340.19195012993714,340.4045016014113,339.0510040939793,8.135074765751426,1.975853290035286,-1.9448144073990008,0.5454393,0.6784752,0.2162996,0.6545987,0.23479423,0.0,0.2520606,0.37381482,0.4729274,0.4425599,0.469038,0.068988025,0.55100137,1.0,0.28562877,0.55590594,0.1473575,0.40021634,0.090137914,0.15238781,0.0001266155,0.00021321353,0.00015637121,0.17478733,0.00761776,0.0012632622,0.8158355,/content/data/frame109.jpg,0
592.9055447048611,188.1910285949707,149.2216796875,199.73305892944336,0.9988347887992859,597.3754729702144,595.5317690193519,594.8593759821684,595.7873102313099,600.0994244300078,609.8888743243617,624.7440010580094,641.8494404902344,661.8871144346493,682.2064158665237,700.3595921253034,716.3895369909411,728.5395840993725,736.4226679804767,741.1688129454136,744.468869656585,746.677160022529,610.685598607816,619.4138435287208,631.9610634675785,645.2626639217706,657.3578527071318,690.9849618695978,703.6152335952181,716.605270203619,728.4775970515075,735.4458612513292,673.126006226347,672.1119129807378,670.9636882780176,669.8956224426793,653.33372327552,660.8418848048912,669.0064461702278,677.375197642763,684.8465012363214,626.8270458722982,635.658057289819,645.6306289809684,653.8064834464058,644.9804007063483,635.0919522535842,691.1374794365504,700.6248264029393,710.5306395149983,718.2811776873926,710.0578150570152,700.2247606531324,639.4512603247463,651.3210156887408,661.655673741186,667.8575643105124,675.0436474821705,684.4643072995772,694.247203481507,683.5845026573169,674.1170561190626,666.294609256779,659.0140026229872,649.7315814939109,643.2108340647496,660.6682167829113,667.4034973989333,674.8187426436042,690.8889740902466,674.7092402877882,667.2946593431233,660.3558886349626,268.9664078039643,289.425547958592,309.6950697480867,330.07185098800096,349.3104934564678,366.13788404965226,379.22755137292074,389.4586143394953,394.20373071087465,392.81552941676546,385.24359508682517,374.0676117913878,359.16490546269165,341.09008803256825,321.58666843915785,302.0300191291434,282.2813371163399,258.73968778796615,250.02677176827348,246.99184933258658,248.0810227648874,251.63272774712172,252.42705912195254,249.99287103893866,250.63979924256154,255.57818405760122,266.22023443752096,271.0263164062186,281.6549664978467,291.4846779726674,301.7817137871425,314.19096647208073,316.7774221166685,318.7849224485627,317.51753803940267,315.75382866667337,275.0031376771931,269.61979328936525,269.75746053683037,276.26992207344455,278.98478048046866,278.9196290788119,277.7997835580653,271.71860272852587,272.74368192477084,279.2811225702101,282.25617228923363,281.41788282583843,336.8498110936513,334.8512109532344,333.65445663502726,335.61788459018396,334.69419328946753,337.3210355172115,341.19964753247075,345.110245950166,346.50859031963466,346.39160208848307,345.1537040279733,342.15955389802656,337.28090608244474,338.30021372595,339.55944081675773,339.29183505953074,341.14148913840336,340.953670811996,341.1260888070831,339.76080229167303,8.010858167130872,2.204293243054795,-1.891305203930835,0.506287,0.6857438,0.103857264,0.4331659,0.22038431,1.0,0.21249864,0.5306812,0.4960339,0.45778304,0.63157475,0.08758242,0.57860726,0.0,0.31220666,0.55590594,0.21800654,0.17313041,0.0969454,0.10617228,0.000100126534,0.00013238173,0.0001427632,0.14376475,0.0071162903,0.0010269138,0.84771675,/content/data/frame110.jpg,0
593.3109809027777,188.43142318725586,149.62000868055554,200.80292129516602,0.9988151788711548,596.8762907085361,595.0790481085709,594.4704209375691,595.5429187876966,599.8596496547825,609.647924570255,624.5571502407183,641.6519529799393,661.6291747051037,681.9150259602867,700.2008570358888,716.4997737534493,728.9167964000455,736.9295161572229,741.7483507959682,744.9921313927857,747.0542623945536,610.2994742044561,618.8452310627612,631.0762156749516,644.1299945352721,655.9861239263572,690.728098490356,703.1939681496146,716.1018881927955,727.9348867065232,735.1173795989716,672.6127508138427,671.7119320446047,670.6462456310416,669.6541672562593,653.7952542600794,661.0519799619794,668.9242627624348,677.0071004601641,684.2349789921341,626.2566557277266,635.2108043477328,645.275278168528,653.5608431769683,644.6502848784646,634.6751963512019,691.1325333711432,700.6933055872419,710.6998911738308,718.5862779926437,710.2420419913408,700.3051147438911,639.3327252565716,651.2316191228705,661.5991498065531,667.6968181953553,674.6666520778112,684.1391951851817,693.9488128412647,683.2564588590317,673.6981857256155,665.975826342295,658.6825551467991,649.3819675992931,642.9910088776271,660.5998111657018,667.2451233630346,674.470976776279,690.678992951899,674.2453555701892,666.9788489757213,660.0827667574879,270.0728346981115,290.3581473578887,310.3958641190229,330.5650268842398,349.5704645095092,366.3019810569396,379.3372250540315,389.52782355630075,394.3014018184219,392.8142034590743,385.32508461151644,374.26967423819923,359.4760957732509,341.39527565287995,321.8591851088122,302.31167634214324,282.64487946501663,258.9309402651806,250.5390565236522,247.45379532664464,248.29851399842335,251.53720307333884,252.0423050260901,249.65673671128252,250.35413876769016,255.37687844576692,265.93844710094834,271.2074828674224,281.71967309580793,291.4370473120722,301.58797646739254,314.917609531976,317.29242748248555,319.08290532415504,317.9032090351101,316.26258997912663,275.7015803828821,270.11024912562846,270.1875914258891,276.8314027373579,279.6315530703963,279.588451075395,278.06543253093133,271.75906919432293,272.73566474650886,279.50939245110817,282.5519968919831,281.7349979304185,336.6626737292256,334.8159090770229,333.5667267993687,335.5003992062376,334.60353013664155,337.2940368076206,341.1484696941653,345.52509596100265,347.3021017362572,347.2382458649556,345.94992565448615,342.56149987551,337.18508254768057,338.52697504783845,339.7992235714014,339.53509638443893,341.1690512199357,341.4606252287733,341.64101878332735,340.2636651616573,8.005677984506342,2.3907150815031484,-1.644730938112059,0.51905435,0.6206753,0.21550907,0.48219734,0.26689294,1.0,0.18743086,0.59308815,0.4725903,0.36245257,0.6415419,0.07467747,0.55197406,1.0,0.23843959,0.55590594,0.12400148,0.32041866,0.12789127,0.120723784,9.174161e-05,0.00015492599,0.00016084456,0.2887768,0.004479014,0.0018766295,0.70446,/content/data/frame111.jpg,0
593.8547634548611,187.14080429077148,149.36393229166663,201.69744873046875,0.998881995677948,597.4158024440112,595.7546421044735,595.170876347019,596.1388998308324,600.527741098214,610.5908703560257,625.6163854451864,642.5686135398203,662.3723526459908,682.4876253622627,700.3328481869655,716.3245077049621,728.6493771755165,736.5314970586289,741.1030899474587,744.112131406818,746.0047040391262,609.9773967754402,618.1892709706641,630.3860689589579,643.4049120237294,655.2653411378597,689.7123284673842,702.244362847571,715.1885774946874,727.062488197122,734.167393432495,671.7501497985038,670.9321946420736,669.9445691164103,669.0478307029116,652.9145171286698,660.3421293183303,668.3591227905897,676.4614203095523,683.685777178056,625.8773035897277,634.5869650556248,644.6024146458643,652.7686505269085,643.9663779790208,634.046417562657,690.2827100155831,699.8756427332003,709.860573008236,717.5938399987587,709.4465894255889,699.4729983997852,638.3204489315649,650.4204305056148,660.9851267838436,667.243194958254,674.3817500649166,684.0112540252856,693.9256674425021,683.2468357058781,673.5075458846244,665.6386118460389,658.2009371546744,648.6036548395466,642.0720020309949,660.0352121964657,666.8157442138283,674.2254242319934,690.5602186647259,673.9294784829544,666.5123038846672,659.4738977196946,269.31720150067923,289.654902390817,309.6921059630447,329.9201724708182,348.90597084708423,365.52069758528376,378.4432580172637,388.59534844605366,393.10345019509987,391.35856190679624,383.51135421597576,372.3672093181201,357.68618523711484,339.6827467046169,320.1996082799757,300.65993230095773,281.01731584751906,258.3980959778484,249.67111546779995,246.55724365914793,247.42848318840043,250.75553576791862,251.13468650416542,248.50433413222925,249.12233042863443,254.2132493910678,265.05182604721557,270.0955342041634,280.71211548221765,290.5816624043815,300.92118225559096,313.69588522525737,316.120969775696,317.97355207865184,316.6033927964556,314.87065164282535,274.6970837736932,269.072231880344,269.1194787521439,275.66084061251894,278.42200550660635,278.45453010888815,276.77048569289474,270.4992100341689,271.5075087712183,278.2585096903902,281.2493665140537,280.4044481810146,335.2854839528343,333.7310835104072,332.63876468744564,334.5546505853505,333.4902038101194,335.8695129943837,339.2201457302246,344.4219469694988,346.5271088851179,346.60316552882136,345.37206352823705,341.9071294289548,335.92649777105834,337.68134036212285,338.8939908362852,338.4988771493066,339.4590778495374,340.35725891561015,340.68491416822656,339.3880560633173,7.698309050406427,2.407877176474517,-1.5566799935323998,0.5687844,0.68178385,0.2329422,0.46238953,0.23066947,1.0,0.18674888,0.39045945,0.4953223,0.42998657,0.4201174,0.09734532,0.5812016,0.0,0.52205867,0.5511943,0.2422858,0.10651085,0.22802839,0.031150818,0.00010107066,9.700535e-05,0.0001165913,0.15320201,0.003913111,0.0014400008,0.84113026,/content/data/frame112.jpg,0
594.5499674479166,187.1997356414795,149.39605034722217,201.17932319641113,0.9988389611244202,599.4027074304386,597.5898361021641,596.8717513599661,597.7187837089656,602.0077009034937,611.9505200860995,626.7606698487099,643.4585521391356,663.2059149258776,683.4285114284551,701.4659954934989,717.7002635622994,730.4145659428978,738.755909449791,743.7395428928978,747.0379251862457,749.1814952339525,611.4857331229533,619.4915286601989,631.5621686194115,644.4463386522116,656.2126845630456,691.6635023883409,704.2058650335596,717.2007476217209,729.1101176349741,736.1870731087197,673.0628577723257,672.1837477050992,671.1501379359083,670.1857415006514,654.3406437484642,661.618843106146,669.5315172108441,677.6863516475119,684.9542985103021,627.3912090766346,636.2080525044939,646.2083000479583,654.3558462198366,645.5755376474572,635.6163144730251,691.7341402794598,701.3543764017472,711.4114623379432,719.3453537110167,710.9577624587464,700.908360497669,640.035513897374,651.8564750283632,662.1366552533974,668.2170322500267,675.1895489758112,684.6783804898898,694.4344243971395,683.7867371973293,674.0835889689863,666.2719720876183,658.8846142369589,649.6686501763916,643.620412053222,661.0964191348767,667.7309848501056,674.992442063498,691.1083855491511,674.606977034512,667.2776519023049,660.3259567345666,267.82541621933194,288.1984905679831,308.43812419891356,328.97305846165114,348.34305029432153,365.4188575332796,378.81932162461385,389.3601238671556,394.20346001174767,392.47929974453405,384.5869075928879,373.3279702450154,358.5926672924793,340.50628782021977,320.8135258641664,300.9368233576604,280.9186652005852,259.3196442785794,250.5041390711059,247.35772393361583,248.20170931308087,251.3570675040096,251.65082846289965,249.12827584087165,249.71749571570047,254.82120206213608,265.85392980167,271.1093299040997,281.72141756375345,291.5214069017379,301.7481734270709,314.65971222518124,317.06653756276773,318.8714659055263,317.6432386017291,316.01001976288603,275.61206737629755,270.03101925718204,270.1256731679133,276.70844399842395,279.4940864314667,279.46994090665567,277.7259807335183,271.3294167944364,272.36024220185675,279.0787632594636,282.21773904276574,281.403194511789,335.84423017477525,334.3619280607345,333.2752931074383,335.2039420832871,334.2304802841261,336.85608307059647,340.4579248232651,345.7140084253542,347.93591472876506,347.97837804444885,346.64264703632307,342.7741684691439,336.5089084120052,338.3453928548297,339.63107729841863,339.2793267894758,340.6158779971929,341.5814112003045,341.89072717249655,340.5269079257348,7.9457839996661335,2.9204268895839736,-0.45414960960373923,0.56352204,0.68313646,0.17302914,0.45554957,0.24452306,0.0,0.19796194,0.10241982,0.49353984,0.44876558,0.51903903,0.1613038,0.559983,1.0,0.4401904,0.55017734,0.36835718,0.093321964,0.22090404,0.058032904,8.716925e-05,0.000114657894,9.0034555e-05,0.18320228,0.0020669275,0.0012747739,0.8131642,/content/data/frame113.jpg,0
594.8018663194445,187.01451301574707,149.26557074652771,201.9839687347412,0.9988648891448975,598.3026176271311,596.5247421561751,595.7617553403794,596.2804936252569,600.0149036307007,609.6491512391393,624.5636254655502,641.7516198875264,661.843573531017,682.3203379792003,700.669670490455,716.9272913198722,729.1762543774588,736.8939676359529,741.4787291943404,744.731056614494,746.9104617031676,610.7425594439133,619.0785039970916,631.4776221492334,644.6983639565441,656.7552322226982,691.1284833565031,703.6672969612645,716.5702043451167,728.3277953840366,735.2364322235787,673.0134814974526,672.0820532724886,670.9873881770401,669.9894603224769,653.9421591992736,661.1649392488563,669.0509241640427,677.1347248902839,684.3668160437719,626.9675950214164,635.7040759597389,645.7453322179449,653.9209870925655,645.0968055238973,635.0895792195303,691.1872104897467,700.7333818453392,710.7138739405876,718.4363691624528,710.262332353988,700.3028751187647,639.7815593312675,651.5527522388096,661.6814418575051,667.7838194468488,674.8206013471217,684.1094279488476,693.6991426204539,683.1719175287801,673.6629328007322,665.9158704226356,658.6359957529844,649.5681435341679,643.3677573662451,660.6414659534203,667.2633944724741,674.5524502228575,690.4065658046751,674.2850792376328,666.9364945444376,660.0372916084643,266.4320795032387,286.936069359195,307.22656838821234,327.85623286460793,347.5284789284121,364.7799535529645,378.13782646697825,388.39411215967306,393.1587968957765,391.8265650158121,384.3845297786105,373.2986528996315,358.4959913786913,340.340061114111,320.779793896499,301.16868761815283,281.3347143973757,259.1433488107884,250.23893572072575,246.99015504379753,247.85863760589763,251.2394712622632,251.87048816898215,249.48292320347218,250.25851865531658,255.45229431010816,266.4850494993119,270.62711827038925,281.34497178104186,291.2680730923272,301.6447891374743,314.34488926512154,316.85819386265746,318.8088304015372,317.6417568456171,316.0907393061593,274.6565653029179,269.2357547406423,269.40748645844457,276.1003065009488,278.80976550232594,278.7046778843152,277.76592502059225,271.57143323652264,272.652958767965,279.4568547179583,282.51702233509286,281.5951941544191,336.20389395039655,334.57302773555443,333.4299651256248,335.49519542118054,334.54702310090784,337.369248311026,341.2061165769775,345.6376530492195,347.24884242384564,347.124077965619,345.74672804454275,342.363207242597,336.7687435089591,338.08849316429314,339.45746381420554,339.23419957874523,341.24536912827455,341.3981463568233,341.57265190232124,340.1341333017485,7.945320186248743,2.8487104053015244,-0.7914206411574011,0.5778954,0.67985183,0.14943856,0.44901222,0.24965256,1.0,0.1902325,0.72564137,0.49669003,0.44317275,0.580572,0.026860194,0.5369645,1.0,0.4637065,0.55017734,0.09614491,0.24341482,0.11807188,0.040469103,0.00013846016,0.00023810622,0.00017352442,0.40104997,0.0029912503,0.0015055517,0.59390306,/content/data/frame114.jpg,0
594.7417534722222,187.37798881530762,149.6252170138889,201.22388648986816,0.9987971782684326,599.4713024369304,597.6643443158847,596.8962839371025,597.6479978591843,602.0063957147581,612.055713700984,626.9642147399325,643.7608592625792,663.5567529559518,683.7424285030421,701.6270425215248,717.7323215200158,730.3612276736924,738.6043611440214,743.5222014578334,746.8775320831011,749.1377256708761,611.7294394327301,619.9956731126158,632.0974555124528,644.9720730540131,656.8090881921637,692.9523597157748,705.4146565075639,718.2277022756141,729.954462488338,736.9825249359799,673.7169663407043,672.669468987718,671.5012316609175,670.413564410814,654.465798616927,661.7486326281013,669.6728248873534,677.8860864044517,685.2215039767573,627.7902595232331,636.5517516211586,646.5685781911387,654.6579261542314,645.9089412725706,635.9927769241731,692.346544126576,701.8463577821019,711.9133139657184,719.7980415678959,711.48327585896,701.4738039351378,639.9956690313621,651.8874554140413,662.2623712137865,668.389885305062,675.3619171509565,684.9541460373636,694.8615164742102,684.2046773692947,674.4097135596371,666.5614857278248,659.1340415262943,649.7429571748784,643.5777631156155,661.2582389270897,667.9245708035224,675.2013814890272,691.4723775048622,674.8825410265279,667.5168844883165,660.5252354551161,267.6404311046118,288.24601952642115,308.6922956618853,329.3793177196275,348.75680976694366,365.82426646592717,379.2588014233054,389.88684082770806,394.76731781191916,392.93157798117807,384.74384183582356,373.26339750244847,358.3449511396349,340.1268449369526,320.37862690972133,300.52596139292393,280.5586583875784,258.4522256029856,249.95911332288279,246.99719150012297,247.83629761686456,250.92362263331177,251.47453024776982,249.00219613740157,249.5353504132376,254.4317240837138,265.1852674303814,270.98744277590833,281.74652729433876,291.6922253685995,302.0663495723786,314.4827913687484,317.02059046551483,318.9769983068006,317.73643789400455,316.0469274271867,275.14087484687263,269.641844774735,269.7528697071469,276.3560538144641,279.13562071193763,279.0725736913996,277.37974571785105,270.9631407797484,271.94797971385276,278.6857927060262,281.80841570623545,281.0198134121323,335.7169069876574,334.56014060603866,333.67011327969465,335.6270680418297,334.696770069791,337.144068158649,340.4651442675646,346.0731411226022,348.47885883425795,348.4964322647058,347.0958831108298,343.02438841868593,336.4326536675696,338.6656595320718,340.0069109517584,339.66879872564743,340.72032602173397,342.0586125547111,342.3576487254036,340.9413971860905,7.8550695709897305,2.7270462356543947,-0.5723357415232067,0.45005333,0.52930206,0.30777773,0.5255541,0.3989172,0.0,0.19833447,0.6849944,0.49217597,0.36857137,0.633605,0.0503475,0.5921222,0.0,0.2429685,0.5442899,0.37058586,0.23911013,0.21345541,0.17556167,7.074906e-05,7.689602e-05,8.660498e-05,0.21060643,0.0018418737,0.0018644136,0.78545296,/content/data/frame115.jpg,0
595.1203884548611,186.13210487365723,149.38872612847217,202.00508308410645,0.9988403916358948,599.8073263272245,598.0846353834892,597.2572584043915,597.8829086272443,602.1256940194395,612.1404032468646,626.9934337418022,643.6665021477393,663.2970978437929,683.4104911518882,701.3597114742091,717.5376721210012,730.1099877915071,738.2137489605449,743.0926416987925,746.6014959761987,749.149147382479,611.9487146064648,620.0702330182139,632.1161165176968,644.9515688068024,656.7341350810674,692.5634611850178,705.1587211203127,718.1156132995636,729.9625116512675,737.0081347650047,673.2706721078339,672.1538730229092,670.9099702242892,669.744335109776,653.9881487108341,661.2379367701633,669.1134111736689,677.2934605782768,684.5829459723085,627.7138157480861,636.3796174890111,646.3181612933664,654.3294085282457,645.6083483863854,635.7445034793593,692.1190244187032,701.6926200415905,711.748001879457,719.5838295181131,711.2828603704204,701.2632675400365,639.5013017466337,651.2930356128437,661.6047993817853,667.7279778046836,674.7156839880641,684.4037119643068,694.5030895743913,683.6072656746593,673.710239719719,665.8852773752197,658.5187018522327,649.2182340060692,643.0364306748704,660.6250084775036,667.2739183177459,674.5786252375681,691.1594108858181,674.2489242437276,666.8847399523668,659.9275273904202,266.8652564312622,287.30371275524,307.5754908433204,328.1963743003114,347.49833819370497,364.49800115964774,377.83460069321416,388.4142618712135,393.257408947567,391.51630335302974,383.52495174322235,372.2825509672359,357.47438315628426,339.31935798027735,319.6876786445138,299.97839625699885,280.07171805994585,257.68273193111395,249.04748883000536,246.0306575507035,246.9522136569803,250.23223212473476,250.9495004729192,248.39781792691858,248.98171912388497,253.9691997853197,264.75898592731494,270.37964449545325,281.19910791696765,291.2080521811366,301.65006221893185,314.0510905726414,316.56919473616756,318.50282698581344,317.2089033781889,315.47981896016563,274.48558425296187,269.0088980566683,269.2032380022246,275.7763580811633,278.5052735138348,278.4019448553726,276.8557932688939,270.5100930437195,271.5034149958443,278.1544776669769,281.26190845028316,280.47814074524047,335.3344246570302,334.14763689538165,333.29528924523765,335.21077414187675,334.24045424865875,336.57441190416546,339.748262577418,345.30473355341223,347.6058497014471,347.63418326772614,346.2759059098686,342.4166314473704,336.02921109336853,338.1429298142545,339.42517901007216,339.04440246457625,340.0350803358091,341.38168328185964,341.6844955623675,340.3149194544691,7.293148801192712,2.99925474726608,0.05801536885483942,0.6081,0.67040056,0.16292405,0.45202228,0.3610174,0.0,0.16217628,0.14305222,0.47891882,0.46146584,0.51024294,0.18236616,0.52527547,0.0,0.3327975,0.54210967,0.55210114,0.17203684,0.13818038,0.035697643,0.00010394369,7.7277546e-05,7.7990524e-05,0.23450549,0.0020810894,0.0012994139,0.7618548,/content/data/frame116.jpg,0
595.4881727430555,186.19277000427246,150.4352756076389,203.55954551696777,0.9986510872840881,600.0756245756426,598.3214448399995,597.472420639492,598.0360744596837,602.0725948101099,611.9924732619281,627.0045277155697,643.9900202670874,663.9351603754546,684.2840995719687,702.3818523001936,718.5121655324142,730.8059797552688,738.5840843441795,743.2277447384405,746.5846467923168,748.9351086656152,612.3946416621873,620.2807356445062,632.0961104090768,644.7418329019432,656.3248419223992,692.5875768549258,705.0988112762118,717.9516602502197,729.7106234056814,736.742775644332,673.4714013020925,672.4543325308193,671.2692009891388,670.1925829905446,654.561129214485,661.7901287767004,669.6286488958722,677.714684140828,684.8880073594553,628.0468139102463,636.6696075450348,646.5964200603032,654.6290502769428,645.9067555615892,636.0371263202335,692.3360578079894,701.9483950760927,711.9319904731586,719.6678282144132,711.4030069702183,701.4300547235609,640.3551660068124,652.1956708365068,662.415126308875,668.5164542378749,675.5219185220806,685.1292181293884,695.2220841746314,684.415369946914,674.610946381489,666.7975053684445,659.4190066702556,650.1298950369999,643.9515607844546,661.3643154020722,668.0233167490334,675.3380584627629,691.873757791878,675.170898394579,667.8194443638104,660.8644149264114,267.63931028529,288.1780135048573,308.47038093541636,329.05321464593965,348.3181613490824,365.28436228050236,378.49112876495474,388.8410319884679,393.5996849982256,392.0173499185147,384.2589737411005,373.0369000128908,358.142589960556,339.8673543274307,320.1996568354974,300.54094268665875,280.7264541654223,258.0328988204923,249.41693369123277,246.3822963311274,247.2106930578434,250.36610323961813,250.9006121537488,248.5556174527875,249.39896700504352,254.63494565501912,265.6057187319916,270.27067270692675,280.986781838894,290.92681457382196,301.30066852568297,314.2768091517578,316.6699601043973,318.51055537829393,317.2091499663479,315.5610195423184,274.82409199826964,269.32374535438674,269.4527808133433,275.9106178817518,278.70955532340105,278.64373085965576,277.1555534457358,271.02613982981615,272.1279825316704,278.8774943362455,281.85989872495384,280.94295710191693,335.6537005052229,334.4567173569312,333.4886274611367,335.43877001776264,334.45205824868117,336.8295283901166,340.09272412931364,345.3940904516361,347.55539252998244,347.5595566079809,346.2202522623634,342.5187945936825,336.40419548602665,338.4720824439594,339.7629029443498,339.3999292922441,340.34947011331815,341.3310714230378,341.6148402348926,340.24628542529274,7.555574679065216,3.432089830969612,1.6554474015605094,0.6017254,0.6210509,0.14025757,0.4844897,0.29518965,1.0,0.26781815,0.34118977,0.49594852,0.44474974,0.66553205,0.07567381,0.58196485,0.0,0.29339495,0.5420401,0.34426323,0.15922144,0.18205264,0.08362281,8.010262e-05,6.532862e-05,0.00014836577,0.21856089,0.0028489556,0.0014277413,0.77686864,/content/data/frame117.jpg,0
595.3338758680555,186.64217948913574,150.21088324652771,202.97627449035645,0.9986674785614014,599.3854584309429,597.8421012500535,597.33842846733,598.1878400297546,602.2353044536753,612.0945507289937,627.0411890028063,644.1574181496875,664.1147897816065,684.5020029352875,702.8133606473025,719.1268826200226,731.4967220524093,739.2415784991956,743.9344621450098,747.4365653650389,750.021247477471,612.3566948964409,620.9161923088564,633.5141457296137,646.9600806903386,659.2345006039621,693.4609557070044,706.3659719701504,719.5598382516018,731.5434409586671,738.6650689381329,675.1195602643966,673.9998163856344,672.7413966235363,671.5954913187093,655.4579274391667,662.7110303767031,670.5994117169839,678.7278045421172,686.0223708719072,628.6356132293022,637.5573926761361,647.7524365344308,655.9931768598985,647.0031192849941,636.8904577864137,693.5299452168047,703.1999022505081,713.3492289441645,721.1644686282218,712.848183918443,702.7542869277365,640.7247544972878,652.7481728042326,663.2025007850606,669.3627616876184,676.4872714889898,686.0808638716937,696.0805826321657,685.2788898562542,675.4297952885806,667.5414429842888,660.129331712138,650.7418803331492,644.436577406673,662.1002002766741,668.8177634335889,676.2236101911187,692.6640339536461,676.015393114192,668.5741297091121,661.5928544413455,268.4744370977144,289.09588357444204,309.4167930473027,330.00869540525014,349.37260771754336,366.28107710432414,379.34692371039273,389.416735348246,394.0241225245286,392.66531083055565,385.2616127362098,374.2928759157355,359.5848553993046,341.52017293161134,322.0094256230807,302.45611155471533,282.6226727827311,258.6321659874495,249.62855586469186,246.26877254461488,247.08074219925845,250.5447502017547,251.75438224338063,249.40169042384707,250.3473708077122,255.6965694302819,266.80923038909907,270.61894087631015,281.4778708454851,291.5555367183556,302.0986204584774,314.9497749620782,317.44887349701185,319.4293457149008,318.2125925969792,316.683470309684,274.4621298588073,268.8904357117333,269.14399974443893,276.06658601949346,278.6479362521909,278.5021828465427,277.87669683107947,271.5458785292931,272.66409801863415,279.61088579049783,282.5347663261148,281.62873458519255,336.72765228963567,335.45751650598686,334.49845779020234,336.58286433062085,335.5753155132511,338.161870446972,341.4882478617353,346.6741480823198,348.7222451185273,348.7207352471007,347.32565760290026,343.576269382781,337.520639666488,339.4697820522749,340.8146709895352,340.49781575986526,341.77589288649824,342.36336353339834,342.61281171466703,341.1671388596808,7.289761236509318,3.0572091520261098,-0.4294497628260369,0.5462696,0.6439025,0.08586893,0.425178,0.2980901,0.0,0.27739832,0.30085126,0.49365446,0.5489933,0.5859637,0.12438393,0.60050905,0.0,0.27954206,0.5433397,0.39733887,0.2721192,0.27842557,0.16245878,8.942493e-05,7.367633e-05,0.000120368364,0.23320828,0.0042362697,0.00097347266,0.7612985,/content/data/frame118.jpg,0
595.4513346354166,187.3674488067627,149.68668619791663,202.88072776794434,0.9986170530319214,600.1977539065834,598.5956419812496,597.9096631487608,598.5555113670184,602.6403558731137,612.507092450108,627.3831723100434,644.2841757774158,664.0785958053049,684.3016247238979,702.4404882225068,718.6873866213243,731.1725133625699,739.144016200881,743.9513314802128,747.484537849498,750.0725888050333,613.1555381660864,621.5262938175063,634.0542067153459,647.3728835353016,659.5255233126803,693.8535380470861,706.6000833438827,719.6670350634697,731.5818296654523,738.5779648539515,675.3048068214976,674.1249333874292,672.8167087391588,671.6095398122793,655.4646548714427,662.7836125909473,670.7170381442312,678.9203640263505,686.2970398865549,629.3233725071788,638.0560510114433,648.1285522158634,656.2089105243085,647.4359925721094,637.425700712549,693.7716805909738,703.248193924451,713.2854039866507,721.0158329163651,712.8770454203582,702.8812066766084,641.4485934468826,653.2991834194434,663.5478356005958,669.6392434683656,676.7350848403336,686.1821260069319,696.0793614154072,685.3015017237141,675.5002141081504,667.6594423143555,660.3310813628775,651.1693078440339,645.1589955964527,662.4105161445542,669.0552563271169,676.4280867298014,692.672489209021,676.1622712926332,668.7504566573932,661.8466777495938,268.5136936147919,289.0778218709804,309.3846962746677,329.9342988592433,349.16596882920584,365.9409718903696,378.962909990233,389.1093890906397,393.76351004907497,392.37589484196917,384.9406664493391,374.0840837121914,359.5411728406642,341.67423397777395,322.2576628013262,302.6678283690761,282.787357159704,259.45669067441503,250.46550310227025,247.26019091456874,248.16772614484566,251.5533322455887,252.1789809284964,249.6510714774563,250.3708395470586,255.5412385720714,266.7507472425833,271.3405039488317,282.2200215750745,292.32290914948203,302.862437541904,315.0538148621106,317.6023083942525,319.62573009658263,318.32168466252256,316.73353972912435,275.22025859646226,269.7587149037116,269.97587441988264,276.7194065828056,279.3743902659279,279.2716730166652,278.12659008978153,271.74962435104806,272.79907873055004,279.62409105941356,282.62177756336126,281.79797898447526,336.83725788647723,335.7458299753666,334.92699421335533,337.0006825754928,336.00524599077517,338.4460231788785,341.5909979614186,346.89900632100205,348.9725205492141,348.9525386812711,347.5586691640103,343.78578195753187,337.621760242858,339.8049933552511,341.15653381747205,340.82302381679324,341.8874319471414,342.6453063240919,342.90782772783734,341.45485425405366,7.259025925105999,3.1032457276033454,-0.057457121969950994,0.59245163,0.6794827,0.26323098,0.48112154,0.29518965,0.0,0.23228444,0.052134868,0.50249046,0.5030964,0.5766964,0.024219997,0.5947485,0.0,0.27650118,0.5433397,0.4925704,0.24254026,0.0982348,0.03738058,9.132145e-05,6.0520382e-05,8.65894e-05,0.21732825,0.0026024021,0.0010919585,0.778739,/content/data/frame119.jpg,0
596.1322157118055,186.7536392211914,148.80219184027771,203.3899269104004,0.9987727999687195,600.1324683638693,598.5121587683359,597.7672207771483,598.3766298648578,602.4732105500366,612.4444682186619,627.5198502259249,644.5122470213563,664.2925350067072,684.4499690350119,702.6146608411425,718.8106721244257,731.1539165467691,738.944946403439,743.5777109262903,747.0454615028398,749.6165428161473,613.7086239309322,622.1343356607744,634.3543984391944,647.3706066946728,659.3041621348882,693.7349045540532,706.2974537631865,719.1700992134618,730.9479227967893,738.0040961360522,675.0634913991022,673.8408544836145,672.4889477614659,671.231294817998,655.4722637791989,662.7072705343165,670.5425250378747,678.5919926747982,685.7709766946637,629.5377524898074,638.2274446283454,648.2359331941908,656.1726570767115,647.4300117425571,637.5245491468642,693.3897195470248,702.7664648511029,712.7773537678485,720.4586512194267,712.2965125660064,702.3523679518673,641.2558218833013,653.0881116106912,663.3588057803245,669.4030202752303,676.426046950699,685.7752391359592,695.5582401929989,684.9080432722552,675.1673174862212,667.3793862643498,660.0734018604926,650.9055307274746,644.9379892593531,662.2433990859598,668.826826952326,676.1171290636353,692.1467451130011,675.7966022067634,668.4463786084367,661.5836080876134,267.4201790428566,288.0360219027725,308.32972312430195,328.8295635716233,347.927497260166,364.49738138063003,377.2731544876062,387.3911136020813,392.07304894943354,390.8407524400203,383.52238804455067,372.68452732615583,357.9972602380816,339.948119869528,320.4808812843054,301.01610124030776,281.25791103081986,258.105850135974,249.581651281318,246.62333517748522,247.59224772903224,250.97728075880315,251.72032029064243,249.2552617492172,250.0260580660114,255.10274930337613,265.9909737479312,270.90808529317707,281.810180856419,291.9442441432972,302.46726610907456,314.51619841589235,317.07457969080065,319.0912672316519,317.7661571540981,316.1158795412654,274.4685185096363,269.05374875866585,269.3072330875164,276.0050194898,278.698300485299,278.52911211578873,277.41574208279394,271.09966966396513,272.1599482993221,278.97642114293416,281.9795365231132,281.1276956313799,336.1396649409638,334.9555209253665,334.12579963086796,336.1531214535861,335.1731818354794,337.51714631088544,340.5605584910252,345.96192991969815,348.07655177727713,348.102330091187,346.72256475101494,343.005599560701,336.8912802719284,338.8907580242043,340.21559169771507,339.88168106612704,340.8504044991183,341.85478405366325,342.1157531130481,340.7115478364377,6.985828811769349,2.9881481113153714,-0.6861631127935133,0.6300922,0.6932736,0.18343554,0.5419571,0.24479072,0.0,0.22336577,0.25646365,0.4756756,0.58898944,0.58875644,0.018720545,0.5548069,0.0,0.3392842,0.54108924,0.029202534,0.27673665,0.12785953,0.11826501,0.00012295556,9.512086e-05,8.935616e-05,0.3596578,0.0028386982,0.002102565,0.6350935,/content/data/frame120.jpg,0
596.6381293402777,186.21671676635742,149.18739149305554,204.2255401611328,0.9986050724983215,600.6821626511842,599.0472497294936,598.3493690269929,599.0978970600727,603.4115421469996,613.6589991237988,628.79295759053,645.7977376641784,665.5131815678251,685.5882949205115,703.5726584207841,719.5259138743259,731.7578741510933,739.5682921580592,744.293871788499,747.8458093617737,750.4299370316621,614.4239129505413,622.931349826421,635.4466634577411,648.6869471201535,660.6733432540514,695.2931400102661,707.8434382422747,720.7623821392408,732.6008934725669,739.7066675744773,676.5593172584195,675.4765329116017,674.274245843184,673.1834274544544,656.939062144078,664.2736311522858,672.1505710262809,680.1705314536539,687.3812593576295,630.0079457488428,638.9387766334712,649.1107574383468,657.1998544482076,648.2116458969804,638.1497825920169,694.8223889762849,704.2975627188061,714.3412690890491,722.0554684886101,713.7935373262044,703.8376503377312,642.6864818971117,654.684425140339,665.0979457634539,671.167240814656,678.2056385196247,687.5312037944004,697.2332442731604,686.7232567177089,676.9733041344571,669.1553487354431,661.7741238547515,652.5087335538947,646.5104302184945,663.9009976810703,670.5281108695535,677.8248687550549,693.8675357913999,677.6618799556891,670.30772979624,663.3845913780069,268.51891767934467,289.2623026382498,309.6677611869982,330.2089220073103,349.2194955919931,365.64120872573403,378.35862963685577,388.4364587742002,393.1480007423179,391.8549436076464,384.40859916542286,373.4713174390581,358.8504421035086,341.0096542358733,321.72345458422205,302.2958265802263,282.62024613181075,257.633382486566,248.8509038376751,245.86736742598168,247.08805975405176,250.88111353244676,252.53348953978366,249.93204485773822,250.5340210108361,255.54185114098436,266.4438342086587,271.23836782972467,282.24370519475633,292.4482822987702,303.0252591564167,315.31150034180973,317.8445607198373,319.798848718543,318.49623837767103,316.90359912378517,273.92718636939753,268.45930508835954,268.8952614171885,276.02177065090564,278.472138826638,278.15902299863956,277.96110072430656,271.55468997081334,272.64569825507897,279.55704854272517,282.4721641320284,281.6254637586244,336.7527221811688,335.5784666153486,334.68718461300887,336.78038850004305,335.76468109951384,338.2141290122636,341.28608370703296,346.98315429278955,349.2704898471093,349.2807588134074,347.83575603516147,343.82966137629046,337.58028692747394,339.69927278537034,341.06754315968465,340.73738785915884,341.59425494741845,342.6498696252256,342.86529880725175,341.3962377253174,6.993228510822065,2.776064283531835,-0.6452932349400035,0.6143927,0.69025904,0.16951431,0.45673624,0.2749163,1.0,0.16144861,0.043595918,0.4958289,0.57111126,0.49898034,0.059719935,0.605571,0.0,0.35085407,0.54108924,0.07224888,0.23661403,0.17531843,0.02191075,9.782296e-05,4.141346e-05,7.213604e-05,0.22447309,0.0024819279,0.0012988754,0.7715347,/content/data/frame121.jpg,0
597.50390625,186.41429901123047,149.2814670138888,204.6800651550293,0.9985454082489014,600.6054362228386,599.1735116051085,598.7571466926195,599.7480126155381,604.1659341330577,614.5043317860134,629.7745612501038,646.9513542035268,666.6781617330676,686.6494549094348,704.6249180556596,720.5360146714057,732.6353165356641,740.3261469114464,745.0485555382785,748.6041381158076,751.1893761928993,614.8943815517857,623.7621687593622,636.6834621119551,650.2432729188197,662.4988333190901,696.4430814458108,709.0742054712825,722.0649429954755,733.9624197622998,741.1186610435004,677.86236260517,676.8050866214479,675.6321264711856,674.5903833779596,658.4574270176128,665.6536204742738,673.3087076340845,681.0904954544017,688.118725807707,630.8038092235954,639.8463304693573,650.0851551207029,658.2446293457897,649.1679752685561,639.0309488774026,695.9886455797545,705.5762014595599,715.6328037847948,723.2845164570848,715.0742346010213,705.0992787699392,643.669471111641,655.6211812364693,666.120207423376,672.2079073492837,679.2470736773304,688.4697457091416,698.0339656535554,687.5839610348163,677.9090051962352,670.1331611587091,662.8003046174298,653.5120386969595,647.5039356849318,664.9429504744703,671.5511925501615,678.8341271719391,694.6667395030962,678.6089661391134,671.2773759456454,664.3709565399101,269.1016980864866,290.10180736050216,310.7510943711809,331.44919067207036,350.5491267552468,366.9448027069184,379.4434799271902,389.155708847018,393.65065798314697,392.2912153077784,384.9236915801706,374.0638733858859,359.4385663144196,341.61756832146807,322.40980967608346,303.0571896249894,283.41055728376267,257.05220102285716,248.25891605819675,245.39902690462065,246.83589247479415,250.88914242227642,252.94279257590028,250.19148725720515,250.6317956592382,255.54899493121098,266.45145903502896,271.32586599887753,282.21027183650625,292.32194199171346,302.810464079722,315.51676378162813,317.91103953673166,319.7871081995768,318.58562960380436,317.1704676247339,273.7226232100971,268.3804507884895,268.8811998487814,276.0967471991613,278.4425650206723,278.0664963203323,278.2356745319926,271.8828613977986,272.98116558662434,279.9170477087811,282.796276116217,281.9195608345987,337.4722190204418,335.9193838064758,334.85035201590335,336.9648747036292,335.9541534718179,338.64923441167247,342.1051634683664,347.6892595614594,349.8215403982632,349.8079838887445,348.3740243306007,344.5067884327338,338.1969798846209,339.86157578289067,341.2065689173361,340.92647913319934,342.34155327311527,343.2263863565997,343.39669183741,341.95431436028855,6.758590668918521,2.7784992487081555,-0.42346721365492446,0.60798824,0.6692204,0.1165708,0.4451373,0.2617551,1.0,0.18912107,0.51174146,0.5070963,0.61461383,0.59197223,0.19285691,0.60027564,0.0,0.45205748,0.5423197,0.6332717,0.24773522,0.03273077,0.077898346,0.00014821344,4.084516e-05,0.00012681165,0.20322272,0.0018948464,0.0021974368,0.7923692,/content/data/frame122.jpg,0
596.6510959201388,185.05470657348633,149.54389105902783,206.0796890258789,0.9985766410827637,599.4477946797633,598.1841814437327,597.8868910293065,598.9896543646271,603.4539521552872,613.6104865651062,628.779844564447,645.9747321152973,665.7509786706588,685.7603304498261,703.8124282092219,719.7029096626244,731.7237515390507,739.4505754200497,744.321604202483,747.9952464250724,750.6950631823495,614.7502840700059,623.5541795221159,636.5258230338515,650.1831772265483,662.4246764238114,695.705607953395,708.3368908642326,721.3665361500158,733.2593171845296,740.2077233558832,677.4222843161122,676.2303662843935,674.9035775455501,673.7165531832046,657.5929812459643,664.8335778028188,672.6545237494295,680.6244244425809,687.7514642860267,630.661121419205,639.6813922314501,649.8037262305361,657.9488925130937,648.9775289146453,638.9351445019466,695.3684901454551,704.8832574038883,714.8112891449067,722.4077232690506,714.2332760400774,704.3656929077931,644.4922156146208,655.9169805554438,665.9122634004248,671.8141244743786,678.6584222518062,687.4144201779269,696.6557905100486,686.4717255250131,677.1950234896151,669.6396696562642,662.5354620232376,653.7598451997198,648.2523151194661,664.7352179964098,671.1248098712433,678.1836773627272,693.3045850872792,677.9803395042807,670.8781807268049,664.206377424801,268.57616316164274,289.66133361464165,310.4350485439743,331.1627747731727,350.319456253936,366.7836172615782,379.2572267348078,388.7212295434772,393.1654330727726,391.7759110301562,384.45058913728496,373.5805702618163,358.98169324366097,341.24346836268194,322.1186252127809,302.7560705990765,283.06735734363417,257.0278846590327,248.03017336779894,244.98217645660424,246.31336507589322,250.32084546354434,252.2930900307635,249.64501056113758,250.23773415402275,255.36157549746676,266.52113156419784,270.65493347753846,281.6888976469956,291.9203958490287,302.56042700392175,314.79894872765055,317.3698939447755,319.34820400882325,318.1110490153378,316.5624090182502,273.2368747107853,267.87982496375946,268.32718299230976,275.4073423675578,277.80340523444437,277.4767528037787,277.62323860568097,271.3515738447656,272.49274953667265,279.44919636056574,282.261412743764,281.3554943109897,337.0054475056555,335.3768874021165,334.2599663275399,336.38508647278576,335.42172638474744,338.18010503485584,341.71696035448167,346.9052227280337,348.914840484096,348.8625725575972,347.4174513557158,343.5775865140831,337.5848461674761,339.15142470560966,340.5203697529096,340.2658989454996,341.7995189152036,342.2853187802764,342.41786057245844,340.9337374152708,6.5747044266987364,2.958930489240332,-0.7496000540558297,0.58702886,0.6987739,0.16749679,0.67777437,0.23320013,0.0,0.22524078,0.7730612,0.5030264,0.5607073,0.59362686,0.12939815,0.5561131,0.0,0.4127264,0.5433397,0.25037855,0.28100538,0.12073428,0.03820998,0.00013950135,8.107096e-05,0.0001514059,0.2220654,0.0026023898,0.0020496484,0.7729106,/content/data/frame123.jpg,0
596.6761610243055,185.16584014892578,149.98057725694446,205.48447036743164,0.9984678626060486,599.8196147130817,598.4535984378015,598.0198526016604,598.9948630644003,603.6046163818785,614.0831091900291,629.4059735005766,646.4282020197887,666.1013996094479,685.9887676337389,703.8770401318616,719.8215233998301,732.082325163272,739.9283529208219,744.7062995481627,748.2222543851065,750.8126114000758,614.2357048898346,623.0711465568672,635.7963712934036,649.1860652414214,661.3044345534483,695.9178571330111,708.3399187103962,721.0795468936756,732.7329494290066,739.6707075928575,676.7727222352192,675.5684471135567,674.2441530672986,673.0645989634133,657.1839685264397,664.4007420300554,672.1632224477985,680.0782397757686,687.1094586721081,630.3836515404428,639.3518180297335,649.4869870478907,657.4219266942895,648.5793053499772,638.5441888458028,694.9627322452135,704.4503120096283,714.4361187547998,721.9569519586396,713.8711068128184,703.956508944657,643.5690884465105,655.3007105160929,665.4560076162036,671.3669763960131,678.2100098514368,687.2435870955538,696.8441751273228,686.3902857577925,676.8460181422677,669.2353985545982,662.0624526817862,653.013494614183,647.3004189044462,664.3103897965323,670.720386565106,677.8116810620191,693.4676103811044,677.5207755299941,670.3684280557641,663.6486469517557,267.6298010475046,288.63256904809595,309.2980318417973,329.94024335718484,348.9274694470105,365.2954581414076,377.822253352967,387.6733143841181,392.20775457713415,390.63601519478897,383.0803638630572,372.14197487935996,357.47776696071537,339.57930916811017,320.2664035105514,300.80458385054334,281.06809193088543,256.68033022825205,248.01703914458756,245.1429709722675,246.37129103155416,250.08508014899218,251.40488414118894,248.75464259177642,249.26213627985095,254.08712191872345,264.76972479487773,270.2399334069562,281.29317518103437,291.5771185763917,302.2295256552668,314.26379647518814,316.8226863682423,318.7567606205422,317.44278414531846,315.81329869944943,273.1668019695052,267.7226371407212,268.0938492370359,275.0343925571703,277.6052461294579,277.33691579559337,276.72752507050933,270.35173648795023,271.4012259980066,278.25864820277866,281.26878485463635,280.43272356078273,335.70047565761024,334.74477757142176,333.91694681856416,335.94427603982774,334.95527365739474,337.20188800662345,339.931429348793,345.91625253664705,348.3615609639562,348.44754072257524,347.04047094972884,343.0208804908025,336.48727128464486,338.7023744197746,340.0193785582933,339.6732843094111,340.27643599047224,341.7438091735091,342.0070248140404,340.59288559437414,6.415570604810644,2.8104074382496385,-0.7130081431278792,0.49360636,0.61020344,0.09853491,0.45666614,0.27988,0.0,0.2651701,0.5201595,0.49773285,0.58380616,0.6944963,0.03914482,0.4921284,0.0,0.35693276,0.54108924,0.593254,0.354438,0.092034556,0.04362023,0.00015133261,6.4316846e-05,0.00012533202,0.22661544,0.0024735043,0.002128611,0.76844144,/content/data/frame124.jpg,0
597.2520073784722,185.85234832763672,149.52821180555554,204.3230438232422,0.998516857624054,600.6549823999576,599.2516018506581,598.7883497350772,599.5639537747652,603.6509587911873,613.7280130745066,628.8388941678713,645.9670267918736,665.7591824223609,685.8798972610912,704.1746620564136,720.393637650579,732.6394464968307,740.4046939171603,745.2207709690429,748.9771196218808,751.8232590136304,614.9154925774947,623.6840351888522,636.5725746506596,650.1690246083162,662.3712243149275,695.7825770967211,708.484162832372,721.5629296286734,733.4905115929978,740.5640631087754,677.4675276211638,676.3621294629447,675.1268245881492,674.012599378877,658.1431837750133,665.2047077030147,672.807926124955,680.6104400687709,687.6240582461887,630.4579930844457,639.4118526177908,649.6651739036197,657.9300996394477,648.8225412717866,638.6264715960588,695.6139424243647,705.1478882780011,715.2344455248094,722.9830033883463,714.7422205140083,704.7299040277139,644.2091575718623,655.7797700841566,665.8373982787134,671.7784859101948,678.727253029585,687.7402421135284,697.164639002438,686.7149889022894,677.2260843919412,669.5892676415715,662.4384209717864,653.6167406822342,647.9608442556837,664.6469082252006,671.1117512692172,678.3031015350189,693.8519665796084,678.0259262862182,670.7815041066751,664.039580806957,267.52231091217254,288.5350621014204,309.2013661511519,329.9770584080579,349.334503695658,366.07621900691447,378.86652829710874,388.7834278689552,393.42384075914924,392.19313939607855,385.0776009305064,374.3578489138581,359.69784160454765,341.74132531357463,322.3479287915525,302.7968875680217,282.9183320603379,257.24215772943353,248.0279074971795,244.84086710146767,246.26883990268743,250.4570491054401,252.44586116364462,249.79635017983492,250.395595877495,255.4705072028937,266.4253817540948,270.7847539070717,281.7343234590471,291.91231521730333,302.4670422993604,315.01935734054496,317.50255002218364,319.4351188585697,318.29564009926435,316.91134220213826,273.1218398951596,267.7062029376739,268.2438931071283,275.537251347022,277.8442829799924,277.461526555142,277.87430079930255,271.48382273754487,272.5653191706024,279.5084451613393,282.4133925885826,281.54761817638064,337.0590423881695,335.3017285124297,334.1203212606215,336.2717249686484,335.3067558395196,338.2325432912694,341.9644860248045,346.9883495201884,348.77709880456314,348.68263182110604,347.22670912727153,343.5518499391237,337.70856135672875,338.9937595300271,340.38935429878256,340.1592663984811,342.05541634211113,342.35809358443476,342.4680809788497,340.9849025727399,6.605094800970713,2.743451005159662,-0.48761316866420074,0.6088904,0.6895299,0.14728557,0.6846691,0.22902979,0.0,0.19858806,0.2528324,0.49508625,0.5100851,0.5135992,0.053257454,0.54645586,0.0,0.35620344,0.5433397,0.7648777,0.14364284,0.07369367,0.043503035,0.00013049794,3.5186407e-05,6.9888156e-05,0.2106149,0.0019932908,0.00093418674,0.78622204,/content/data/frame125.jpg,0
596.5065104166666,184.97488403320312,150.06879340277783,206.44903564453125,0.9984378218650818,600.2986140552788,598.9969682287992,598.6077632171691,599.504621803487,603.8070814613129,614.0506930491131,629.300042947453,646.602038592039,666.4067963355985,686.472978171955,704.6370501812941,720.5702018695825,732.5745056083542,740.2175425581678,744.9913673977732,748.7874950724333,751.7340682774317,614.9427082609145,623.7547187531047,636.9082829093161,650.8268492105533,663.3544219769122,695.6021041806874,708.5035987494557,721.7499179575709,733.8298108248462,740.9315711396863,677.5693348731759,676.4027608684788,675.0871940318611,673.8974958671257,657.7815437068093,664.9919846205528,672.7130545357068,680.6304952313658,687.7611238302895,630.3701112382732,639.2811672626842,649.4988564603518,657.7938071901502,648.6440525405662,638.5043667754675,695.5364971289309,705.0549388971864,715.1062256941689,722.8192257795265,714.5756694552285,704.5927510241323,644.2365669643026,655.5844974746018,665.5874760406994,671.6632678756738,678.7287767135698,687.7824612576558,697.3289000932375,686.9387395103535,677.4357138487903,669.7680834835592,662.5870129110139,653.7350962614139,648.0854549351425,664.4902745161177,671.0271393620242,678.3090274330767,693.9163588204407,678.2423424351625,670.9469948035257,664.15040399918,267.76766553658524,288.8256685858287,309.60545816171066,330.47738998448915,349.87206304700953,366.5022176740807,379.0745104395944,388.66555852643796,393.060492674839,391.8738806847192,384.63287335253403,373.83251734071814,359.16127144333876,341.2838002144505,322.05164599317067,302.6772176454731,282.94257808450783,257.2530095556911,247.7597001759321,244.29917553273626,245.43319704011228,249.48824590518996,251.88226095652425,249.16030662791454,249.81251573561383,255.009648554671,266.14340002328606,270.2860283220725,281.45428145092376,291.87492723712785,302.7122730451738,315.0852343698454,317.597557703573,319.5771836724307,318.370164537245,316.88818053355646,273.09754078007757,267.75519532384425,268.22762368539554,275.2741651008335,277.7496463021882,277.43664322406914,277.4385850037914,271.1498028211834,272.30714783480505,279.1997349127203,282.07913582907565,281.193152685841,337.9929487263769,335.9162928369493,334.625755024128,336.75672168023596,335.7219819672522,338.7019567367504,342.6583439956361,347.4871736220506,349.075387004613,348.9484551529589,347.5784889513467,344.18914567051684,338.50424959833765,339.5110808423094,340.84894492136516,340.56670022470206,342.6590823149221,342.59784611333885,342.7024954889406,341.25537492193837,6.103878367522164,2.8944002306106307,-0.5170810628816938,0.6318757,0.6493917,0.14965354,0.65858245,0.22256112,0.0,0.23893651,0.14294495,0.4960735,0.5349138,0.5911116,0.23958963,0.5895981,0.0,0.41418076,0.54108924,0.3719489,0.1537806,0.043539815,0.040401738,0.0001746592,3.595559e-05,0.00011201313,0.051155094,0.0028494173,0.0011907724,0.944482,/content/data/frame126.jpg,0
596.8890516493055,185.29422569274902,148.94759114583326,205.20766639709473,0.9984546899795532,599.5017838712649,598.066076464395,597.6304784375412,598.506165835647,602.8445146419023,613.1211472837427,628.4247501679946,645.6023298084556,665.2982253339296,685.2432143423578,703.337637360313,719.3627982063089,731.4635368023015,739.1013321483749,743.8429589149312,747.5397022946509,750.2663886723135,613.7094546895385,622.4995440705103,635.4168340300309,649.0010005671259,661.2627523920387,694.5078450819639,707.2444611726247,720.3427038753307,732.2849244337356,739.2602171258645,676.0984114970911,674.9261412539372,673.6217873237231,672.4586465453266,656.7185539702596,663.8210867427448,671.4943578385264,679.3325170485915,686.3607518297555,629.5539636830684,638.4204132576098,648.4669195400215,656.5799387529466,647.6681133901458,637.712358684253,694.2320383741572,703.7288099732531,713.6454195304193,721.2833322972613,713.0643775346798,703.2189983512554,643.871929297032,655.0069407818094,664.7635938969727,670.7455068868849,677.6788363318412,686.6072767333967,695.8905186648233,685.6903526291238,676.3366142037588,668.7245193284092,661.5780638496757,652.9656027363785,647.5770829393014,663.6921220448498,670.1292533381663,677.2757895436782,692.583186586515,677.0273271973555,669.8336979248435,663.0993379722519,267.33877468164377,288.43991793273756,309.19942545763746,329.92737615098054,349.1239838908414,365.6572831128825,378.1674532513299,387.75039701697,392.14968353272104,390.82284352532304,383.6355329579205,372.894879124431,358.2521716973535,340.3243393948261,321.0267497939834,301.57679206830744,281.81679214198476,256.1686397094639,247.0222516838213,243.87847205855377,245.11432564789555,249.05064408951577,250.99660711566457,248.35152083336936,248.9843233716602,254.24983757484807,265.49297890989476,269.3232663974841,280.59560147111983,291.0659160013399,301.90530602361207,313.95464367815737,316.4996801268213,318.4702941755746,317.27103183324266,315.754087601508,271.9730054777344,266.69964609944554,267.1198509974178,273.9706042868678,276.31465307370695,276.03404679198445,276.34109476303234,270.27053643163765,271.4681035116232,278.30878797016715,281.00218555993644,280.0345063284434,336.4102208172662,334.3658078154581,333.03361048549357,335.15637249513895,334.1175656330764,336.988488747348,340.7310409044112,345.8942962957589,347.8655708363355,347.83380851843367,346.4339034377846,342.7980280489795,336.9231734448234,338.07559957808655,339.41808590289827,339.1239468775965,340.7690412006441,341.0773587837523,341.252154275385,339.8303648989912,6.116491276703318,3.0408329251789907,-0.4724490062435667,0.6205977,0.5901861,0.18044281,0.63915765,0.22114536,0.0,0.2245996,0.60046184,0.49694768,0.44721574,0.5770081,0.07284704,0.5653601,0.0,0.31179917,0.5433397,0.3341235,0.47595653,0.06204395,0.08004004,0.000106024534,9.73715e-06,4.8664213e-05,0.003469788,0.0042384504,0.00021761192,0.9919097,/content/data/frame127.jpg,0
597.7028537326388,184.7424030303955,148.1711154513889,205.29140281677246,0.9985321760177612,599.1734036195777,597.7633719547172,597.4479648701075,598.4270443170946,602.7632135323777,612.9874197206707,628.2712186663846,645.4676647332232,665.1592998035071,685.1543785072217,703.2653476379752,719.0778951510126,730.898915551845,738.3703055605076,743.1137790794286,746.8417358342708,749.4631816465063,613.2240824078459,622.1789477044856,635.1626143947881,648.7184123053851,660.9494938530081,694.2929134314421,707.0236406801885,720.071753626673,731.9661185364205,738.9505861706816,675.9769467653605,674.9282891491052,673.7536463703891,672.7114201645253,656.7387701784236,663.8271829135076,671.4391021759386,679.1917268951623,686.1709378058616,629.0146485935868,637.950439912833,648.1078321168035,656.2691670929639,647.2285056070167,637.1714096329051,693.9061624764238,703.506716414261,713.4813053221875,721.1236563152945,712.8677957583249,702.9650830007768,643.7429748466068,654.6585833482454,664.4532102338967,670.5269798782315,677.6145042564008,686.5717409520776,695.6244943705757,685.5845047734183,676.2542903257988,668.5635275517321,661.4067407013802,652.8535522242857,647.5232492161166,663.3860219329066,669.9052254811845,677.1729247936169,692.2962982273882,676.977031081217,669.6906248810253,662.9146347918248,267.69998773236597,288.82860985935054,309.5402475290432,330.28395414918043,349.59358840431264,366.18432189111934,378.65024536133194,388.1481904046147,392.5377601489864,391.5044909301973,384.5245458402296,373.8192136228592,359.0600518405656,341.1013661736679,321.7842286064124,302.33866840152484,282.5791144071194,255.54333727897534,246.51350493723723,243.58371851585065,245.02517672429596,249.11936412360419,251.20400742194164,248.60678218377132,249.31804771722403,254.63391676097604,265.8066715513788,269.25373865991617,280.5452249216078,291.03452488924563,301.87372735441977,314.15554803128333,316.65068564217984,318.6303853558893,317.5690264382905,316.22170469564196,271.6161072919116,266.309878021954,266.7920355729035,273.8303332311252,276.07452836807573,275.7429142761157,276.4762712637552,270.3655797440116,271.63419012729275,278.6010227755265,281.2476876456322,280.19869230691353,337.67639051931724,334.69713509882456,333.00145997689606,335.24947284604235,334.2356153271103,337.7958121191185,342.7186750004852,347.2156698554121,348.65397109300324,348.4126316838882,346.9741248761019,343.57356802421896,338.0173286879862,338.328209557406,339.7147364729882,339.578017609623,342.4859108052253,341.5585689712838,341.5485547660626,340.0855704214672,5.8154178761990725,3.1890467217858083,-0.7407886139754244,0.68233323,0.68221337,0.1783054,0.66405684,0.16005315,0.0,0.27718648,0.0060375156,0.47425827,0.24620852,0.38868618,0.5527494,0.56893635,0.0,0.3877983,0.54108924,0.025700541,0.26036516,0.024895556,0.08453413,0.00015664804,1.5274583e-05,5.84493e-05,0.002046701,0.010271946,0.00032884083,0.9871221,/content/data/frame128.jpg,0
600.2150065104166,185.3997459411621,145.45350477430554,204.4556007385254,0.9985761642456055,598.9085452140064,597.7809329239759,597.8048318759003,599.3132407139705,604.259468269767,614.9322715062558,630.3382883114108,647.3616028003013,666.6596938953949,686.2034941477366,703.9036787233911,719.4399643758718,731.2031915684497,738.8176747726341,743.7966121223524,747.6991351203528,750.3739020175362,612.9133237297694,621.8745642410025,635.135656508862,648.9083698766444,661.3135016402751,694.9876038312606,707.7329364626239,720.9430867087434,732.938481415931,739.8496035121423,676.6750620808286,675.7697316138057,674.7637016314386,673.8946674463042,658.0206377251874,664.9750609054726,672.4008897242813,679.8948727823089,686.7187931344021,629.1098302679948,638.2027800712619,648.5826392631135,656.7818406522407,647.7028858295406,637.4439508741659,694.5272026053563,704.1270427079054,714.2846931957702,722.0422264521031,713.7201119891353,703.6398068013946,645.6994904687626,656.0785672870925,665.6809226839546,671.5318628510489,678.2696563086287,686.9655552055486,695.3852689373819,685.860273464448,676.7889668913158,669.3671523067449,662.4156027039743,654.194136573036,649.3653052609662,664.6778759576332,670.9270734949166,677.8081290498052,692.1155910637663,677.4127745047389,670.4435300989526,663.8746415792501,268.59690041174474,289.88500608682335,310.6461283557244,331.39144229234455,350.5396320830474,366.94493729685837,379.21683889282406,388.54432526697235,392.85804038992836,391.45545671055515,384.3366327240693,373.58684978255997,358.89403590556793,341.06567368658045,321.8275767479927,302.3137041108341,282.4472076843217,255.92211301157795,246.4695858000858,243.37970759843586,244.97131857019036,249.2784749169872,251.69058366791813,248.91551941000466,249.3694276668685,254.6667910399472,266.0061545812777,269.9668949435803,280.96597718625543,291.09340027095203,301.58425413626594,314.3957741051906,316.6388609278109,318.4132109561642,317.59196736297633,316.5187994957786,272.1604363177566,266.58590067281125,267.07892760576357,274.5549818799091,276.91758905380846,276.5678169062628,277.2154613204426,270.64555644635215,271.83920252400037,278.96914060163664,281.921920639425,280.97820268652083,338.90402682924486,335.08923203231166,332.8331446478062,335.0192132580643,334.0651562756295,338.1858518076726,343.8571824122552,348.80997240016194,350.58247982919295,350.3787702374499,348.9235116155455,345.1948510250278,339.0900708655805,338.2774406930341,339.63729361669505,339.56361889141135,343.4889988952907,343.0044391449385,343.0041027974432,341.56202022307366,5.585253108882258,3.4420552638688067,-0.45437891653244616,0.6168527,0.5841784,0.4368127,0.6956468,0.16784233,0.0,0.1804303,0.02647651,0.46944612,0.12137108,0.14932507,0.15612862,0.52053547,0.0,0.40992162,0.55466795,0.8187294,0.15257844,0.10236143,0.022372138,0.00023906352,2.3076369e-05,0.00016176802,0.0017130072,0.014489112,0.0004967045,0.9828773,/content/data/frame129.jpg,0
599.7108832465277,185.45131301879883,145.7724609375,205.13943099975586,0.9987254738807678,597.9369872842448,597.035150835295,597.1915216325253,598.6570067791135,603.5278457836116,614.2774366382431,629.8387317857408,647.0736775627615,666.4040485126243,685.893280953173,703.4838126539057,718.7783431609525,730.1938185266265,737.4587494960869,742.2124598809512,746.0729540372203,748.790854492307,612.3400806294503,621.2932395712799,634.7680892478197,648.7937013096127,661.3190135391221,693.7934524673603,706.6052274578753,719.8488351381826,731.7688905170829,738.5164321926881,676.0330694120344,675.1802178237713,674.1833095147587,673.3166802466438,657.4634127334714,664.3337577014286,671.6368083857501,678.9856012606335,685.6698154961537,628.2745396138255,637.2379474474296,647.6312260789321,655.8453056684623,646.741384574901,636.4374627807754,693.5611393628964,703.0965703465089,713.2270239616712,720.8070808418606,712.6995838577006,702.6434768919615,644.6578002834651,655.0326499843031,664.7800356796276,670.6706540884193,677.4767472352152,686.1929418217682,694.3508689290913,684.9547993972694,675.7412437735145,668.2699263878734,661.2728605125263,652.9527705535303,648.3788302789351,663.7484850893266,669.996941683659,676.9098375265576,691.0362731528883,676.4466492437483,669.4116543988414,662.7792421853835,268.37666105225605,289.8071744529931,310.63117648594607,331.3806851423208,350.45496585225663,366.5701560097661,378.44177675481086,387.2863869473937,391.29670420160255,390.0045515113593,383.179361825344,372.59293890339694,357.9334288503448,340.14730985203704,321.16247401577095,301.94327089487126,282.33977468238965,255.8293984403632,245.70539348366182,242.13999698146844,243.6498780969717,248.2703015342613,251.46783104987168,248.672686084051,249.2713622217596,254.7605498072688,266.1890838897352,268.8700971380624,279.83133457738035,290.0040382768163,300.5537060464434,313.1174094360506,315.35083149814193,317.17325612644674,316.323397772145,315.26719701980903,271.21922089820526,265.4650660798935,265.9649654968763,273.5046577367334,275.90085156819066,275.59642940341666,276.5157117110924,270.1110640602944,271.4091225185252,278.62125372126957,281.4542249476415,280.4310231324582,338.18345491905666,333.74884675082103,331.3751095104319,333.5939468933192,332.66192133223433,337.00269748486664,343.03284608167695,348.6600672382242,350.4874659170825,350.27779281263037,348.7779331618116,344.90746155900456,338.33317530798803,336.5879585086284,337.9239826182077,337.89739565772715,342.67772234850304,342.93038650936137,342.88674985347336,341.401636281729,5.3956295526840625,3.376503061816779,-0.4636088957622745,0.6868142,0.5618729,0.5395261,0.65948,0.19391246,0.0,0.2048847,0.038838793,0.46769565,0.15016508,0.2328245,0.0862534,0.5447624,0.0,0.17445982,0.55156493,0.77866215,0.37589136,0.07041516,0.050754335,0.00022637492,1.855935e-05,0.00010374068,0.0016953648,0.01389629,0.000525838,0.9835338,/content/data/frame130.jpg,0
599.6473524305555,185.20446395874023,145.4792751736111,205.42960739135742,0.9987359642982483,597.8373528797428,596.8060879772347,596.8695086694094,598.2753615628712,603.1649297913091,613.8053460635003,629.2018918115122,646.324773412081,665.7190818881894,685.303171229662,702.9711438532134,718.4876544413667,730.223270579709,737.675211093649,742.4414937576058,746.2183621964913,748.8278490952474,612.1063547595994,620.9610000909402,634.2346111765875,648.0256381334743,660.4015736773038,693.6242158319744,706.4528204691535,719.7118409385646,731.706032771292,738.6143295690965,675.7257173492795,674.9094803678735,673.9646314389194,673.1644103403909,657.1285369961529,664.1385713839063,671.6336813142631,679.1151483572328,685.947347671163,628.2348998224694,637.245516343485,647.5930917480155,655.7056947773908,646.7202408246577,636.5006969755896,693.7176369176035,703.1873141916492,713.2646546329291,720.8601356604756,712.7052889033267,702.7193565422133,644.9079334760304,655.1901008964969,664.8923831557661,670.8205005747272,677.6357362769306,686.30081379823,694.3934777880964,685.096478179718,675.9725970411228,668.486692570053,661.4585484798715,653.1832373045833,648.6384880958057,663.8241017276256,670.1207607744175,677.0385495541843,691.043836698338,676.6297184301606,669.6071872457214,662.9607207460244,268.53676955226774,289.89846026497605,310.69292424134846,331.47157804343067,350.602094643116,366.85582072816544,378.9929359487371,388.13089343210004,392.3114208933827,390.91739257032975,383.86918454613965,373.1026615631257,358.4066637563028,340.5055204489124,321.2385308949455,301.6834170773579,281.8050616015832,255.534032595839,245.7552634757265,242.51249534386727,244.03638455946344,248.37354441659477,250.900872774883,248.1656244618615,248.71230972639668,254.09724627354407,265.533372748811,268.69102160589057,279.5815574801768,289.6528735985395,300.1069546242058,312.9644907048581,315.15511083921865,316.95010927956184,316.0211439922505,314.9872085514736,271.3553298431937,265.66296915888466,266.06058916489405,273.4701243228847,275.84209127052515,275.56820497984796,276.19592473435546,269.79933539448973,271.06601540846015,278.2532603975393,281.06902158232936,280.0395309163877,338.2579925031897,333.87158013284215,331.36954658407114,333.5673224385797,332.5910441761621,336.95456411942405,343.03278268658335,348.573176151937,350.580245452438,350.4458001970895,348.97122226859176,345.04108623860895,338.43991236182023,337.16412239612134,338.4770280683788,338.4344023103715,342.65323564932567,342.6589661028323,342.6871334858381,341.2257649873467,5.74445245691734,3.4990083715234572,-0.22749698242882155,0.57198393,0.6517214,0.2658434,0.68260336,0.18943648,0.0,0.12596196,0.20154618,0.46624836,0.17244586,0.22994216,0.13611758,0.5344128,0.0,0.31436357,0.5401241,0.88189775,0.17352602,0.11566435,0.023592895,0.000102178026,1.1913846e-05,4.11617e-05,0.0011406014,0.004617672,0.00013424977,0.9939522,/content/data/frame131.jpg,0
599.3877495659722,184.557523727417,145.06819661458337,206.24395179748535,0.9987183809280396,598.0621864593122,597.1063083903225,597.2969706443696,598.9090382760264,604.0978182706247,615.0550064113581,630.5792118035266,647.7117747705313,667.0957669107141,686.5759033663189,703.9731195118168,719.1480780044659,730.7345338243767,738.167746990375,742.9867936384969,746.8213106953233,749.4135266583323,612.2861828926555,621.1187955624576,634.3798072871557,648.2557738376305,660.7348191727543,693.465146968652,706.3594752643595,719.7237047527719,731.8105978195379,738.7607807647183,675.8624099021782,675.0114276047095,674.0332707551496,673.2076909143217,657.2581935215981,664.3719066253688,671.9334818566751,679.4264837315964,686.2818573917416,628.3425269714708,637.4134315015215,647.8222430031417,655.926172485104,646.9237601769948,636.6595818845125,693.8379818636236,703.379790703134,713.577165845269,721.3369525217872,713.0501017492636,702.9405730817489,645.3400010902241,655.5549897824342,665.3069294544769,671.3101480556534,678.1922960821186,686.9976697065157,695.2456202013611,685.9590160656178,676.7849232752867,669.209503557594,662.0628351180883,653.6430271204171,649.0986795700524,664.318468530606,670.6951858540182,677.7004443345463,691.843180934901,677.3442936314799,670.2267155778603,663.4854685761368,269.4329257913187,290.9348219384284,311.8382261759119,332.7154461157546,351.8187720886616,368.0105811845111,380.1199411162387,389.2966302087584,393.4032721887287,391.91019190623865,384.69192600836686,373.8026510846835,359.0373625243069,341.0326116666737,321.65252873149075,302.0397817160874,282.13767977210654,256.35581634636117,246.38610445239007,242.91147765888473,244.30099351231138,248.58482574079602,250.98056358533844,248.28726885757723,248.8896699722033,254.34918454062012,265.79895832684576,269.02360252439524,279.81848121111875,289.7751452114204,300.1444073598152,313.70011413463783,315.72962585341605,317.37926610822285,316.49314522090594,315.52714378613825,271.89116666070856,266.0912414712439,266.485532738564,273.95581696933493,276.3327685023024,276.0782866326674,276.5665389612964,269.96553653290886,271.1951880294151,278.3717065682313,281.25061477490283,280.28559432931434,339.65865149880324,335.0407740151479,332.2964088431993,334.49186262629405,333.4250922128308,337.869858297717,344.0247171735971,349.7940251744682,351.9324193162813,351.879018100811,350.4707306875263,346.52911616541974,339.8100631218937,338.3421492685728,339.60398163567254,339.49450914395834,343.6731690062287,343.6317461849468,343.72472625707644,342.3425346311307,5.501569783171547,3.388661216576016,-0.31965214982938267,0.5966447,0.50713587,0.42552045,0.6857857,0.18287642,0.0,0.15143685,0.09366388,0.4679588,0.20657311,0.15564992,0.35528794,0.48779503,0.0,0.2532633,0.55156493,0.40674353,0.24363133,0.020174263,0.029074902,0.00016384925,1.7946484e-05,6.91372e-05,0.0021211326,0.008706809,0.0002826297,0.9886386,/content/data/frame132.jpg,0
599.1896701388888,184.6643829345703,145.07231987847229,206.6710968017578,0.998746395111084,598.2736998565186,596.9372534146554,596.7427778866877,598.069922585926,603.0690641506696,613.8799655502396,629.3080568628815,646.4541212788312,666.0017722085959,685.7131589384164,703.1104701855536,718.2539732597921,729.8044241749034,737.2323811925405,741.9301714260931,745.4741464528964,747.741731700291,612.1782159869093,620.8269814533717,633.8525401869971,647.3812947407644,659.5161996074585,692.4186473520786,705.1411104467977,718.3225334223578,730.2690161001465,737.0328057818464,674.7413451521261,673.9182536446184,672.9634373400811,672.1409962523994,656.1306313728186,663.3286649819722,670.9575130322243,678.5228860203682,685.4244612292944,627.9402313599819,636.8777832291789,647.1048071856482,655.0322718473684,646.2051361347658,636.1205319467829,692.7459563472337,702.2193654594248,712.2802367148939,719.9018562357163,711.750794976547,701.7575378184422,644.0359121037818,654.3320579490301,664.2705172367962,670.3885287249116,677.3770384564872,686.3541033301124,694.5393707592208,685.3359597861548,675.9960049964396,668.2279892768313,660.9138705110092,652.2998212027585,647.800800746252,663.3062033245727,669.7898911864417,676.8968216731519,691.1847418131213,676.4900284188083,669.2283275780526,662.3226281161391,268.27041187903615,289.7750430247528,310.80298295823627,331.783397897617,351.0588407390751,367.4665234387164,379.916490190888,389.4438693663665,393.7121459984726,392.1457133234835,384.4984909131475,373.1494188455206,358.06851867953264,339.77710190570576,320.20854145676276,300.5223289306614,280.6745757714168,255.27470593719625,245.4961021039333,242.2941666031167,243.8441096572904,248.21065142106,250.42309141479961,247.6412236456841,248.0812548313621,253.41347786721653,264.8913995805968,268.5553401096213,279.2968239750368,289.2352980450716,299.5809201439006,312.9271358517337,314.97539657735433,316.6388600645645,315.64198820537024,314.5634443112092,271.1978628221552,265.5342952317707,265.94890091516044,273.2627462090102,275.58030291598936,275.2868748808602,275.92214288134767,269.4742133276388,270.66927845539703,277.73985934319626,280.56336876344324,279.59830834664683,338.9777211573088,334.1414506298977,331.37015957408875,333.53830449945235,332.47006384662564,336.8367016951422,343.04445633697395,349.70796310732294,352.2667294849932,352.26158525546055,350.78927128574435,346.49873255686725,339.14637206173137,337.4321906103636,338.6932659593243,338.5586586198842,342.7664166436367,343.79675555933136,343.9115694408854,342.4924716387493,5.541055048776854,3.3836648340513693,0.13459859588968506,0.5959296,0.64789915,0.37198886,0.69644463,0.19804354,0.0,0.29644018,0.12447672,0.47127065,0.19289413,0.33096248,0.21602045,0.49818,0.0,0.28272218,0.5370044,0.92836064,0.42607036,0.043878853,0.09719377,0.00014850797,1.1348444e-05,4.6315272e-05,0.0031301205,0.0047414196,0.00040923498,0.9915131,/content/data/frame133.jpg,0
598.9048394097222,184.9273681640625,145.27484809027783,207.05070877075195,0.9986879229545593,598.81257630174,597.6527728144349,597.6575451502671,599.1003603701948,604.2098733913771,615.2160201458669,630.6780550302844,647.9474686448909,667.644531363088,687.4047710701454,704.6371463234908,719.2828785322226,730.332853767381,737.2829889659497,741.8350494741378,745.6437955367383,748.1549549638598,612.4820159602184,621.1898294729856,634.2196983804881,647.7697185725056,659.9998639508365,692.8030714980374,705.5752342706002,718.7650671361839,730.7782767148616,737.7698782914914,675.2276212039188,674.496435673914,673.6202955337438,672.8526492098866,656.7598885010277,663.9149638684534,671.4531737597433,678.8816828669303,685.6687071055113,627.6706319142952,636.4921373500537,646.9503947749897,655.0329175207256,645.9931360327374,635.7019584925464,693.0048350461464,702.3691723942773,712.6191723401114,720.3732665621823,712.2429686251515,702.0850536574546,644.418672467176,654.4065752848222,664.3812755038822,670.6708068716744,677.8729539829097,687.1014148957865,695.3656048056926,686.2909841554226,676.7348499993383,668.8193701147954,661.3710756215049,652.6707408662095,648.4023696216426,663.4939320369252,670.1248427668163,677.4375273944261,691.8582304550724,677.2389182529339,669.7865067406786,662.7480185379983,268.8554452311338,290.4630342949469,311.49624738021964,332.62198972625174,351.9731043760528,368.4299546937094,381.03121675097725,390.6573106106191,394.67193724029323,393.0685360666133,385.240720548118,373.6209972783993,358.32490935804043,339.94977996301236,320.4642550106102,300.8799067936358,281.1301373470389,256.1432013748694,246.15692759350418,242.77397459119857,244.21289493347263,248.54016324430708,250.833853732629,247.84456475233114,248.14462583057622,253.27415748623855,264.54220884644684,268.52159645947927,279.38959353263215,289.5068936639603,300.0028632788009,313.56087315330547,315.4814032626288,317.1268483817786,316.06713066216344,314.94562803923714,271.6158546139548,265.617357982469,266.00200306724844,273.52643279254346,276.0059889158141,275.81281483173206,275.81590259595555,269.05108508376844,270.20354680074354,277.38829284261396,280.3702511596474,279.4812638469888,340.6037491732991,334.7771010600353,331.4339928042202,333.59976692093386,332.32122520052167,337.06429761736445,343.97521746982386,351.0520324533693,353.72323729038624,353.79472236427955,352.422140822193,348.23347388002793,340.73368703083787,338.0808754943752,339.18867940312055,338.9612659382966,343.71857020846676,344.54081886657804,344.7210198980953,343.3996937611764,5.423682906297633,3.171541865551583,0.16227975255570612,0.59231013,0.57558835,0.56436294,0.64900905,0.21343853,0.0,0.21806948,0.012487264,0.46714973,0.17675555,0.15747073,0.2429399,0.56378865,0.0,0.31077993,0.50021917,0.9147455,0.36512366,0.0843575,0.046894517,0.00021074065,1.4208378e-05,8.527442e-05,0.0037708466,0.008322687,0.00036989118,0.9872263,/content/data/frame134.jpg,0
598.8684353298611,185.2712917327881,145.1388888888889,207.10572624206543,0.9987460374832153,597.4006436009089,596.5463499599203,596.9176763520734,598.7785041958949,604.2395478357544,615.492950633361,631.115715698325,648.5294154906715,668.2317047016033,687.9347716137197,705.1245749384316,719.7111087253373,730.7239944699982,737.6371506512539,742.1582016829486,745.8240628656233,748.1431974240587,612.0897080306235,620.8934706043833,634.0508858815766,647.7179842949573,660.0235427282064,692.7891972197713,705.5522661497549,718.7516180374794,730.7323047626538,737.659844712481,675.4049389722608,674.71549576232,673.874748935295,673.1692036074992,657.1422857537248,664.3234599831404,671.888500110472,679.2390502511605,685.993747964436,627.6387470233112,636.6482004503141,647.0808692647063,655.073059915871,646.0885225534792,635.8477977980618,693.3439722112948,702.7640666769889,712.930680212877,720.6461129359053,712.4882941525084,702.4052131304973,644.6268220674815,654.5694650689554,664.8196259320761,671.2538515039769,678.5092110197013,687.8771032192308,696.0476614886951,687.2105910842114,677.5604007614418,669.4827592668121,661.8434597863924,652.8270514887981,648.5721816491326,663.9821454500253,670.7024613642747,678.0532411119796,692.5620195938066,677.9949653698991,670.4307844172093,663.2108288220676,269.90264404391667,291.709303779557,312.90700867449743,334.0881077974826,353.45258583396793,369.87410926868006,382.36533830468363,391.77193780315974,395.6490818809267,393.78730968566697,385.6696499100942,373.8340451925293,358.3867072947203,339.89432114632814,320.3983893896543,300.8265984374559,281.12132433531167,255.91534753624532,245.85000550791526,242.42974235925743,243.88745805252003,248.2967052806174,250.92923119631092,248.00318604028888,248.3004234329464,253.44740541119356,264.6571162155958,268.6029201979237,279.4096262485972,289.4822342279924,299.93726380310403,313.6461210667452,315.51654426184604,317.12725970144254,316.10347904901187,315.08834939642236,271.38512766823123,265.3960952876405,265.7969224780531,273.3748724450448,275.73206251476756,275.48404990374024,275.97655695377046,269.2542930832212,270.42019307208284,277.59156826657573,280.45088666098076,279.5667367011912,340.92097558980197,334.8807112178576,331.39896523556865,333.51080169164675,332.32051891898635,337.1886765059502,344.3653178484627,352.2831010129803,355.3915208000708,355.53789156964285,354.1230679483665,349.47382213477954,341.0251282950809,337.82956153527584,338.95925768233667,338.76388433147275,344.12122337006895,346.25695376920135,346.4662516746041,345.1194361702294,5.733605395034976,2.705443029085768,-0.6260760219706147,0.49658173,0.53904265,0.43079433,0.67887706,0.22100115,0.0,0.21665993,0.04115606,0.47128683,0.24715257,0.13200404,0.11758552,0.4027982,1.0,0.3654916,0.43233678,0.9274072,0.46063808,0.14047562,0.04447096,0.00025965087,1.708741e-05,0.00010130654,0.005397814,0.009887244,0.00044170607,0.98389524,/content/data/frame135.jpg,0
600.0739474826388,184.90415954589844,145.27555338541674,208.43639373779297,0.9987493753433228,598.3764099007983,597.3943028583183,597.6509122493958,599.3849125003323,604.8303435013584,616.1215331492185,631.6962908503497,648.9738266079185,668.8723793105391,688.6430018945039,705.706667296965,720.2499259869519,731.3100892857592,738.3470806896657,742.8202368254933,746.3755193317565,748.6283029746592,612.4385441522891,621.3240370650051,634.6079943649802,648.492765530686,660.9858773535275,693.0827181916011,706.0152441057216,719.3137894048932,731.2126620249019,737.8207051274485,676.1577915939661,675.5347192889913,674.7696879361383,674.1555905678179,658.140531717715,665.329791419826,672.8971315099006,680.1679483398648,686.800769423673,628.4511430945049,637.2343634732529,647.6685323946863,655.5564133909679,646.7100777392529,636.4575543796077,693.7804077024812,703.1355864820189,713.333499886573,720.931797544692,712.8974253066071,702.7639763972247,645.9661792314291,655.9380420097018,665.8854324316321,672.1541200597694,679.3697455018691,688.4184793928189,696.4021924369645,687.6868729701637,678.415226699055,670.4931380746116,663.0810628978038,654.2679434568295,650.0046249180282,665.0386426857353,671.617576878286,678.9410655540969,692.8000375040547,678.9101452573841,671.4152308189155,664.3776728907683,267.52985997749784,289.70633210906635,311.28516589235824,332.80602039218047,352.5505232269452,369.46982930777176,382.57829081567616,392.88907672091136,397.1529617839533,395.38643484191107,386.80533689454387,374.4532896076216,358.6135700099967,339.6997557058685,319.7785122165569,299.99851216555635,280.0353831537691,256.5358831093831,246.07821834049582,242.46694683987153,243.94105782254792,248.44610330971045,250.68572271828452,247.9554858630504,248.58093607898263,254.0656212464719,265.6230064719025,268.3097849544665,278.83441885201046,288.6180539513307,298.8969654137636,313.34807446345076,315.1169718621841,316.7774842285635,315.83850011676896,315.0337971585386,271.5312803232646,265.6152093093274,265.8882889018482,273.18473349943497,275.7315655860284,275.57751571817244,275.96885724592676,269.59433394451844,270.90562138787527,278.08519799803116,280.9027168576554,279.81176261830933,341.90472768456766,336.04938657837374,332.5293031176934,334.7617813391289,333.51700831418293,338.4713969753684,345.77150907198666,352.98376518570785,355.65146820074824,355.7072708384512,354.31752724203216,349.97203287127286,341.96388474211653,339.2197307716551,340.38080729431294,340.2189453553492,345.4509010773827,346.42547185660897,346.61463131885193,345.2276308924402,5.494847824381974,3.0966184170102493,0.5508039575241527,0.4864375,0.48942697,0.19335194,0.6837162,0.18641073,0.0,0.22537948,0.39130884,0.4679736,0.16890308,0.14668232,0.1713383,0.54044425,0.0,0.39503703,0.43658045,0.97722864,0.57792395,0.052943304,0.05683396,0.0005352119,1.3511269e-05,0.00014903578,0.012271223,0.004500532,0.002025532,0.98050493,/content/data/frame136.jpg,0
599.9297960069445,185.62112045288086,145.3049045138888,209.72412872314453,0.99842369556427,599.1133511559431,598.1841740974776,598.419384111228,600.2733842927961,605.9717218918672,617.4880684348561,633.1305993946055,650.4496692307463,670.3331732442283,690.0822115330127,707.1454529776032,721.8584993657953,733.074956891412,740.2547125598679,744.8348275521132,748.5565459992782,750.8904803633995,613.0092827565703,621.8059572631745,635.1585282309525,649.3096806972653,662.2104399297654,694.4527526029296,707.6698453029023,721.4085252087498,733.5824134956954,740.2253713107036,677.4050218186846,676.7551341505899,676.0125725370265,675.4087218288935,659.4035804314915,666.6859554688293,674.1791344808632,681.3332690585357,688.0528651363151,628.8950340710998,637.8744838591161,648.4900908043262,656.7178810914487,647.7191404821516,637.2771209271915,694.987120352919,704.451413282481,714.7939036001175,722.7500023203363,714.4226827958903,704.1562607167568,646.2692837564484,656.1659550939405,666.901874661299,673.5768138378708,680.9906994740957,690.4796084516529,698.2130976945722,689.9094641785262,680.2767290777649,671.9982366320661,664.168038271886,654.6641886582513,650.23086241534,666.1887142994543,673.0463462539258,680.4529865816914,694.6986130701089,680.6194936705072,672.8783691025241,665.3804123870858,271.3487001530947,293.9316140903293,315.89541416962277,337.80900711141476,357.7968330662634,374.82680309436796,387.95731210815643,398.0263107822535,402.113084771168,399.64616974557356,390.5515075525438,377.79323938640954,361.58983454820793,342.4109030309537,322.3427336555918,302.35448768286153,282.1805638051437,257.81993918426406,247.1534800740913,243.004505937089,243.8401015114485,248.02146952757664,250.38356009041036,247.80338274282468,248.67954004404518,254.658164575956,266.61234600917743,269.03331407864187,279.4087157974371,289.02639775733104,299.1726572207024,314.72965453897194,316.1942568924503,317.529613743475,316.698893376671,315.97860771147606,272.83331335850824,266.6656132769598,266.8696219623556,274.3801267120096,277.0305295493512,276.95434130573904,277.03940242710206,270.2707617613152,271.54420347638614,278.85761483505365,281.64375845137664,280.70852863522316,345.2450786921765,337.75915998924046,333.16711948928275,335.1076171033628,333.76318486596574,339.0401245245854,347.21250245260103,356.98877866443235,361.16972666267884,361.56026828946415,360.2357118982545,355.1614758694697,345.0595057916595,339.01855360623244,340.0412971481653,339.7054778511098,346.9126546869851,351.79749265240173,352.2544571070497,351.03625524374127,6.1443448807800145,2.9061373622267195,1.198322217077992,0.6319024,0.5353621,0.33848608,0.7046758,0.22420353,0.0,0.15802078,0.044249732,0.47145393,0.33234203,0.1427057,0.3095707,0.42783967,1.0,0.45010564,0.42434293,0.9946949,0.64211714,0.167402,0.09399077,0.016895741,0.000114049835,0.0015517722,0.023885727,0.018445458,0.036173955,0.9029333,/content/data/frame137.jpg,0
600.3747829861111,186.3449821472168,144.9694552951389,211.00201034545898,0.9985060691833496,600.1862599015974,599.2303942387791,599.4816804752624,601.3869976839634,607.2819710867461,618.7628442352496,634.2707527875291,651.5790511414647,671.4233932334389,691.1310618125475,707.8781249346266,722.2396345940138,733.3231381063231,740.6887628781376,745.4620279652198,749.051579090885,751.1803565875989,612.9113887293693,621.2415834979846,634.2399122040993,648.2421105787795,661.1018490829678,694.2397805486477,707.2863509601373,720.8775025375107,732.9823598465498,739.5205786257244,677.1240038010362,676.5917679237481,675.9407124167349,675.3884494025681,658.6177068699672,666.3615457063986,674.2600477671948,681.8491554650822,688.8694592731292,628.6090570446806,637.1728011299474,647.7619724230475,656.1045954864778,647.2056270121019,636.7750956958666,694.7320677964574,704.0404003056971,714.4168870272358,722.2800058006078,714.1267878372729,703.8166306308672,645.5683444311056,655.862232418555,666.7637108382546,673.4384673019363,680.8536090564929,690.2914614517101,698.2082475187825,689.6464276685963,680.0168158150674,671.7790673365424,663.9234115768754,654.2005686471839,649.6868790994715,666.0824184294054,672.9507529422006,680.3173285125256,694.3992883178037,680.3711316345846,672.7355857300842,665.2813103162009,273.07231649255357,295.60242290388095,317.47551245245506,339.188505642319,358.79117890020336,375.6748853510684,388.80933671059427,398.77864019702747,402.6995370575607,399.9633200489949,390.59442318384424,377.7671099272699,361.6176312150218,342.61219525005185,322.5379712071092,302.50737825136787,282.37701936620965,257.1694869875452,246.26697476311597,241.72630064815493,241.98130329945076,245.77760027899689,247.99966167401283,245.44994454787167,246.41581246009932,252.3450749774173,264.29917790041225,267.3532181761422,277.6960345567795,287.2845809698814,297.4763411236777,313.4517482483162,314.9335601808158,316.34705044892235,315.3670488413768,314.49193691077653,272.41099839844344,265.94096545530317,265.9662672601088,273.3010589945134,276.27305894162834,276.41727847441814,275.49821852377977,268.5802085618242,269.93163281605484,277.3345047422149,280.2566028595716,279.3091547819787,345.0157686083227,337.92830522295094,333.4778135921031,335.45625927988874,334.02070444952403,339.0963234629259,346.81122331294836,356.73060233156355,361.0181452081699,361.4526601274407,360.19319921802526,355.10221650805784,344.83757689383447,339.82078665176107,340.7803083612325,340.3968347207285,346.5693130062209,350.96028163190726,351.46698177777216,350.302464891042,6.40359174600363,2.6731732258052676,1.4927480662090569,0.5529937,0.5270186,0.29294947,0.6459391,0.2017216,0.0,0.20359054,0.5748463,0.46473828,0.2205063,0.11154701,0.31288424,0.5154291,1.0,0.3817108,0.4287835,0.951354,0.57656,0.048896894,0.06371356,0.033649843,8.4654035e-05,0.0031702684,0.019218914,0.017927397,0.1714957,0.7544532,/content/data/frame138.jpg,0
600.9086371527777,186.69342041015625,144.02848307291674,211.81705856323242,0.9984266757965088,599.2531471894059,598.4967855705929,599.1896748540541,601.5074188041955,607.3420747874262,618.4588918524817,633.883131428225,651.4238427318523,671.5847214304531,691.5707955449056,708.5654584153672,722.8743605083739,733.8677932318362,741.338106071771,746.2496482559645,749.652822924316,751.4372295737322,612.3298004394121,620.8688256010752,634.3119541316416,648.80678115589,662.0373656137391,694.6503287219612,707.9445067178551,721.7462361415135,733.8989271736307,740.3351234855538,677.869770408891,677.4050489828068,676.8206247469328,676.3019984230848,658.5354713518439,666.6657177054645,674.9536790635038,682.7937813201389,689.9637690368662,628.4948233003189,637.0901622632714,647.7395838678258,656.2772076233497,647.2763774754055,636.7782547077029,695.7127006278057,705.282683472291,715.6921616203151,723.3982136983626,715.1980636914866,704.8169318233153,645.7337247477479,656.2905702202659,667.4201438687718,674.1490446845728,681.667732549398,690.7171195262721,698.0044314499368,689.6330977893696,680.2869005673883,672.109763921868,664.2554430742966,654.507807382375,650.1945595672489,666.5919431411978,673.5352439459546,680.9281688663342,693.9658819635923,680.699429083749,673.1255485425456,665.7084664103941,273.4509577742356,296.15528256306663,318.13526975715666,339.68557825381004,359.12306625370974,375.93386463871263,389.0148773980869,398.71489558195015,402.60182049920513,400.14931430465424,391.0907916747864,378.29451434221744,362.21115937096664,343.28385895740666,323.1754837504306,303.1272250792406,283.0682702703831,254.56186650968073,243.44588271314052,238.7881919945124,238.99522891986135,242.8839037009982,245.5189335762151,243.06619255144628,244.2417829229988,250.44895917110898,262.79711227138245,264.92861313321276,275.1150480252282,284.542738907994,294.7167126481233,311.02645909978014,312.6488328988355,314.19783361754514,313.0866018760378,312.1637342699711,270.74084283063263,264.4120927061577,264.31940294659637,271.26191593384794,274.44488803431057,274.7133974505748,273.8208380929556,267.50767008971457,269.21709014793294,276.83279319343006,279.54084769125,278.1981112307207,344.338670845268,336.6345883109836,332.0022516807219,334.1943235884375,332.71119653343703,338.1939367096181,346.4748228604467,355.9914159186139,359.99801334498534,360.3498041617577,359.06641914501415,354.10316886186956,344.1175971330224,339.5739657237858,340.52322521627883,340.25901849562024,346.13533411702576,348.8810447765635,349.2973760274207,348.0951665143923,7.440822400570684,2.4576087442726338,0.07148250028779454,0.487458,0.51938474,0.25724092,0.45435965,0.20474966,0.0,0.217949,0.04471245,0.46625063,0.2810915,0.2143447,0.17894897,0.47532022,1.0,0.39648038,0.43255267,0.9494811,0.6011829,0.083043985,0.13235018,0.02664346,7.471537e-05,0.0025708382,0.009339079,0.026403772,0.40297046,0.5319976,/content/data/frame139.jpg,0
601.4231228298611,187.48117446899414,144.27891710069446,211.19653701782227,0.998479425907135,601.8175640642169,600.800597287542,601.3340413757611,603.5018476653397,609.2408675230994,620.3833171525935,635.8911796309726,653.4477417322282,673.6629743049095,693.6007407240686,710.4601177543577,724.8336439740101,735.931746300575,743.4480911034298,748.1810733418574,751.214061787543,752.6803815859016,614.1114536682655,622.6909403710954,636.311329068091,651.0768396745982,664.5480495280012,696.8430976849882,710.0515168186748,723.8378746265562,735.9341632531318,742.0827243921785,680.4756611357316,680.0926043673835,679.6270086692202,679.2344502561332,661.3111835811717,669.4223479612351,677.668748389829,685.4048092860517,692.551209288179,630.5324861404695,639.0271906793923,649.5595977070582,658.3061184904941,649.3485373250344,638.9795162902092,698.6008415378847,708.0547514638629,718.1874171975619,725.8090353902194,717.7377733862736,707.5686116689667,648.0536474397445,658.9391485770307,670.2955476021516,676.9643275671456,684.2865910796882,693.0587844310635,699.8763429318828,691.5965583460979,682.4651001031057,674.5020873617982,666.7523404717226,656.973637439969,652.4898732220558,669.3739786981919,676.2598916385086,683.4504765545653,695.8755613645885,682.9882192721211,675.603386900264,668.273638387772,274.07624003272076,296.7965910597027,318.9889436946951,340.73887316416267,360.25987387978284,377.02511060798406,389.8807150921898,399.3167546752011,403.10727647600606,400.346285828683,391.1213821574629,378.44096141576574,362.628215478298,343.98721208266033,324.1049222776569,304.2557598286353,284.4501100786131,252.69056041951853,241.48048521278247,236.8784036142365,237.24439065515207,241.2838208044252,243.76634830529633,241.32252981021793,242.5053410736623,248.9141400262872,261.74791640771423,263.64665167741714,273.2079498266853,281.98586078145286,291.6220769070055,309.2464194215263,310.7181622571843,312.17865115749964,311.359817843158,310.8441005913478,270.1191373299141,264.10482279944495,263.8769645971513,270.33511469979567,273.5009071355014,273.82439357630074,273.47994007207103,267.8865831472315,269.7651217571315,277.2990574428138,279.59059282085946,278.03264786166733,344.52022565120524,336.46056501953217,331.3487103618704,333.49105179036997,332.03569891423786,337.80655079246844,346.17191060471805,355.52030544563786,359.43256612553887,359.8287952853216,358.6071466154799,353.9603740535631,344.23739688419755,339.1742438205556,340.07273082759775,339.8388755617725,345.8200174183994,348.20237734174407,348.6506465112657,347.55747397577215,8.135538184269366,2.0410285488597775,-0.4294442067110818,0.56093055,0.5173276,0.44976145,0.4229245,0.20026444,0.0,0.32842073,0.2068851,0.4655407,0.20736042,0.11867543,0.34153295,0.5094247,1.0,0.35369888,0.401176,0.90757555,0.6755727,0.028294656,0.2307597,0.033523932,0.00031868648,0.014896314,0.025234362,0.05549145,0.48536944,0.38516587,/content/data/frame140.jpg,0
601.5252278645833,190.4754295349121,144.94449869791674,205.1653175354004,0.998776376247406,601.993498856852,600.7332763880488,601.1750689035451,603.522849216643,609.5481714162328,620.6342675293836,635.7410225870614,652.4948363754504,672.1727851036064,691.9053965940101,708.8905182454666,723.8802949919348,735.6080035314096,743.7301562730383,748.6917888116344,751.8505627411886,753.5486302669527,614.0905258938234,622.4712371695246,635.5706582009373,650.0645739896269,663.3154659020915,698.8044388468957,711.5307369993052,724.7858771989297,736.1230074619,741.8347451696354,680.4363272987264,679.7090410813441,678.9607849076526,678.2500222527644,661.3393520172174,669.1334034515411,677.1382477042016,684.7946443623474,691.9795618558621,631.0776579609652,639.5522204302112,649.304490114896,657.9985180716031,649.5650517273704,639.9536652236136,699.4355773009905,708.4883177118612,717.7530322437159,725.5822953016673,717.2815237299508,707.9202652214984,647.6167975080336,658.1379558076771,669.4587386029579,676.2024358890911,683.4329032387177,692.5212734983768,699.5371840032192,690.9733414680635,681.431424364704,673.3602363944271,665.6433805200505,656.0210908129783,651.6968554313224,668.7374249343634,675.6380813896241,682.806886208522,695.7134907662296,681.9769220455166,674.4246120914303,666.9612373509282,271.1851679529845,293.50542656078335,315.47944609640786,337.1394152226743,356.91188283717577,373.8483142751726,386.84189499176364,396.82431324871936,401.0631206383152,398.0428599471112,388.837562737227,376.43178647824305,360.93861338381816,342.5149585993787,322.56234599981667,302.5487312250432,282.48330789131273,249.61268125816468,238.85430858221747,233.95674520334563,233.82250960128948,237.4636438869395,238.94131409023507,236.72153635684037,238.19915519915128,244.66936257924243,256.9870914359485,260.4741941285969,269.29266975114024,277.23050259338373,286.08725682406737,304.73663579881327,306.1255542206128,307.47821178724075,307.09696653537753,306.8336020805974,268.75025372940735,264.37500221541495,263.692979700087,267.6746666631808,270.8069750110669,271.3123744374255,270.52355042313445,267.2335198286345,269.20477643181636,275.09684989398386,276.3777048040543,274.7405440688159,341.2119010693672,332.62783698082166,327.5030819549388,329.4272258606185,328.2636207412481,334.0894385332015,342.9322005642065,352.71652684060405,356.72630826230807,357.072275854992,355.8300590799545,351.04252560479586,340.745440606666,334.0967464675906,335.0358453857194,334.8875001874482,342.5462447763214,347.03168761426457,347.4324206911653,346.3102125254326,9.678443146924476,2.1833062731664494,1.389154997612314,0.5908578,0.54273367,0.5506064,0.37236866,0.20087467,1.0,0.2736188,0.035756577,0.46457502,0.38907477,0.09801523,0.2029366,0.5315909,1.0,0.4436331,0.42916778,0.94659877,0.5228765,0.19975619,0.52149165,0.0050593917,0.002135165,0.18554616,0.007753847,0.1408003,0.53036034,0.1283448,/content/data/frame141.jpg,0
601.3468424479166,187.63484573364258,146.90516493055554,204.59234619140625,0.9979531764984131,604.1141068047607,602.6816617587308,602.892268313219,604.9084543793858,610.3977169613954,621.0816936693016,636.0003554797637,652.8417313325742,672.8322327145695,693.0139804181745,710.3288185949975,725.3468424472172,736.9907128178035,745.1074941105253,750.200713349659,753.4523105574015,755.1180368977875,616.2975064769773,624.7300146816197,637.9465125251896,652.6747182276289,666.1207145838474,699.5584854439512,712.0898534741121,725.1741661448992,736.1333457096247,741.6280227180629,682.4395031679945,681.7858794629661,681.0804821344121,680.3837771553139,663.3111321260767,671.1538336896235,679.4192044038485,687.314550289225,694.6196505259577,632.91427143451,641.3896487262406,651.003914033268,660.0741611864839,651.5896013202022,642.0863683389238,701.1922081340687,710.2050770007263,719.2568419361603,727.2877826196112,718.8824270318291,709.6951404662453,650.3958080942023,660.3741350442142,671.4429201601567,678.3993459684716,685.9156088359202,695.0510486100538,701.5996949403692,693.0157071811976,683.5947807984267,675.2942455795855,667.4167819350084,658.2469898202231,654.4943386640596,670.8202318536962,677.9101305902689,685.3787611387306,697.6855768079535,684.0671236531911,676.2348338853305,668.6347791105029,267.96215110306366,290.3794276775341,312.37263759396444,334.1845812937157,354.49816296406493,372.00857900364065,385.41099654390126,395.84529868391985,400.5101782582103,397.929267515539,388.7828086519439,375.98620689470556,360.05238402963295,341.4505074235582,321.22835639192783,300.9120967755341,280.7290174156995,249.14993134702962,237.9110381229264,232.5012212735681,232.01138396800525,235.19939093238133,235.77539078608388,233.94219038282682,235.9035956237625,242.82808363294097,255.3425279221163,257.90666125965146,266.6337874299352,274.5107315822468,283.382196117608,302.13859606387996,303.6328460559132,305.0889755591721,304.71996044768457,304.3967191898962,267.9680850217577,264.2999428186355,263.295405746693,265.8876867848645,269.27560315313605,270.0934303148009,268.2468621316992,265.91498573757417,268.0183806532041,273.30027070299764,274.2025556001565,272.4019002898109,339.7648355068959,329.7022117908243,323.8301931610665,325.90077226246353,324.79366839366116,331.56243310867717,342.0955704813954,350.7585210649151,354.18327748327863,354.3383788500811,352.9867624104794,348.542630465042,339.1120459162091,331.2772684389085,332.3011364765596,332.3449347962916,341.48881814893684,344.1501258072807,344.3792877474756,343.15870042744643,12.056700609610765,2.9527810542257775,0.4024368428291431,0.677887,0.60522854,0.48706916,0.275022,0.19767019,1.0,0.35301554,0.17605536,0.47524843,0.2736872,0.19210596,0.22736315,0.45887902,1.0,0.4102455,0.42916778,0.9854334,0.49959657,0.064824365,0.5359056,0.003168385,0.0002729829,0.4542291,0.009835436,0.016859235,0.46525344,0.05038141,/content/data/frame142.jpg,0
600.3260633680555,188.6634063720703,151.43950737847217,203.19598388671875,0.9972628355026245,605.6206843142288,604.3901296792021,604.7661639740527,606.9796987725716,612.8852826194682,623.7021229562117,638.4150474531504,654.6757974597291,674.067973211097,693.7280778939123,710.7590563599966,726.0839517555767,738.2731702963895,746.8429720011875,751.8787860133962,754.8514673180587,756.4813065494324,618.9015878974467,627.32556562971,640.087659391074,654.5358523726172,667.9600292623829,703.6851076202845,716.0950205372312,728.6307372421143,738.6986301032346,743.5540807826925,684.8944312299878,684.3576868108241,683.8437457815947,683.3684789528852,666.3931209923961,674.1673474486219,682.2894237038854,689.939590417294,697.0242650344895,635.2689063276673,643.9195663243074,653.2657733150751,662.1578164230763,653.7691992056061,644.4963511126676,703.2521774868452,712.2625831236073,721.0154804985098,728.7722665035428,720.3553739545765,711.4479396483978,651.6073753448734,662.3486876276708,674.3961879688337,681.4547237098043,688.7392658976678,698.0028923520382,704.2039901106851,695.6602182792922,685.7452345740036,677.325929429289,669.2810344374077,659.3655783865659,655.256499082753,673.7337124302801,680.8239461912933,688.0735493419343,700.6081905523272,686.2267218303052,678.3550613867498,670.536398114256,268.788564510399,291.1459003718526,313.2558288994289,335.08128913434336,355.40190003809835,372.8224255152803,385.8553258825384,395.68387761845804,400.026070353025,396.714041469281,387.4599491282293,375.07285413492644,359.70246822915215,341.4830974187993,321.42872953620974,301.1797988868566,281.0198872071327,246.06567679194706,235.11406900203946,229.30018196071578,227.86443315055257,230.47394975997378,232.28731340587692,231.38492266060422,234.11877878674713,241.3919556139168,253.52400580909088,254.98768114172634,263.38026606184286,270.8541534148215,279.30367414122736,298.66411553827925,300.0865296701347,301.31230271479285,301.1717617455986,300.9778820631734,265.3525122181112,261.772358197844,260.7992100887117,263.3113399453585,266.4996215610357,267.1883159112156,265.9658710859934,264.0751299716321,266.34879799249245,271.4639297233545,272.03150740685595,270.1552346001299,336.3661853085447,326.398967451934,320.63090156269175,322.38731486859615,321.53590110878866,328.11455556833823,338.589930037866,349.6552423026951,354.3586849162995,354.74929288817805,353.3880511388808,347.87855447227923,335.810256393069,326.1867026272099,327.2433759638458,327.2743182310034,338.15675283136807,345.6668291205715,346.1175194468087,344.8884908512613,13.231712763559468,3.0465972285917795,-0.19791395565710998,0.61850816,0.5395211,0.39936706,0.31522357,0.22693862,1.0,0.45878482,0.3693712,0.47280678,0.37208232,0.1959676,0.16357258,0.44211757,1.0,0.3236453,0.34372327,0.99375737,0.56167746,0.016867466,0.7813487,0.0047146166,0.00024591698,0.3792233,0.010131402,0.021394145,0.5356392,0.048651513,/content/data/frame143.jpg,0
602.6114908854166,188.02712631225586,148.96771918402783,199.64475631713867,0.9977651834487915,607.2548319248476,605.9706544179152,606.3524009312583,608.5851864302099,614.6667703069083,625.8491079122887,641.0158047119119,657.8465941595498,677.4641395804604,697.0789218783107,713.6474645300727,728.2125216276954,739.6725138314428,747.5365334174585,752.115549537596,754.8283937539695,756.276998502547,619.7169024787495,628.604941182786,641.8513388540457,656.7321273853854,670.5473856941244,705.2336048746206,717.9816550953346,730.7016599739795,740.7379369562505,745.5537105975218,686.7653187309047,686.3526495147862,686.0061810144684,685.7235142393874,668.5240085098922,676.2992868645999,684.3618728987535,691.8441102721617,698.8362824243522,636.3063506197118,645.0037623920007,654.48530850562,663.4007642446732,654.8378744402878,645.4863736068232,704.678110041712,713.6427522271792,722.5157758206324,730.259631682864,721.7805137721898,712.8202126172669,652.686893805582,663.3384476088331,675.9303563871565,683.1889235897397,690.6656632764389,700.256327761454,706.2957722265201,698.3730916093332,688.4760988768294,679.8058328251482,671.4584594796115,660.8144667805486,656.4683383812899,675.3527494299128,682.6589037518675,690.0900197787341,702.513520847438,688.6590647464486,680.5812922452428,672.5156432142085,267.7162204461631,290.02415524617436,311.99945144087496,333.7616658665552,353.96804923327227,371.1815633540964,384.1214471416929,394.1008766154214,398.4909579489413,395.2181207923518,385.62083052387425,372.8834472433464,357.09254880665685,338.8451697107057,318.9974068738893,299.1172148253422,279.44894788965075,243.53582353201023,232.22516849086946,226.23782710211447,224.86710029870483,227.65770822260026,230.0781147752416,229.2979359124006,232.3360218465125,240.0357105788969,252.29737260262073,252.1155062703433,260.0931494749152,267.2328666866422,275.321041953478,295.2349198278607,296.5662310735074,297.85134747109214,297.82574395870415,297.81888969995,262.0726165640035,258.2372303998709,257.36419775046943,260.3043677423368,263.25803205612647,263.8536885614228,263.4729916064514,261.46073831298895,263.8098712843662,269.18777982171423,269.55391147683304,267.6288000876359,334.4790354437082,323.36261296001385,317.16967593797153,318.935375832164,318.09902774680313,325.1918004259169,336.7746694975385,348.85225897444843,354.17716124409753,354.65456036632577,353.2350433783363,347.13476736682696,333.9878421257372,323.27530683913255,324.2592785224115,324.35381017439613,336.3646277472758,345.2024233066736,345.7810369831718,344.5108857172004,14.080777408326702,3.06424888619067,-0.5695972296407548,0.651115,0.54701024,0.24705613,0.34954035,0.23402783,1.0,0.31346887,0.24747054,0.4727537,0.33352312,0.11635301,0.08974269,0.4127909,1.0,0.33582646,0.3241349,0.99445397,0.4918688,0.03074497,0.5245345,0.004672159,0.00019752872,0.44303203,0.005194051,0.019728836,0.48910794,0.038067378,/content/data/frame144.jpg,0
604.8930121527777,181.49146270751953,147.3230251736111,205.2623748779297,0.9978373646736145,606.4825359363226,605.3744416941004,605.8436039998082,608.3673664301159,614.5930346833825,625.6692459892884,640.6566149973833,657.2021692730505,676.694471268147,696.4792142435726,713.3613494567635,728.0730731309723,739.6337632269842,747.7816631185487,752.5590995964831,755.1203182269546,756.3821792550334,620.4140805450697,629.4243282383104,642.8186066908802,657.873811611903,671.5275416937902,704.9502688325629,717.628251136266,730.6285512913746,740.8331837967398,745.7732913958171,687.4582343671591,687.112176515493,686.7686732464153,686.4994143690001,669.2133321136498,676.8087007499207,684.8007050368051,692.157315630875,699.0569202087954,635.9766710808162,644.8713679564617,654.3852574795983,663.5663905983392,654.9080586789069,645.5056458545823,705.7861458732805,714.8446516870263,723.679425983164,731.4746760254639,722.949138356098,713.9944601749085,653.4321706107539,664.2299287441529,676.7815840025605,683.769740102789,690.9950245977052,700.2931326404268,705.7495448710233,697.7094513009888,687.9245337785869,679.4913281201298,671.33888430149,661.1696268923697,657.2039750986733,676.1167905877164,683.1703087665846,690.2875520358248,701.9690122259271,688.215947053277,680.4134149824495,672.5931036040674,265.6170866650573,287.70441880614817,309.39110724463353,330.94053825427727,350.84045766881536,367.82556898703297,380.5294641543478,390.53002368282796,395.16111487777016,392.1468248755955,382.8787698820597,370.43933273867515,355.13371265720343,337.26376146532493,317.76607135637823,298.23517167378304,278.9957660141781,240.1135068241192,228.91351204437433,223.09658801637488,222.13188440343265,225.42827593313268,228.38663672628263,227.39503291823985,230.4056965876598,238.64147999286706,251.41350470329235,249.3399177170122,256.9925736019022,263.81439554446024,271.60652576607026,291.7050859991159,293.11919427685643,294.50596558459983,294.7526589824847,295.0102020156155,259.1252389809151,255.53255624511712,254.68707749742953,257.348372634875,260.2702645593499,260.8641095813309,261.6798949768063,260.18054585706614,262.7663780375915,268.4781677787223,268.37498613256776,266.1913979391429,330.4960702469234,319.1578784217527,312.9001787859452,314.78882280173457,314.3318608301124,322.11947648766545,334.47452431657985,345.78154729787093,350.5775999293801,350.7121265975238,349.0181447112682,342.66853882831674,329.9213478905822,319.0191822050165,320.20076474118105,320.7089064536249,333.9338777429257,341.62356773459214,341.81309133593095,340.3309489448893,15.103643507283378,3.5740334771892512,-1.0765332577366074,0.61680394,0.6085711,0.39727086,0.34052143,0.21889253,0.0,0.23754005,0.05238481,0.47481012,0.3001804,0.24154478,0.13373435,0.4250469,1.0,0.22086181,0.32550824,0.9992417,0.48054364,0.008524754,0.68000287,0.0061009205,0.00019081263,0.502375,0.008457088,0.020350954,0.4014511,0.06107404,/content/data/frame145.jpg,0
604.3982204861111,178.67527198791504,149.65223524305554,208.43397331237793,0.9969226717948914,607.1028312139529,606.1097742046504,606.7237973542717,609.4288297401234,615.7086705691181,626.6913273209884,641.4024194338283,657.6723072561767,676.7801503979115,696.289468207504,713.0495354368904,727.70589896191,739.3264583282726,747.7412284206615,752.788766613769,755.3500675054297,756.5409770810927,621.4279682612015,630.7128200322521,644.2761399077177,659.4681906072287,673.0631683841478,706.0340639696201,718.4113418488079,731.1128765476881,740.8904645094354,745.3577395330685,688.5519848883852,688.099844160678,687.646123146861,687.2892021114469,669.79585976459,677.4129804430748,685.441281131469,692.8234237012836,699.7541262362885,636.5356749166937,645.5414794683147,655.006722389631,664.3478383095331,655.560008882543,646.1749803896569,706.6475876891973,715.8883703494888,724.6637885671735,732.3822339111774,723.791500451302,714.8812212133444,654.0158755446283,664.9822411866265,677.5442410945222,684.5610170432511,691.7570436527419,700.8906501164004,706.0941893835889,698.015230089525,688.3380797459049,680.0247461317314,671.9521377988256,661.8318886475508,657.7808550218862,676.8242493253896,683.8723850083816,690.9349668917544,702.3262207802461,688.7166924444294,681.0089513025652,673.2555085845737,266.66801711514347,288.7498990820186,310.3187918517808,331.5464769970695,351.0222957228069,367.5087051047325,379.63687920459876,388.95175641173495,393.3664794680385,390.64461554428186,381.98582542316984,370.11987445900786,355.33520959190685,337.82431265170794,318.5241442179069,299.07812730286213,280.18059638896193,236.9735466110793,225.75792065198465,219.96403271010234,219.12879932183296,222.71550463587778,226.31060335633583,225.54257685281004,228.78457107789268,237.17916270566315,250.01901716422637,247.60465306405484,255.19073453800644,261.94038995492656,269.6713434125729,289.98225389716424,291.499865263482,292.94727316479134,293.35811773661135,293.7389815974243,257.2572493395355,253.73295787264664,252.95579254473137,255.5870509134682,258.3887640108466,258.94159579879306,260.4371949722705,259.1732418891094,261.9412919106779,267.86548636899795,267.45833907034046,265.0836833857667,328.8920584918088,317.33815440088745,310.89373273690444,312.89872819284915,312.5683142206724,320.74091292091964,333.48135843816294,343.96824142108306,348.1500213597915,348.1032538359582,346.3915654453298,340.4197387783238,328.26040620704794,317.2011913019213,318.4659717990361,319.13726541177687,332.7852125900922,339.2151135118968,339.20183016355907,337.73793361661376,14.73648550821178,4.433185263034723,-2.316173737413107,0.6269282,0.58138263,0.30617663,0.23326701,0.2212154,1.0,0.2935561,0.80488783,0.47505304,0.3367739,0.18734746,0.09393173,0.2724221,1.0,0.21220015,0.34372327,0.9926173,0.4211058,0.014706315,0.63853,0.003941535,0.00022883485,0.63214254,0.0058943178,0.020885013,0.30804288,0.028864909,/content/data/frame146.jpg,0
602.8322482638888,178.2902011871338,150.19297960069446,207.22657585144043,0.9973783493041992,609.050088612887,607.8204443987884,608.2408148386302,610.7963536275737,616.5929227544726,627.1497067871505,641.7994822912628,658.2276161449772,677.2789623329023,696.6721186566004,713.624514051764,728.6706817056548,740.4948727022434,748.9030374210645,754.0945465804863,756.7813897595377,758.0163884210386,623.3942863595662,632.9328212437945,646.525491727165,661.57527594899,675.0427005346423,708.190887526753,720.7100228026811,733.3755994359412,743.2661419917567,747.8592425560802,690.2167375802037,689.4740071737347,688.7814344143519,688.2026946128952,671.1895808958379,678.6103558696473,686.3713476142585,693.5652644712006,700.3819910790145,638.9779664226648,647.8562479179215,657.4624600529168,666.9475023401195,658.0779213587043,648.6559170363532,707.8748528485105,717.0629808371224,726.0888523946903,734.1005286207346,725.4556713882255,716.3203097186523,653.6205754899077,664.5310643131419,677.6548853010538,684.9809254635891,692.3849441667036,701.9520558664112,707.1650569254415,699.055955695172,689.0376919676834,680.4230123266245,672.0386146843703,661.403740946115,657.3409270661308,676.9394125520882,684.2938813101055,691.6135776567562,703.4209308616514,689.3155155306221,681.4060518147156,673.3486274865047,268.69696695611947,290.69110261443325,312.15329893543776,333.4205859599932,352.9176815567977,369.3326164197526,381.2056755494508,389.9454232242312,394.1368624178721,391.43740571705047,383.0518000818183,371.6955692607046,357.32077890658263,339.9514554810147,320.7850831641851,301.4136484810913,282.6732604365012,236.3315742357479,225.49282389120683,220.16354424429494,219.54928352048546,223.17746449138775,226.7141863129562,226.07757401355394,229.3639967256823,237.60848951248522,250.38783240467285,248.00904225700936,255.4429272895798,262.03832438642576,269.57314723715734,290.7808350007985,292.1232042283434,293.45936303800147,294.0681470329107,294.63150159864756,257.4403918501903,252.98643280833193,252.24478440784316,256.17762417219524,258.6233430596394,259.1226517645431,261.0708035320519,258.6670901918425,261.23805497700494,268.114269680735,267.71804057295344,265.4787699087482,329.38031634159825,317.21264032326735,310.518462009221,312.49055871729365,312.1619549832801,320.4828181236917,333.88475170353706,345.05933891795996,349.9352432371313,350.0452521191272,348.28227900524485,341.8663985581285,328.8184291538347,317.40053881384426,318.55468346681823,319.19861042308725,333.23282086741386,340.79853276558276,340.871412538255,339.4375174623775,15.487432154538329,4.566384031846398,-4.829162946148429,0.57723814,0.5945081,0.3210927,0.4435058,0.21634795,1.0,0.22830264,0.61228126,0.4751177,0.27931955,0.3165086,0.10339031,0.3117393,1.0,0.28336132,0.325484,0.99859756,0.35895735,0.010822348,0.51046497,0.011543316,0.0007852558,0.601125,0.010843176,0.03363498,0.30099428,0.04107405,/content/data/frame147.jpg,0
601.6693793402777,179.77725219726562,150.89935980902783,206.5751724243164,0.9971526861190796,609.0437129265774,607.3017810081143,607.2561656306118,609.2973549633078,614.7738450615864,625.0576692053392,639.6390832157188,656.1447502881981,675.3160117300273,694.7413880216342,711.8564520103695,727.2737182235196,739.4005750131015,747.9849243724921,753.3535096681468,756.3183873086931,757.872272613026,625.2053050793386,635.0056778822926,648.5191771361553,663.3173389901733,676.6496030928676,709.17119896104,722.0225235422489,734.843898371997,744.9434510182934,749.56626238438,691.4241021314122,690.7462064249378,690.1293479277799,689.5992801756054,672.0139371220592,679.4417192785762,687.0769555472718,693.9854338361426,700.4787674941329,640.3880486333558,649.2369886066019,659.0586527720893,668.1138352740804,659.2795525052986,649.6494367255726,708.4088765748186,717.5973332544993,726.8080564736232,734.3478436084081,726.0829828902794,716.8191125295646,653.8527225523876,665.4478271933142,678.5408774449224,685.5792758939291,692.7929697801985,701.7522155598239,706.7646544276482,698.4393031902888,688.6575400133657,680.3782141710732,672.3182070933633,661.9037905084232,657.7218034318455,677.4543013484474,684.5648702764923,691.6214277015945,703.0500725990785,689.3339729544753,681.6956338501572,673.9206074489648,266.0289464097597,287.9266621253628,309.52870715695843,330.9248125556675,350.6389298650581,367.5568603639116,379.9987140708066,389.39741002702226,393.9109277021587,391.4422821300941,383.1877789727814,371.9978307871128,357.7236935435094,340.26684482325345,321.0641782523023,301.67114532820796,282.675851604693,237.0432976907482,226.93892826153305,222.16567369397916,221.81056893239347,225.52945040461145,229.47228273173423,228.8014939963761,231.95492800261934,240.03112153949323,252.59388240781107,249.91719170725884,257.50530920071577,264.27904315882836,272.01182666933175,292.3620326690358,293.73435776323004,295.08087022012677,295.7166116883585,296.33315990195405,257.1035658646426,252.40064223786504,252.02612997823107,257.018629433329,259.37205637594536,259.5501960791953,262.4649112105115,259.2163309662159,261.72861570499964,269.1030660273292,269.2301936354047,267.00368005745185,329.5221387740037,318.4135883094983,312.3860050538509,314.46137359846944,314.1356497351471,322.06694084845094,334.2436646391085,344.467670544682,348.4438361916349,348.4285140938229,346.7608433745912,341.08856434853385,328.9400320358178,318.7735763433375,320.00552028872585,320.7042936463173,333.4716791362341,339.6332605645497,339.54967608304304,338.14209686601424,15.465763700720794,4.858575403788933,-6.007925952688881,0.6767484,0.5659682,0.5132512,0.33198237,0.2244055,0.0,0.26087165,0.3103658,0.47640643,0.28994995,0.14386491,0.21010566,0.42332727,1.0,0.26481345,0.32411072,0.9959079,0.44372886,0.005200625,0.5310906,0.015794013,0.00066393986,0.4027274,0.03210384,0.10674492,0.3666866,0.07527921,/content/data/frame148.jpg,0
601.5155164930555,180.55060386657715,151.45035807291663,204.69845008850098,0.9979888200759888,608.0893620870133,606.5335945891072,606.585201067461,608.5461044934542,613.7137727717975,623.9343884089465,638.9104207857467,655.863055587452,675.201477026784,694.7594648332714,712.2518611587692,727.8248727676834,739.8408404151608,748.1613318002339,753.4570298253576,756.5972102782657,758.2297011886671,624.8416726846035,634.7119396670889,648.045466570414,662.5893720147026,675.7234422034769,708.4476741787892,721.3102823588662,734.1781760027877,744.4278324087329,749.1474002336387,690.5781944147498,689.754306266677,688.9547956734547,688.2401453252251,671.2678474267244,678.5709821893748,686.0135887763524,692.9714992952686,699.4618585609762,639.7354289836369,648.4720371773606,658.6978211489613,667.6090912289238,658.6890291239237,648.6599054026235,707.3053404943824,716.7505961549612,726.5796994765085,734.0593775162675,725.8807444668972,716.1015968313257,653.9523091635781,665.5415305100198,677.7126433586817,684.3853584476095,691.3474563423139,699.9595999151468,705.5889410153038,696.827838137337,687.5607216418423,679.8804009524317,672.3938562020271,662.5145116916094,657.9643642126204,676.762855754658,683.5596547939504,690.3827347407241,701.653700886095,688.2569973165961,681.1041249235731,673.8473953621829,268.04160127923194,289.72796192118255,311.1540756937844,332.2955796833612,351.6406994598367,367.9866625721843,379.59020298688046,388.19833487801424,392.4842896912388,390.3800162283184,382.7539557300643,371.9828539091061,357.8309585803381,340.3295140092562,321.2256222169939,301.8617178141682,282.8350435740266,238.7038948313836,228.68889252248772,223.8631322619484,223.30350266492354,226.5696777414143,229.92863393807733,229.2629509965727,232.41742855597417,240.45820763075358,253.09620555920316,251.16038612470987,258.9886265958943,266.04435479886786,274.0591750719958,294.63831888558104,295.9647506929239,297.320757671917,297.90013821278166,298.4196949163378,258.6062284111601,252.50801103153978,252.21448477349736,258.70774299167374,261.38223162048195,261.6232912311932,263.47561937047067,258.46735687497033,260.7723169110645,269.24716287392164,270.2785603822914,268.20448434092,330.08347397330976,320.23204286128396,314.6409445078351,316.82141064069026,316.43959810291943,324.0456733985484,335.2956441002824,342.6597886353421,344.99091244952496,344.66378469695906,343.1212345189576,338.86219018369997,329.449716111896,321.6438766370606,322.8612316974753,323.5845642619369,334.43234191157467,336.32483079136546,335.9851262702611,334.67944100659577,15.533888703754291,5.317005133526324,-6.8550581874041026,0.6924519,0.59211606,0.5385087,0.5164613,0.2105742,0.0,0.18475279,0.22782932,0.46845445,0.34942436,0.17799458,0.10708099,0.38301018,1.0,0.23525289,0.427887,0.99812907,0.5161925,0.021363737,0.19372918,0.006056979,0.0009996155,0.21166426,0.029615166,0.25550196,0.33016884,0.16599311,/content/data/frame149.jpg,0
599.6924370659722,181.64915084838867,152.1008572048611,203.86735153198242,0.998234748840332,607.2476747205271,605.6164458290701,605.3798025899648,606.711088955498,610.8202567218372,620.2407355346518,634.813511636108,651.6248164902096,671.0952527872668,690.7100554950927,708.8770237206567,725.2801422269326,737.7479144707902,746.0992062110731,751.5612012025292,755.2900701782969,757.5434868765403,622.992701557089,632.362322943596,645.3754883169698,659.730850834813,672.7441620254798,705.0546712784542,718.1102621931775,731.176818568322,741.947642066843,747.1615726797326,687.7731056549682,686.5858758384563,685.3598294585926,684.262758474239,667.8126357636186,675.0104252272217,682.474046906523,689.705082712892,696.3807150325918,638.1895100540861,646.9029682045767,657.1280340303493,665.9858804642026,657.0461649112887,646.9573143096153,704.8717726480545,714.379293448393,724.3021018987181,731.8045765956946,723.6715150158645,713.808243766203,652.7259339044392,663.8098271306714,674.6334583617916,680.9110459263823,687.7702622177579,695.9082961672735,702.6582807245885,693.503258647943,684.8432279535461,677.5462535673583,670.4937564543333,661.485083903639,656.6388461763554,673.4600957698281,679.9930969045439,686.7694889735909,698.8085292130628,685.9077233546809,679.022755729391,672.1476599348258,266.179289221295,287.64695581481845,308.85997437900414,329.77462159859624,349.1409078942479,365.7389112123943,377.6975477965984,386.6459613510298,391.3498668187797,389.8347814010636,382.99437554046324,372.80795858815577,358.8309190365661,341.0043904445778,321.49593228841456,301.6860843696961,282.0526899570342,242.25916532481187,232.1507533333051,227.2132704350317,226.70417122970144,229.8876981120054,232.67762766663162,232.11279709198084,235.23249974521207,243.0454850764104,255.71532363381044,253.2980666253405,261.8828774692298,269.6772273504041,278.372757264741,297.6256122882984,299.26020955921985,300.783227437666,301.1047545683614,301.33788725614176,260.0110864989225,254.0077229352324,253.88058483761188,260.6556280967001,263.1688255929891,263.28587313394564,265.01915225779146,259.6323844077076,261.7469465888515,270.16828166574635,271.56228040349447,269.61609345038414,329.6048611062808,322.34334948570984,317.84525054506355,320.20415147294193,319.69281397216673,326.2251808016587,335.5992787790557,340.08839537446346,341.3510273130989,340.9371249273942,339.47610856186037,336.1889930747283,329.26188425180976,324.64335480901326,325.9714441304011,326.56410393538897,334.63888234327385,333.3963731910493,332.9932612850142,331.6852218413908,14.709216515230015,5.038106424890028,-6.120947234158586,0.63641685,0.6531258,0.2520837,0.4577407,0.15288638,0.0,0.22728083,0.021055128,0.4684524,0.10199455,0.17853117,0.05658725,0.46323183,0.0,0.23716244,0.4337558,0.94017386,0.34898376,0.08633865,0.18037811,0.0053249793,0.0011905245,0.06751928,0.018003993,0.6380005,0.028726475,0.24123424,/content/data/frame150.jpg,0
598.8495551215277,183.42049026489258,152.61610243055554,204.19433212280273,0.9979181885719299,607.2634309040556,605.4875838036622,605.0953232290659,606.2653026197248,610.4458931480935,620.0345210786517,634.8524197822865,652.0018428123115,671.6118555855137,691.2324789760403,709.0531896850362,725.1142175066102,737.1646510563156,745.127389922789,750.0907343812225,753.3632882879797,755.2993279602495,622.0288424693426,631.0035187580411,644.14783173754,658.589385792565,671.6020336444942,703.4561584207243,716.4470008333343,729.6046044690826,740.6411654185925,745.7832034805552,686.4447172312665,685.3495233409649,684.2031385164279,683.1793636470709,666.2299795987162,673.6604422875175,681.3866731957768,688.9405272135047,695.900040609899,636.6265544327399,645.3001900548309,655.5754812010264,664.6229274839695,655.4964017963424,645.253519404232,703.416344872443,713.1363421769565,723.113126644302,730.5522720750157,722.4136729976642,712.4430664947071,651.9291458436505,663.7684843383,674.25649901007,680.2695716303388,686.9091161288077,695.0252817468197,702.5544239069936,693.2923116179475,685.0205869013504,677.989683694245,671.091446065207,662.0057781917094,655.8973195538968,673.0970718162685,679.5086012319179,686.1858269316215,698.8975217476436,685.8468713819112,679.1687109547352,672.5202500324857,267.80505450989034,288.98055323554706,309.978329597939,330.5979210670099,349.5721438975205,365.94208454363445,377.9060265919013,386.63940444408917,391.010044054266,389.3855169173189,382.4598873918022,372.0419115574433,357.9086861222878,340.168040663357,320.92972811163554,301.44143438149115,282.1637902503415,246.35628674714064,236.06071639632714,231.07904251636285,230.73811527589038,234.1060186873995,236.84176152773134,235.78061946715002,238.25084128482882,245.7639251191278,258.5420220984884,256.90852741985213,265.7978733138943,273.85431130692604,282.80904430869197,301.19903325866534,302.9492666355451,304.46196239347927,304.4364034391535,304.25581117044584,262.95168658064154,256.93207817062375,256.8532616580414,263.69376526053645,266.4233155313631,266.6301970102344,267.6453256504709,262.02119459201526,264.02825894707723,272.1145059834113,274.04696740207544,272.27094138900185,330.9176124677168,325.91750693040444,322.3688140811115,324.64486087149805,323.8184157346529,328.9182742194196,335.63965118708137,338.75094999971793,339.5965278395156,339.322725715661,338.11549597471185,335.7678549019795,330.78542155594386,328.78008060465925,330.0451027926182,330.2372184984476,334.9449003880394,332.58992754669475,332.4841572911363,331.27901608188347,14.073175593902013,4.620874973542469,-6.684654240745876,0.6136403,0.6409822,0.25618145,0.50111765,0.15650454,0.0,0.24273688,0.11267669,0.47390267,0.16032088,0.38081035,0.26409072,0.6030703,0.0,0.22738501,0.5563942,0.6635067,0.34670871,0.15553442,0.08263931,0.0004343276,0.0003658359,0.0066433214,0.03174444,0.22861853,0.005481992,0.7267116,/content/data/frame151.jpg,0
601.1137152777777,184.6416893005371,148.2019314236111,203.0382957458496,0.9976720213890076,604.1504366362736,602.3641050612458,602.1200084172398,603.7847436809168,608.8930631009358,619.26764426549,634.1961583234107,651.0360493449757,670.4217514942634,689.5664103405771,706.7497132783625,722.3054148074958,734.4184434628067,742.8411046681101,747.9777319359615,751.1787951320168,753.2139104655244,618.8635576342543,628.5803852418063,642.2966757120963,657.1313821296048,670.3411011759681,699.8270448840951,712.842700690451,726.2363608426984,737.708383934088,743.38451949845,683.6338231743825,682.6509160270224,681.6052719795027,680.6980702628213,663.5158347236844,671.0024090978577,678.7487534492541,686.4428388341632,693.6362779468275,633.312998490575,642.5207132488465,652.9279081619038,661.8398227926524,652.4679682626094,642.0666331502962,700.5316732164422,710.6479983671627,720.8074260918817,728.2778079559444,719.9622496762606,709.8503538668708,648.5715130000639,661.0744035658452,671.6692500658032,677.7216109783092,684.5669474296717,693.1143272689031,701.4954398002814,691.4238873030774,682.9115646112962,675.8446303915232,669.0359485549761,659.7303816593725,652.4759701218659,670.5619873452797,677.0920926569864,684.0419760861841,698.1561956771386,683.7273331049676,676.9127115943081,670.256464450475,271.22203128586557,292.13303158149654,312.86599413927905,333.26925395532055,351.74534366444834,367.39969606459636,379.0443327660081,387.86236714419164,391.9337450832236,390.2316000383404,383.1201690912319,372.8713412837857,358.99250124787403,341.66287029943885,322.7784388869118,303.7188233941476,284.7301935421195,249.6154791770078,239.4603500917442,234.85208515492363,234.99295273167067,238.86247614668247,241.90421375670766,240.66737464922275,242.83678615963424,249.88430388970517,262.2800987910823,261.35128769767914,270.55736868250904,278.95658342362077,288.1232868378991,305.63941484000287,307.46518933651987,309.05307189750147,308.89416746195855,308.50691232777956,266.66913311567885,260.5482553756375,260.5989894869123,267.87448759363923,270.6522582440003,270.7489122808085,271.6698740004764,265.92299967669845,267.78216124114755,275.6656626882745,277.9165159894486,276.28494995724486,333.5939609809377,329.7984511334405,327.06733379135784,329.1786337957535,328.3684128705686,332.64974158867597,338.3655524334166,340.07077623358543,340.1929243972988,339.8440665696063,338.74659196730204,337.03900101094666,333.5186912231769,332.4718127690569,333.712086431377,333.74304825340016,337.76274086195343,334.79007193182605,334.73709410502465,333.5254151085412,11.381433981935436,3.440227056600838,-3.016190984272684,0.6390001,0.6651602,0.31114253,0.5066568,0.19107619,1.0,0.2580328,0.14684601,0.46996897,0.27274644,0.38328603,0.32681805,0.6482324,0.0,0.41338864,0.55966985,0.90909564,0.19790348,0.056259606,0.06979965,0.00013988708,0.00023880118,0.0005117174,0.10834779,0.06455735,0.0032088154,0.8229956,/content/data/frame152.jpg,0
599.4064127604166,187.43317794799805,146.85791015625,203.22753524780273,0.9981327652931213,602.2265795485674,600.9393507084319,601.046807837504,602.9281688522555,608.0373646855483,618.3935282384165,633.4166962691579,650.4244234056684,669.5665463860576,688.4997003184194,705.9297481447503,721.8209023166193,733.9411216381635,741.9843513440651,747.0102488238715,750.5813286768863,753.0610627343506,616.8450699182895,626.5793339673826,640.2182492185534,654.9181300962168,667.930378046746,698.1634576641558,711.1900090052844,724.6634250149198,736.352667478857,742.3888872794155,681.2349733466019,680.248897017232,679.2100551310773,678.2969202793786,661.9612998734021,669.2646997829128,676.7695681819654,684.2102530228959,691.2183765859193,630.969755351117,640.200878739116,650.6254267442966,659.5809627518317,650.1063037885235,639.685186271332,698.3388922384909,708.4560263655272,718.7434638708808,726.5661975076723,717.9555127588599,707.7267714844422,647.3385395636511,659.5210818396623,669.9331434500007,675.9609614621784,682.7292270493047,691.6316486368695,700.6046278036723,690.4435514512473,681.5717571441634,674.5141967605821,667.6969740397778,658.4140517367368,651.2485036613225,668.9067443507902,675.4043793218777,682.3333109418256,697.3879929469774,682.2996747163711,675.4836584807496,668.8793585907399,275.41527275788565,296.1526089932223,316.55340127443753,336.7765785864092,355.0156256036106,370.4256392990118,381.70517102368257,389.79744507905855,393.3499188955211,391.6532227935506,385.13083307226884,375.4779922370409,361.9472899851771,344.69322909989137,325.8644579397807,306.79321232988275,287.6787149529839,253.7597068147474,244.0088281564518,239.58807021155758,239.83366989404698,243.77299664315234,245.94256225690452,244.12584268320606,245.8136064340349,252.5172233121251,264.7018805711976,265.8010903243847,275.0905029362699,283.6156507928232,292.84669423300886,310.87155379036875,312.39998154927,313.7032617299234,313.4728957398611,313.03797963545276,271.30931296189243,265.1501988363099,265.2861609948187,272.6321512848746,275.299973475126,275.3998282939507,275.1042684961253,268.71380720277176,270.3366533291926,278.1774479038093,280.5590496544266,279.24390085748826,338.381378310971,334.5383159970744,331.6251630397056,333.6624513623443,332.68051778330044,336.82759982726725,342.14494342650505,344.6096327591009,345.21581161558606,344.9801545338793,343.977245555816,342.12779098655847,338.3737469287914,337.3343526759265,338.4194043981746,338.29903206326134,341.69489538143193,339.3969190435373,339.39940469373295,338.2769519308216,10.703985199472493,4.31255765541671,-0.32585652587725505,0.6810825,0.6312718,0.4005486,0.7186586,0.18065548,0.0,0.21333815,0.008583412,0.4700842,0.28121647,0.42691445,0.39834818,0.6746606,0.0,0.41531828,0.55966985,0.7659552,0.20692804,0.028481623,0.05311632,0.0001304553,0.00011936105,0.0003051557,0.07260868,0.030456865,0.0007731178,0.8956064,/content/data/frame153.jpg,0
597.6527235243055,189.6328468322754,145.1672634548611,202.3649024963379,0.9983164072036743,599.4193461306338,598.3941085573157,598.6765340492734,600.5337415624299,605.756997473733,616.4792368218193,631.8961608444056,649.0861028133904,668.3444969670779,687.0544611913479,703.9554389188206,719.5866182602299,731.5980442733571,739.402380202438,744.1066178923356,747.4549787377309,749.9077009668026,615.132066248168,625.228033065612,638.6161426802628,652.9498271280884,665.792133892556,696.8068161769256,709.5888520987937,722.5971497429277,733.9015802453027,740.0323581451134,679.2062971855639,678.3004107890865,677.3559360001091,676.588220944519,661.0065435919882,668.0140856655794,675.2497276931872,682.2660990688883,688.7773619925733,629.461140642351,638.9279038903373,649.4959271739481,658.0575639244091,648.6444423053069,638.158676273976,695.7616149725663,705.9076120895888,716.3303861163586,723.9807882291461,715.5403662172416,705.2089537559109,646.3356159892282,658.6487508348639,668.99202495698,674.7199116695292,681.1044379222726,689.8613976519505,699.2403744781391,689.0868362686588,680.4463943783003,673.7513517023372,667.2096059749742,657.7658568095367,650.0801591997081,668.0332061706404,674.2282353361329,680.830859825257,696.0753012599862,681.0583229115805,674.6123968235088,668.3073415268875,275.74797047224547,296.4718912706544,316.97299522204685,337.44103995045725,356.2011068456345,372.0680719761758,383.5903401781479,392.0179379905944,395.57247027738913,393.39801580743733,386.0845456528705,376.0575125260798,362.339252146714,344.99230781709593,326.25264963663176,307.4020462091635,288.42201389732327,256.8955143387607,248.11665504499706,244.28690183202366,244.75358834559574,248.533521135844,250.4449564856477,248.60728923125907,250.1977505008358,256.25454319124515,267.27511163078634,270.17901119767475,279.8827977845151,288.8632836002314,298.46860175714755,315.9342929630111,317.543628675131,318.7693094991764,318.4750766249299,317.8322744827965,274.6152361457391,268.446419875527,268.7334011426308,276.4392758789204,279.2416963686078,279.1343913994408,278.4687705773463,271.75257376198374,273.16028295215096,280.9317912465019,283.8393166169617,282.6820773585339,341.2157837164327,339.1396529337476,337.0866520277373,339.00171318111234,338.0597858629076,341.39488828087224,345.16411735159545,347.84169729915493,348.56671327077083,348.41671645476254,347.4430036489621,345.47460482628367,341.5038650277338,341.7844631436401,342.8953919887881,342.6561034273436,345.17691260252195,343.89256757937574,343.98253961530236,342.8551824785236,9.90797171310358,3.853328602810822,0.3061234755408944,0.63263565,0.6170903,0.31363547,0.67505264,0.1698846,0.0,0.29681408,0.002869571,0.4716433,0.32084855,0.60611975,0.4653932,0.63707733,0.0,0.5267635,0.554891,0.08267391,0.42516717,0.11668067,0.05135546,0.00015839665,0.00012860828,0.00038132022,0.18813533,0.017827325,0.00072712003,0.7926419,/content/data/frame154.jpg,0
593.6480034722222,196.74452018737793,150.03385416666663,205.43501472473145,0.9983053207397461,596.7676751582168,596.1436233655394,596.7752535151154,599.0978748026998,604.8082273379667,615.8014403448252,631.1763652697756,648.2474241827867,667.2427392183249,685.7069962105259,702.5245126159547,717.7570467168119,729.3449752302632,736.826426140033,741.3902353580868,744.6359761892875,746.7155684241823,612.7967889771514,622.3337415427851,635.5948228514917,649.857106861467,662.5860207406107,692.094739240442,705.0024553220496,718.3650491438616,730.1579128849716,736.6086778688153,676.286602667865,675.6405431504278,674.9050274297938,674.3193302781142,657.9308598117694,665.3806821937171,672.9880374196978,680.2959097932712,687.0578465929984,627.6318468913175,636.7395037222931,647.22368845136,655.6988555421079,646.3847940977445,635.9574158209705,692.7434289583346,702.6344814439318,713.0107985666143,720.6364843795675,712.3450492804052,702.0939091279976,644.118582528306,655.8918887453597,666.2458491641717,672.3087697847795,679.1095130616163,687.8560316149851,696.8138037546483,687.0197748087536,678.3354700471613,671.3080299400156,664.4674956976306,655.143383654879,648.1181549732559,665.2166767055467,671.7366350633808,678.6620998009166,693.6136726564837,679.167965225926,672.3590668582917,665.7596661610056,285.3478802618483,305.93519391881523,326.06435310540166,345.8959616818147,363.5894083081648,378.1598371994214,388.5984709708815,396.08637248400277,399.12947032928236,397.3488246210037,390.6834852391173,381.0374675177301,367.69609162584845,350.6427828924467,332.0943154041024,313.2452556771252,294.3945061565594,264.63937166993264,255.2234450598888,251.2397934093154,251.6978376757663,255.5955669958217,257.13920078597215,254.94702421650203,256.24889997261874,262.5330072270508,274.2955575405664,276.21940223508926,285.8661399554839,294.75944279627623,304.234438712636,320.733186577961,322.3267500951914,323.6528560219835,323.0231213799982,322.24027674502497,280.84496238841473,274.5004339927959,274.7266459258141,282.49520746015105,285.1920372114039,285.15432542666264,284.66367549087965,277.7571437884654,279.2248029894849,287.1303553553599,290.00259302804216,288.7996363192186,347.44650158489264,343.307065659304,340.2889326775644,342.22877163575015,341.08024097433815,344.9579499138325,350.0348098531116,352.55226434146607,353.12516314344396,353.00767106053297,352.2029472720512,350.6408579971413,347.4158942801523,345.9400726414068,346.8273024385861,346.6189582360355,349.5900120990099,347.320487064752,347.4065049053424,346.447187044286,9.821277503224987,2.910235146079659,0.32656453097162635,0.61982507,0.66841966,0.27786154,0.7324387,0.20044765,0.0,0.3116234,0.0018429962,0.46916917,0.32718715,0.4958506,0.3701904,0.71956533,0.0,0.28802446,0.573726,0.04216093,0.13598005,0.13764392,0.0786217,0.00011884688,1.7793494e-05,0.00011635804,0.013892489,0.009248057,0.00033832132,0.9762681,/content/data/frame155.jpg,0
596.0817599826388,200.5253620147705,150.91368272569446,205.4047679901123,0.9986959099769592,594.3463991412389,593.7273095258597,594.3776630658101,596.2331174877535,601.5566784747177,612.7206505663322,628.6222935847715,646.3417105032819,666.0124267816689,684.8183238458057,701.3325076570782,716.1922892041969,727.5067299515808,734.5708048934382,738.8589283522299,742.0440728931708,744.148760882975,610.194759058908,619.390562053151,632.9088009572366,647.2152198544605,659.9581413433975,692.321724509681,705.0374737107916,717.8757957139219,729.0948432929595,735.0304345363948,675.2931991874523,674.7724520979655,674.0904195930918,673.6496247016862,657.8304314692873,664.7528564446251,672.0074165434507,678.8996574337173,685.2147204383136,626.3159180214174,635.8747895006073,646.5752423233112,654.7308072784072,645.4875941880215,634.8495222975214,692.0886260946211,702.1236847557675,712.4182134224839,719.4817888467494,711.5922317009988,701.3452453556699,646.5236891694951,657.4142672026672,666.6349873097265,672.1022661191237,678.1761502770275,685.7366281716168,693.633296097204,684.8535839111116,677.1228733595642,670.7496165555192,664.4297860962596,656.1581934887663,650.1712107001476,665.6440472493853,671.5289374572494,677.7477992503361,690.5400774848545,677.6188208697858,671.4541861188009,665.3988355327234,286.46565158730664,307.89057815220394,328.884494493818,349.6348813177192,368.6128475005489,384.3485331449483,395.80322080208657,403.95919712461114,407.2422911886331,405.2093721234203,397.8711207904216,387.39911646166547,373.31379286560355,355.51455597425684,336.4845518117131,317.3039284035376,298.0548196643523,270.8556166547943,260.6585967603427,256.6446937677739,257.4606484081876,261.62071906314327,264.38142056796414,262.5057907774035,263.8588664001304,269.96329458960554,281.5695270690899,283.3125863599472,293.57896574119434,303.0749641164357,313.06729933178644,328.57254575771776,330.2911213407283,331.6803238386999,331.02639654421387,330.2892995706875,286.2813442876138,279.9275245945687,280.29945951677064,288.53308878728456,291.1584504081062,290.8601502556181,291.54142613825707,284.904159595234,286.34343138594,294.1776155374664,297.27610112207105,295.9949927618029,354.5140222378136,351.0836292509762,348.3406018538899,350.2975501700623,349.230962577946,353.1393057500052,357.7324581570808,360.49913918130983,361.2301684852648,361.17478079934676,360.26852366251524,358.335772566159,354.50904175358914,353.53728904545187,354.6123978200171,354.40282080685506,357.41068067777655,355.4658677007469,355.65806444005193,354.5659426839766,4.379580835324154,1.6781408172749672,-4.908140147114673,0.63196975,0.6454476,0.48058614,0.702324,0.19520539,0.0,0.18243985,0.022229657,0.46960044,0.11830365,0.33633167,0.026369985,0.61658955,0.0,0.25913343,0.5377333,0.059034396,0.18752594,0.17400089,0.020967979,8.269274e-05,1.03675875e-05,0.00015554843,0.054332625,0.013051154,0.00023371642,0.932134,/content/data/frame156.jpg,0
589.1165364583333,205.37271881103516,153.38970269097229,213.04769897460938,0.9970513582229614,591.912098533023,591.3948591072527,592.2487100715589,594.510295869509,600.117406220353,611.0261092548429,626.4735232017225,643.9854071549868,663.9312608412699,683.0317818058727,699.436987563123,713.9426252148369,725.0902923840243,732.4221068624247,737.218791762241,740.6223249378818,742.5590136857012,609.3522898172472,618.830518577023,632.071738160558,646.0400636582392,658.4521869915028,689.6344408108547,702.2365026686414,715.1973821634725,726.6687425524375,733.2061051895282,672.9796459731631,672.4810773466364,671.8137286569211,671.3441129123064,655.5247839589068,662.5746278442009,669.9484925739889,677.0284931715483,683.3326022489397,624.1830149985781,633.333687614595,644.0669399942872,652.4449897181203,643.2064070096028,632.6062312181941,689.5906914824496,699.3232941673617,709.7302399487249,717.0576048263262,709.1678835518381,698.8816865264074,643.2094089663063,653.9685513177716,663.5787823615283,669.2798029086902,675.7438385627487,683.5295275610188,691.3792633817502,682.7568056195021,674.8797321829021,668.0734277495656,661.3726718091577,652.7439282238629,647.1330959038572,662.4460846676906,668.601330216977,675.1185782203181,687.9731396850963,675.63052612596,669.154711220471,662.840141009694,293.66140218777946,315.45693359255677,336.9543417437926,358.10818585524396,377.50530623749796,394.2066542616325,406.82997363008616,416.1186676818499,419.8389149088914,417.21954768230205,408.24398666759737,396.1013613306793,380.6596465300288,362.23119814640086,342.66348433624876,322.88897075744967,303.15986748817596,277.9290918828847,268.72165637996113,265.0834220005254,265.96673633176687,269.9468204356108,271.39384737768125,268.8059321238637,269.64087228477365,275.1727318097743,286.0792214726338,290.1201294860315,301.04654330315424,311.2162125980682,321.9604213578102,337.24588202628877,339.2139008400088,340.7574399281795,339.82428854415195,338.5478321724411,293.8683543400155,287.5187663804838,287.7194250904937,295.4712925511827,298.48618662140944,298.425537952983,297.2919183384318,290.5301632473427,291.86161485632766,299.61625569833666,303.01386115236494,301.7778778618955,364.2142724587153,360.30410956468916,357.50291823969167,359.67433866802384,358.41723501211743,362.5162773647229,367.8604460231385,371.60551653682995,373.04866531656006,373.04922913583937,372.0409831191471,369.28149918246197,364.21852396084864,363.48011880357734,364.60221059961987,364.38059914612097,367.5061389403287,365.79476456722114,365.96168555062394,364.79040433204864,3.3736957321006855,2.828814841882293,-6.837338233721817,0.5370163,0.5032468,0.4875278,0.7095764,0.15455332,0.0,0.14908953,0.13887389,0.4656198,0.055987448,0.22593036,0.36033773,0.50933605,0.0,0.34044045,0.5860911,0.16905114,0.1989828,0.47915995,0.028689187,0.0006336139,1.5487312e-05,0.00030894176,0.021808868,0.009993661,0.00032383951,0.9669156,/content/data/frame157.jpg,0
589.0374891493055,215.7103385925293,149.43158637152771,206.14097213745117,0.9975487589836121,590.7697114000058,590.0906492425523,590.8637914195727,592.9723147496177,597.9800198760742,608.0341967146464,622.3880807327926,639.0779786772142,658.7731071647834,678.161884893186,695.4707064721902,710.7314934223639,722.4926791024268,730.2348200160276,735.411856645006,739.4174398187299,741.8382411371647,605.2850902979571,614.2863029744215,627.8226200850758,642.2111238400778,655.1759056612325,686.3735006965774,699.4404018948462,713.0535813088352,725.2285377194718,731.8002277937065,669.9343894234428,669.3990072833344,668.7186734255812,668.171657992296,652.3946786752329,659.2292310444706,666.338831915062,673.2860016395405,679.6874534336482,621.0714765111505,630.5359714498591,641.5223414690288,650.0491177814896,640.547916780216,629.6817058519778,686.6286074627958,696.5878122485474,707.2432600471066,714.8670775415129,706.5311963453526,696.0324367680743,639.6147394141692,649.5568776132894,659.191714042584,665.0825247180674,671.8191745946632,679.7047633020762,686.7279696462165,678.4696584822532,670.2005397087859,662.940111496556,655.9485465303087,647.8109694869777,643.6132526714441,658.0537966143647,664.3307249895558,671.0261054268587,683.2876996457429,670.9726276646883,664.1766465184553,657.5846534724783,300.27961502248434,322.2951652848277,343.8531024880025,365.24907299213044,385.00688708925793,402.19980332268113,415.6228985596913,425.4871939561152,429.46527891466184,426.93069543723345,418.11627157523196,405.845344181974,390.2657548679596,371.75590266499,351.90789737095133,331.7992119459024,311.55750298341144,285.6965521798835,275.2164884400555,270.8595326304659,271.40337065604564,275.24153172074114,277.1505271167986,274.47627777166696,275.26201162469886,281.1647062473313,293.2552217580643,296.83731030153115,307.9871361992292,318.3188643927886,329.1500943475641,344.9686748518244,346.48287549743327,347.7547379850509,346.95187856798225,345.9962234383763,300.6590092979985,294.02037249667933,294.236738479853,302.2721150521378,305.250481387214,305.2487341815848,304.3104331534607,296.9496401419216,298.300620818623,306.12240334577876,309.5295059279996,308.42193974693447,373.7585984135685,367.84512567013473,363.8973403535126,366.01586772591565,364.5662915720611,369.4594109723781,376.2737783246841,381.5410503836276,383.88357394100274,384.10783552429837,383.0438094126265,379.6079332288408,373.51940080240445,370.5705157977556,371.6237342999235,371.24905084465007,375.679625200288,375.13933319119633,375.4603177190297,374.32677199097134,2.564755129669186,3.218967081085073,-7.47252142621911,0.63914496,0.5575859,0.3206746,0.6740777,0.1369568,1.0,0.19349018,0.011501252,0.46673387,0.05855749,0.1814227,0.46136752,0.47343957,0.0,0.37757298,0.5532286,0.95753706,0.3449795,0.09653642,0.027067645,0.0040707765,5.2987212e-05,0.0028811658,0.017470092,0.27090424,0.0017336523,0.702887,/content/data/frame158.jpg,0
585.5887044270833,215.84430313110352,152.1535915798612,215.92062377929688,0.9963276982307434,586.8418556559693,585.6113749083194,585.6983121812073,587.3526492959414,592.3834050727988,602.7526468508324,617.8185747012055,635.0932428678283,655.0947615129502,674.9116258074421,692.4286542571274,707.9231102381498,719.7931425480922,727.4161170716194,732.4506720347148,736.2852710127597,738.5625742855285,603.2665871745281,612.8282431925516,625.9718291380213,639.3758987204168,651.4021687034365,685.3474498686817,698.1555723024874,711.1252064829489,722.5169583107548,728.9941693065863,666.9773342262473,665.9350599139216,664.7180848100325,663.6394093515155,647.704788301509,654.6125505718807,661.9251887219929,668.8786724999161,675.3024941184107,617.7857333616317,627.2185876998781,638.2052705998624,646.3847795757214,636.99884364313,626.2858720345954,684.2591992253372,693.8819974316386,704.410963331096,711.9120704619229,703.8125297232203,693.4072844780428,634.8666661958847,644.5225219556108,654.7777456759256,660.8579803194992,667.6549638789547,676.2006618990818,683.1811878522196,675.0201960483093,666.0363406592427,658.4408021290158,651.1047897172317,642.4112245888282,638.8527847519024,653.6116812120108,659.9818431858548,666.7458927426575,679.5395906238358,666.7039472555741,659.6560089124811,652.7825937567166,303.55235367556634,325.62515468119966,347.44431367390496,369.2297896374024,389.4888575886158,406.7005611930741,419.50483810910225,428.8773687829351,432.8215418518696,430.62312574700263,422.3044213826746,410.16092488282663,394.3996146781989,375.36439434256533,355.57406257635375,335.2626399855188,315.04974141340534,287.9597288842917,279.0206992596799,276.21031301548356,277.87547626661143,282.20349069635887,284.1185353837929,281.46871881161604,282.12536027693534,287.3724920651257,298.0532092002533,302.6980078093278,313.5800663712245,323.8379464331367,334.6240214890604,349.9480237363059,351.67679246922785,353.042337376409,352.31524108337476,351.35017055968274,304.83498829283343,298.2929980828743,298.7844753318415,307.09280915324746,309.9189403989465,309.60506738468393,309.7601699350438,302.4418561713443,303.80442813807497,311.8242631850113,315.1692613414383,314.0627792373052,379.46243445414007,372.31516129038425,368.04933923047645,370.0669851121071,368.9057777379152,374.35200387320947,382.23213388474255,389.7203145160522,393.01078045050167,393.29122525902346,392.0876090823534,387.7724284890443,379.3407214999046,374.10579807236934,375.10819637304235,374.9294956252364,381.80769065149144,384.455785234784,384.74152728265403,383.5267606488138,1.0375921256300957,3.741867612800451,-5.626507629968266,0.57122666,0.54971,0.42461246,0.7151947,0.17753851,1.0,0.20567884,0.24660116,0.46724707,0.21899779,0.09428478,0.27565965,0.47633603,1.0,0.36131826,0.43366152,0.9862846,0.65525836,0.05904236,0.041116863,0.030925374,0.000282172,0.1023207,0.094343625,0.0876818,0.10889695,0.57554936,/content/data/frame159.jpg,0
584.9979926215277,220.4761905670166,149.36463758680554,218.801908493042,0.9959147572517395,585.3214012374153,583.8382024033849,583.7860411799013,585.3728269140931,590.1812020206455,600.0001728305829,614.1742849777947,630.5085963690814,650.1304968086168,669.9139280216855,687.4338547892946,703.5720960070396,716.4200642131912,725.043630614316,730.5988869899465,734.4718226212574,736.7261796814405,600.5240308306664,609.6885684325588,622.6245831563577,635.8360132091325,647.8453876319785,681.8593646471891,694.6855794478074,707.6879029336526,719.0887532240879,725.615072232762,663.261564460375,662.0848147705522,660.7291863575317,659.5186015146421,644.2726489970261,650.9933479865817,658.2573891416087,665.378968965291,671.8816252767233,614.6292989268419,623.952730288719,634.9890936619826,643.1225589664305,633.785066140617,622.9718081984912,681.0590584226152,690.493979900333,701.0574492771957,708.6259129102314,700.778817887186,690.3012666372135,630.7565930171261,640.0973488537695,650.9045111473664,657.1821918607823,664.2300135547682,673.3271781992357,679.5555381518329,671.3526262739651,661.7591396848354,653.6083812054852,645.8134708808216,636.9959548719462,634.3892552418531,649.8274906494576,656.3783018017716,663.4738244886103,675.9048159055337,662.2209691792852,654.6757691702245,647.516934683325,304.95152600012466,327.29864300507916,349.6627088864311,372.01491211929806,393.0767784556083,411.14731678212047,424.6707047551804,434.44042522899326,438.3736600484476,435.9009864363304,427.0430623029322,414.3495902258626,398.3180971945508,379.1468052481937,359.05251161008255,338.2033904499008,317.37847973458224,294.85972992496386,285.3723811749178,282.2854712051959,283.9837783550927,288.2639486929378,289.57020157037744,286.56577456746334,286.9225304182081,292.0366856343735,302.83267387649505,308.23455309318433,319.28182446907863,329.8207860523694,340.8751781473411,355.83990921119516,357.5678651573385,358.9961249049486,358.1773361106375,357.16816589308064,310.41009709562263,303.85276774661463,304.27412651681345,312.4975867554475,315.33562368093055,315.08522476831797,314.5756003814232,307.10638079240834,308.25013260052845,316.0998098623601,319.64689825870175,318.7185521151566,386.9013622230966,378.53487725556465,373.7587840463243,375.6701102461602,374.4397282392422,380.16214153897363,389.09495059717506,398.8649371198326,403.75691807581643,404.39527880365813,403.12522421902304,397.6832577014177,386.8774960767382,379.9582698743109,380.8897538292297,380.6451140916072,389.00915766974117,394.87425139986567,395.5061643557076,394.1688307132399,-0.8228025626905722,2.082508443440821,-1.9781637263198815,0.5075789,0.49780276,0.4672813,0.71899146,0.18071303,0.0,0.26211858,0.6857662,0.4643406,0.30021206,0.21233125,0.14357185,0.5365692,1.0,0.56143814,0.3302859,0.99681336,0.7456226,0.30769616,0.05814189,0.054329842,0.00067272555,0.07351426,0.13051248,0.0876937,0.2374291,0.41584787,/content/data/frame160.jpg,0
580.6635199652777,226.16372680664062,153.1994900173611,220.67633056640625,0.9954470992088318,584.5457954378417,582.5291485845926,581.6973198858552,583.0356571815762,588.4767259508656,598.8883581990892,613.0244938472642,628.7428177709655,648.1787553781148,668.1001694007122,685.0476724141641,700.9915339303334,714.4543556573451,724.1798258074675,730.3175135756217,734.3135491473993,736.7444747328976,598.1785358832603,606.814136537804,619.7968405177592,633.190993947757,645.418417688564,679.8377208817503,692.829690070382,706.3225013995834,718.1399199264531,724.496279246574,661.1797372314046,659.9867192882942,658.7069840428521,657.5318335890464,641.8891860588708,649.0500874857368,656.7679826372726,664.5177220111334,671.6704788934046,611.6924583140033,621.4693448478799,632.8176076164934,641.2024399527269,631.5911354829404,620.434869304346,678.987610363678,688.697407000656,699.8567273834735,708.2988951038933,699.7983581472115,688.7046360731838,626.1876563123958,636.0953764318256,648.4878534726843,655.4399720243055,662.9048812053691,673.5825054410146,679.530595787325,670.9616825376506,659.5947394036732,650.1030382026198,640.9707702758111,631.051733027555,629.2274418503512,647.7140349241824,654.9711398380729,662.7015043505191,676.4237045684698,659.8114379554958,651.1001293394241,642.7270481920489,306.18028846887466,328.9034731840482,351.8933285986932,374.9429106736992,396.585538453974,415.43924371861067,430.38367806580504,441.9319320210212,446.74354271634945,443.5339765699973,432.6914568743116,418.29572175918145,401.44593749686464,381.7673919000008,361.2168591594673,340.1183374669214,318.87767295199666,301.89557140801844,291.5527810808213,287.7455300548281,289.1551518457542,293.3656367491902,294.927960859266,292.0329777478837,292.3848899455792,298.04665851098326,309.6137822395773,314.4169011422855,325.4681326852107,335.87267791691704,346.8138634038071,361.8395380049333,363.6300593116714,365.005998044138,364.20911117795185,363.03044089188916,316.06045761429266,309.2078650819385,309.7261801117842,318.55327226830997,321.35239914069314,320.9388425264966,320.71785861836105,312.39100881036137,313.3813601786736,321.5598798358427,325.41244672914473,324.7335215955718,392.3044596053835,383.4634143918389,378.92871821273,380.8591331216827,379.5815918524007,385.2263926165659,394.8403803665482,410.4471903221071,419.23327564363865,420.21552981935963,418.24609685955807,408.66929621629095,392.471154441555,384.5601341439178,385.7632696317669,385.2101666633811,395.06733851911997,409.48873842012404,410.5500862256202,408.46820804160814,2.406385789707239,1.1818583771554134,-0.34631492375709183,0.5378745,0.49915302,0.46362478,0.68358856,0.16929409,0.0,0.35421607,0.018909503,0.50226367,0.32179654,0.18852495,0.27771094,0.41453442,1.0,0.22093475,0.3250611,0.999936,0.42743474,0.10548821,0.06601324,0.08181947,0.00016034594,0.010938761,0.065809615,0.009751557,0.5899091,0.24161118,/content/data/frame161.jpg,0
577.1992730034722,231.28139877319336,151.6051974826389,218.18363571166992,0.9967042803764343,583.590354033008,581.741537799284,581.143207085654,582.6664843131315,588.1650234854544,598.5461015516368,612.5814789307942,628.3945651273234,648.0303791604393,668.0024182095347,684.5682848288212,699.7014848727088,712.5619317753954,722.1140150339613,728.3172066202562,732.3547158397589,734.8173748625775,595.9014955591591,604.185911411226,617.4379523879888,631.392991573493,644.1544436565525,677.4040780320818,690.9794537085929,705.140542882423,717.432707865551,723.7074204195059,659.1294486209792,658.0118925363046,656.8503127445017,655.7683532837049,639.2127006014321,646.8613242336792,655.0042821299631,663.2531481752814,670.8430943389706,609.5823736362518,619.3698534202775,630.8056004623787,639.4504535890601,629.6742021131798,618.3879421645141,676.7520870855698,686.7851695292142,698.0566274622078,706.6064496195316,697.9123214644003,686.6666285581592,623.8598814046145,633.748010213498,646.419222280085,653.7776655428902,661.7611018743868,672.8834628566881,679.379479980223,671.2191919432919,659.940929920859,650.0689296129742,640.6105898527136,630.0159437475463,627.3405554926403,645.6642102408373,653.3656748062062,661.5259082231534,676.1691826160009,660.0922116709127,651.0475168525666,642.2710217615179,311.4726083854638,333.9426924041743,356.60089545073924,379.4218426411492,400.7963746258944,419.74434359440994,435.48065750195747,448.0345302371382,453.39395231013657,450.4505593993048,439.34911006803225,424.53006856657595,407.21378578955523,387.3320491797713,366.6352263511615,345.7152574792243,324.61268619781976,307.4247603832697,296.3882073958797,291.87707268914255,292.64612986714076,296.5585437175049,298.04160112959903,295.23455530461604,296.0777396037979,302.4882998608904,315.0743437666648,318.62604724249434,329.78526891116104,340.1943007048844,351.1406917043505,366.1245607118998,368.0378363296343,369.589449624541,368.5477216834098,367.16229359134195,320.9124007597187,313.96274126024946,314.4097590124064,323.2314950559417,326.04998766900644,325.7433354729519,325.2464106611012,316.851186467147,317.9273718153463,326.1331348904099,329.90800781813147,329.1784799028613,396.721005954604,387.5332535952283,382.8728892892662,384.83415246439847,383.43923610081913,389.13390003008436,399.1085859079458,414.55672477975065,423.0663934459576,424.0524870319267,422.1292549713892,412.84179773259405,396.82170959944574,389.0079775583305,390.16665468812494,389.558406545966,399.2240369484756,412.84849258206515,413.90198722832736,411.85846635724585,4.306158856597479,1.7732218546487142,0.6387476120151996,0.53878903,0.45839384,0.5003047,0.7317048,0.17421608,1.0,0.29152036,0.37181652,0.5038514,0.4334807,0.24108526,0.31351113,0.34179986,1.0,0.26450646,0.32459953,0.9997522,0.6732217,0.031374168,0.11165847,0.024983186,8.165196e-05,0.004330116,0.034142192,0.0033597448,0.7740206,0.15908244,/content/data/frame162.jpg,0
575.3635525173611,231.17551803588867,152.80213758680554,218.16351699829102,0.997603714466095,582.586061839955,580.7369206499833,580.2351380174964,581.9202861243325,587.210481093558,597.1490751794158,611.0426965135146,626.693187083748,646.1159866942221,666.1610065996707,683.4581534419407,699.2156424965035,712.2428210945836,721.5153468847429,727.2629459405266,730.9783696118564,733.2930447134316,595.3536087796545,603.6338902032476,616.0881892103711,628.9789084610015,640.7196241680831,676.1662309215044,689.1233775525916,702.5925159102844,714.496998438576,721.2308030081572,656.5578887300298,655.049517505117,653.4226006355416,651.9137924910485,636.5526675170536,643.8115401921041,651.8048356707436,659.9799365075462,667.4189448837925,608.5914216260533,618.274901489904,629.2586384200702,637.6687707824626,628.0136126699695,617.2236183650673,675.409423791567,685.3628731431506,696.2747211981081,704.6522952496425,695.9973552860537,685.1017512769162,622.4607002978283,632.2697867388425,644.0340336861703,650.955354776998,658.4774480926949,669.3437004686074,677.0465146456521,668.0077096223424,656.9161315772278,647.6390727464243,638.8448490623855,628.9362307805814,625.7361849626036,643.2699627682125,650.512240301352,658.2693651426389,673.8152758905044,657.0232548957231,648.5662941168988,640.4057910753552,313.87608536263275,335.538909243556,357.3824305794211,379.3873390852114,400.0618274693839,418.40118355306674,433.2374120685703,444.9430025622602,450.1767841917639,447.9155537174058,438.5988210282958,425.313766252291,408.9212926093046,389.17608535934164,368.54970494180003,347.6729227920088,326.75799600244164,306.4360002917067,297.2068855826915,293.9977892876959,295.33333541224545,299.2113789908874,300.7541498306033,297.94194035924477,298.54863440485235,304.2280271933173,315.56166648798137,320.44903330749304,331.92801077964657,342.6896521246498,353.90573664584207,367.5310737534457,369.84261239660617,371.45556344388683,370.4380089502122,368.8229045135721,322.01389979454893,315.5411390698487,316.14992408773287,324.65237131570706,327.2410964218086,326.76888778340447,326.53290439730046,318.54988433093024,319.581412449035,327.587433210447,331.1761736099336,330.4227604088778,394.7092973396983,387.64145214680644,384.1320048489854,386.05402968642426,384.9851839548918,389.896238057357,398.09495595789474,410.57679650283967,417.2775512270351,417.8865234961678,416.0667690490302,408.30483029022605,394.8888712871482,389.18831910758644,390.453466564781,390.0343514575029,398.1449988540949,408.7488030007617,409.42228332505243,407.5124922358583,4.66805049171909,2.259926885829493,0.980785006072381,0.45317498,0.4937431,0.44681507,0.67316455,0.19102024,0.0,0.23686363,0.015479394,0.49617004,0.3707092,0.31525183,0.3352424,0.4125338,1.0,0.26511496,0.32549694,0.9977366,0.67579544,0.02233516,0.08057629,0.1374465,0.0007259832,0.01253883,0.09032293,0.008243706,0.3338406,0.4168814,/content/data/frame163.jpg,0
575.6611870659722,231.70294761657715,152.53287760416663,215.35711097717285,0.9976281523704529,581.4140913323116,579.4579340567707,578.7081281936579,579.9955792490276,585.0424107994593,595.1156334015222,609.5767779858704,625.9414613499783,645.9197383961148,666.135368604281,683.4337915136224,698.9807085920804,711.7600252628949,720.8876861020685,726.5987491440343,730.382767602797,732.7197158134109,595.5423808009286,604.0869174932803,616.3460026748475,628.9977164126842,640.585060876519,675.7318670184239,688.3232450864787,701.4082912374649,713.1804473852528,720.2502721752755,656.5318461754788,655.1636728639199,653.680604540642,652.280869373739,636.6685026499138,643.9355543778706,651.940143048598,660.0831479380286,667.3462717630509,609.195625067586,618.47789894874,629.160277681779,637.4316787865447,628.1402552020845,617.6439820504357,675.2343634538033,684.7210654282716,695.260599424593,703.5512934643605,695.1468596784428,684.6342202645669,622.5017351360796,632.4335763378122,643.7822506368685,650.678585345514,658.2726003348004,668.6734254451409,676.6471454198653,667.7523553123137,657.2528705223833,648.2633948487992,639.7161779403274,629.8544228497789,626.0692876342995,642.9813204214437,650.166132644431,657.9288395120981,673.2460589883633,657.549250053217,649.2759235058362,641.3045294657907,311.9017321631782,333.4624457750648,355.1550830131571,377.0348116592586,397.58469100360924,415.7624404498857,430.35952898461966,442.02238160604225,447.32053733011765,445.4693705894846,436.49522143911537,423.57981448427637,407.33798206077256,387.8791509232966,367.52749974704005,346.9000635741594,326.2745528438936,306.53503068201064,298.1121434540713,295.4228084378402,296.8945089479196,300.6376001984589,301.5475181676603,298.5828525592623,298.91620058830284,303.8393031962979,314.34120634215276,320.2403466187465,331.7913002171588,342.6460368713175,353.8783913311197,366.06006601779546,368.5847217780553,370.40783867067387,369.2627394387124,367.4192128543754,322.1720122642254,316.23041212708677,316.62253236650605,324.25055067237236,327.0334005855262,326.7063680082626,325.9169211325933,318.6619303771764,319.5752217218391,326.95818509521587,330.4678202795782,329.73868596837946,391.5759545333727,385.02128576586443,381.8722474744295,383.82943678721205,382.8268973264613,387.4623311060128,395.34652570091265,405.81916211902023,410.9526385871245,411.36169501978486,409.70250260963246,403.29516871102,391.695408993204,386.87480924825826,388.1344646140386,387.81277706547417,395.24966823561033,402.7937064363831,403.2718939606905,401.5581114015191,4.868484444422473,2.140461927212361,1.2002572437768577,0.54374254,0.4250343,0.37939635,0.6411013,0.24418414,0.0,0.2083736,0.11569937,0.48977163,0.40950862,0.24733503,0.29389176,0.40007228,1.0,0.28307787,0.3974121,0.99885714,0.6709971,0.006795887,0.09658063,0.022051996,0.0034973428,0.0099849515,0.06309581,0.036185082,0.014272886,0.8509119,/content/data/frame164.jpg,0
578.1456705729166,232.9669418334961,148.2458767361111,208.86592483520508,0.9982447624206543,581.5837655324938,579.9261468688189,579.2359607525224,580.3673516246954,585.7152912284948,596.8414807401839,612.3750343541618,629.1369383407684,648.7215622923709,668.512855899118,685.7123306677963,700.9854930652666,713.2097925235649,721.6778702526498,726.8794798526803,730.7017181502098,733.325081225436,595.7775966270236,604.0464220411245,615.9986179069115,628.5344157734372,640.1656342736318,675.3075876637145,687.7927862731942,700.8400295382937,712.6588776129995,719.9933198468315,656.3500912326036,655.2004707343867,653.9672651038485,652.7472358963144,637.6578113973999,644.6546563443334,652.3303111647998,660.2394067855616,667.1901342519811,610.2528982270167,618.9580320561328,629.0276128718984,636.8914574889425,628.2623196505535,618.3228074593733,675.1922416750365,684.1227341674355,694.2687442123264,702.6036683606463,694.2403297491137,684.138644474124,624.5336907255219,634.2109517629335,644.2409510222943,650.4913560878274,657.4976202351056,667.131676946749,675.5508734331252,666.7630657662492,657.013274645295,648.8038925272633,641.0959166283739,632.0943282209226,628.0534688641635,643.5801130726546,650.1115852837629,657.2852886022757,672.1246897277263,657.2593391161556,649.683949106337,642.4363861105774,310.2349094817147,331.54241796773897,352.8045111182393,374.27389390297105,394.01184689935997,410.97366799780286,424.0438579587461,434.5782288793878,439.4004411567315,437.9741456539407,430.16792174384284,418.4162106815861,402.81828381735386,383.9668411582446,364.06129959807004,343.8795013324645,323.5366429575549,307.2834355465826,298.45778674652166,295.2921137716714,296.2228368344391,299.50469239625323,299.7575318193046,296.77805425047524,297.01436338775113,301.75444711014643,312.23493213761867,319.0061345754223,330.3502952887439,340.96328403938395,351.869418323353,363.1082199400354,365.52527190223964,367.40237436712664,366.2627781090863,364.53263309668273,322.7274432654517,317.23838745791545,317.25798029098775,323.6775425420926,326.7256585185092,326.66761204279254,324.6361049067514,318.0498504471673,318.86353938543,325.3442928254514,328.7911076421525,328.2177091526516,386.96380512517624,381.93873270274025,379.34783262886066,381.12043500427717,380.12636203023,384.0167681488108,390.3945303641275,399.2541062125355,403.27345304194125,403.5398199604916,402.07327810444366,396.7477922010694,387.18412925948815,384.2018953980916,385.34836371348104,384.9796180796852,390.23920692878437,395.288899243636,395.6906905097276,394.2440477414816,4.444151021226067,1.8853879499670667,-0.2808690635352019,0.56801295,0.633795,0.3375751,0.6952518,0.24408074,0.0,0.16406935,0.02860998,0.48556414,0.2997811,0.2760646,0.45152333,0.3899557,1.0,0.34884956,0.336701,0.9993599,0.6396733,0.02560195,0.17713936,0.0028271552,0.00021243375,0.00078541937,0.087730885,0.059313163,0.0008602336,0.8482708,/content/data/frame165.jpg,0
580.0759548611111,232.51198768615723,145.44694010416663,200.4224681854248,0.99846351146698,582.5740084903443,581.4632711266834,581.304188363364,582.414316475414,587.1994753923366,597.765012900549,613.2135623020896,630.0915091628848,649.2925324167325,668.6888817370927,685.7056662885543,700.916442705455,712.9282181042188,721.4167129390983,726.7342466652826,730.5868098057913,733.1513863698103,593.6648499052969,601.8155183056649,614.2138817708247,627.3643555983653,639.5010849187288,675.7184841670753,688.0695768748812,701.1503809887781,712.9022998239168,720.2136632048594,656.4873208776442,655.5643548605183,654.5474064066336,653.5443488894816,638.9220665228893,645.6841716572771,653.214922959537,661.0668143698308,668.0548013309435,609.8193570677623,618.7393310612755,627.8489901681493,636.0106752711788,627.5098592184235,618.3569432471629,676.7571076429824,686.2984035971422,695.1811057273892,703.215600597023,694.3074962584269,685.1787998306233,626.8843585084915,636.5155513297827,645.840720650661,652.0437621713887,658.938533636006,667.9279623131824,676.4073112062297,667.3542193195283,658.3393597633387,650.6603739602698,643.4373018892719,635.0293716203754,630.3099796229525,645.4529929253689,651.8312480417776,658.8257432436299,672.9861412123626,658.3879278682409,651.1982069472002,644.3835843239372,307.7113996513691,328.6294803045598,349.20584248059413,370.0189239943645,389.7155698499937,406.61411658290945,419.2920405255634,428.97066896052684,433.28302354041944,431.900466778558,424.21624141163375,412.7914691886476,397.6022531111132,379.730810399627,360.6069183997422,341.2104400613937,321.3859875530917,304.1084648150854,295.4347718257693,292.16263194363864,292.65925085099593,295.60634424711577,293.8588386025507,290.7116669773518,291.1880013898931,296.216205109808,306.729708946601,314.40800665373274,325.94503169414406,336.78856354482673,347.9948366370811,358.697065119989,361.20331121799654,363.1615605786676,361.9452649976372,360.2245807592917,322.02566590639685,319.56648270342885,318.9118095928251,320.4992325846621,324.0726653076374,324.62600912381936,320.15344287321045,317.9004877567604,319.42954444425584,322.9723855686889,325.2127112576245,323.9607422028488,382.6890925223927,378.7033111413716,376.51543843231707,378.256650866123,377.1480566345997,380.3198635278843,385.34981615830634,392.08630405436475,395.0440414345135,395.23534644039296,394.09147295675507,390.22947716777367,382.84761262393,381.1169509944948,382.2905846274175,381.76744535581315,385.31657252333935,387.5227514513904,387.9712753198023,386.8110452223234,3.4789294864440126,1.4035910706427333,-1.315628971661742,0.57383263,0.54596573,0.4531416,0.3895978,0.174537,0.0,0.3895672,0.029270433,0.48394245,0.11479154,0.3534775,0.19064896,0.5411007,0.0,0.54735196,0.43427685,0.99117625,0.4969836,0.100337364,0.4889424,0.0003326883,0.00077406515,0.00040767423,0.059302993,0.061466515,0.002748735,0.8749674,/content/data/frame166.jpg,0
579.2596571180555,227.4448013305664,148.45947265625,201.38591766357422,0.9980390667915344,582.853219307902,581.801626722448,581.568310390501,582.7688896654897,587.9576221983891,598.9666161043438,614.8472583343273,632.2278432278476,652.0968115666615,672.0387301956789,689.3698293113348,704.8394536608139,716.7935783899766,725.1146648734775,729.9277419431792,733.2072424412336,735.479526226387,595.0649747317057,602.8401331919345,615.328612134876,629.0404794720753,641.619669137212,679.170386288507,691.2931558982509,704.1849968663819,715.4341923325819,722.1285932157307,659.0134483175971,658.0136930027265,656.9287077802373,655.8601577993559,640.0346550127329,647.2816746901676,655.476126268678,663.9931104610878,671.5629004224365,611.4277990062278,620.5378419059944,629.5090062939635,638.1842571096554,629.5549630322189,620.4385390526695,678.8715846654477,688.5871459430273,697.2113265140915,705.3271093178073,696.1654632164109,687.2355525812591,629.4692505824496,639.4271128387359,648.5185238497911,654.5866642447718,661.3612967631134,670.1430021389297,679.0850987639151,669.8100480550011,661.151498959418,653.6089618263968,646.4840541215558,638.2526844674621,632.7736056023218,648.015794152182,654.3398475357899,661.2647163117726,675.7185390193426,661.2376939513379,654.1744292057083,647.4776948351446,303.68599824653165,325.03298599057644,346.12692719041115,367.3795239280971,387.4808183071309,404.67118796572504,417.5350126806334,427.238704861732,431.5734314156134,429.64234094155745,421.6379317470537,409.74021403466213,394.0778032928274,375.8990432673281,356.3712394311251,336.5063474931658,316.36978432440674,301.0325925878474,291.621717066716,287.34648003767234,287.29885240719386,290.1227322853588,288.4192432597197,285.46840438108984,286.12974640382026,291.54251533491924,302.3676426761831,310.57072959855304,322.1842371863504,333.0221194850583,344.2629028731699,354.5767588005465,357.50347057164527,359.68490679429215,358.32328807918566,356.2905324559033,318.926573521142,317.8175404144599,317.0068696014164,316.974575287933,321.00167041761097,321.65339040581557,316.6427735434686,316.0962477440994,317.8126141632506,320.0954490566228,322.29269393629374,320.9581624007169,378.0175041382581,375.07519257166314,373.4025574351772,375.1190102797882,374.0149106264371,376.5994351936506,380.6765130475869,385.86042736110176,388.4266729435649,388.6024479245807,387.50017761012896,383.94675161719806,378.20768336257606,377.6174118762983,378.9343918414115,378.28298874655957,380.62318853888246,381.6645721168961,382.21736376210174,381.00350377478844,5.157317942139384,1.8399197592449907,-2.893331286120958,0.74114186,0.4659187,0.6889269,0.3955614,0.20634651,0.0,0.3624436,0.1492306,0.4687298,0.095661566,0.45391613,0.20316288,0.5965324,0.0,0.36111203,0.5745571,0.5388827,0.1217054,0.18457174,0.3008682,0.00045346183,0.0026971928,0.0017244931,0.027994704,0.044742938,0.002355325,0.9200319,/content/data/frame167.jpg,0
581.1648220486111,224.26992416381836,146.60481770833337,198.8906478881836,0.9982568621635437,586.028127480401,584.8189941289866,584.4566567127881,585.4142287010827,590.3114883526093,600.99690702719,616.6733331624391,634.1804093270243,654.3377175625519,674.4106598827357,691.7570062109644,707.172944313862,718.8697546123876,726.963704305952,731.5358091416056,734.5230069720537,736.5234486517711,597.7607653748787,605.6048110072602,618.0881142117223,631.9424613426745,644.4409363283885,679.9623084048962,691.9113273389721,704.8290214730323,716.0817459812724,722.4395403074468,660.8309554229963,659.7626856233455,658.6570305061796,657.5479185274626,642.0089061953099,649.4566930684127,657.812062582113,666.4504608570851,674.1169831343404,613.4270698764094,622.3439091025703,631.1188391830415,639.9986202843443,631.4183840606129,622.4741388929783,680.1005544154032,689.9646875126955,698.4796203498008,706.583200888098,697.4250072871419,688.581103571978,631.6225024884538,641.6460068612873,650.9523973972564,657.2372562124337,664.192717716981,673.263522426957,682.6766844623971,673.0402347771405,664.3812944936099,656.7469651286592,649.5349632422972,640.940451460679,634.8356055099753,650.6583223273656,657.1469368133075,664.2561504151545,679.3308550282363,664.3425577281632,657.1449167542942,650.294519657094,300.0856362412301,321.3614098977373,342.5281928350123,363.79590048123373,383.88713713867946,401.16175714616566,414.11069106609466,423.5892489556509,427.8047564723729,425.5917818232201,417.3716068928552,405.28823980862217,389.3534026031057,370.92396322528293,351.2839394677403,331.36834836408434,311.34040214713514,294.44460010772764,284.9162733698736,280.4857647130202,280.31973577819554,283.3487431399135,281.2484294580595,278.30915823899204,279.00791372263984,284.5310466934461,295.55683464245476,303.62764612485535,314.95740316519004,325.4830202347566,336.48013614896627,347.9296172502627,350.76205295390446,352.7581984517765,351.4258557263138,349.33351558725553,312.6945031842947,311.6246045342423,310.71323072655287,310.314752747513,314.3205013195011,315.1549635141214,309.9937482993664,309.6813788922136,311.43766372089885,313.40322381821625,315.4300400712491,314.1016449963231,372.0799348828032,368.8700184332465,367.00795079594536,368.6730057763716,367.60847735362586,370.14170248523715,374.17883310077104,378.8278566623776,381.03397449149907,381.19300434861543,380.18074139639884,377.15445115631155,371.99924632840975,370.95187418151,372.2157340612657,371.57097959180646,374.07926695263995,375.09145877601804,375.57688464723924,374.4524657424772,7.50397533062988,1.2446476913472269,-2.374272559082687,0.66550606,0.607425,0.34346288,0.30912703,0.20692433,0.0,0.367608,0.0034904925,0.49101177,0.10916685,0.33812392,0.103114605,0.57241666,0.0,0.24853987,0.5741558,0.3808851,0.1907381,0.087803274,0.28951567,0.0006214425,0.0037874682,0.004042531,0.099174604,0.044497836,0.0041623157,0.8437138,/content/data/frame168.jpg,0
585.7724609375,221.70497703552246,146.42610677083326,196.802885055542,0.998677670955658,587.0894477520774,586.057356186918,586.1738703938275,587.8089016011521,592.9486389083506,603.503350139704,619.0487503010943,636.7188833963035,657.1525312009762,677.2658203626273,694.5061786524046,709.559888790254,720.9813567693751,728.7607150058427,733.2890492117679,736.1111641378934,737.5928219820918,600.1644609752668,607.7697288491195,619.9681318170556,633.7041323988308,646.2117595463296,681.5621044672621,693.6185465452065,706.4419434165267,717.4316306976206,723.6101318021903,663.2558641198686,662.4306750972519,661.5825837079502,660.7650804211723,645.4663065139317,652.8442961994051,661.2296451462487,669.6203572164522,677.1032515655511,616.033781118813,624.8173947617927,633.6088419432235,642.6347251824002,634.2148396918191,625.31221679307,682.6574203593821,692.3530465023676,700.8745990755433,708.9315024650069,700.011093985246,691.2495662754737,635.7069844832702,645.5928888940259,654.8058339346006,661.1898228995668,668.0499474226854,676.579664330635,684.7430700595808,676.2580317698596,668.2335464200241,660.6877726167268,653.3854297158656,644.8526722970348,639.2508336416315,654.5610376175555,661.1323628744854,668.1304083495265,681.1909932224688,668.0951046398488,661.0187800860529,654.090384832497,300.4369972672822,321.66780790399446,342.6128597853992,363.50405521017456,383.15843837533396,400.00918897912334,412.5478194841043,421.3740002794226,425.16658715782324,422.6231998055921,414.20716422115,401.85155557949787,385.97331801167707,367.75967248177153,348.3247269283206,328.5717664589855,308.81712385515823,289.6091679230816,279.4608434933205,274.1620424224229,273.1917464256386,275.61888350419645,274.49133256615863,272.1023919055475,273.30147226971246,279.16017075061137,290.38294978950114,297.20964276936445,307.9533724271738,317.823842022275,328.2365079050013,340.7571909499188,343.35672921837977,345.33390587759914,343.96619680925414,342.023394814721,307.57420945912077,305.7241571229073,304.53085513706077,304.4763230113466,308.3968013786931,309.485029783643,304.75203822723813,304.40242874342283,306.1787557289837,308.7166743845603,310.24260263024837,308.81356251602404,366.46036083181724,361.5798904212287,358.5663499975328,360.1987946591423,359.0130798740599,362.3999978492707,367.8877117733297,372.5697606960331,375.0543226085741,375.3988153067164,374.4868731889069,371.4446449819882,366.1837024944949,363.9257853305662,364.99780471570193,364.37369762799153,367.68032359363247,367.8227067768021,368.4471657754941,367.5019047259434,6.845429260367853,1.1395276100259277,-1.940319542071739,0.6696747,0.6670501,0.28001922,0.36290175,0.18545875,1.0,0.2644687,0.949366,0.47243944,0.2835315,0.29691938,0.05930779,0.5234468,0.0,0.16300528,0.5731187,0.29120454,0.21382831,0.078802556,0.38184008,0.0021083062,0.004850183,0.002556808,0.031645574,0.027802536,0.0026273723,0.9284092,/content/data/frame169.jpg,0
584.9561089409722,216.12768173217773,151.3928493923611,199.32546615600586,0.9982587695121765,588.5309198484666,587.8353201144117,588.3917264787838,590.5941916536765,596.4126512915872,607.567599312566,623.4996068961559,641.3813053792203,661.7982599860748,681.6777377854769,698.7629977048173,713.58004690098,724.6454297109185,731.9462294119294,736.2253714124754,738.9580851625792,740.2502564232973,601.8569964477579,609.9256425630651,622.860963351063,637.434141686077,650.8100282190819,684.2558072848497,697.2195063692502,710.8590808103768,722.7000372572443,729.2094381974844,667.385982902782,666.7619882898939,666.0735668890411,665.438195295229,649.6011170693871,657.2256759932109,665.735493770429,674.038608342224,681.4875939326143,618.5660461257144,627.2207350704261,636.394473820279,645.8116771105333,637.3167221185449,628.0679708559953,686.8197197139748,696.4975385572266,705.4136129258254,713.6288624181279,704.9552546091477,695.867442004695,640.3202308256309,650.3312184247907,659.6745069812093,666.0484748007875,672.8261757460527,681.2555206300053,689.2313402756427,680.5645329928539,672.5555661283588,665.2052095530471,658.0997218196669,649.6000121620918,644.0267314529988,659.3575411561537,665.9020139924755,672.8222551072631,685.4942871794524,672.4835404295764,665.5489569052529,658.7127529008123,299.97942529357465,321.63585777581466,342.7783372833401,363.71366449409015,383.0510248753999,399.2843513710577,411.1465077811258,419.4331414131361,422.9677469790986,420.13219843776005,411.56386334449826,399.1105886599016,383.2876746327415,364.9945443150941,345.42905978370163,325.4593074940599,305.5535186441623,286.03156746020295,275.3357583194427,269.80373698728476,268.6480538554847,271.0336698893261,269.99966912868763,267.62760424819,268.8743602548559,275.0332917294745,286.9713018074706,291.3926275558308,301.5549161700992,310.8780740284417,320.93114077446535,334.5870535866934,336.92188665555796,338.79090506561033,337.49642419222346,335.8170506446422,302.47278760978907,299.48191048803983,298.12460672437487,299.2268836274261,302.98075269980677,304.2889558089573,299.41334920826057,297.8458849486035,299.4435737691115,302.9914239657487,304.4843248040613,303.16890771953786,362.1237385383856,356.616752267008,353.29463106657477,354.9974571625521,353.8636797089348,357.60673494669027,363.3934980020954,367.9284652478814,370.0759060394703,370.30497114286254,369.3447710611131,366.63361369591803,361.6900018333067,359.0752494117314,360.09750964130353,359.65782782213273,363.1485650042564,362.7453094836583,363.2628480607568,362.2763583138144,7.947279384453594,0.9288612116940721,-4.119304190430222,0.59134495,0.65114456,0.3422074,0.3387547,0.24406797,1.0,0.23778126,0.5754014,0.47332007,0.18107362,0.2684249,0.13885896,0.5766849,0.0,0.2331951,0.5731187,0.7871631,0.25719556,0.029968979,0.39868146,0.0013757041,0.004484082,0.00038678452,0.01937784,0.02118973,0.0017589383,0.95142686,/content/data/frame170.jpg,0
587.5005967881945,210.9286594390869,148.89800347222217,198.77503395080566,0.9989160299301147,589.3595248699864,588.9835999962033,589.8927272648546,592.7925850976255,599.2544736399122,610.9498908567089,627.2366252389489,645.1242783700156,665.1491271787945,684.5398755613139,701.6065605766023,716.2025429467126,726.9217973901536,733.7233632941889,737.5172032054973,739.9507981799907,741.182346321772,604.0255995069456,612.279504193336,625.2074541136744,639.9365691383025,653.562633771206,686.6263218786778,699.6770043534934,713.310248823062,724.9128648737756,730.9990346960053,670.0539224109082,669.7021388493176,669.3072336152418,668.9394980205063,652.6453634303768,660.5382218550039,669.0111115596783,677.2271052867275,684.6317774706265,620.0972231392012,628.4772583621738,638.3836202288974,648.175133143977,639.4546172705994,629.6036041249392,688.72525115959,697.7747741622068,707.4635301079861,716.0273549320855,707.6743187384732,698.0072018251774,641.850031153283,652.0479370411025,662.2702259385865,669.1077621134386,676.285338196247,685.2347984455002,692.6318500502855,684.0657504264507,675.5057643269049,667.7029168843103,660.1117182308527,651.1334533299492,645.7109705480383,661.9046371861014,668.9146173983997,676.218643911503,688.8429009584083,675.381730871329,668.0228674671027,660.6982753426411,299.1622560178913,320.7478946864135,341.65245120538975,362.1387431405067,380.4261283463379,395.3054228060014,405.77749182318803,413.0594954313524,416.3646514894906,414.1044531248326,406.7090223148589,395.35489970024764,380.25793534089735,362.2276309401698,342.7816902290688,323.13970443326616,303.6767524853934,280.5494962536484,269.16815423845253,262.9377336779979,261.30941780985734,263.3859118783786,264.0339596705161,262.3494846839063,264.31319844679297,271.3492748773066,283.77986827048335,285.9108295751705,295.4274755947148,304.0939934093718,313.45141766493225,328.67234439236677,330.5328888785011,332.1817490317526,331.39610429061645,330.34807561749335,296.32885788114163,290.70146540430994,289.5454690487426,294.0390018149326,297.46581700642287,298.615650076457,295.35301144712435,290.7384451175095,292.04153571097106,298.30837439344054,300.04261773301266,298.97629824826663,357.6019394180987,349.30130892339207,344.68463129527277,346.4929406924816,345.56000266847445,350.77105703247275,359.0517830294941,363.4540607825463,365.34063750815335,365.39662601664236,364.3704780734747,361.86261088761853,356.75722097133234,351.76322515459196,352.7778427066005,352.6432740847497,358.31665305998354,357.27799371827086,357.52782359921775,356.49998377374686,10.857436842089458,1.3314419190975324,-6.425544883637218,0.6608498,0.6662059,0.36703607,0.47780663,0.17909865,0.0,0.28964493,0.5165224,0.46755323,0.18846047,0.2608242,0.22898307,0.53426814,0.0,0.19812879,0.58101183,0.6147324,0.16355379,0.058199212,0.36766878,0.0016965024,0.007360916,0.0008552401,0.06876594,0.032563597,0.0108634,0.87789446,/content/data/frame171.jpg,0
587.2542860243055,205.8698501586914,150.47938368055554,201.89307403564453,0.9985744953155518,588.8474504527159,589.2312397084718,590.8897620763646,594.4550609765326,601.3065055141973,613.2109797039678,629.6292421143286,647.7957819319165,667.8636325457346,687.4014511683612,704.7201087541029,719.0841208425975,729.2070538920368,735.4543252092119,739.0399058168443,741.4357610313973,742.5855439518198,604.9835451422825,613.6524768795919,627.1448232031722,642.394522799513,656.3706120339878,689.022529273203,702.38088925096,716.1350060637262,727.509498804118,733.1196255881881,672.9699296584382,672.8029395088342,672.5477466755758,672.3088860681216,655.7169908698988,663.6833047657061,672.0786897714391,679.940006661213,687.0583589023252,620.8565913568247,629.3348143937928,639.9579020027797,650.035203015489,640.9322542908551,630.4384093175439,691.0913211966474,700.2738010739052,710.535579703459,719.0375501722003,710.9414593415529,700.735507754404,643.8524447122672,653.452703214412,664.5394541940802,671.8598870434213,679.5420404269571,689.1616781041943,695.5248056969031,687.4091046428761,678.1172089610913,669.7324666170892,661.6820150434312,652.2792450648062,648.0516173682239,664.3686517477369,671.7513232294535,679.444278120418,691.3900955130869,677.9058575403369,669.9605979197046,662.1307974603623,299.03911685590856,320.8156561969869,341.6302187738753,361.9186699601963,379.9637578015439,394.221588761533,403.91843988826275,410.4945217992186,413.47344180714407,411.6624853317435,404.89095101029903,393.8458176033702,378.9121848437171,360.80803528394335,341.3506503463128,321.7728603699934,302.5556429066916,275.6429434617838,263.20868276962693,256.57852833919753,255.07677223419813,257.5825992132192,258.56290821494997,256.72211762945926,258.8222310363429,266.4920449972882,279.64812219956514,280.66872746664257,289.0758381729532,296.7398975874944,305.10030765874626,322.26806905214215,323.58993962500585,325.0234642826792,324.4801831162662,323.9537684748218,291.5157658482975,284.56555177796656,283.49427473339335,289.46173935445967,292.9006187402116,294.01437978860133,291.0992579889905,285.1437789978248,286.45959177340745,294.0744523432842,295.954181785434,294.8852080034743,355.3324074840839,342.864955261413,336.3333645862691,338.20172212053126,337.5198697438451,345.1104413625255,357.4937053655327,363.42926366218273,365.4760626767853,365.32068270361526,364.0736862163358,360.93030314944804,354.01674633393975,344.59429392934544,345.498183710071,345.84231569339954,356.39790110121703,356.5859310854779,356.546595114575,355.32579372686155,15.239662052401922,1.7693275386045415,-1.01319248231285,0.6383359,0.6598128,0.28190517,0.4626624,0.16339803,1.0,0.27917218,0.38641313,0.47714034,0.12927325,0.29356673,0.500853,0.51621723,0.0,0.10981485,0.58033997,0.75580686,0.4888222,0.046708703,0.12413821,0.0057027945,0.005082443,0.0026776502,0.030400354,0.024606505,0.059207316,0.8723229,/content/data/frame172.jpg,0
589.0629340277777,200.64815139770508,149.26372612847229,209.35859298706055,0.9979696869850159,590.5933261492917,590.3634901361323,591.4916609875786,594.8363825691209,601.6366706765591,613.499606668155,630.0084316722769,648.5578009537682,669.3149571430471,689.6012628466253,706.8667939297114,721.0630480079278,731.2782431478433,737.8485567280575,742.1290306634668,744.7714447572299,746.0980351345171,609.2907856840417,618.5801078921629,631.5523318989284,646.2096131951233,659.543066908078,694.3777219550395,707.3756272181212,720.5411120377241,731.1244700743096,736.164360472003,675.9550668373658,675.3167491038449,674.7234297232278,674.1746894096971,657.4831081999132,665.4822355371474,674.1121708994231,682.0222224621987,689.2187843341896,623.0953070128526,631.9873933452147,642.7626944392116,652.7037365525173,643.4584917659508,632.9704089441243,694.2014571923006,703.6829171262483,714.1249758423678,722.7951626431144,714.2652119737968,703.9206072612374,644.2806139196774,653.9727200533914,666.244826592049,674.1678161171902,681.9609468348833,692.4651197499529,698.8708786213284,691.0520067493452,680.8606360285544,671.7041675265771,662.7355016345642,652.3202547490185,648.1370027125204,666.174895707503,674.1141026090818,682.0498953261474,695.0791122550933,680.5630628941436,672.0619680737597,663.338082739398,293.2976016658707,315.5019453156683,337.15819255515476,358.74715939544103,378.5235686215725,394.7916037705551,406.34935209780633,414.04510368440674,417.287530757372,414.46081059787184,405.75773980944575,393.2733997747132,377.57042713715316,358.98541856118226,339.2961309381105,319.5502547041823,300.4945229257052,267.749086747166,256.6182013310216,250.64139431259318,249.34240192678743,251.85318273562513,252.97163514080364,251.73959371534164,254.22172831815436,262.1122082179532,275.20638449961,276.3978899712249,284.1857871034472,291.08233499859045,298.6797865227493,317.50956068187793,318.8824222440146,320.3484700790699,320.253052606623,319.9180881619956,286.22378571692536,279.34695174244695,278.4998296718576,284.8857398521269,287.9776433166432,288.7020269514336,287.82283700305936,281.8801868042561,283.4315817648938,291.7833434490604,293.0615811869045,291.7794500807559,351.71372965540803,337.4842621506557,330.0194322279919,331.70567998965294,331.2667775857892,339.8723793961618,354.1778574298125,363.6621774920147,367.5755517197912,367.62594089034735,366.10743740463585,360.95705021956235,350.34615408946934,337.62487264442166,338.5764567815192,338.9692676944552,353.24250564364604,358.9661314135816,359.0698447554157,357.72169110751906,15.397772186479811,2.034122236975598,-0.6112114576658955,0.52837336,0.61537457,0.50563616,0.5204497,0.24701938,1.0,0.29489723,0.16119935,0.47987926,0.2849862,0.39359447,0.15781572,0.47072873,1.0,0.15022935,0.42989472,0.9955295,0.469394,0.11112246,0.41131184,0.0038619994,0.0007893196,0.002159776,0.009753422,0.0031365647,0.86650795,0.11379099,/content/data/frame173.jpg,0
589.9761284722222,197.55292510986328,150.00016276041663,207.7870330810547,0.9979519248008728,590.9334562412874,590.964161312523,592.319542753829,595.9504917378689,603.1526626948028,615.4777689474898,632.2384129748656,650.8723264341294,671.59554461835,691.6120705773762,708.5597391044754,722.5321070357692,732.6795534577417,739.2164788339189,743.2666352680102,745.6109808327241,746.7909710727141,610.6902969584459,620.2194731403722,633.3942969101392,648.3000038896391,661.9755685173947,696.9648889155324,710.0531856162124,723.1005967162298,733.4053731885895,738.1384573711541,678.3501549792257,677.9289634405926,677.5775791234471,677.3380022849585,660.2553339928215,668.2465219890066,676.7353298049617,684.3015141372609,691.1532036488195,625.3070924024744,634.3991820439833,645.2112758477206,654.9428959443785,645.5497004252159,635.0058598563606,695.5073937916553,705.1823596136037,715.67808417659,723.9536359096994,715.4404839956399,705.0785776617944,645.5368372891295,655.4397726598108,668.4420030160934,676.4148289040928,684.2572845670784,694.6164414148741,700.2910833796202,692.9614291580249,682.8524309544871,673.6353363012829,664.5087591874593,653.6006414411988,649.3070217329325,668.1435128657085,676.1474748254593,684.041650550352,696.528612358843,682.6584064119022,674.1541271636354,665.3395424060134,289.35777714319227,311.89159877049894,333.8449518754205,355.6278219831769,375.4841049228122,391.67969241176763,403.17450589476357,410.98854524787384,414.32966124706365,411.20425357503404,402.1224039112992,389.48789130550574,373.70463755147756,355.00245509670526,335.1106071834656,315.23044087041524,296.12337058617993,262.2187001414997,250.90767122331454,244.730579260603,243.30550577898174,245.81227908983965,247.27426256391664,246.20880699550307,248.94574201289032,257.1095903019501,270.32761815791343,271.00373907065295,278.68563961042565,285.5174659430364,293.0193791811642,312.2498939579855,313.5569104534694,314.8890735997426,314.80999243611984,314.5584218936201,280.3549343326464,273.50994762221416,272.86832161283274,279.56628513004233,282.55407730976515,283.05438716723785,282.62117220042,276.63383193035133,278.34644220441913,286.8606196024648,288.2956209580383,286.896927680407,347.13889527052777,332.4157838888983,324.7540809250255,326.34118830749173,325.965445030155,334.72101244127333,349.6175940995057,360.01739875457605,364.70402405394486,364.97600024155906,363.45507373141226,357.68745455192766,345.97737860437405,332.14374825293703,333.03730149490036,333.477501642493,348.6856966737148,356.1678210433285,356.44768899900953,355.13242404537664,13.928547177836567,1.1156863324489776,-9.69377720531958,0.55619633,0.52929294,0.23147272,0.47362006,0.3082946,0.0,0.23503695,0.3360904,0.4786388,0.42377657,0.28853133,0.21118028,0.33297437,1.0,0.13778514,0.3418226,0.9983815,0.54437643,0.10067609,0.26082772,0.0063832533,0.00029196317,0.005907785,0.0042080665,0.0007587935,0.972315,0.010135074,/content/data/frame174.jpg,0
590.2927517361111,195.84860229492188,150.18598090277771,204.85265350341797,0.9984883069992065,593.7494748575458,593.7561379471202,595.0024470568562,598.4605099588427,605.3067740561842,617.5304847776861,634.3342325744491,652.9122523322593,673.3753513406306,693.2801794146017,710.436283402865,724.5482309247976,734.6070858946323,741.1060854412146,745.2675896475421,747.6220522395333,748.6410250847473,612.7212725863548,622.3112350635787,635.4905698281509,650.7966499628994,665.1248493573519,698.2462507712735,711.9410940141208,725.4802722462188,736.2267258252821,741.4711304410084,681.3360400633561,681.3490658723316,681.3607729829857,681.4803056597264,663.4266369850469,671.6106545946175,680.0697966306603,687.468749172841,694.1845427234751,626.5378756408857,635.7514449866493,646.7419969511211,657.010788693736,647.2172924566928,636.5006780902038,699.0162533733914,708.8995016834151,719.4250439892228,727.7023961355474,719.1991363145492,708.770738118424,647.6567120418183,658.1952728304998,671.4884698690303,679.466374930953,687.3797223839372,697.5146662469215,703.1113684453339,695.1342839068113,684.9829002714192,675.9994144783474,667.1056294755435,656.3539304076014,651.7874832511534,670.9693862530836,678.9832331703685,686.8792617187306,699.2856341360633,685.1023303827349,676.7365814922603,668.0717371702697,291.27405772910663,313.46684204305546,334.97057717962196,356.0599773035783,375.0834606804876,389.9679309835525,400.00129111917175,406.6950184512265,409.68126940904057,407.2430694736351,399.3508651504053,387.7976758948689,372.73494688314656,354.5304630771001,335.0065483393913,315.4150136821976,296.72089718938423,258.03491120728006,246.57037510945628,239.9548612400691,237.83429909980015,239.8928091579415,241.86296642854347,241.2915671197428,244.77694539223847,253.74151519049883,267.3247452726361,264.67499682205755,272.11555429628095,278.8369156842726,286.27029357874574,307.2300876360056,308.4027474444867,309.5358609555269,309.60819888456206,309.7020315962374,274.67049566364665,267.55541491347077,266.83640930588535,273.84814073816585,276.53161123526553,277.06896614906657,277.3239950783397,271.3729000321303,273.1986671626316,282.2275967650821,283.09915379015786,281.51391723349514,343.4859397207707,328.0694772104122,319.97287464735234,321.6859370279775,321.34622568815973,330.79782008095117,346.35536865950485,354.72746195412617,357.98984834045893,357.9821119769729,356.50821751525416,352.036203810828,342.2589495414444,327.9151162457807,328.78806523019574,329.4915468280966,345.22174232133966,349.75396193024335,349.68751418704414,348.3913656068578,15.56195697199885,2.462522128277062,-1.3093474848655697,0.6448592,0.5662881,0.42908752,0.53926975,0.26002198,1.0,0.25878513,0.027294086,0.4736403,0.30134866,0.22375996,0.100363106,0.4150945,1.0,0.097781695,0.4239796,0.99751735,0.6652033,0.25962928,0.5001512,0.00769512,0.00048620717,0.016477268,0.005739497,0.0029519473,0.942838,0.023811927,/content/data/frame175.jpg,0
589.6978624131945,190.28861045837402,152.4462890625,202.1528148651123,0.9986187219619751,593.3928288313815,593.7043500560902,595.2462246831157,598.8014344529922,605.3990982985596,617.4372211543676,634.6324553443893,653.8072120811154,674.4263819078444,694.4974869277983,712.2139426127515,726.7255107368258,736.7886801202858,742.9166040824591,746.5883469370672,748.6477849077198,749.4752211391044,613.7741103801101,623.3395687588394,636.5064192602752,651.7188125410456,665.8947199795316,699.2055999519223,712.6581405029476,725.8816200541198,736.1586539274692,741.5826367977445,682.4445001212359,682.7292431000333,682.9508287472211,683.2670780963429,665.5057847544938,673.4636952918729,681.6831274997699,688.8447177804951,695.291970879252,628.635769367645,637.7812633011822,648.603715966727,658.6154543454858,649.1519325940109,638.5931053974613,700.1881822840785,709.7722350603467,720.1096356597652,728.0946859204573,720.0099112742087,709.7624028750229,649.0621054597104,660.013258539325,672.9681097742637,680.6814013244243,688.3354394989128,698.096919842988,703.8179214646193,695.4795342734001,685.4411333214985,676.8286016688971,668.3159823701012,657.794712675579,653.3168173789933,672.4599448430783,680.1405732952294,687.696376371056,699.7878243731498,685.3769493940683,677.4089174894441,669.1541906280538,284.5093607281128,305.86300202808,326.3340167269846,346.48132118319813,364.80783504930287,379.1882447129765,388.5920503977052,394.77869274899626,397.7880644128916,396.37432629518935,390.31449021638355,380.06625886239453,365.667254801182,347.61909299341414,328.1093190008746,308.6432259375458,289.938932039017,253.4175543764744,241.8341700918935,234.80939900767817,232.2456566844894,234.0788314903774,236.13531257588488,235.57772645435125,239.43304199259364,248.4554673299782,261.29411080984687,258.94776822553524,266.43311212623973,273.23194537535187,280.6990563559191,301.12614432097985,302.24332637840007,303.38332488941,303.4840903298832,303.6254424530093,270.00286774675715,262.90392149973115,262.04850691746185,268.7450131437258,271.6755465863297,272.34810421021984,272.0291943874222,266.3326937040721,268.0397345854418,276.8255078975394,277.87181146605167,276.34829266148006,335.1670062172807,320.8896320721624,313.6046767838152,315.4837664492559,315.27814364412325,324.3983052413555,338.89965078451223,346.544550810288,349.06160471228463,348.8754727686469,347.38151558597906,343.204369487534,334.0645868969423,321.2076165128119,322.1819137829232,323.05975442318845,337.8110399009154,340.8597836833942,340.55800788943293,339.2595087673644,17.528830511142388,2.609166140687966,-4.773229690628204,0.5851347,0.6193462,0.54831386,0.48654374,0.21182965,1.0,0.23276085,0.13548446,0.48086652,0.29117453,0.38507628,0.016430905,0.43207347,1.0,0.12013467,0.42855948,0.9057872,0.48049128,0.11117006,0.21788013,0.051513188,0.0053539383,0.049704354,0.019832768,0.030942462,0.7387276,0.10392567,/content/data/frame176.jpg,0
594.9208984375,187.35373306274414,148.9201931423611,194.47541427612305,0.9991711378097534,594.9753450453982,594.801672170117,595.9409366037348,599.4679370443771,606.4998523778081,619.1962117157045,637.0808039088556,656.5834658934165,676.9864086704124,696.7822927294538,714.6095828193876,729.1570282146415,739.1777256904284,745.4744750003807,749.2495005598345,751.1750570954297,751.6998383669633,614.8787531383928,624.9823053241723,638.8174770218051,654.4965537570635,668.8577099382528,700.1017390961472,713.5951707593474,727.1151704568103,737.7369731852825,743.4063134976329,683.8144630257566,683.8534109293878,683.9258679401074,684.1201623393647,666.4182497242095,674.4719737418791,682.7112219255062,690.250631920743,697.1698800104466,630.0000819836869,639.5885272789953,650.3321048011601,660.1378933086962,650.6245896474647,640.062488491273,702.0230391822741,711.9868866287251,722.3501865568107,730.4383029643832,721.9684275513971,711.7071015809972,650.4335293152053,661.9579288453821,674.8930979498914,682.6208627890818,690.4263147860509,700.6313610357035,706.9199034659622,697.8714152146379,687.5735616746183,678.967368598923,670.594292636426,660.1101707472901,654.7739880206078,674.3057913830642,682.0692909238362,689.7488160023862,702.8193568919452,687.6733100378109,679.678446039504,671.4947264384825,281.06705786816354,301.78034588727223,321.6887893878078,341.15831783435095,358.4539273098221,371.46977421471036,379.33605449117204,384.25388109299297,387.16365115334855,386.52885596402234,381.90848006621906,373.03662055786225,359.58117701066806,342.50264645807846,323.9348732603222,305.3226577225296,287.2582861792065,248.3851416580332,236.90343181222943,230.30904401372402,228.45987405412552,231.06217823524395,233.9897391415796,233.32584430425467,237.0240590337615,245.92640223169252,258.70287253887034,255.8725631569052,263.0870294011504,269.5448561125489,276.64304895448936,296.39766214564736,297.6524662308854,298.9761941955851,299.334320169474,299.6909716870111,265.2649683522758,258.5464688858599,257.94621214107525,264.86945239090096,267.3631266958023,267.72715049509816,268.8857671683328,263.4088503648687,265.24943092072004,273.9044549305929,274.7941989240993,273.1701408925063,329.4856032961501,315.52782916187255,308.6073013553354,310.6495485922028,310.6365288644175,320.01543443819014,334.4603355671694,340.2314968275843,341.34554597109235,340.6710100100968,339.0531975530504,335.6476624093664,328.2946876828328,316.7573171097503,317.86154581755704,319.0075600619739,333.05679221995683,333.00357269163794,332.24942999761333,330.8706463891378,16.728840291831858,2.57603024757201,-5.575620726944518,0.5919096,0.6970793,0.28802085,0.43135157,0.29289788,0.0,0.21467802,0.9648323,0.4806596,0.40980023,0.48288235,0.4026618,0.5581333,0.0,0.13877067,0.57914466,0.47548613,0.2304057,0.023089204,0.30615044,0.029459158,0.031921614,0.034699727,0.0387794,0.04693939,0.71454746,0.103653245,/content/data/frame177.jpg,0
594.7222764756945,182.858247756958,150.09700520833326,192.62087059020996,0.9991500377655029,595.3280627518669,595.1343915444553,596.0853743831605,599.6431842798718,607.0992622740059,620.495634260622,638.9445794022338,658.6961562100362,679.0693242867417,698.7598537972391,716.5311477618606,731.3301919670383,741.5795799107769,747.6907987581878,751.0086112147663,752.5376455522756,752.8097475883338,615.380453527026,625.3479850933631,639.2534324348076,655.0407581236079,669.5515808303383,699.7024428047812,713.3860890992129,727.2224982987491,738.2862084168298,744.2995256405329,684.6044307928964,684.93172476599,685.2593493947223,685.6813624310007,667.5425653898814,675.7398011096241,684.0267753919927,691.5716482024507,698.524275431945,630.7423562932731,640.3036291867868,651.1783144980463,661.0717585353252,651.5376545134625,640.7617319083034,702.677200036152,712.6278957195494,723.0873602124433,731.1734060849957,722.8126818178664,712.4105998556147,651.3510407373406,663.5748837186271,676.3775669501896,683.8507701509475,691.4846168828669,701.6253844492749,708.673915591326,699.1437449938328,688.9486121294864,680.6022024960515,672.433906033359,661.790025246609,655.9085294042227,675.7187080353351,683.2991401042775,690.8371793648678,704.505381285506,689.0119740162627,681.2389488150643,673.3460609448175,276.5956434157397,296.7670426662138,316.0718210421495,334.9585266948353,351.42762986745106,363.692956354083,370.96640221707855,375.946048582081,378.6907934847435,377.94406283389014,373.29543031791724,364.7294102310765,351.55296213185727,334.7982964832223,316.53373319217087,298.1584278167734,280.17384718783717,245.7186754359107,234.29548752923102,227.6562667360027,225.58838770318843,227.94260074184558,230.02752920603308,229.0889700640883,232.6157431070411,241.34481086708342,253.94389288908292,251.6413585712994,258.9937002474336,265.64951582053186,272.94927636144496,292.4623195691819,293.66687050652706,294.9242299048449,295.0647998832703,295.2663620497276,261.82079907012326,254.998243502524,254.21613269832392,260.8354246006582,263.8539730381866,264.48130256015395,264.3296349518529,258.78376836012035,260.5558759240689,268.8730500881105,270.30567764094553,268.787796042585,323.80764748398803,311.68867744945965,305.50817246841143,307.56883218644623,307.25904918488834,315.56696499104487,327.8689115896688,333.378778048732,334.4239391908793,333.91831160995093,332.523826562778,329.4936707345975,322.9050815860534,313.6063837130064,314.63038289427345,315.4829784588013,326.72834251842255,325.7521230769555,325.1666008273131,323.95197867030424,19.70694360918546,2.2571364430202805,-10.605086656914853,0.6004457,0.6391106,0.5083243,0.463124,0.36900213,0.0,0.24711508,0.74650526,0.47569945,0.26323333,0.41720665,0.27519438,0.4945877,0.0,0.18677884,0.5832594,0.5915931,0.20531537,0.041622058,0.1109224,0.010971055,0.15437801,0.12314231,0.14370961,0.11372325,0.26635993,0.18771587,/content/data/frame178.jpg,0
595.9499240451388,179.2060832977295,150.07524956597229,192.64617347717285,0.9992850422859192,595.8367196358365,595.8403297673948,597.0335402534737,600.741903215844,607.9985535648398,620.9767043789788,639.2966201121502,659.0832344656304,679.34541475627,698.9252801823998,716.7463088041281,731.5933330947729,741.6885148323033,747.605575572792,750.9812690458076,752.7148624875574,753.1558221445315,615.861375316548,625.8267438883903,639.8278743954648,655.6949124217249,670.160103294008,701.374699328162,714.8529325931055,728.4980173200295,739.3962190840937,745.3316749605757,685.0128803706282,685.1094307211192,685.235110148382,685.4694655588505,667.8161289259158,675.89146961486,684.1432520389318,691.6813996403567,698.6651440232844,630.9080591731433,640.7188534861289,651.5901721712994,661.5535909965176,651.9313089348622,641.1620040244684,703.4012783703818,713.4727600076061,723.9247936042802,732.113646750388,723.5876596774261,713.1952208097193,651.8148753025445,663.8997975833596,676.7746841668481,684.3847863751325,692.072919785762,702.5849477061179,709.8852262194126,700.3202377723343,689.8999788450241,681.4108371605612,673.128644200806,662.3690742444043,656.3761731829362,676.1525840920694,683.8604216558604,691.5180342977817,705.7485390605223,689.8067492644014,681.9266588204207,673.9106510570102,274.9780465641858,294.87512129795886,313.87662160185164,332.50642992565326,348.6892304511077,360.6176562846982,367.41809692671194,371.502974564003,373.8833327198035,373.4128581704715,369.71644171215087,361.9247857122193,349.18956437099973,332.6576971937697,314.6040493317115,296.46340005492493,278.72528044688363,243.47488802967712,231.82635762487587,224.95124099820583,222.844350307943,225.2014010685878,227.73311605683722,226.67901275833975,230.0553814086316,238.66316138590577,251.3182984346957,248.6665534616984,255.63907474480084,261.9075032514553,268.77039090194995,289.2390583165063,290.18466476046297,291.230900176824,291.5387121191133,291.8950128131336,259.2317136999498,252.1267887750792,251.27346804147135,258.1118908500512,260.86301089479707,261.5285634499915,261.37866720511954,255.5952777861829,257.27760598189275,265.88065971823374,266.95220739288675,265.5155403822391,320.6057139186416,307.8199093982222,301.25157816879914,303.2520733215542,302.981602816375,311.5952113648291,324.5312634978866,329.49329287080843,330.3333236353783,329.80457715337513,328.47055086783223,325.768518966889,319.57825945386037,309.8210797282534,310.7625662129127,311.64928066343435,323.30436993320404,321.65332724781103,321.0203829992296,319.8651684588449,19.569309022950108,4.3942881892018875,-9.045539541399886,0.6127046,0.50877804,0.4444887,0.4662755,0.32857883,1.0,0.2755522,0.15543848,0.47454646,0.29102904,0.36360726,0.41098732,0.5125686,0.0,0.16340613,0.5832594,0.89541304,0.32376683,0.079154,0.15705194,0.0033821883,0.020592364,0.03039055,0.14896172,0.06546368,0.45945805,0.27175137,/content/data/frame179.jpg,0
597.7158745659722,175.79160118103027,147.10107421875,192.75596809387207,0.9991829991340637,595.7282031403879,595.9055933340992,597.2377362660941,601.1057669060897,608.5658748637145,621.7986573412419,640.2169612764811,659.9243479546577,680.0333907563637,699.3829363372896,716.7199549103567,731.1197122850085,740.8809363411356,746.7091758420513,750.2240288311898,752.1587007561676,752.7814862712903,615.9545283444841,625.7612976930313,639.7087869361396,655.4503622568491,669.8281707574179,701.4367691408472,714.7076347072161,728.3002332670522,739.2584706056103,745.1298633577068,685.1597901919108,685.264460953241,685.4279883373478,685.6921882582345,667.8954979447152,675.9995682205979,684.2647117979324,691.7814015264344,698.7022179271314,631.4527634468742,641.130479757825,651.7344950816996,661.5756629483604,652.155328896089,641.6555569371274,703.3853521298638,713.4136713729312,723.6487953341168,731.85582678566,723.2310773774802,713.017998799246,651.7303314133748,663.8050798510911,676.7474430162197,684.3633025005499,691.9640100925328,702.235118074671,709.3080186650723,700.0273811998898,689.7897755820867,681.3320830252029,672.9924208144398,662.1466714555569,656.0922289539634,676.240509504187,683.940386851998,691.52499124993,705.3145644102833,689.5852181419053,681.7373926987524,673.6713055560974,272.80463102243687,293.20821889066804,312.56158346538854,331.3939104463006,347.57222975771333,359.43471383275306,366.127976108614,370.0071776501333,372.31007226921133,371.5131158204895,367.46179760557095,359.3209160898632,346.4822861713427,330.01508824268114,312.02833060622993,293.959623153479,276.25711170859086,239.9111618188292,228.4091659414321,221.81619706036793,219.97803400384532,222.51810606064265,225.57066088940888,224.5280204355625,227.6911675340878,236.04086666717023,248.61262199044967,245.87716083597417,252.9230458366986,259.2066210724766,266.1097763502464,286.18005705428635,287.2177617688603,288.25807222288256,288.5407191246254,288.7749599353474,256.27317197436525,249.38813968339326,248.5432803684646,255.05619514314515,257.7271056516053,258.41151207923656,258.5496093765054,253.24954912566375,255.02764919855423,263.32059422349437,264.1776412298108,262.64596965903013,317.9732079681644,305.3500409919608,298.92723792645495,300.8625026916247,300.53890845569435,308.70371038379784,321.1167913403557,326.93853717312254,328.3813723304902,328.0260680377818,326.7049029895737,323.7024845179699,316.9377091705837,306.8866138345609,307.80591595452154,308.5323933553086,320.03856668801177,319.90541202350596,319.4666551335462,318.3764220205702,20.337865236742925,4.436585234306952,-7.396314045589081,0.6688762,0.65014863,0.35020363,0.4264688,0.36833686,1.0,0.24980333,0.5452506,0.47667095,0.2714438,0.49018338,0.27507988,0.47733745,0.0,0.18307792,0.5832594,0.39811656,0.22290361,0.031935114,0.12593858,0.00248151,0.009950825,0.0055824234,0.05617606,0.033284023,0.31926832,0.5732569,/content/data/frame180.jpg,0
597.9076063368055,175.49370002746582,147.93603515625,193.43159294128418,0.9991335272789001,596.6439068680252,596.7293986805415,598.1284144126769,601.7329681029033,608.7490833458404,621.2881661386765,638.9727443781891,658.0761539663724,677.9690683545463,697.2958420350014,714.7201089984699,729.3150974598282,739.5034303851637,745.7506381394156,749.3986070188117,751.3985834641924,752.3224636704322,616.0718131740484,626.3470456542515,640.0506184541077,655.5200259039615,669.7094877210397,701.269410997864,714.6921201751142,728.0336714493467,738.4721051951473,744.1262764074722,684.4873789232593,684.3605368409435,684.2936846439811,684.3377085866,667.5279228888357,675.1740875751741,682.9994194698447,690.2588320216872,696.9882416842021,631.0334095648576,640.5962829094456,651.2763364333399,660.9664807547192,651.5075866498395,640.9570523399067,702.3581803769921,712.1504776777322,722.4642276489002,730.6667514818537,722.1026419354049,711.8778529796482,650.4929468384523,662.2933626619556,675.118552658244,682.6290206666422,690.1329999166848,700.464998656022,707.3929864607139,698.1132318935552,687.7928824815859,679.3885292096247,671.1317848137791,660.4357930177613,654.6451918562962,674.6108661169503,682.1873285333597,689.6385952688273,703.4045860501809,687.7550014146814,679.9390636925558,671.9129123361909,269.29289077423346,289.46263579341274,308.7621400864067,327.6756808573277,344.2442064949453,356.64274333520655,363.8429546141183,368.25355321225504,370.7342235175814,370.03231695539444,366.0305516395912,358.08266660736024,345.4196402287446,328.9632497435234,311.0010107546657,292.99900909733327,275.3979269274953,236.33618270831187,225.24086248495087,218.83066791233915,216.91172485222503,219.34612989541526,222.62325032417482,222.17782957601628,225.90984101966055,234.6540170693096,247.08712833842205,243.59523554220718,250.44562803508978,256.55224833085,263.2274720187368,283.21441806184737,284.2653893859049,285.43061266412514,286.0113772899293,286.5275448735942,253.30246646607995,246.3933223477006,245.79484161299533,252.75523862120224,255.30813613974087,255.70013185508282,256.7999072198656,251.3688994878803,253.23767572966142,261.8640510692452,262.70226998047417,261.10292248116895,315.1574132818612,302.1133487499885,295.5795703095445,297.47813396441745,297.4906687513479,306.1992742301381,319.4174422484705,325.28362568477104,326.485042122605,325.94855047492155,324.52599051137463,321.3387096399359,314.1011153651235,302.9171800089928,303.8996942406311,304.9195637975588,318.23441293186227,318.8703665919551,318.2545986428242,317.0578308676929,20.10384390341734,4.043323278499727,-9.92345889387178,0.50893897,0.707337,0.4148064,0.41833687,0.35121208,1.0,0.22085974,0.42399752,0.4787111,0.3146057,0.3033671,0.26852244,0.4947035,0.0,0.28090063,0.5832594,0.9337757,0.17480744,0.10883844,0.11503099,0.0017715783,0.0014475399,0.0029015546,0.03065379,0.063574776,0.6402159,0.25943485,/content/data/frame181.jpg,0
596.1864691840277,174.62941932678223,148.31298828125,195.79883766174316,0.9990618824958801,597.1562124796858,597.5157461944478,599.1588457309681,602.7224343955284,609.4599470609214,621.7117559967812,639.2660202551539,658.5922826111789,678.9522542886187,698.7457319148759,716.3553984665818,730.9013854191534,740.8494441776611,746.6963887855829,750.0017881984008,751.8225854090766,752.6893876192814,615.3722197395779,625.4989004774384,638.9961231375808,654.3995782183281,668.6958067029256,701.0900079735054,714.6086997225457,727.9282177062205,738.380526963656,744.2967104336202,684.1833315427426,684.1421999614686,684.1407154713035,684.2496854521999,667.6817878831355,675.3035595227981,683.1052415672398,690.2533418049143,696.8728655114264,630.4668448474775,639.6785894817594,650.4355483317191,660.236215422839,650.672093436761,640.0832671026286,702.5478333341781,712.3150083665249,722.6815673099868,730.7293946293591,722.3140299524947,712.0617347378767,649.9328733530137,661.7711782536027,674.7634991997921,682.3719174302805,690.0300240674287,700.51923550963,707.7881816495221,698.5177646421563,687.9718904904438,679.4160594328582,671.0339977523403,660.0057203154513,654.0606873196361,674.3433604738067,681.9861460520807,689.5687537601693,703.678496668926,687.8599375245929,679.8979025330668,671.7583589298118,269.0803803038236,289.3822958116442,308.8429115299274,328.05946866228567,345.1177171407598,358.1495941480008,365.8412138508584,370.44663451886896,372.7131148900701,371.7528178087093,367.2765897989393,358.7752787433625,345.5582886134523,328.6629699329153,310.44222560888784,292.2603721262624,274.4989654713547,235.74307262808787,224.79831876992483,218.32015073777046,216.14146535567608,218.38639261023417,221.52214000549918,221.01903788575578,224.75980605337617,233.42176415314566,245.60913431190747,242.59295139574579,249.5935129174784,255.92929593539634,262.8622501338058,282.70378462800363,283.80213929472325,285.0008090845839,285.38384956106484,285.7300578759011,252.66188406571956,245.74468506953457,245.18778418592876,251.99797384860526,254.7514790309687,255.18070675805967,255.84734087458077,250.51983478053114,252.40894654805214,260.95644485423895,261.94521333659736,260.32816940340035,315.41644405056843,302.4954276484908,296.15861529069423,297.9860366886163,297.9179602103825,306.3257623901792,319.28510944869083,326.01528369100345,327.48078358573747,327.0290504275579,325.6801810431574,322.4087288393991,314.4179983728882,302.8888315468794,303.8132627856652,304.7352152059676,318.2418769828206,320.15579093979886,319.6767067505577,318.52596078470776,20.59857247487694,3.5503313340702918,-10.436709659364647,0.5704328,0.64257807,0.18121001,0.4221107,0.3898276,0.0,0.219646,0.2910878,0.47494575,0.31816638,0.28416696,0.20979622,0.5478304,0.0,0.29964915,0.5825886,0.22473799,0.17873976,0.025840387,0.19981514,0.0025137644,0.0013287425,0.0031300238,0.022915764,0.02012781,0.81655025,0.13343363,/content/data/frame182.jpg,0
595.9748263888888,174.4240608215332,147.31846788194446,195.12422561645508,0.9991121888160706,595.822977261984,596.2767617254234,597.94469474355,601.6668522273516,608.4905866384281,620.5036177357008,637.4610705018883,656.075982028877,675.8182962792312,695.169657653727,712.781915490134,727.5610995546581,737.8992264258973,744.3398828441213,748.2321754830555,750.5030586705448,751.6094361192122,614.3680476134612,624.2112815269872,637.8027504057443,653.3325849264747,667.6606222819025,699.2175777989064,712.9578216051655,726.7010102059558,737.6078732001438,743.525654134422,682.6251539472419,682.5267475669589,682.4689542297369,682.5062456562177,665.3869338636039,673.2375537164698,681.2957955401598,688.7597750361729,695.7281497994913,628.9445572411012,638.3305315545135,649.0469528720384,659.0427089989985,649.4930752871478,638.9309556205105,701.0345439374205,710.9014897272905,721.2414030141695,729.5350609238917,720.9572652328361,710.6912928057982,648.6259379704916,660.266340908586,673.293560638052,681.1069099989954,688.9762523251488,699.624085051566,706.5567315020885,697.1805196710202,686.4710416486578,677.704527892904,669.1669405101161,658.3701235106141,652.8117191601236,672.796727744605,680.6590360591767,688.4817920149735,702.5345329508477,686.3914484580814,678.2101812135725,669.8697834133995,270.10259965447267,290.47707476117466,309.8997392411684,328.9751412684318,345.80391628306506,358.5984623536333,366.31547087737727,370.9689580117042,373.5264353020316,372.66535505090405,368.32536990498966,359.9425307769993,346.93586180557713,330.1921508794171,311.78595689846907,293.1432163653417,274.9364589429306,236.59425022205983,225.2346564705324,218.63955883769881,216.55397440372212,218.89810063244317,221.83946189611675,221.1130955275139,224.6621102579768,233.47352166305268,246.20871128271415,242.77377593849906,249.73320466724635,256.0116322151812,262.93281350595294,282.80305186376336,283.90284190475904,285.0920225096056,285.4742456746617,285.890564256968,252.9096959113224,245.9821016675312,245.28909800663882,252.04317965322844,254.5887451798951,255.1434551487971,255.91277225280214,250.47075706815622,252.31179097050494,260.8337821073751,261.616525241423,260.0649325418383,315.71281947130774,302.1797859228932,295.6057484556882,297.53757553729247,297.4691753572092,306.2217606535214,319.9221171480731,326.34838454657347,327.869489551118,327.3597330570269,325.8704346246941,322.42512271775877,314.5786827983625,303.1543593926367,304.1797480135092,305.13040026132603,318.71179263936483,320.0865929942843,319.5319807199876,318.2255945015236,19.89966273957856,3.7519820151048093,-10.440927753888595,0.60925764,0.5993692,0.26280317,0.4105559,0.4360364,1.0,0.22947572,0.73889494,0.4738095,0.34625295,0.3462988,0.15299661,0.58550847,0.0,0.16230458,0.5825886,0.8181829,0.5275054,0.029368214,0.21196415,0.0031241907,0.0017773993,0.0028577982,0.035858013,0.011380998,0.85205,0.09295157,/content/data/frame183.jpg,0
594.9587131076388,173.18097496032715,145.67811414930566,198.18328285217285,0.999221920967102,594.777417119198,594.5152685571416,595.6695032822231,599.4786380544475,606.7044998282595,619.3102472955105,636.6601771036105,655.5111868575821,675.5808645855512,695.1933788087817,713.0237194053565,727.8797259748061,738.458685942358,745.0131016648354,748.9461168177857,751.2746016122387,752.3483142670382,614.4352493705409,624.5373423428704,638.4604595137862,653.9779009186321,668.0333929427,699.1871345780788,712.8546237665226,726.6593428048743,737.7875340258635,743.810678439107,682.7528784208923,682.570117915277,682.3743446008389,682.2221032427137,664.5680876232078,672.6327688036673,680.9473015835973,688.4970412541302,695.5284373732142,628.879254536461,638.6641213120045,649.6761328150053,659.6464888169684,649.9943583614886,639.157303931361,701.0424662726382,710.895884184857,721.4168109941068,729.9030334695314,721.2234049335611,710.7967288496535,648.8757954592861,660.1442996303127,672.9919393373893,680.6951677812722,688.5805613735039,699.1382160560221,705.8752788827308,696.7907790552549,686.2945737477341,677.5070437948135,668.957415770516,658.4121572767949,653.2536700668024,672.3409161665687,680.1701477233356,688.0215776010359,701.9309802920648,686.1809739112338,677.9984686927169,669.7079344806924,267.6964048665817,288.31584541697606,308.09264989538997,327.65172371637357,344.8756504115895,358.0771733128555,366.6007473691609,372.4621955838819,375.50248669102155,374.6699220794645,369.7782541510353,360.5921608585984,346.8330858773383,329.41324411595406,310.5396249610319,291.54470885066496,272.82703786160994,238.25936173372634,226.92453192818698,220.6706653114495,219.05760149880052,221.57559418122148,223.81509432710558,222.8186151024499,225.9345661955293,234.24698687468089,246.75818593795668,245.90291978682453,253.24204473677796,259.8086298452844,266.99243033698303,286.9847824961838,287.9475035463167,288.99207204540807,289.220731761229,289.5199838386386,255.8493977098526,248.77327183233632,248.05948099542837,254.99640667398853,257.9046347817825,258.539640007102,258.04031953783215,251.99893167692494,253.615716472489,261.9421493101608,263.34071440482563,262.055394767336,320.0171031098581,306.25109646899625,299.20361152854616,301.10720968720386,300.8282422823712,309.6106833481814,323.1992026477876,329.55810020894114,331.373698893554,331.0794506522168,329.73734527164993,326.33910269566707,318.8633574282453,307.394735252253,308.31639082617653,309.0653644424948,321.99453974472374,322.8846130331814,322.50123130395866,321.29560448913,18.177110606398976,4.359532019568406,-7.325790358409515,0.5964789,0.66547364,0.29181445,0.44427156,0.23514791,1.0,0.22982523,0.17013748,0.47395757,0.24358988,0.37222037,0.14849395,0.5058862,0.0,0.115105666,0.5825886,0.43355045,0.38489485,0.05968835,0.29761824,0.0024002073,0.0024139003,0.0031020318,0.044773996,0.006793755,0.78212166,0.15839447,/content/data/frame184.jpg,0
592.68505859375,173.02235984802246,148.3777126736111,202.37236976623535,0.9992019534111023,594.6144174488479,594.1718793928894,595.2083546738869,598.9052438876834,605.8748998234328,618.0207043815321,634.9933480731872,653.7593036684439,673.851078556394,693.581779561968,711.4324790876105,726.2307038702891,736.7539123142735,743.2771690412033,747.166924106964,749.4905058284435,750.4869076260431,612.9822219619006,622.834979388814,636.3971865370977,651.5044193470749,665.188345087337,696.9976875796845,710.4768383264018,724.1068164876053,735.2328858707392,741.3696799163476,680.5966103098929,680.242990949442,679.8477854890084,679.4620175980801,662.1663108484674,670.2352011786845,678.5336328849978,686.2783745472682,693.4795874749937,627.7580614666037,637.2223369776161,648.0377192566682,657.9412398066721,648.4033527009985,637.8306911033104,698.9744675714446,708.6864648071708,719.1496462561577,727.7713291928267,718.9884114605759,708.640811288429,646.0948320087679,657.3393921035125,670.0750085686923,677.8496985918621,685.8697219977696,696.7384149646866,704.1178416282235,694.9524273098116,684.3922068025986,675.5368426970749,666.8782779703761,656.0297918240562,650.5607275331462,669.5709960377508,677.5016665041551,685.5049715162304,700.0757248191919,684.2658562746667,675.9954767304719,667.6417512887135,269.43430574501417,290.1121652790821,309.91127418876954,329.4581307613887,346.75075437863234,360.2790615456563,369.2743245917759,375.4847519442453,378.68029560897344,377.84751694893157,372.5677613279215,362.88653751668653,348.8246892270174,331.21377923576824,312.2565246856316,293.2391128672987,274.66034538376334,239.34752233457834,228.57818439386415,222.80709616658532,221.4326270715801,224.05267440628415,225.87832301276114,224.79529677543087,227.68929417218544,235.59604503182982,247.68481887850157,248.62142527790138,256.44017659182896,263.4999851997736,271.2294487107973,290.6067547153182,291.7411592547328,292.9368500967323,293.0228159330695,293.01030970599504,258.56172629433615,251.69422987726136,251.02251955260294,257.6495750692909,260.7198393412764,261.3542842937088,260.28909100979956,254.3483147038238,255.8899460249513,263.9679120546773,265.5567601729309,264.3234059017094,322.9376531960311,309.9692891865873,303.46988692981813,305.43620164128333,305.1455910846,313.4231790791225,326.41302369155073,332.70904053556114,334.51694303741624,334.12153492978473,332.76779374817147,329.25989837737825,321.8700788075457,311.918813130221,312.8802582861715,313.576669856782,325.2566608807565,325.7654356208502,325.3364604523556,324.072926223437,18.40393978934824,3.7034521257009336,-9.592048369688333,0.67008525,0.6926992,0.37985092,0.4186645,0.22053899,0.0,0.3293822,0.13875166,0.47704694,0.35733417,0.3668651,0.30310094,0.5187574,0.0,0.3069431,0.5825886,0.63908815,0.27657017,0.03153277,0.14289077,0.006628344,0.008959878,0.05204415,0.057686362,0.12359203,0.53786886,0.21322031,/content/data/frame185.jpg,0
591.2018771701388,177.53453063964844,147.8420681423612,201.14366912841797,0.9990063309669495,594.8193268060223,593.5833072595199,593.674592243676,596.4366607798408,602.9397915415897,614.9053215209385,631.8191414560551,650.6210571304462,671.0345807859537,691.0295027237298,708.9797992724885,723.9312725931171,734.6381020523588,741.3508357982164,745.4158014614748,748.1027451172588,749.461186531599,612.3493131907346,622.0828461794265,635.7745363644935,650.777284654946,664.2381799281403,694.7370829982692,708.3929137943671,722.4742951887871,734.2842270712259,740.6450280696561,678.807529557409,678.3264886227764,677.8095811057165,677.2635544699912,659.896517896437,667.9820799729716,676.3774355189835,684.21223364377,691.422409408884,626.3789304601753,635.5899810017269,646.4163369618934,656.1936421435397,646.6398233202672,636.031515464099,697.0063025382182,706.7525751413262,717.2936097767042,725.9174439410587,717.158430310805,706.7247220712985,644.5792860017815,655.6040591186052,667.9678081519656,675.6300064414612,683.6821045505967,694.3321920118066,701.7052420567679,692.5544151470016,682.1577819908947,673.2805079083537,664.6686004976424,654.1124020524455,648.9440462276632,667.4071212484932,675.2406389377259,683.2815008652024,697.689824933373,682.1410212333625,673.810680162276,665.5025237161806,268.15015910164163,289.1713717162935,309.51910400339347,329.735023363017,347.7226107989203,362.2372254049862,372.3606941806089,379.7980393546788,383.5304226729826,382.54415639735544,376.5991372810547,366.1726081128003,351.4102508074171,333.2129309051579,313.8887557808297,294.5778597802802,275.5608525131979,243.52215375484693,232.77307711578268,227.57439367136266,227.02656147763707,230.21851467067052,231.38855941558222,229.52830235941917,231.6838940341412,239.2881705984654,251.80829102548904,253.66310263381865,262.0239439675389,269.63578804985616,277.9103654332218,295.81110624865886,297.20983102874175,298.6140659977816,298.4141885691164,298.05740743088353,262.6365460586121,256.0132989323685,255.51986366931186,262.0923105939707,265.23988015010553,265.8129685754601,264.1493662787029,257.88695740109915,259.30973710529696,267.07599596065563,269.0600596253538,267.9740632456809,327.0554026476484,315.04999573294333,309.04296900723165,310.99582025693746,310.50070891812754,318.1196025894498,330.2144529630199,336.9330709576592,339.11008475080655,338.8280148691099,337.4694871332716,333.7615184119911,326.0222637985964,317.1217404592553,318.1363057993167,318.60024069042504,329.10578280320044,330.35894076378895,330.1156723954524,328.8205334129934,17.490457371559284,2.1207240099439035,-8.886763951614435,0.63233393,0.6505676,0.260722,0.44787762,0.2039019,1.0,0.33467147,0.02377148,0.49005485,0.3058081,0.56219596,0.2930344,0.56578445,0.0,0.18986367,0.56667185,0.9430273,0.26987883,0.014966285,0.32317892,0.0065883677,0.007786684,0.012891622,0.08159212,0.127533,0.08374804,0.6798601,/content/data/frame186.jpg,0
590.2263454861111,183.64715194702148,145.35997178819446,201.5826759338379,0.9988152980804443,594.4584710987292,593.3619401021839,593.4888501244596,596.0388591712275,602.2094661052555,613.8753440489916,630.3784121984473,648.8675890343891,669.2361790143448,689.3311598102838,707.2597597079085,722.6582910905544,733.7928937197828,740.6743236597401,744.8008026014837,747.3913126994414,748.5750997431699,610.293827008741,619.5529454852154,633.0481004817409,647.8447969132611,661.1689074205505,691.9147202796642,705.9355238426635,720.280148377066,732.549703211867,739.257565457192,676.3158031336023,675.8172465839264,675.2523657781192,674.7154132514697,658.2328407389903,666.08776657579,674.2613372083514,681.9180832841676,688.9171234322256,625.3592087691759,634.3244891635137,645.1964044835123,654.8217554095224,645.332931522927,634.6862230982856,695.103907717423,705.0810223123106,715.775419318942,724.31571983296,715.8408352211306,705.2043710103983,643.178979213479,654.1287606520075,666.1008439889013,673.6016848078591,681.4536548897661,691.9605561079776,699.9270508782436,690.6715009351153,680.4202364693406,671.7183931366932,663.3613494260294,652.8058296444103,647.5210191968077,665.6370355821115,673.2825497893349,681.1622751306013,695.8646757718826,680.4258163578455,672.2922421353948,664.1628924796931,272.06140401727833,293.0131644375853,313.51864912402766,333.97766357622845,352.77741815982176,368.40218734745827,379.76666119744795,388.4676250127858,392.6200713426365,390.7876763288931,382.9674697983463,371.3353487382336,356.0332470566761,337.42933646678534,317.76125318726736,298.0561004158985,278.6217092110276,249.8538154345993,239.15146672639037,234.15861997977288,233.85097635953935,237.43973139469813,238.02166185982614,235.6004804714351,237.30851029577394,244.4367673967557,256.67877603778743,260.65404288470984,269.5887924937524,277.7895632804858,286.75460577260054,303.7974596479078,305.4126715594541,306.9580555639474,306.4886095953865,305.883818889368,268.5043332327388,261.98061451723595,261.61761177060754,268.4076656294274,271.509701552798,271.97734523179014,270.4295389501164,263.90734857616786,265.0549023904055,272.69989753823313,275.15804749025915,274.2271288821896,333.8241805965506,323.612667429505,318.46766418833226,320.45140827090404,319.804732355307,326.5113257887755,337.1048810894542,344.74882370017366,347.27465323008676,347.05563900168784,345.659196207159,341.57215136118043,333.131769780856,326.0182626177052,327.0668346888251,327.3726183462237,336.3793802372767,338.55540698936306,338.3891493812217,337.06897948124396,11.896237597188849,2.407677535047113,-2.8536453481108817,0.7006209,0.6563654,0.50114584,0.475677,0.19013646,0.0,0.28780675,0.029715426,0.5108661,0.33372223,0.36285335,0.24630634,0.5654363,1.0,0.24466789,0.42901897,0.7833585,0.45808718,0.016857982,0.23853353,0.0038893311,0.008551145,0.0063364194,0.06309691,0.32965478,0.010910029,0.5775613,/content/data/frame187.jpg,0
589.5378689236111,189.12622261047363,150.18543836805554,201.12943840026855,0.9986217021942139,594.7049873266603,593.0296955020498,592.6717419797036,594.5286377901964,600.2929594151573,611.6892200308314,627.7524639181155,645.8202748637452,666.1473120425367,686.1827542521756,703.8186861396674,718.6761112096705,729.7780255531086,736.7814261926262,741.0581380209646,744.1202628269011,745.7452795328138,609.3174816856914,618.4826800609444,631.7360990297584,646.0849682027483,659.0073460687895,690.5667561113456,703.6635486105058,717.256395660904,729.1521382681277,735.7979630151343,673.9749671211162,673.332464123396,672.6494504355683,671.998992035991,655.5370357795045,663.2698590153325,671.265066653458,679.0441117810882,686.2034124023867,623.6132884721537,632.5766095340978,643.3959416737782,652.653979444844,643.1852242258559,632.5818388081937,692.2074390606983,701.9054479577946,712.4842622608605,720.785472345462,712.3769003005366,701.9571940346116,641.783735610458,652.4962236821598,663.5218496059814,670.6073002174551,678.3217814327265,688.1585423206207,696.3907288643359,686.9753165568956,677.3019507038881,669.0212117528175,661.0496761106336,651.3118470465567,646.1155238511105,662.9283665573171,670.3114110576076,678.0700713670979,692.4638101574333,677.5510713077912,669.7036643906047,662.0129990302596,275.8966484377013,296.9428007165451,317.54769433144486,338.1212554594646,356.8729576327289,372.6216178850965,384.50379459005774,393.8983473447083,398.2762351970261,396.5024683008749,388.4505946086537,376.56961193326595,361.1231130924813,342.7627792872474,323.20804187517285,303.7588106425188,284.4240336181372,256.4818786248457,246.15025721528718,241.4336246115629,241.3357069935883,244.72800974838896,245.43588226878256,243.03852263845747,244.35481796308244,250.63537036189337,262.26029843031273,267.4030701186832,277.040334559466,285.90739238176,295.4154211035867,311.46418558405514,313.1363592651711,314.6956324150501,314.01071978862365,313.1363161074757,274.37928860303117,267.89511819719564,267.7499860604239,274.7701678505135,277.9258945048818,278.29555455211255,275.9172993949631,269.0201601945359,270.06817289848817,277.48841213928756,280.36651972487243,279.53095796960883,340.6777590916767,332.13165785732394,327.4384886540135,329.5273067267817,328.4658144359578,334.33274348179634,343.56660575047374,349.4838998268756,351.6885531541699,351.56307934766517,350.3692943344589,346.8838356940791,340.12969951744924,335.5736135407134,336.59751547882047,336.57934608904566,342.83416211548365,342.4381039445501,342.4514109006401,341.2739970398992,12.036198267358957,3.3008811507343974,0.09931629762684084,0.6938725,0.62339866,0.21856421,0.66642326,0.15655863,0.0,0.22920811,0.074966125,0.49222878,0.2534745,0.31438047,0.11519398,0.47280562,0.0,0.2913045,0.4392387,0.63233596,0.49421787,0.047654666,0.15927425,0.0005420941,0.0005540619,0.0010255504,0.04573021,0.03101239,0.005791424,0.91534424,/content/data/frame188.jpg,0
590.9337565104166,192.52098083496094,146.7619357638889,205.27171325683594,0.9984530210494995,593.3487370483605,591.8346962676189,591.667143262995,593.398641768192,598.7107745569424,609.6538158922547,625.0807170206681,642.2875237920496,661.8775195207609,681.4737992212544,698.709353695322,713.6088563415153,724.9436879011649,732.3853640268778,737.3547230394103,741.1149900887649,743.3710093694779,607.2191071756167,615.7678561571968,628.600945157247,642.6300736650676,655.3710026397039,688.1447344621326,701.3577541579991,715.1307961335158,726.974203624393,733.1314975829576,671.0765568065642,670.3509342518391,669.5381289297238,668.8025518589511,651.907535799644,659.6099380256121,667.6355830617624,675.490151370794,682.6786039887302,621.3071112134533,630.3000254154925,641.1027822195281,650.078466886786,640.6886860976904,630.0254613633572,688.8265600826838,698.7713858934061,709.4095481514956,717.6244758143206,709.0186351872377,698.4434301043872,639.6982925029297,649.8304849162201,660.1032224694302,666.7472819851977,674.1903382355543,683.335690140933,691.0422033764783,682.0394300925421,672.969603305967,665.0176187521334,657.3602614453896,648.5338945188454,643.758193421752,659.250980819728,666.2906662785903,673.7996455039523,687.4723054349008,673.5491969276402,665.9576745028393,658.6156977004614,279.04487524746366,300.39437573411635,321.2120730854305,341.9445110345496,361.05223395223874,377.1869628367789,389.44596403155407,398.9786317678106,403.3788508687376,401.9492766526298,394.16111583044653,382.6263130192216,367.5674059766734,349.4621380622008,329.9840572281395,310.4782858081405,290.9064225681001,263.28237625687086,252.69657064218208,247.7953149079487,247.5877382886556,250.78451806457343,251.9349033427714,250.18820878431598,252.18604198140548,259.30166366002885,271.8949633443135,273.52704882862815,283.6952272578959,293.01556869058004,302.9431429432552,318.87050075898117,320.655368977796,322.25842779806044,321.6376359875532,320.8789051235548,279.24440603372716,272.7297699087552,272.72244350240163,280.216292744302,283.0836999011144,283.27649156810674,282.508944056783,275.6344257487723,277.11158490073575,285.0880446437306,287.76324007954463,286.5043975593946,347.6138428384809,340.0559719635046,335.5979638136643,337.8919512042579,336.75528642052376,342.7002320522504,351.50385628652657,356.2670481687637,358.1253566372394,357.95684929110644,356.66006068434143,353.25345791604013,347.1964432268043,343.29085198889663,344.4701097682857,344.4562057466086,350.6840769303071,349.21375967285417,349.22265707215337,347.9121699941901,10.327315534626093,3.7847942786943958,1.682342603511328,0.6407743,0.5416464,0.6204501,0.7038235,0.16211946,0.0,0.290984,0.07204166,0.46476802,0.09738229,0.09096573,0.25491014,0.5363684,0.0,0.26071396,0.49076754,0.8060781,0.5231445,0.05186121,0.19976738,0.0011804095,0.0019919914,0.007570022,0.03005661,0.30563813,0.0009170272,0.65264577,/content/data/frame189.jpg,0
590.580078125,196.336669921875,146.08349609375,207.68424224853516,0.9987144470214844,593.2345653974475,591.6670640949274,591.4885250399911,593.1088274965814,598.2475926767014,608.9659855635377,624.1141308625977,641.22148196036,660.8248592551347,680.4527245798672,697.5275883730995,712.2058635626088,723.4698671369439,730.9128021895874,735.9180901521244,739.626069579446,741.9350895228106,608.0047653982313,616.8759163345906,629.462392364522,642.7132315438812,654.6527318912129,688.2915234543759,700.9117494412769,713.9172329695517,725.3268426522557,731.5316801417263,669.8114166244584,668.8619019900023,667.8483337400303,666.9326730456856,650.5290278618903,658.07568609875,665.9882238757218,673.6641702950125,680.6285006541714,621.8249048530631,630.9676968933488,641.5877774330405,649.8251065542719,640.592866729703,630.1578316186944,687.1751455863647,696.8911075604816,707.4029565040116,715.3733980363826,706.8499890092114,696.4302542748219,637.6245862382395,648.0611810963793,658.5132025963819,664.9942638753976,672.1597124860567,681.1685593846202,688.8709917956697,680.0021953347417,670.858482300912,662.8989218616221,655.236092172967,646.1759518758934,641.5461990309466,657.6650566707107,664.5305881901674,671.8289718205973,685.3461118268009,671.3598147383066,663.8788664198686,656.6110241237384,282.3408706892866,303.7614870843672,324.7923746629649,345.8397807064173,365.30750456499277,382.07355328100823,395.0257528763388,405.0660085611067,409.4988099076032,407.72612015630745,399.38622652015744,387.5205764857983,372.13269062532584,353.77806173841907,334.3757135667372,314.99352326988264,295.5452294041399,268.1487909626332,258.8683252422452,255.4013564561427,256.3310920115035,260.08341282155124,262.20496601449594,260.2579262434159,261.59384223380874,267.54678056161185,278.82154639115123,282.49140114216925,293.04265226917704,302.7504887034778,312.91420208735343,327.5385545903315,329.4599699442582,331.04492555991163,330.23820948898845,329.17462534768015,285.40133223619614,279.2258922664625,279.7029297854489,287.60408140836387,290.23832348329074,289.9235590848739,290.1630025515948,283.1481735222257,284.5115039252889,292.1875246182524,295.2432252227286,294.14409370156653,354.8258850063363,348.5952448428974,344.95740947227,347.1269434579133,345.9859067304966,351.10192188460474,358.64043229954643,364.88846735718033,367.48593653665046,367.50165284583784,366.1289268231518,361.9758252740923,354.64554852851563,351.70463788551876,352.86607016351604,352.6958497599455,358.1724190318184,358.858796897896,359.0116669714753,357.6807273171673,10.42832671357751,3.9373837808754724,0.6493627314203607,0.5601161,0.54470783,0.47115186,0.68642896,0.20498909,0.0,0.21977103,0.29048914,0.4651476,0.17374176,0.24524881,0.14592823,0.4785607,0.0,0.5400017,0.4331881,0.8950262,0.37019283,0.051311217,0.056763843,0.0020968292,0.000103893915,0.0006607219,0.05256049,0.032931052,0.0011715201,0.91047555,/content/data/frame190.jpg,0
589.4749891493055,200.73528671264648,147.5989040798611,211.52351760864258,0.9978952407836914,589.3138115307335,587.7785578750459,587.6480824386548,589.2738057709147,594.4002165305778,605.4092970691884,621.1099597614257,638.6741260730334,658.9693502376919,679.0841191881161,696.4161257627779,711.2675558532308,722.7434332953146,730.2695542117851,735.3282611706773,738.9425850779894,740.964939212711,605.5741539328985,614.655268512667,627.2581154331065,640.3219382430868,652.0523441527178,687.2578969321646,699.381537107213,711.8100486318343,722.8519560579808,729.2496096913412,668.3126638608713,667.4013480084803,666.4012985713915,665.5305142234175,648.9991750660764,656.4534013543315,664.3829688413638,672.0577657913938,678.9644309718255,620.4579683776644,629.7946704788468,640.5621014013977,648.6223637002649,639.463219544524,628.9444090818774,685.9978346414327,695.6357392270068,706.0747121574366,713.8376526478671,705.5796801214071,695.261363685089,635.9256921718966,646.4056050989492,656.9340075637608,663.58399591023,670.9737031239849,680.0222744913603,687.6980245898704,678.9402845436623,669.761131834509,661.5788514008441,653.6750870048096,644.5234772608638,639.9424111605741,656.0858491451842,663.1329373036847,670.6931143666437,684.1387109662686,670.1321940507577,662.4192560321816,654.9689709372451,286.38553144564577,308.33690404722347,329.8338820225754,351.36151204270095,371.4880137970355,388.80130537693657,402.1293923853683,412.5452022947969,417.13011881235957,415.4574188764361,406.8908229238465,394.6444535349757,378.785999381254,359.9613168986857,340.05284407684576,320.1177890029488,300.2414130779438,274.0969133721597,265.07310873592667,262.03497821419404,263.47587395268397,267.52023424728526,269.6992527075902,267.4501248813024,268.43139124159626,273.7290131881704,284.1979497783606,288.89762991173325,299.88439089010075,310.0467919032129,320.57814458951066,334.22962126084366,336.4323625277651,338.26959404656816,337.3365070725437,336.13953413359184,290.8753524906393,284.7223024771598,285.18369442357704,293.1664264147233,295.648220810879,295.24450947685057,296.3635738745576,289.6090039587408,290.87911213186646,298.52964918367593,301.49101342940565,300.3656325318502,360.8191051427799,354.3196159154551,350.77540137412575,353.0820509547224,351.89451872452605,357.1066825887191,365.0766075927474,371.25925816180427,373.7264754379504,373.73913869632923,372.3080089474254,368.1120072684377,360.7055140508939,357.6461041111089,358.8842137281159,358.73886614956655,364.62927836874735,364.8805162046368,365.0231707604963,363.65013768085754,3.980828746630567,3.859853437233875,-5.498206084018366,0.6132616,0.5499851,0.3692395,0.7017409,0.19570273,0.0,0.16433422,0.10720356,0.4703205,0.13722102,0.24670926,0.2052287,0.5981535,0.0,0.31259313,0.4331881,0.95903134,0.29650998,0.05106509,0.06051056,0.010290464,0.0005105148,0.011677661,0.27918234,0.033425488,0.0019165869,0.6629969,/content/data/frame191.jpg,0
589.2292751736111,212.40056991577148,144.84526909722217,201.76837921142578,0.9985060691833496,589.5965606415045,587.9195511015748,587.7002160508,589.434302565106,594.6193343866178,605.2841742646265,620.3040991324388,637.2790727281285,656.8296105175004,676.4370881810573,693.7324216290081,708.5581188205515,720.0943494749372,727.9062895117713,733.1036856057981,736.8188843159269,738.9559588030479,604.2504027432587,613.2738250125781,626.2543773190664,639.9453395220521,652.2181156988759,684.8215586167425,697.1310054868381,710.0698143929767,721.5768932172132,727.8505258129117,666.8784339807189,665.9084429115019,664.8797729604103,663.9520520449096,647.4311831459895,654.8402506628013,662.5587388797685,670.2103005559848,677.228863433189,618.4713365593975,627.8827595858834,638.6499158934962,646.9561598463479,637.5113709627803,626.9296390559953,684.3633986406303,694.2488275390224,704.727871402527,712.4938179330811,704.0900957442182,693.7443998562476,633.1724601876499,643.8127988183141,654.812801761344,661.6174811243272,669.2785243611415,678.7705334369111,686.6775777117073,677.4415852036836,667.6742645121931,659.2883292692009,651.3563183279898,641.9492825076254,637.2574830558992,653.8333219157294,661.0103726140715,668.7129499930488,683.2016693459864,668.3385798812169,660.4528871572652,652.8911333221472,293.96590049397037,315.1483418603357,335.8830572967263,356.6049141783333,375.79391876325826,392.3456207736208,405.3958560562851,415.6824978408049,420.3220116090506,418.7736020485563,410.6760462342554,398.94618681496286,383.5986718637487,365.32292773204244,345.96879679040103,326.7569614157255,307.4204514565654,279.8148805595929,270.23094941345926,266.3187088652403,267.1489298973311,271.20677806450567,273.61371623869354,271.28876397890053,272.4300725608409,278.2773740722064,289.4832942867629,293.61799793485807,304.5919518415417,314.78827346319576,325.3739235491321,338.75471460881,340.9268145869073,342.7710430654206,341.9217434593411,340.7951984032634,295.7734727108109,289.58442371734236,290.1644946267147,298.3985156419517,300.81783612815343,300.44240529378885,301.1097368670212,293.9385670453057,295.18025461467323,302.8855523500779,305.9621022901533,304.9201769153033,365.1162095067666,358.586531480124,355.17075958778514,357.43878640499224,356.41676942107824,361.6117987328553,369.51302707322066,376.1884353874111,378.81712229732057,378.75082353112975,377.28037346888595,372.86609366754055,365.01902711853654,361.7630851860504,363.0686109339649,362.9817182758816,369.00956630758446,370.2135946191429,370.2650432698765,368.8193866948586,2.7055213970095937,3.9859842564823884,-4.67237499266805,0.56109095,0.4618362,0.5822029,0.6757302,0.2020148,0.0,0.16758013,0.1849846,0.4681267,0.32419613,0.23246193,0.12167213,0.5388438,0.0,0.28885067,0.4354699,0.9683861,0.3661905,0.07993225,0.07693702,0.0017548036,0.0002627849,0.0015214981,0.27233836,0.03613284,0.0023419026,0.6856478,/content/data/frame192.jpg,0
589.9144422743055,216.2018051147461,145.4265407986111,199.7530059814453,0.9985678195953369,589.4271027272324,588.1101321718721,588.1231480373256,589.763586423493,594.8295441373019,605.5796095899565,620.7579375020305,637.777931794797,657.5048617719413,677.2472221933112,694.6096580483033,709.6990323069055,721.4826624893067,729.3605900640912,734.5542918536619,738.5369323706822,741.1045154275077,604.3136487970935,613.2806728415271,626.0993857950631,639.5121922824643,651.6133109985352,686.4249218074962,698.6042000098053,711.2809671639122,722.6363310818062,729.0756554815034,667.4528048707874,666.5286784235948,665.548788065464,664.6906553422334,648.4781447682711,655.6378994639323,663.1842725121394,670.8182990560181,677.7815156120774,619.1737237970107,628.6914861132697,639.3908346961182,647.4493913367587,638.1349894166921,627.6003536822296,685.4443456518442,695.2074163126723,705.6304385005682,713.3968811158214,704.9304392557551,694.6557207818071,634.2170567532816,644.9887498308868,655.4501123864493,661.9350566087511,669.2553236429812,678.4618124656059,686.6010574708438,677.3912539602003,667.8680981321864,659.7971185551993,652.1162506118815,643.0795824004306,638.0885837844278,654.4549558897488,661.3777032483364,668.8212566744409,683.3038287138639,668.4862588728095,660.8802142965384,653.5855432260402,295.3032525210756,316.7483981813819,337.8560100179733,359.0478106440096,378.70589655124456,395.53211018194236,408.6937218960513,418.92262052311776,423.4300675931951,421.6873132174794,413.3917921021104,401.57724388146414,386.1814038556,367.7655544332308,348.25681522367375,328.81039786385077,309.1604558021794,283.7219397511366,274.2514260265949,270.600618641395,271.58770272977364,275.45003578790204,278.3627178723476,276.2959313116147,277.3043036980456,282.7180750546624,293.51105643031985,298.1597349274081,309.4444688443482,319.92330494925153,330.7074566818243,343.83376411104257,345.99181174815715,347.77214211305215,346.953028411285,345.7788859052896,300.1447544211927,294.13813253871774,294.73171172444216,302.80214837839173,305.3807327704524,304.9141118508302,305.5032119214946,298.54873928382983,299.7485349033506,307.1262160488042,310.45409138251034,309.45644886979574,369.3135280254926,364.2135947594903,361.34973288608126,363.50719473781317,362.483213314052,367.02425017521705,373.755624306784,379.3960803190363,381.6539400703743,381.6241078782044,380.2525842731542,376.2241381967007,369.38835139253933,367.3413743789537,368.66462069600493,368.43433560338343,373.3393452114484,373.8100166226799,373.9594633324963,372.5649512230393,2.8864418952518207,3.9997356762852414,-5.065191691619816,0.6584291,0.56593484,0.40910655,0.6970217,0.21447057,0.0,0.17504351,0.02711811,0.46579126,0.28022197,0.26337805,0.2102182,0.49636224,0.0,0.45579886,0.5679167,0.9006144,0.5938318,0.10081262,0.0381873,0.0014064758,0.00013456134,0.0007914698,0.25724253,0.018625084,0.001604577,0.7201953,/content/data/frame193.jpg,0
590.0632052951388,216.95163917541504,144.99815538194446,202.56061363220215,0.9984185695648193,590.4435411137813,588.531539388077,588.117287318714,589.5155895302369,594.5171230247328,605.167587229069,620.1708077054006,636.7923890146835,656.0455606629857,675.4226794107082,692.3909866124256,707.2788949947436,719.1555046123723,727.3756675529695,732.8208208281696,736.8167420214511,739.3594758367128,605.6558199970194,614.6189628533294,627.0996751310902,640.0041474015329,651.4870239538377,686.715310567047,698.7512041602487,711.1964201909516,722.2257271471776,728.4301234145488,667.0940138602268,666.0136384941633,664.8861183167013,663.8662604298053,647.5880002708922,654.797338757263,662.4121602911471,670.1206122318113,677.1638355260835,619.297201600515,628.9131566608788,639.5116695721997,647.421406966078,638.1225565421855,627.6481790777184,684.8172320631478,694.746850797258,705.0729698551363,712.7645284798539,704.2330562084275,693.9968947823786,633.554718367482,644.4121800231558,654.937360585708,661.3370731414819,668.5919844625957,677.890117717415,686.0556599023355,676.6141073211384,666.9981884814348,658.945893812893,651.2941706703328,642.2724517622454,637.2787238200361,653.8202140053454,660.6996112532476,668.0948196798245,682.8454517597453,667.6510296620169,660.1038248567119,652.8631627433456,297.22353041755423,318.29142234222604,339.12961008364135,360.06571675801194,379.4496812105241,396.03457099096056,408.98322522279227,419.05959558402446,423.7264972645477,422.2867405073536,414.5695956082262,403.43114855849535,388.6388772075361,370.7841490313319,351.73654411828693,332.59957559224085,313.2680296792614,284.627238012894,275.98777746495915,273.1186882565948,274.5944121294301,278.6759372311773,281.8317854068445,280.02630139884195,281.30135556968764,287.02616131864715,297.8439033982765,300.91032276375415,311.95467578225356,322.1956835326456,332.70318116885744,345.48414823193514,347.7286990836469,349.5184343485671,348.8598268388712,347.8511394036003,301.7242372205262,295.9295618179192,296.73122644739027,304.984089400073,307.299009750544,306.61620683979226,308.37307547758974,301.7033306554224,303.13630690501515,310.696572880411,313.78089249619075,312.5683189642989,370.1467813168142,365.2875624185581,362.6773132925659,364.93555555385717,364.0676360926328,368.7648327334001,375.61641975835227,380.9492455219446,382.98351370843295,382.78574890339644,381.30342562626123,377.1646646371663,370.2878100796146,368.6992008970034,370.1222092208917,370.07239856889794,375.15944542020895,375.1875671408372,375.16090873488355,373.6641406584354,2.692773968558041,4.2447498074973105,-5.273031977529999,0.65233016,0.539902,0.5349555,0.6648212,0.22148252,0.0,0.23582838,0.08012156,0.4689187,0.24708751,0.27248952,0.3637603,0.58569825,0.0,0.42893508,0.55156493,0.6923391,0.4169672,0.017993066,0.027669929,0.0031419198,0.00036910077,0.0028626635,0.25270608,0.02882425,0.0026806202,0.7094153,/content/data/frame194.jpg,0
588.7203776041666,217.46758460998535,146.0197482638889,201.58537101745605,0.9984498023986816,591.9286801260854,589.6909202707249,589.0093501260228,590.3589370166682,595.3575350130441,605.8891963091838,620.939250753501,637.8918275022879,657.391268109188,677.026970838395,693.9904623987353,708.5919714366884,720.0660913851245,728.0941155140856,733.5098517989043,737.3054811212589,739.575098672957,607.1997450858516,616.1814454673581,628.7547532643739,641.7173536037128,653.1512675389166,686.9575028533162,699.0639032723519,711.6920374510482,723.141631515135,729.5970865068525,667.9997872692459,666.8416205083022,665.6642627114566,664.5957934969783,647.6799695284423,655.2850699420967,663.3748918019933,671.3993113036249,678.714296891298,620.1023716356835,629.4319906470259,639.9737016441602,648.1556073138144,638.7764174674377,628.3469545653417,685.3468976884926,695.1497105478778,705.5284707619581,713.355025060223,704.8127936334652,694.5749599294559,635.9496759249587,646.7330916030401,656.6846530138012,662.7573614664259,669.7356027689842,678.4690236292947,687.0428027544397,677.8042726757118,668.9389657106724,661.2577644048392,653.9937915031321,645.2692957000893,639.8723034773836,655.6372997062186,662.2532038696233,669.4161462765414,683.6474745062721,669.4248550561693,662.2139999427886,655.3234952694283,298.9368970358387,319.8304777271759,340.5459105266383,361.2575368396408,380.5607054884538,397.2651541103925,410.5173357908679,420.96236347377237,425.9421272923519,424.57796328878635,416.73833140257034,405.2014621015836,390.15472391440943,372.1944519679184,352.95694521053815,333.4626592207191,313.8849333174786,286.50236739100563,278.3058341436488,275.84892736516855,277.7052671842936,281.893238563692,284.2989524248398,281.93233435170697,282.41766858459516,287.40636466969704,298.1498627047324,303.065384855047,313.8399475684074,323.73303471463055,333.9703060967764,346.6060532483925,348.98529472643304,350.7744010366097,349.78521920486935,348.41471105720393,303.50017500352203,297.89783437111385,298.74908153346644,306.9446559499537,309.1669159077977,308.5718063542193,309.65633057882286,302.7130974168878,303.98306529908086,311.3006678461952,314.5794873298212,313.58278624547165,370.55757627911794,366.8741085407456,364.7485751526592,366.9724860298202,365.90907771211243,369.8304796912454,375.3109550829005,379.38093980055226,381.0117164599112,380.88588612909575,379.5893305157208,376.1377989182329,370.6878907663313,370.58282308893325,371.9045390010675,371.65883318378474,374.89932106038964,373.88355149746747,374.01754270455683,372.64547735788517,3.625682849249388,4.559189786790182,-6.291795305073998,0.66045094,0.6516415,0.34342158,0.6570062,0.1795537,0.0,0.14822337,0.39122668,0.47044784,0.21794192,0.35254365,0.20069301,0.5426544,0.0,0.30554283,0.5689641,0.02447382,0.22851096,0.41711208,0.042347375,0.00021884101,4.8634603e-05,0.0003298326,0.023306595,0.007883635,0.0008575612,0.96735495,/content/data/frame195.jpg,0
587.82568359375,215.6154270172119,147.23453776041663,206.05031776428223,0.998274564743042,591.446993287185,589.5609147328491,588.8704014411414,589.8663238702734,594.4690740138788,604.8213940679686,620.2748068225435,637.5793988619355,657.1238445887561,676.4423956561388,693.2640646322043,708.0562408682551,719.7294275318689,727.8111875522283,733.3016325972159,737.149453916069,739.4657308138396,606.8666489569488,615.8234256284356,628.5081015934064,641.9498323204723,653.9497132862072,687.0160489997697,699.1640013172171,711.8002191748493,723.2232010670859,729.6181384975919,668.7145655164777,667.6492682619901,666.5167221194896,665.5077677312901,648.5091632906098,656.1001744401619,664.2152567782504,672.137921522235,679.254763901575,621.0138887555938,630.2074513703761,640.7603980105976,649.012476193201,639.8201589281967,629.3992635780464,685.7658062498465,695.35471952108,705.6201451101856,713.2438227423766,705.1017111558518,694.9313153344224,636.3795596178206,647.6690680158019,657.5975122714839,663.5219580296426,670.3000947450971,678.6412559659634,687.2052242630904,677.8650125007798,669.3313452586067,661.9600388642704,654.886488969817,646.1116733756586,640.2239175378828,656.4497934947057,662.9259144666577,669.926961423443,683.8784307631975,669.8007905423829,662.8131845204798,656.1170566670344,297.2586546908625,317.9121175552061,338.33728348775884,358.8206492578663,378.1057379977817,394.8188331062185,407.69866790859123,417.8335896836812,422.5411444853801,421.2861708800872,413.58517839658896,402.4572928192065,387.64721007451317,369.77685342028917,350.76864499137446,331.4694668504202,311.9754688430095,288.4170691893751,279.91271556505376,276.8931255379161,278.2253255673131,282.08442872350435,283.40472792514106,280.90338762899734,281.67829731719974,287.05532710518486,298.1195303584159,302.520898600196,313.4343039962833,323.49297941543773,333.9357752362404,346.35269363000447,348.87960412573227,350.7648868352396,349.6687432247119,348.0995435529451,304.28244217673046,298.5880103118908,299.05732295486223,306.84389823316434,309.50773825300496,309.14494354518854,308.9794741412518,302.08120170135373,303.24936189993196,310.6914616393416,314.0028982816168,313.05277009032784,369.48589844611695,366.78987092432146,365.0874114573735,367.22609705543914,366.1651916853757,369.5084768586603,374.1388494498567,377.5295168661746,378.7803638686528,378.66194510573746,377.499230549088,374.61778592010677,369.67703384577453,370.0311111051449,371.32972353520347,371.06159751731695,373.8352788613651,372.6737875476928,372.8496987305375,371.54025396809027,3.824698024945943,4.4708424369856,-7.072223754464915,0.70350325,0.6106872,0.49496713,0.7193091,0.17106572,0.0,0.22835985,0.044369664,0.5014124,0.26591644,0.42992064,0.17634068,0.63131166,0.0,0.5448253,0.57172775,0.37018308,0.2916285,0.5781829,0.039527316,0.0007274454,5.243882e-05,0.00047074287,0.010786419,0.016481154,0.0004665422,0.9710153,/content/data/frame196.jpg,0
588.3328993055555,218.59795761108398,147.91563585069446,200.24859237670898,0.998381495475769,593.5583666903277,591.6553909924777,590.9704880352733,592.0473083809077,596.8816687355924,607.2835856249283,622.5675187228632,639.7003872340832,659.0565415157387,678.1653179084832,694.7336280108648,709.2739306994916,720.6302537277022,728.552247205778,733.8494411850314,737.5961817309062,739.7817696404949,608.6552750000899,617.4541018152373,629.8595912586758,642.9802013880121,654.7513011458043,688.3088927324349,700.1746954749984,712.5310717099098,723.7955563324407,730.2079739207763,669.9422571678705,668.9963588288981,668.0363524378993,667.188680515981,650.4273407515058,657.9440750640321,666.0042486760434,673.9579243988734,681.1264476384613,622.6788219434709,631.4724567090146,641.7620892594039,649.9331005979205,640.9213281345444,630.7780039612633,686.967467635377,696.2310724081516,706.2580875088622,713.8168666810069,705.8094801002078,695.9185325063524,639.0347449905466,649.8501853561115,659.475872926076,665.3486181364323,672.1328724137651,680.4571530565828,688.8892278106208,679.73602391604,671.3295871448727,664.0207138526873,657.0735438009622,648.5230545087213,642.7642550931848,658.4594629727617,664.8606370881624,671.852258245943,685.5817131768753,671.7521412066883,664.7948090606353,658.1959861493556,298.1445177295926,318.6546963441273,338.98968446286176,359.33199158117554,378.3616053307212,394.78963699498263,407.40809357099295,417.20197490232624,421.7089747391362,420.45957424539904,412.829023044112,401.748673565595,386.8947854038006,369.21211106606427,350.3104150958581,331.0691232743318,311.70562850875393,288.3453584112829,280.0234983377977,277.3433623323715,279.0065799216946,283.04527836859467,284.55969539699976,281.85664275884,282.21688506396356,287.0343408212834,297.6178863479281,303.1946775694261,314.02728392519805,324.0139371065067,334.30992186103185,345.9375634979121,348.5022784502863,350.43472350554214,349.34127069755664,347.72682256726966,304.7645528490464,299.3418043682042,299.8014618907049,307.1715583995275,309.8384528881023,309.526686422658,309.1375691602902,302.62358792025856,303.73059018734773,310.6811905725351,314.00715309563117,313.1089571599832,369.5730050629311,366.6102854915572,364.90362656030857,367.02655180226645,366.0306235894577,369.42768496560956,374.3788664363774,377.0352622425812,377.8627532047984,377.60822102960606,376.49024742459574,373.93641787277,369.61237870254644,369.85181454592555,371.13686472645884,370.92924003389294,373.9064543754709,371.9224755423555,372.0083556235245,370.73771427582244,3.8000363786572255,4.174026622235398,-7.880038790394355,0.6574804,0.57800466,0.6046742,0.6873561,0.16963948,0.0,0.19449379,0.28830084,0.4699404,0.16855446,0.28112784,0.3261526,0.6242789,0.0,0.43558046,0.56723154,0.0027553886,0.1580035,0.16452119,0.020035056,0.00033916841,4.856105e-05,0.0003496871,0.009874084,0.014434193,0.0005430994,0.97441125,/content/data/frame197.jpg,0
589.28271484375,218.56221771240234,146.64350043402771,201.3811798095703,0.998448371887207,594.2551506514114,592.6637424730341,592.2895830507298,593.6962071402227,599.0123533724902,609.9078915942855,625.5184326981722,642.7833126388665,662.0355064749472,680.7811438002307,696.9607903698776,711.227483200729,722.3833071774254,730.0600264833571,734.9477753912103,738.1816247813407,739.9464775748445,609.2204580536788,618.195516496617,630.9394573595298,644.4374930327255,656.5799628566365,689.0427192414106,700.9019866984814,713.3023224213503,724.6913744184865,731.1581513488643,671.4910143519133,670.7407581821597,669.9676718238934,669.3127406936204,652.4494704160873,660.067580234916,668.1220131265687,675.8983066237863,682.9100408741567,623.8117788804951,632.5456007321334,642.8663151381121,651.1482000845305,642.1038516593587,631.9603412875613,688.3551200559032,697.576571687925,707.5696260760575,715.0436536389291,707.2064172220919,697.3375532979065,640.7304321705402,651.723765701425,661.5556259951439,667.481514708529,674.2164635314803,682.4459614775071,690.7403058012526,681.7501232586689,673.4828006596235,666.2813813918881,659.3530745559437,650.5516407769373,644.5276254646611,660.6123286982945,667.0167007127536,673.9408592242238,687.385391594435,673.8043246141849,666.9276989873154,660.3361122251001,301.6123420285332,322.1734618713723,342.50452975469705,362.7308812528565,381.40146703413666,397.25676648395495,409.2698100246605,418.61386769114284,422.69962160455,421.1168629707794,413.21328217016344,402.1121066068532,387.3794474678725,369.87802660872075,351.17305870757957,332.1850972962122,313.0934277729891,290.1343891332896,281.61922575276583,278.79240189386,280.2788272148402,284.28639673503164,285.4747908695666,282.47964298355726,282.6363502617425,287.3473488584039,297.9172868206857,304.3671319614126,315.2135384652163,325.25892223812264,335.6365320665776,347.390982311152,349.8572620384108,351.72637029213837,350.57247350869983,348.9711482421262,306.5024459747598,301.0696245156785,301.43466266550604,308.63351083630164,311.38782544033506,311.1666750937551,310.06955129960534,303.45483186688455,304.4657626969587,311.35963699937656,314.70789660235005,313.8923907455539,371.2504306222774,368.2053011879154,366.3963580429685,368.4415684321888,367.361448447212,370.5471167770429,375.2524978509788,378.0620370245753,379.03198154460983,378.8891236205287,377.90615797089447,375.58123816165676,371.23310272525487,371.34290368868204,372.53517247350715,372.2549445129305,374.8609277092015,373.1465461968007,373.33235656387546,372.1643295501966,2.9021483622288984,3.648006330584153,-7.851910744198833,0.5659119,0.5281879,0.4138337,0.6930563,0.1545349,0.0,0.28785956,0.0045568473,0.47287086,0.1613037,0.32768646,0.12842602,0.6227618,0.0,0.45277062,0.56723154,0.035015777,0.23974296,0.038772788,0.024660105,0.00081058446,7.945997e-05,0.00033150267,0.0054398617,0.028174361,0.0003006402,0.9648636,/content/data/frame198.jpg,0
591.0198567708333,218.47661018371582,145.38715277777783,202.26834297180176,0.9984662532806396,594.2685761947305,593.0691489232212,593.1017040984377,594.7745576181392,600.1118775042278,610.9693449124484,626.554112385937,643.554662872106,662.6562283758255,681.2440073158057,697.0888038712876,711.1052444958625,722.0821508054471,729.5878891359653,734.2986349253788,737.3643840953819,738.8523953992606,608.0033192499525,616.5921636665404,628.8088575631816,641.7930521032306,653.6334789197548,688.8171346058434,700.4442040414069,712.5580567146164,723.604449750816,729.8647654578385,670.4863393687285,670.037388275596,669.500649246361,669.0812549682346,652.4250638012937,659.9866823070254,667.9210306235304,675.5409019513972,682.3234603936576,622.8655940347489,631.5875019883015,641.8714868915594,650.279894403225,641.3190652448665,631.1809764262533,687.5016176266431,696.866440559176,706.8705471635103,714.4920533029756,706.5536685932318,696.5975357522652,639.9361810071855,650.9857134603485,660.9636196770293,667.0094857174656,673.768881917521,682.0878160457282,690.1652899475762,681.3242143556461,673.097162426217,665.8382661797098,658.769550604599,649.8070649336031,643.6380816657062,659.9961728947121,666.5144705523901,673.4792743194826,686.8744286671986,673.4128980751125,666.514571823905,659.8310062875083,303.10576301118647,323.72397072279705,343.95100274055403,364.01011211916466,382.49489792844065,398.15083757590014,409.86301848609946,418.85519117833496,422.66446134374155,421.0001507996942,413.07977795225224,401.92823614881604,387.1635871044314,369.42897727582704,350.52758938876536,331.5502623328505,312.60371458380075,290.7001905054839,282.28781893737596,279.3999097813047,280.5049411503611,283.9365481354803,284.34154739112455,281.6702941739295,282.1462630605148,287.089738024963,297.74039814913624,303.8973301067541,314.8281651107161,324.9666011459519,335.4131051296656,348.3066905985529,350.51956000436576,352.1876320618255,351.16561440030955,349.7069573684071,307.42687388050956,301.70305849129386,301.7672356970536,308.7673108860672,311.6299962012363,311.63359857369664,309.94456331264223,303.4300127010174,304.49610517257554,311.55454892259854,314.76740943542575,313.8187051170539,372.2891597378409,368.6968131574572,366.419838882681,368.4479022410694,367.3349282917691,370.8822958521557,376.0376091248404,378.9570354231,380.12631633471256,380.01891065942846,379.06611931206044,376.76523049239677,372.26178749408587,371.714559629374,372.9009120249352,372.6260900680795,375.62625869847284,373.74817845372536,373.9595899748631,372.8641504650084,2.5377192111748856,2.7076923960801733,-7.740664945448816,0.61545485,0.50660145,0.24772786,0.70864165,0.15661311,0.0,0.2708995,0.019179419,0.46823537,0.22169654,0.33496997,0.34897843,0.6380571,0.0,0.43856174,0.57558995,0.06521007,0.1495138,0.15682533,0.084097855,0.00055971154,4.1036077e-05,0.00035586694,0.004722325,0.053249575,0.00019868075,0.9408728,/content/data/frame199.jpg,0
593.2836371527777,220.99465942382812,144.58837890625,200.5217056274414,0.9986112117767334,595.429995547912,594.3988644681939,594.6597747842741,596.7571794829169,602.6893734855779,613.9448428667117,629.3370742451498,646.0421686421973,664.9480372167964,683.3928181792411,699.0323919349412,713.0021195883259,724.0395230775177,731.4000294893985,735.8426832489973,738.8426176284007,740.329669459851,609.2667796316446,617.7535540473091,630.1507418149876,643.1085608305159,654.8834735860308,689.3941211810519,701.0140998360554,713.2310964839211,724.4877240162807,730.9033798219591,671.7435666245252,671.384001903412,670.9003895048793,670.504251587163,654.2789043037523,661.6001626558275,669.2670448870167,676.7561311842098,683.4172146527399,624.5823363790867,633.4263663846278,643.7588752934083,652.0063677774936,643.138794673041,632.9162778602405,688.7767369375322,697.9564515181694,707.9237949869059,715.6789190189187,707.8142761911173,697.8020696012143,641.5745805679733,652.0808480166935,662.1340237580068,668.2845740868182,675.1717803073655,683.7322317861475,691.3927531496138,682.8862435502136,674.3203132631561,666.7313749680216,659.4499168593085,650.5633902335575,645.288975928625,661.3272907530936,667.8668794967513,674.8940534920628,688.0900500720572,674.4216855586817,667.2896970846348,660.4600326934099,301.7751412797049,322.7538208710348,343.167989587189,363.4890185626607,382.1557629724109,398.0110612183489,410.2462153826458,420.0353971854203,423.9640469372307,421.87533016558496,413.17449498156725,401.44687638911057,386.3541794908515,368.3797728640122,349.28120657060515,330.3499590660496,311.29345911995114,292.6362524261778,283.77569277001504,280.8663380075319,282.19291238925996,285.9754988335388,286.30677311139726,283.260756504274,283.31102672156567,287.85869575392036,298.1748256075947,305.3449506031191,316.3425968762389,326.5647622995035,337.0894382571805,349.69363748884734,351.65583968510657,353.1923872426263,352.16027729205797,350.7113619820851,308.8929379192268,303.1650661749215,303.15028630076483,309.9837155798755,313.0004808009313,313.09574322125974,310.7745500010889,304.03421743537064,304.8806502866358,311.5033749260227,315.0135699389739,314.3069972942479,374.60058675759154,369.7951412301205,366.8592744857076,368.84136963243293,367.5753203054753,371.44687284329484,377.14839037240085,382.3458718825966,384.54577117191565,384.7012000862636,383.6963550952021,380.59444603821134,374.43450141772354,372.35357258558975,373.4872125984142,373.0795433669455,376.800629471211,376.86244534468517,377.2045266435791,376.12035367196404,0.8466922693846749,1.556572904127335,-7.341736964112618,0.4868277,0.4418132,0.3747423,0.6812306,0.15625548,0.0,0.22248426,0.089794055,0.4857773,0.13454494,0.43394265,0.42267022,0.5274771,0.0,0.37393206,0.5514062,0.9715921,0.26489434,0.041143294,0.04782268,0.00029584166,4.3666118e-05,0.00012714286,0.006052845,0.028807228,0.000291227,0.96438205,/content/data/frame200.jpg,0
594.0944552951388,223.23648834228516,144.09912109375,197.9087791442871,0.999035120010376,597.1617834258964,596.1398879895512,596.4112532105788,598.3673859081692,604.1441587360425,615.371610318201,630.8365295701731,647.7962808156315,666.9069095861231,685.5218255372636,701.0992884018531,714.7441238413196,725.5573701975425,732.8369410484602,737.3577389086197,740.4424856508847,741.9941309000457,610.1553791392978,618.6263296947035,631.166948160918,644.2909588548922,656.293475740296,691.5742951810909,703.3698510089166,715.773458013396,727.0827852329835,733.3573411277831,673.2395315017965,672.9398587417044,672.5993189405926,672.3598355322205,655.6386758961788,663.2111814706367,671.1423317805549,678.8326397503592,685.7215035700392,625.6874239570873,634.5565556683093,644.8680518678084,653.1180981597461,644.1895344181393,633.9543153404048,690.3203409165656,699.6289242574843,709.6866328764775,717.5310663546372,709.4642635147255,699.4207104347071,642.979894068374,653.6434102110932,663.77368012287,670.0394454279665,677.0080473986902,685.6284450568203,693.4942675543706,684.9941211998298,676.4156380926036,668.7296900288034,661.3261378897768,652.2628771170572,646.7596211521357,663.0093022515506,669.679201116602,676.8200193744908,690.1649697207805,676.4709013167604,669.2576916325556,662.3303176690953,303.501222761245,324.3841391668946,344.80269727202165,365.22446868449595,383.94715075385,399.9213933758973,412.32218342812075,421.99268143400286,425.71488040737177,423.56721618968567,414.7263460120264,402.8752863158813,387.7392073120585,369.9273917091025,351.050102843068,332.1922495320456,313.18905422460153,294.6787972508697,285.72432887293934,282.7895600661101,284.1184891428142,287.7544525727499,288.1242094063052,285.211402918195,285.45189844760387,290.35681393560833,301.2449360152374,307.53438353703825,318.926633903939,329.50089937342335,340.27255675613895,352.3069165264661,354.414039280529,356.0194897333323,354.812376147274,353.1445422342096,310.44459956151616,304.8321053023277,304.9372951124479,311.89925813539264,314.83145063412854,314.82625555132483,312.7672403964672,305.9759719402475,306.85854856200484,313.50208273571616,317.03994828055795,316.338760735221,376.67004296671394,372.18866828259866,369.45710223774967,371.4142612119157,370.016840559883,373.52615438261296,378.7786945189861,383.8721122417457,386.28951025459264,386.53319785804024,385.6180705744108,382.4927540574446,376.55916262992594,375.2310758077908,376.2960536270052,375.7454739385885,378.4751572967539,378.3182573027595,378.80786908481264,377.82223306155083,-0.267027501397726,2.074994489125988,-7.834081329673463,0.50534344,0.54935104,0.26125172,0.68873036,0.17595723,0.0,0.19744848,0.78667396,0.46855727,0.21722174,0.33776626,0.3807527,0.5010711,0.0,0.4457576,0.5514062,0.8224406,0.28706688,0.06592224,0.053431828,0.00015573636,1.1359712e-05,5.2171512e-05,0.002296521,0.020927396,0.00021409524,0.97634274,/content/data/frame201.jpg,0
595.0785590277777,223.57366561889648,142.99799262152783,199.36069107055664,0.9990071654319763,597.2916594458316,596.2604561680175,596.5583775574927,598.6002327704423,604.4489523949964,615.7759006652268,631.3210503423159,648.369517368158,667.5558658892967,686.203081216798,701.6656761681718,715.0912034960526,725.6708136864123,732.8464655973801,737.2516040135561,740.1866708436535,741.6054799305618,610.9239942399406,619.4076883133232,632.0629876790542,645.2692626599974,657.340240832127,691.354940994322,702.9317529522673,715.2056065644372,726.6960779292042,733.3176100299482,673.6554188399365,673.4220211802931,673.0961228719384,672.870011759465,656.0122426564748,663.5685417952865,671.5728067317843,679.3633804825896,686.2577802284299,625.9667072579164,634.665397250976,644.9336038006879,653.2719875826119,644.2854575872575,634.1055237777716,690.6217090138405,699.6979804663653,709.6781117338836,717.4845276645437,709.6168961820233,699.6484861312832,643.591973650291,654.2315873445474,664.166666076286,670.3906321855518,677.3927045687312,685.9826168218965,694.0583070319252,685.5135827787238,677.0095262995512,669.3038244249799,661.9734082484367,653.0187907629969,647.3384923326915,663.4411555543026,670.0760986092802,677.2822656101573,690.781143228923,677.0419949255904,669.7681813889515,662.8678426080892,303.37557726309063,324.28301250358817,344.78595881982653,365.2374572648532,384.0639416158782,400.2385363192873,412.86036177213884,422.86757161710483,426.65917135406073,424.7666654041665,415.8790456523431,403.77573431835845,388.28233908931907,370.1605394243837,351.0191364936163,331.97362794585854,312.82725561843995,296.4918078908613,287.4625211211643,284.63989669362775,286.29403558722754,290.2215272899948,290.7612165997567,287.2196908764858,286.6957581902519,290.83065268868836,301.2668490861679,308.94381829430586,320.7624124319257,331.81851432528174,343.02707759308225,353.84941108271187,356.2693575282408,358.0636448149127,356.6632018195012,354.66834198392024,311.84456990764306,306.3129255952374,306.3776774752741,313.12740147241317,316.14147957035544,316.1900684343116,313.7794832768787,307.0851855201498,307.8221891087066,314.2967924774757,317.94757363013247,317.329151110588,377.39073349371756,373.4619299272719,371.1619762301483,373.12535133744893,371.7583466064475,374.9195102896306,379.8091114065876,384.4813424157976,386.5719112623467,386.72226224739563,385.760808765045,382.88488987557565,377.3608172980961,376.229591544502,377.3535022321505,376.8160373868867,379.5218417798052,379.224661878496,379.65637910377484,378.59878882882185,-0.9515657469055604,2.5509232901653442,-7.662446093615921,0.48196885,0.47275093,0.38737547,0.6836443,0.110071994,0.0,0.17218293,0.019954048,0.46275178,0.1682311,0.2537962,0.35829774,0.5770786,0.0,0.34887803,0.5595123,0.56573266,0.091509655,0.5560525,0.03767699,0.00096129195,4.8195187e-05,0.00038440642,0.005026186,0.043920495,0.00092617306,0.9487332,/content/data/frame202.jpg,0
596.9523654513888,227.75549125671387,141.71294487847229,196.90917778015137,0.9990851879119873,596.1229437539115,595.0520741900484,595.2853904283877,597.2476882991042,603.0779218106355,614.4939145131527,630.1016032909823,647.3030633778087,666.5616949626916,685.0871394936404,700.6152463926376,714.1978119097851,724.8324747820973,732.0272794255353,736.7464475175823,740.151236482092,742.0052456755459,610.2788847014002,619.1206349540795,632.016075276371,645.3170796696043,657.4245882670439,691.4483801164266,703.2670743083667,715.7222826905463,727.3912635169456,734.2028695480005,673.6710094717145,673.2339957351799,672.7555749154195,672.3666581820196,655.7524322227773,663.192559750286,671.0579830914571,678.739602643636,685.5665884484604,625.7471978004536,634.7928920220616,645.1819221613812,653.5442023331775,644.4071942258232,634.08585199194,690.4730179617897,699.7944847660854,709.8886021097567,717.7740036643822,709.7531840467582,699.7097974220593,643.3844533541891,653.8782898914081,663.8302006638787,670.106253959151,677.0911218738261,685.7129638960677,693.670687005919,685.2173605451728,676.6744877459403,668.9423909875435,661.5827608015916,652.6232750005362,647.1442939733176,663.1506245154885,669.7952501456167,676.9524363131036,690.4439062471544,676.7194580917702,669.4547966004411,662.496977088261,304.8704346343655,325.8667412264965,346.4979331160614,367.04418414884594,385.8005647150507,401.66589991362525,413.9618318658049,423.5802043576796,427.3515445970305,425.40421454185764,416.83056811104416,405.0573935425686,389.84993802581647,371.9638526615738,353.1561216785524,334.35854528975057,315.36198251477356,296.7281683233212,287.91046657220926,285.2743212371509,287.0303829611172,291.200914242444,292.37204457967897,288.9996770796542,288.5476779225236,292.56331291088554,302.8275725228932,310.94183271659244,322.6555515021301,333.53744564619234,344.5405470549623,355.3265711257192,357.6031860808302,359.327734761015,357.97535688839497,356.01722437307444,312.79393352236707,307.36265514510956,307.6752927075059,314.82219752439596,317.6304428096166,317.46802563826986,315.7873980427924,308.8800909469351,309.5493998287704,315.87028967147444,319.6277500875196,319.1444632312781,378.2714190006277,373.9796734125722,371.45758769095045,373.3156249203916,371.96113444148455,375.1295368465177,380.16890563146865,385.40136663105386,387.8383002352665,388.10033383506754,387.134492492764,384.0262993669112,378.2106322757289,376.542447931282,377.5807657532725,376.99820752760354,379.9322514751957,380.49016262751604,380.9641469740736,379.9252798744485,-0.4941269364503352,2.4394100231135516,-7.502198161579308,0.5878763,0.54108775,0.2345592,0.7081802,0.20818952,0.0,0.19082555,0.43262598,0.47374701,0.34534574,0.5100039,0.39083472,0.580745,0.0,0.316955,0.5605581,0.9313421,0.29028982,0.12043594,0.03310861,0.0028255559,0.00018466912,0.0006291928,0.018289037,0.04238505,0.0015195959,0.93416697,/content/data/frame203.jpg,0
598.5475802951388,227.5630931854248,141.17838541666674,198.00417137145996,0.9991927742958069,598.6218343138216,597.7192528238527,598.133363828106,600.0415473695193,605.4938655316053,616.5411734901456,631.9802652978815,648.9904941353739,668.1985232757379,686.7540003453271,702.2926323140872,715.9199968871176,726.6969595182347,733.8945126256315,738.4502612203999,741.555812275355,743.0655200601173,611.7731948202502,620.1579574870741,632.8051095830608,645.9691666469851,658.1188374544602,692.8514778252455,704.4136867775064,716.6026085711491,728.1157024521383,734.8178278135074,675.0572489544617,674.8760415332043,674.5914205449269,674.4347848216673,658.0721441470833,665.4104428076224,673.1273863774804,680.6796783272105,687.3801750169544,627.6502505903675,636.5787700634021,647.0285325650141,655.4190168260692,646.3003180754766,635.9272093579644,692.0941880066075,701.3801654954714,711.4834953800387,719.2341736960816,711.4763717119736,701.3738065949522,644.9024929501855,655.6579783593928,665.7166755602483,672.0087297311128,678.9345212748904,687.5539896852695,695.7604269714947,686.9965166315021,678.4586659130891,670.8145168836971,663.4953728177068,654.398852325941,648.6085777204426,665.1119781105308,671.7717650908253,678.9035481892874,692.4985942523288,678.4483415512216,671.2444578680294,664.312781862858,307.20432185410186,328.1819027152592,348.74730927516123,369.3524129356325,388.4599601179018,404.75817620793725,417.3082807186042,426.9995141949068,430.6730609385644,428.62120377567385,419.8899660047193,408.1379105904065,392.9661404458159,374.93694382778074,355.83421184857724,336.78141635763893,317.5436745818863,299.915272807273,290.8206005037428,287.88318500995734,289.2344159644054,292.96172303405694,293.95594208707746,290.4689702998594,289.9309563314229,293.87995393398984,304.1148025928835,312.7054151907723,324.4721286497121,335.4316016393867,346.5618019024695,358.04855379021615,360.22903352441267,361.85086472879925,360.53464313311235,358.67097543592456,315.6473697215655,310.0021885143305,310.1070820481752,317.235218338433,320.25512250944496,320.2191430288898,317.92678063522214,310.870213841121,311.4602957332974,317.9291174249453,321.93010505826135,321.4264914670217,381.56532577043265,377.5419261993174,375.0280644646209,376.8740858588085,375.45598023119305,378.58746257089405,383.4971852404499,388.29210780397125,390.4556210285416,390.69895873171026,389.8385244309295,387.11581034443293,381.51044661784397,380.034671852334,381.04256466582524,380.43944631946613,383.28516051957115,383.3837730458873,383.901648135619,382.9770441728049,-1.3821851207073756,2.0440053702909444,-6.685295536341363,0.4606413,0.47153232,0.31454986,0.67124075,0.16773398,1.0,0.25704145,0.111194305,0.47292235,0.24980144,0.38040787,0.38978758,0.60245025,0.0,0.45500013,0.5514062,0.4707058,0.30201852,0.3060878,0.04379571,0.0017654722,0.00012238788,0.0002519308,0.028884903,0.060424224,0.00087337097,0.90767777,/content/data/frame204.jpg,0
598.9662000868055,229.078125,140.97276475694446,195.7664451599121,0.9991002082824707,599.7421689786044,598.8447611032835,599.1974372174309,600.9226685019092,606.4442298475634,617.6637991138273,633.0418541174613,649.8096941305679,668.7014251194971,687.027259859758,702.5292422842148,716.1048152739565,727.0407292993671,734.6494290647394,739.6308058985181,743.2955877831193,745.410972357253,612.2542247214394,621.1616594930189,634.1715812744701,647.7152009989368,660.2985284859657,695.0746799176807,706.9551475871156,719.4723981859617,731.0864019473398,737.7853157977316,676.3221878726146,675.917367166055,675.522460093069,675.2368830355379,658.9250211587379,666.2101486057009,673.7825753939936,681.2485356386759,687.9770223621006,628.0545543076915,637.16117890187,647.7326058669196,656.0973322107316,646.7879472055905,636.3034395631506,693.2875514337507,702.6397905004054,712.9102868779615,720.7917655919861,712.7777830439131,702.5892701756409,644.897040621053,655.7247028086713,666.2599688150999,672.7783159116113,679.8573784030873,688.8231537880623,697.0594789738668,688.127393140273,679.1209550548778,671.2944914062634,663.7795860963887,654.3280286640037,648.575509761047,665.7481844830204,672.5663909905163,679.8065080206401,693.761865591476,679.142476601209,671.7322595419168,664.5452392611021,306.8215540848571,327.82832659139086,348.3803251600465,368.9661813077711,388.012077700153,404.19563643509684,416.6515429256299,426.3128269168627,429.99166711800046,427.9041751400229,419.2216804341806,407.7390323176516,392.8345143436874,375.1988463294465,356.45506371952547,337.60424747254797,318.48688330366997,299.68590826955256,290.5475404447085,287.4522674040609,288.8356183533257,292.81936579723214,294.450235532767,290.87627961451415,290.33121179796535,294.2491343952205,304.25426604584345,313.0985434103136,325.0275990861046,336.13737976134917,347.346800855392,358.01625097274587,360.24113359002206,361.84065916064964,360.5360361842197,358.5944482483836,315.066644715036,309.38762392313504,309.7161320548701,317.19419029306584,320.1789641255984,319.9765887780869,317.9052764662029,310.61848974582404,311.2187196520097,317.68758959565093,321.8213297554325,321.3998813089456,381.9791975991372,377.4488350837245,374.79842234738146,376.5004028005761,375.06712662460734,378.09593771362114,383.12474036224955,389.086782790598,391.7664603492132,392.13428695986704,391.3148159270183,388.3257853930643,381.83869844761637,379.2618118269436,380.1619501521893,379.4787915809766,382.95818291682997,384.8479903202439,385.45225989208774,384.6476733119066,-1.1382536350269172,2.4595810767204376,-6.762233346985576,0.55367416,0.4876458,0.42915022,0.6489291,0.24073872,0.0,0.17520602,0.26881063,0.47354335,0.5692323,0.48961356,0.53079134,0.5569855,1.0,0.44936734,0.57214123,0.926047,0.38347867,0.2556272,0.034612663,0.0014832828,0.00011553684,0.00018641216,0.022159811,0.04200069,0.00081798254,0.9332363,/content/data/frame205.jpg,0
599.72998046875,229.36131477355957,139.5358615451388,195.0392360687256,0.9992590546607971,599.8512043292084,598.8146731269944,599.0068802675275,600.7268502868308,606.5106872107837,617.8906110368528,633.3451504685282,650.0992015682309,668.786372705526,686.9795081573197,702.3461886420453,715.9700310892413,727.0511117330998,734.9382169339613,740.2018439346841,744.0510367515058,746.3253809622322,612.6479931777792,621.4163663044468,634.2296757878105,647.5918177085999,659.9440141985552,694.9303801486717,707.0783373701574,719.8579778207386,731.5866729285952,738.1554754164088,676.1186886937398,675.6492194746688,675.2134681144067,674.8857478251483,658.6168321238474,665.9970743445551,673.6676919194649,681.2684952517562,688.1307979594619,627.9136805144506,636.9750307250131,647.5288321345321,655.8083102587644,646.5220743457078,636.0159201628176,693.4623349877733,702.9290597950248,713.2931232659178,721.2392103066816,713.1170426643929,702.8155323084768,645.328054795311,655.9609613427594,666.3268523020694,672.7918785583234,679.8162139222413,688.7433134856185,696.8322236287759,687.8592136502807,678.8274868874553,671.0293287564181,663.5691583304784,654.3848432599776,649.0204532910395,665.808089721765,672.5621032780418,679.7329725223603,693.4648041896803,678.8996099036083,671.5623136607007,664.4502239770322,306.2384963746897,327.16595905686427,347.7037900482935,368.24113277945867,387.171694683257,403.16898422449697,415.5248147658465,425.1505310653796,428.86094636485313,426.7988279654875,418.03713702929133,406.62168180628953,391.8491164109111,374.321395997315,355.69555034918983,336.9211898790211,317.85643312921036,298.20754970002673,289.05896133056416,285.96219850614796,287.360973485865,291.4529641817263,293.1051322882138,289.74843364948833,289.5958523169596,294.0948846695544,304.5901297231155,312.57328966821717,324.50586133691866,335.60852308445,346.7952771997511,357.2793829441443,359.5379354229007,361.2081761343062,359.9559141095499,358.0778977303334,314.10121646293317,308.44293566589147,308.9342789447938,316.59132985950845,319.45535296632534,319.1389672903404,317.6471717551673,310.34931299130506,311.06460730305304,317.6561906197597,321.76739086943974,321.2707185785122,381.3361893606433,376.47610249304574,373.80029674288966,375.5839254379106,374.2601821104912,377.6074852267062,382.96035225341177,388.92697638237405,391.58367023076426,391.85599390548816,390.93983629623943,387.7015407715562,381.1410387082324,378.6174864587134,379.5873666473055,378.9919262800988,382.69426435977493,384.2402219085292,384.7634695081165,383.87083209330376,-0.8987504824349561,2.7246284279481126,-6.715361540102336,0.5988939,0.6109965,0.337381,0.62490606,0.16018784,0.0,0.27621886,0.23084655,0.49983078,0.32587296,0.41326913,0.38968942,0.54251677,0.0,0.37022367,0.548299,0.80001444,0.42746225,0.257044,0.043012574,0.0021371106,0.0003551795,0.00026599635,0.034370307,0.08832644,0.0030727177,0.87147224,/content/data/frame206.jpg,0
599.947265625,226.46396255493164,140.42659505208326,198.77621841430664,0.9991369843482971,599.6831441644281,598.7326845188791,598.9969040825787,600.9504142134379,606.9272408811,618.4941866202149,634.08805305344,651.0052636832875,669.8029984813246,688.0982910025988,703.6818994496417,717.4322358658151,728.5059700939727,736.277059298967,741.391038622329,745.2045356226388,747.6416994942391,613.7300593633594,622.5171015102962,635.8516589272859,649.8328533484944,662.6026883661002,696.689862708752,708.9112686771679,721.8343834578088,733.6193949315951,739.876439498302,677.6911908092424,676.9583454901025,676.2611578692923,675.687265128831,659.2940364140915,666.7010844046792,674.4613966817094,682.2216378708242,689.2850468787055,629.1216735686783,638.3199450882178,648.8755976982399,657.2593581015082,647.9819941673721,637.5165236867381,694.8909830113192,704.3720209316681,714.6594517283575,722.5393196613901,714.2916997247709,704.0684044452925,646.6870140489665,656.9481707521498,667.2120145785326,673.7610527574586,680.8765407721108,689.7386873015942,697.5475810599611,688.8806845987239,679.904584140966,671.9661255481182,664.3823458912277,655.3819618015931,650.3664676761296,666.5979571659096,673.4407306109804,680.6690493648448,694.2673429477097,679.9794539333918,672.5451934888156,665.3175145261891,305.8801916050554,327.23854865724684,348.2036544706227,369.0706020905106,388.03975828757507,403.9520914726883,416.1441807848219,425.5378232220637,429.2157129150895,427.1764281055928,418.6304379707493,407.2710014108793,392.3958266928518,374.68040540571826,355.85931111870366,336.93722933917087,317.71523475365115,295.8743684761554,285.9246194948679,282.3611671279408,283.68780269504293,287.9027118268483,290.19616436881694,286.9154215323668,286.81701453117506,291.71374207649626,302.9754682967448,310.4361450106578,322.48613668883775,333.61121060944686,344.86611949861526,355.69310757266146,358.0228433866147,359.75050721046955,358.58679803651285,356.76204233789986,312.59574611685105,306.8920712094497,307.2898009869311,314.82406791079404,317.8168193846581,317.551739657183,316.15371049671467,309.0782520871849,309.9569413734164,316.75951460236774,320.6274720546122,319.98270466256656,380.4466305698187,375.12635411616816,372.17974580814496,373.95725647822945,372.75692281029455,376.4140406144609,382.33715680769524,388.2125445745769,390.8951465826465,391.1364616200267,390.1726374463957,386.8273538916171,380.1479902375162,376.914257839474,377.9698280766303,377.4409624217391,381.95582701228057,383.67905495021887,384.15577051042374,383.1813826725746,-0.6103134680107323,2.2879917663249816,-7.009178914293269,0.6661672,0.50467294,0.39958614,0.6860206,0.23467112,0.0,0.22582097,0.2371316,0.46414456,0.4751698,0.27841315,0.12407574,0.58445084,0.0,0.4816323,0.5542797,0.9551306,0.489256,0.11566909,0.051863905,0.009101933,0.0006496244,0.0027670993,0.042597085,0.15073544,0.02799465,0.76615417,/content/data/frame207.jpg,0
599.9092339409722,224.83063888549805,141.181640625,198.5357551574707,0.9990155696868896,600.1346059605703,599.1600087701405,599.3595028618655,601.5090291570941,607.9739988357737,619.9263482718186,635.6115738962758,652.5361238159401,671.1938944793465,689.329119419914,704.8961765506325,718.5980416708226,729.7574842769814,737.6315686897926,742.6289677544539,746.1246336317854,748.2849380183134,615.0556663319398,623.7420552988993,636.8785250381534,650.7934598169753,663.4726061961549,697.4859050732894,709.6653044458109,722.5345300622603,734.0458865795933,740.0260942066132,678.6948780083634,677.9553220203901,677.239083062606,676.5855672000384,659.547272206187,667.2875535027026,675.3903066957431,683.4284055413711,690.7359940435024,630.1224581419918,639.5745602038725,650.302126537715,658.7141995907407,649.3359821257384,638.7237513090679,695.440822600863,704.994542609171,715.4880014157915,723.5118430760906,715.1385583713974,704.7569559879196,647.073513078007,657.3129838200941,667.9388754059742,674.664851688877,681.9161356692664,691.115201092328,698.5278440337646,690.1430996193499,680.9449146200834,672.7996596783486,664.9510010527198,655.7105273105159,650.657633145989,667.2345505701928,674.2643156635933,681.6034858192816,695.3908372499094,681.095168881004,673.4441156960559,665.9424789493844,305.34615295460793,326.3127995199833,346.89974912329217,367.4031152675916,385.9233694143402,401.28731845565807,413.2095488776765,422.85432174686946,426.8935499150542,424.99268654043624,416.46312661209384,404.94244044260836,389.93720729630195,372.1985706743234,353.4297956108021,334.6397625727417,315.6176029609984,294.63129596426074,284.4634945591801,280.31602396552825,280.92853621989167,284.6265504660907,286.47440380800697,283.59367845066765,284.04104734170284,289.3505921427242,300.52638649082144,308.9090221482428,320.92040967990977,331.965929707084,343.08933173917444,353.48286244503896,355.94432857106267,357.78421549767074,356.5808039730779,354.7115506527845,311.1942615113873,304.9841070695969,305.4010019370109,313.4439644140882,316.4439303941428,316.1520415052643,314.64664461891573,306.8419361811283,307.6273665089469,314.79177254128683,318.7581172396507,318.2636953769153,378.06756089547133,371.7364049833752,368.47125393616614,370.2230558821022,369.1650278867887,373.2719066833664,380.0236779634304,386.6424484488831,389.65538647953315,389.88331683980505,388.724579722627,384.87269721783184,377.67064596805506,373.41118404761454,374.5234859097874,374.10669044505994,379.48980033432434,382.35508277428806,382.7485754092101,381.5934593898994,-0.020529669714909063,1.8328032474088667,-6.693416932220195,0.5650763,0.456458,0.3590023,0.69978523,0.2181925,0.0,0.23455487,0.07427618,0.49471235,0.5329647,0.36129105,0.43686417,0.5471084,1.0,0.40043283,0.43064284,0.9362243,0.5564374,0.039123144,0.075737074,0.021209767,0.0013446168,0.0026827988,0.08745438,0.09045601,0.09588028,0.70097214,/content/data/frame208.jpg,0
602.1532660590277,224.58042526245117,140.75895182291674,194.68374252319336,0.9989480376243591,600.1652480497442,599.8206772311719,600.6179315308905,602.8713230328285,609.2486820745578,621.2764942832493,637.0299671537996,653.9481854727021,672.5929201243239,690.6030220282455,706.002086162126,719.8269163020186,731.2541072491431,739.3217292339714,744.317191498586,747.827413590247,750.0485829513818,614.3462832340695,623.295216974519,637.0201361981353,651.6844338701774,665.1266504565476,699.66973925097,712.0470238311996,724.8786071770755,736.2254794949204,741.961076257363,680.1838521583668,679.5481263086558,679.002341170893,678.5593633216135,661.5959100742757,669.264661224083,677.1650525261211,684.989281771494,692.153416650991,630.7729676946255,640.4546139791225,651.3319955021004,659.6981735845484,650.261577098606,639.4524204584568,697.0905337254735,706.9522354946967,717.5763933225548,725.4140043645189,717.0888419759931,706.5613227208119,648.8177077036673,659.480729833592,670.0078940046806,676.5371663761821,683.4700509997069,692.159905638724,699.5086563966865,691.0488823248656,682.2260730616526,674.4628625807568,666.9210644377356,657.7371694644237,652.4253551229558,669.4299981250456,676.2218934764733,683.2671656965508,696.2813597401337,682.236823058498,674.9567636663878,667.7604623455532,301.78891249683716,323.3665721297393,344.44311063379246,365.41742669375026,384.410568464632,400.1740602765426,412.2943475228635,421.72234540381623,425.31202278304136,422.7092842333627,413.6968600646537,402.1726127988609,387.4056122748334,369.7467233507473,350.8640753945906,331.8690537667476,312.5562318759478,291.9973433171367,281.21176147576875,276.5890887714454,276.9597756769133,280.651355228307,282.95021838140883,280.2623362362499,280.85624571222183,286.20328996563103,297.49218610230287,306.3042105565046,318.5453586805704,329.81819944630615,341.23021228907646,352.1626805834535,354.4257498675256,356.06545858323216,354.8365612754674,353.03139729743407,308.8905665008872,302.82381552862944,303.2902428528928,311.3583452456112,314.4611257469944,314.11640871732516,312.2059797118925,304.4443497033308,305.20846978349823,312.19176242331855,316.48999966585507,315.99580615803006,376.7920930448895,371.4111208545455,368.3139659991798,369.99212127096143,368.7636834837872,372.4279702970762,378.14105055058235,384.5836963283341,387.6403576722669,388.0177076262976,387.0465456703596,383.42261311983975,376.44486257683866,373.13500538751896,374.1759169991542,373.55010565430575,377.81291107433844,380.0943611820321,380.680681605827,379.7059548840957,-0.17406749077953793,1.6481268204691446,-6.3095115315088055,0.64071923,0.512366,0.37815133,0.6942727,0.1874483,0.0,0.20721835,0.52241665,0.47247645,0.4460379,0.28837404,0.3950706,0.5401835,1.0,0.38743994,0.548299,0.98179334,0.51679945,0.051851526,0.04278364,0.005603404,0.00073937356,0.0014310648,0.041184984,0.02859749,0.045312166,0.8771315,/content/data/frame209.jpg,0
601.5348307291666,221.2236213684082,141.91737196180554,193.77994537353516,0.9988951086997986,600.6424021601842,600.6343493713357,601.8589519405734,604.5394495298408,611.2398826800356,623.4336657315052,639.3337587107394,656.521376200993,675.1020915114905,692.9195590596519,707.9465758792421,721.1856102302418,731.9527433296171,739.4911377676008,744.2811056694209,747.5786741921238,749.3784378492192,615.722607580818,624.6747377092615,638.2422108054411,652.8483342705326,666.2347097090615,700.2673754482939,712.5617802447605,725.2522824589787,736.4861862469124,742.1766804775925,681.736231220958,681.3442780095156,681.0377730652872,680.8477771452599,663.4805034604196,671.3797695625258,679.5655818895111,687.451410506611,694.5927788919844,631.9183945312998,641.3203373669658,652.1538747888426,660.6977174344875,651.3624284053149,640.6191418174953,698.3747621655593,707.9823352514095,718.515937474177,726.3868663528738,718.3519017495255,707.9157923266903,651.8057822491924,662.214774148134,672.5692330045204,679.1108973143364,685.9639592266658,694.3277160108491,701.0322379264662,693.1623208439587,684.6664207054173,676.9653627047373,669.4383197883835,660.3763058217451,655.5628933548005,672.0170279089698,678.784960339186,685.7452865077958,697.6303435144982,684.650148805059,677.4471024328077,670.2899056741726,299.1370981308951,320.6684328927413,341.6894550793377,362.5448891964443,381.4998928657378,397.23786976103565,409.30697665262596,418.5022774419185,421.8606784779713,419.0841018313922,409.54727131745767,397.5055383638637,382.44894383101564,364.77522064283403,346.0007602223204,327.0123395583387,307.8051422238236,289.3043518821646,278.4218948075495,273.61613318302216,273.8243552946774,277.50445900812974,279.6497926445131,276.8368398458979,277.33999361660335,282.4421075729124,293.3913847766821,303.07155077405423,315.4814597286436,326.92709919445133,338.5567400343707,348.81521685499774,351.21363121079594,353.03781657865056,351.65703356544964,349.65959542546625,305.65172807814815,299.57043103443266,299.9503327830457,307.8696546260535,310.9265542579369,310.71824898495106,308.9144727936532,301.244385458519,301.8515809839432,308.62392789479327,312.9114350369964,312.5416235298321,373.6992353114165,367.7428188658514,364.5484258340066,366.3236568985685,365.0975262398806,368.9663438028465,374.9282627564544,381.7708602013472,384.9790302936317,385.36182189848387,384.3372743052232,380.45462424093057,373.30424671140645,369.9587911224871,370.9968662921956,370.4484173167448,374.60669175116163,376.7374652245753,377.2893792554687,376.28303013339246,0.6511728561563024,1.4563049255821536,-7.041946029631617,0.5228515,0.54249895,0.4359809,0.69906664,0.17506582,0.0,0.19652103,0.93098783,0.46690294,0.47213235,0.21695898,0.2170541,0.50817597,1.0,0.28004766,0.5619423,0.81722414,0.54080987,0.17443044,0.06173934,0.0030586545,0.0014450101,0.0005276587,0.02252166,0.010410117,0.060635857,0.901401,/content/data/frame210.jpg,0
601.4420572916666,217.60124015808105,142.5719943576389,196.10054969787598,0.9988351464271545,601.1349947756332,600.8153480986969,601.8283170685695,604.8140506375878,612.2211944652697,625.1993993760937,641.5870344231136,659.0484104767996,677.7663170319283,695.5819389020719,710.6041580234664,723.9771059091881,734.7465097479176,742.0593378711603,746.4642112349236,749.3665835650813,750.8681588692014,616.9804504009826,626.3568417570752,640.2399787989509,655.0981825000594,668.6444101140245,701.374017899881,713.7512595667042,726.551587660817,737.8199176136266,743.5514454873603,683.5810202973153,683.2726962738211,683.0740852205649,682.9800956253764,666.1306197485143,673.8350384572325,681.7714575986049,689.2658409106434,696.124963402553,633.2916566606301,642.8835045413745,653.7564989121536,662.3625009956406,653.0660590042062,642.320675040385,700.346668564023,709.8560423633305,720.3306153871274,728.354684279333,720.2243388369493,709.84991291204,653.721622755097,663.9864338931985,674.6632437440699,681.3847831977457,688.3042323944615,696.9569697907627,703.6633749699708,696.0181258042019,687.1749406055621,679.2123906455304,671.3660548014417,661.9819981246849,657.4154447036558,674.2299602662354,681.1033614341488,688.1207696418774,700.3294724375194,686.9115986193415,679.5225240493826,672.0887058876237,297.6281924455037,319.43075588221086,340.682124554417,361.63772265600073,380.4086552765839,395.8673839028079,407.7281947525521,416.83512869733795,420.02895152718565,416.92887984705294,407.132207304536,394.80993433246636,379.49776551524474,361.50368824746147,342.56834045976893,323.66452357940125,304.59000779238613,285.9195659126966,275.1941482507335,270.4458502871503,270.5619451803566,274.24501604329953,276.44434592092296,273.64679141569343,274.1971586341392,279.3886004971981,290.2044310722466,299.7991543248778,312.08331108669154,323.4257414769554,334.9275796793843,345.8318314465039,348.0524320629877,349.710371492934,348.4421922287986,346.60764886018364,302.84117855840736,296.68917313138877,296.9591915908686,304.68335218217567,307.7650144691305,307.65631839870616,305.7305626233592,298.1561948811517,298.717684879628,305.4819411385787,309.4973629130262,309.17111340040344,370.4975569591754,364.2167769502398,360.8309634355778,362.48419006087056,361.260319576201,365.0106881675001,370.84902558717636,379.7593121473117,384.1648587688826,384.8239080315484,383.77535107474955,378.9920226658621,370.10566481030696,365.9289697385191,366.93557431817885,366.2568743432523,370.68427379116315,375.7622085957139,376.4987105586679,375.4930878133109,1.0397637969951137,1.2182900130264087,-6.995889844866822,0.6243598,0.47046208,0.18784907,0.7162099,0.22570932,0.0,0.24430844,0.28376368,0.46711248,0.5476897,0.22924249,0.39702073,0.42243934,1.0,0.40790004,0.4781363,0.9990146,0.51685464,0.0981285,0.098858126,0.003189239,0.0020903803,0.00080460444,0.08829653,0.0049337777,0.092721865,0.8079636,/content/data/frame211.jpg,0
607.1413302951388,216.60088348388672,137.2482638888889,189.90534210205078,0.9990491271018982,602.167342361175,602.3829840791961,604.0025194972185,607.2434274459894,614.3392940275355,626.691360843819,642.7417970523204,660.2991682705508,679.0349335442472,696.7944143285324,712.1008029040777,725.6654320350706,736.2505699437218,743.2343420870227,747.5317596419434,750.715214521927,752.4290471364241,618.1509497740186,627.2415370539248,640.9825357981736,656.0906724048117,670.0067299942714,703.6157191497068,716.110584975899,728.9455577562527,740.0287739388825,745.8250988981999,685.4629400365047,685.4184961707746,685.4798509817474,685.7048955928161,669.4088431856395,676.7717872457672,684.3307352736472,691.5278434056884,698.0722433837166,634.9786884120147,644.9486550318562,656.0745560702492,664.8742852792977,655.3420404794705,644.3191060438182,701.919232139286,711.8072587774598,722.5347338710087,730.4445466591808,722.2266015072898,711.593039887964,657.6372157007474,668.0441095299232,678.3089853767817,684.5917071539263,691.0470971526972,699.0779760091006,705.3993280900766,697.7686613546614,689.4133368451927,682.0503656188879,674.7249516324193,665.957930500595,661.4033782879102,677.7081917872005,684.1762004752329,690.6574390915114,702.0495618739072,689.1478961287812,682.4061067079687,675.5541108982193,295.32905050334045,317.1948347866713,338.3111585762596,359.0480252041616,377.7864120139478,393.448147769006,405.40208067684944,414.1271504396922,417.21113636223635,414.1447812886279,404.6957736554248,392.54517120849016,377.4049581382451,359.5809169340897,340.61502697420747,321.72691377935297,302.67004429237403,283.9503206462532,272.7519334558221,267.05598072933253,266.35308306313357,269.5627804701925,272.06716921283515,269.75230530470736,271.0080414663677,276.85592782981456,287.90187880901203,295.795812966671,307.97201274397503,319.23311305423374,330.6801522636306,343.64109460718157,345.4020197896756,346.67237814615817,345.55082252472255,343.95368222394427,299.71839840155627,293.30429420042793,293.4207827678184,301.41690250062646,304.6650740059986,304.63314695636575,302.30698871011,294.46329839699126,295.15636869862556,302.39570665296344,306.5115794378914,306.0316753363903,368.49560661306714,362.5417721589432,358.6954761408897,360.43968054138077,359.0063794546724,363.08083061107226,368.648742353361,376.40141239011734,380.4556111614917,381.1600980490508,380.16600613055266,375.823329724589,368.1594523376731,364.8025821661929,365.8048646870857,365.11961145291093,368.42449914451663,371.02999360676876,371.7099222702325,370.77904604583836,1.6602793062450114,1.5203316317771727,-7.152585332193141,0.64995813,0.53407544,0.17833117,0.6891759,0.180349,0.0,0.22894697,0.09482766,0.46367297,0.17560129,0.18461856,0.13223839,0.502263,0.0,0.33908322,0.548299,0.9796198,0.377509,0.21669154,0.06018843,0.0015930141,0.00012597626,8.0527985e-05,0.011404765,0.0037950734,0.050515104,0.9324855,/content/data/frame212.jpg,0
606.3778211805555,208.4011344909668,139.08756510416663,193.62534713745117,0.9988700747489929,603.4164711022378,603.3324655354453,604.4914224414913,607.244812830035,613.8648967439013,626.0444748154929,642.3483685619307,660.4613924564392,679.7665523917492,698.2657117535161,714.1765039031819,727.7374668422193,737.61499531913,743.7528478787361,747.491041935488,750.2431201157386,751.5937598390095,619.2759659482892,628.282478951058,641.6011853880773,656.2021374517423,669.649897323894,703.8077732760024,715.945568419677,728.4282769938366,739.2165818948558,744.9161499600006,685.4716185750189,685.3373509296242,685.3143613173132,685.4289493006031,669.5552175139157,676.9560861358942,684.5644013860693,691.852316226115,698.5132932591087,635.0759647856129,644.749328886205,655.856199183118,664.7968801846096,655.315403176412,644.374341996001,701.8511633800402,711.4802240048596,722.1444403960556,730.1218635662985,721.8923579121491,711.3607057191705,659.0991055862083,668.7151064493354,678.7480987172081,685.1370366209096,691.697191739672,699.9511273191928,706.3749789654462,699.001434744124,690.538889206627,682.9681467385,675.4651543808701,666.8691582986569,662.9619559685092,678.2873093311771,684.8275355028819,691.3836051182516,702.9421451266733,690.2724589887723,683.3737056583284,676.3366822740815,291.36973835225825,313.30980561543504,334.6765036380772,355.60421085889163,374.47751923643796,389.8710451091065,401.206724369752,408.9223290937664,411.66568230067014,408.7323462614277,399.4775592948642,386.9827188530031,371.32036685710045,353.1898168454958,334.20067405989573,315.2996396559358,296.5267446422815,278.65649659344274,268.051956250107,262.7762210767451,262.13642432087937,265.08094356008627,266.9791515312801,264.6848851667912,265.63635735943944,271.08129469449386,281.8263555807895,290.39427248290593,301.91302384303276,312.4926910877477,323.264196952783,336.9611171352282,338.56111105708914,339.7389132131063,338.5608756213004,336.9791348976479,294.55112676867066,288.02584384496805,288.0285167336283,295.9144661753687,299.2852765329761,299.37062893097163,296.8298751448496,289.0849032684825,289.8216441726476,297.0163541386855,301.1531340611702,300.6643555146088,362.6149900772775,355.3978860129825,350.89308532980726,352.5844560360224,351.1825467074652,355.7899142995411,362.1775503818227,370.61220370293756,374.9461749476452,375.6187734485463,374.53232037855526,369.9668880552008,362.08458094360356,357.45146775557214,358.3564690782748,357.7580328508228,361.90634220237314,365.3547701998582,365.9372106428408,364.96379444976685,2.088587973859689,1.315407111796076,-6.851870552501847,0.65112174,0.5695661,0.43872216,0.7079402,0.19487956,0.0,0.25388193,0.11934436,0.46812838,0.22463621,0.13335454,0.11178001,0.52252495,0.0,0.3410882,0.4228041,0.923697,0.5267235,0.09420616,0.20789738,0.0030058464,0.000121737365,0.00011350232,0.016229635,0.0018514359,0.22361897,0.7550589,/content/data/frame213.jpg,0
601.1979166666666,206.12020111083984,143.55696614583337,195.72967529296875,0.9988369345664978,602.447506882314,602.578900853814,603.837093853721,606.9385403684737,613.9010103904875,626.1847962614811,642.4131802134252,660.1950173598234,679.3844590623412,697.7731892204611,714.0962389904525,728.338726715323,738.5707548772843,744.5520190151146,747.6941625918407,749.8844401081296,750.8554157281105,620.3322171575892,628.9762339216286,641.9394871315781,656.2118641675297,669.3556362167001,703.6767551491575,715.675780583595,728.0009425009121,738.6578188705462,744.1674898781275,686.1384353899266,686.1397373599175,686.1943921001803,686.4513281780601,671.2903286239707,678.3614466417566,685.6160514303556,692.3534661396698,698.417356373051,636.1334989538118,645.6240272066061,656.48228193467,665.4947842054862,656.2831925234823,645.567356512809,702.5685686917495,712.0423603303061,722.3749341747898,730.190744028172,722.3400329792275,712.0718296510677,660.4177382263297,669.9327939137911,679.9785353694751,686.2934958159385,692.6700268432614,700.5671328228491,706.3982504214073,698.8125812635117,690.3631040155306,683.0033616502478,675.790489899744,667.5621445548932,664.2474409555034,679.4694791027141,685.8501680342015,692.1979857233382,702.9856470785089,690.2764180135564,683.5307714939772,676.6669396984507,291.81175214470204,313.55979587399634,334.691454810345,355.4510723218773,374.1011344565559,389.19953445350257,400.1991369236421,407.99678919553844,410.91955782863806,407.5560093550739,398.30057068369933,386.0008461800753,370.6442361346126,352.25370001811825,332.9276634639755,313.87193267955445,295.09229653142756,276.2079497967752,265.6788274825376,260.41061590955724,259.722965759207,262.6348006443186,264.01357986483345,261.539437891337,262.36962575633515,267.7372910370068,278.3651670750696,287.26600791957026,298.0764327500656,307.9676667669919,318.1800953807033,332.69293087432743,334.06936514889094,335.07731391667767,333.99285691232944,332.60159697948257,292.93216032041164,286.29170037638687,286.03848821267457,293.4354767194709,296.8083139789378,297.1568639452089,293.89488313061156,286.3703785629332,286.9206708792444,294.0635302434639,297.87249245068597,297.4714786936529,358.298228697764,350.46658520933124,345.73083036375465,347.2802026522695,346.1162974791223,350.9372683605543,357.8933160305969,366.5413787013822,370.8259799455991,371.48675071549224,370.38930201058974,365.8745460712089,357.7033964080547,352.08890981636796,352.967375568609,352.529451662318,357.57899527537666,361.8502688267836,362.3589191029023,361.43205646616116,8.846239603978626,1.5187750395016404,-2.4511928612240634,0.7098081,0.67694473,0.21162076,0.7060854,0.22013558,1.0,0.1563486,0.05105593,0.4683173,0.35316542,0.20471436,0.17899063,0.45856357,1.0,0.17651458,0.42197898,0.9476682,0.50855714,0.13163805,0.21136051,0.012590211,0.0028106715,0.00076349155,0.042696275,0.003290704,0.25145254,0.6863962,/content/data/frame214.jpg,0
602.2395290798611,205.72126007080078,142.6379665798611,193.9361228942871,0.9987702965736389,602.7816846496414,603.247728757718,604.8265186294608,608.0949724128557,615.2435702406733,627.9075550841085,644.5449170685187,662.7167047437456,682.0362599807447,700.3490642316904,716.3062147441829,730.0903561427044,739.7521139024773,745.198341623152,748.0507437968856,750.0292205030385,750.8097498852056,619.8682023218116,628.6834652925876,641.7545477618531,656.2320507123417,669.6695529490571,703.0139667935816,715.1573998922802,727.5599228592921,738.0545467649727,743.3070050044146,685.5985722776466,685.5617159878882,685.617520599743,685.8818261116201,671.3895362567723,678.3594532105022,685.5957702563703,692.4018799365746,698.4093719388476,635.9302205612796,645.2432307075928,656.0292024047455,665.1310136652036,656.0301803379139,645.3500057510312,702.1861498345282,711.6536110001548,721.9351425749098,729.6621462575545,721.9194401586484,711.6793424331627,661.8749470352728,670.7975745836666,680.4776841956601,686.7296456185966,692.9318087426122,700.8681178660418,706.8292378033308,699.7788945161348,691.7249975988466,684.587569709805,677.5289174585272,669.2799956989888,665.7386153333047,680.2889639012816,686.5018773544514,692.6728159740462,703.2871361252389,691.3138495264188,684.8119394827983,678.140576508922,291.74378170182183,313.72765690222906,335.1267766179119,355.98536978371993,374.7157584331934,389.64521909271843,400.1753398916967,407.03456313361914,409.24467822241263,405.2580261588564,395.404662855074,382.8420778904999,367.328811936634,349.18122984124454,330.36070488358496,311.80294571323986,293.55578089140107,276.2167275838535,265.4431222330762,259.7495883919804,258.5262564197984,261.0625711736126,261.841255660583,259.57896332906216,260.84003242442367,266.6890784463557,277.56133020459157,285.5809647825107,296.340275663361,306.2257304335929,316.4525116223198,331.06545484875926,332.3584489538607,333.31350819592285,332.0382833445589,330.4443077659238,292.38693574879045,285.5283089767437,284.9973398162717,292.0351641717752,295.60617383174764,296.22127298747176,291.98829273666274,284.5367610368231,285.11933177723546,292.19516374807137,295.8914390176274,295.46384640944177,357.73757633611297,349.29529430141906,343.8425470262895,345.1115436224402,343.6987700434719,348.3944167182942,355.16772055533755,364.2423022724023,368.855108991471,369.81330316822846,369.00074474087785,364.96074330193164,356.9720835433692,350.5483110534593,351.0962171841213,350.42794898110924,355.0519499138908,359.6010314560117,360.37154569282495,359.7333645400522,10.074270809636886,0.7002534456506913,-2.90193237031869,0.72394353,0.6586515,0.45853966,0.7115181,0.21016078,0.0,0.23071903,0.2073541,0.46819067,0.4018803,0.2383998,0.5059248,0.44364536,1.0,0.29793182,0.42074642,0.9207909,0.3142417,0.16255766,0.39846554,0.007729006,0.0024301664,0.0006298411,0.049356043,0.0026426492,0.19968988,0.7375224,/content/data/frame215.jpg,0
601.4900716145833,205.8248748779297,144.03607855902783,196.35709762573242,0.9985198378562927,603.2493769643502,603.3906441114002,604.8048710162631,607.8431258857313,614.7668277037616,627.1186654000992,643.5130770047253,661.715324675266,681.2478444176149,699.7654625496566,715.6758075316452,729.4643715084558,739.369855044064,745.135959071361,748.3231599478136,750.4378484531894,751.1705668832483,619.335629985987,628.0165126745624,640.9564063829639,655.2569083999515,668.5469539079929,703.2418969724977,715.2777989140332,727.6349419406683,738.3370466273254,744.1166334265235,685.3072121014252,685.359851090056,685.5001561851527,685.8048527855653,670.9045008422388,677.9276135250707,685.1792662139046,692.0313653841795,698.2007868705246,635.3087049687012,644.5249379690779,655.3410984792865,664.571411145112,655.412816994613,644.7259998050542,702.1199196820085,711.4690843865983,721.8492457604525,729.8092355334907,721.9678660640748,711.681901514326,661.2249028919146,670.2023293172685,679.7552032562758,685.852365511963,691.9303569513531,699.8098292959439,705.7953794804866,698.7450695187104,690.8292779573108,683.8060458957693,676.7881928984343,668.5759137784723,665.103826145114,679.4594811259099,685.5964737369218,691.6851811710626,702.1765332794394,690.3849925340587,684.0193405383352,677.4618961123174,291.9096166977379,313.9271377024611,335.3722026835467,356.4453116948084,375.41054380941523,390.8650306556033,402.1415295143588,409.69439575419756,412.14274073046545,408.13779569365215,397.95615409148877,384.9868791759859,369.2393948429203,351.056163498582,332.03673344984327,313.1375528729982,294.5376476986971,276.4417734806352,265.79666159436874,260.12453670058926,258.85133467421883,261.2872431978633,262.4662764892364,260.0073068078193,260.91760457946,266.1459847653189,276.5867975458973,286.38173639646993,297.2121170176681,307.1670584504118,317.5146926370544,332.8713029859723,334.08070762550824,335.01929112903326,333.89436448219067,332.443927205813,293.04203611417347,286.33942717735295,285.8359860923845,292.8518096516573,296.34933197242503,296.96616176462703,292.6192248140849,285.13567547082766,285.6160413534694,292.52818099236674,296.2566168487733,295.93075510538665,360.07661541531024,352.3780650161684,347.2153992987737,348.7205120241215,347.15520434005657,351.84642246664,358.5072067214587,367.14667202010014,371.7446623968085,372.68401835080704,371.8130453305448,367.50315089134574,359.4818987734816,354.6396174233887,355.27287232156823,354.5863745189331,358.42518652572653,361.5888487295683,362.3651193217788,361.6560519207633,9.435199796148297,0.6865582197615696,-2.304193619303294,0.661334,0.6074707,0.36708978,0.7170111,0.18270871,0.0,0.2315725,0.057157822,0.46521816,0.14724022,0.14963679,0.30982348,0.51209253,0.0,0.25747767,0.42202163,0.98278606,0.6259239,0.04928365,0.25891387,0.0028705727,0.0004148683,0.00065688015,0.017059261,0.0023437378,0.46651086,0.51014376,/content/data/frame216.jpg,0
600.4102105034722,207.1545124053955,144.80126953125,198.43531608581543,0.9984366297721863,603.1025453914233,603.1315598401786,604.532109316544,607.4726493610187,614.3196121814962,626.577590505706,642.9263328853291,661.0313063290931,680.5258720989527,698.8916172032195,714.7257212535551,728.2205730736744,737.8979934807339,743.5223327779327,746.7837597807961,749.2640214513376,750.3084848337323,618.1966053576484,626.8860229312427,640.0699301294551,654.5402734773883,667.766164160702,701.14884693161,713.3077212379969,725.8764099963164,736.8986644738031,742.6638570861289,684.0591414581875,684.0581763205989,684.0915445334026,684.2595352466074,669.7773121904153,676.7090226070861,683.8010523124528,690.5598682653772,696.6730923307694,633.9526255191114,642.9631074660923,653.6398639766826,662.9006288094909,653.7120789774249,643.0600328277411,700.9743699260823,710.4915633002449,720.8117227616706,728.7750446182888,720.8632014974592,710.6042573069064,661.056151525398,669.6665413623309,678.3471591520297,684.2363009784833,690.2680418836433,698.0892472303494,704.9511342004496,697.4567130866621,689.7067717963096,682.999335226775,676.3318667079657,668.5946780076616,664.7424590618151,678.1273490662404,684.1173903502956,690.2523583978295,701.4609695891029,689.3731890206716,683.1170962057763,676.8270248704846,292.0907520914186,314.09387367568365,335.606364728176,356.7388470483818,375.71331010701874,391.31298507573865,402.742186978792,410.4483564408645,412.8172014927293,409.01931411583746,399.1386470871919,386.1906450633776,370.3220089578522,352.01997712762864,332.9622709519804,314.02571793009315,295.22571058718415,277.51975057028096,266.93859945375516,261.5282013542154,260.80065083425666,263.6827645716253,264.1801439699178,261.4791425589981,262.1624883580819,267.4965980085277,278.3076221895233,287.6197593091214,298.8797144007849,309.2842666284082,320.0526331473104,334.8210124019038,336.15247647808974,337.1952366765047,336.0299181975454,334.43271484091565,294.1524633955313,287.7708814043265,287.3751962828261,294.05868182764516,297.6063714779086,298.20270586542586,293.5118036449405,286.39996732920906,286.9854723052549,293.62328413301645,297.4895259602964,297.0433698201955,361.40520212975866,354.7834073280069,350.3959344301177,352.0190971492391,350.34289444234764,354.415888611572,360.235029576457,366.96122955616875,370.40374759568135,371.1352367285933,370.4142931431561,367.1879375370761,360.79072173625696,357.7864329347394,358.455315863195,357.68468188514794,359.9764010891288,360.99666506581093,361.7171402756537,361.0616415346392,8.151675988741534,0.7984255572720149,-1.4739510124131803,0.6080875,0.57084775,0.3493457,0.71770537,0.14574069,0.0,0.1857501,0.022860657,0.46834144,0.092986636,0.11675613,0.12674901,0.5847272,0.0,0.28931308,0.4378291,0.65785474,0.3307783,0.14400704,0.19031703,0.00077805656,4.4560347e-05,0.000250824,0.028276809,0.0025254753,0.044245932,0.9238783,/content/data/frame217.jpg,0
602.9937065972222,209.4509983062744,141.90961371527783,197.75519371032715,0.9981436729431152,601.2349214652065,601.3915228913665,602.9721590853433,606.0207877838614,612.9368097434221,625.4522326354362,642.1935778631075,660.5211357750471,680.2252416519332,698.6185646662466,713.9849956249225,727.079203045447,736.7363829315877,742.5573901228142,745.7369867800708,747.8473541903668,748.5642143158441,615.7021301038401,624.4182586885438,637.7732987513576,652.7078823413757,666.6347513484237,700.5543175612604,712.8448314412151,725.515169021362,736.4918235983168,742.116758986316,682.8118703294683,683.1630513084417,683.5550534693596,684.0916271135256,668.4209821663984,675.7417010238123,683.2438308545557,690.1960487270048,696.4466118691917,632.2461870966669,641.3438013666212,652.3030369257089,661.6295878693853,652.2468406139052,641.4035974673385,699.1566800667647,708.7563481976088,719.3577477652127,727.1816379032578,719.2913956638608,708.8594761385502,658.0839796686132,668.4189807120515,677.8316012649213,683.735467251654,689.8015288355305,697.5270153135659,704.6030970426636,697.0564684460169,689.6815264420388,683.082215184113,676.3874140442374,667.8015921603873,661.8427321489145,677.439259634715,683.6140362582398,689.8570886424181,701.3938958345375,689.3656361245178,683.1372940761753,676.7943811429575,295.636180502471,317.40716635933836,338.64464794019,359.5486858123934,378.45730906212566,394.1041557976723,405.73438776690296,414.02544422416554,416.59600468871076,413.0213789360471,402.7915285047277,389.62570720887925,373.5401671406896,355.26138672214415,336.19973354605804,317.42254148919756,298.65367350218264,282.6211755103242,271.5984379774528,265.4639521151091,264.01879599249753,266.3909508024568,267.373834621427,264.9238635493515,266.14296848719334,272.06869488165125,283.27318285714057,291.33550066443263,303.16489502187153,314.1166764011655,325.43079174001605,340.28448262749066,341.86172766472055,343.04214724822486,341.78256059772707,340.0305313105707,297.6604570867431,290.93883080079763,290.47321331020896,297.65580352857967,301.42575142312523,302.0142921575422,297.57579486064174,290.18245786459204,290.86189150101006,298.005216438342,301.980401806905,301.40358690749565,366.4247211186773,361.4138856736099,357.88919019546597,359.551924915188,357.78262512797824,361.0380648821115,365.3119549354642,370.14860020186006,372.7175764763922,373.33236950245464,372.76531434509025,370.4915914842479,365.9682056483871,364.2406322945578,365.0014395483447,364.0856645643487,365.2572862354589,365.02547114506115,365.8303669726945,365.1282737612678,3.035431652310895,-1.1228698458613977,-5.770767787458562,0.6025522,0.49113187,0.22440478,0.7137708,0.12904747,0.0,0.27719754,0.22244933,0.46936512,0.05452912,0.22985572,0.23298427,0.6472788,0.0,0.31617165,0.5535531,0.037333194,0.18599173,0.31338596,0.09421186,0.00034568715,1.0900676e-05,6.687333e-05,0.016844725,0.0047973734,0.003851582,0.9740829,/content/data/frame218.jpg,0
598.3271484375,216.2541618347168,143.44677734375,194.43442153930664,0.9988058805465698,599.1408054438864,599.708720019596,601.7474528942042,605.3588070300816,612.6592138982999,625.2672957503651,641.6530355222994,659.5014684087787,678.7551027330926,696.6735644870308,711.9590353923425,725.3627177734559,735.4552467217375,741.3924235793858,744.428231654891,746.3671780869942,746.9397167513603,614.23968568001,623.1917335741487,636.87293776334,652.0210906193438,666.0705669640668,698.5714573560839,710.6897821610105,723.2109380998493,734.3477183835997,740.2417139020642,681.7275642707615,681.9507304381953,682.1743833518035,682.5682027279729,667.0005024837257,674.3002765819173,681.8070290604865,688.8562262281102,695.2518484468513,631.4179038519597,640.5529544006297,651.372098038017,660.6433749338607,651.3324977599733,640.6336151952403,698.5747394160026,708.0884854418524,718.537062263172,726.380211976368,718.7608264330486,708.4526411154521,655.7816637484924,666.4034457192046,675.9389423455322,681.9173257435997,688.0482136716154,696.1423158052852,703.8522222300046,695.8294214573639,688.1170256736384,681.4641650552572,674.7687489142022,665.930822137404,659.4584887215815,675.6553640243417,681.896006261162,688.2898761936755,700.5971975845948,687.712456160532,681.400067537609,675.0470147485752,300.314239706644,321.739081830439,342.6574019781465,363.35910617122386,382.17170674045406,397.66628380227684,409.209399792395,417.46670096481574,419.72772038698554,415.7650363392033,405.2196526573175,392.26235823920587,376.7252117476757,358.8187239496271,339.95191376360515,321.17294040150745,302.3922425672491,287.245501275151,276.1762813604036,270.2766256792828,269.1983229721579,271.9579999429406,272.4298238703119,269.30489257027875,269.75409670757523,274.8682414124909,285.5795777257712,296.00869860714926,308.2334678468947,319.6314013602306,331.35205454069336,345.2595192122842,346.96030769478284,348.1982840076528,346.79991787680973,344.8163298669997,302.5890479525822,296.07618944098465,295.65171896286313,302.6584649105647,306.3125936048944,306.8931009994867,301.742450331493,294.1502738993212,294.3917278158779,301.1415482721944,305.3062737034427,305.09808541114603,370.5574979948102,366.16735345669235,362.9984272560125,364.5494369871394,362.76846054917104,365.39868389812057,368.9625976657883,373.9814930978957,376.7114437844577,377.4473205579103,376.9968717411108,374.79163343052426,370.2604159440392,368.9738901770338,369.65800497160006,368.62835602136226,369.16572379787146,369.3213574103693,370.23905474050093,369.64415356618076,1.6454156901397874,-1.3466117267052846,-5.397885438491373,0.6689005,0.51124865,0.20715849,0.7325415,0.14495462,0.0,0.2254545,0.15622532,0.46693823,0.13086753,0.2569238,0.48193672,0.5992408,0.0,0.36392856,0.56780267,0.03703267,0.3582641,0.42684487,0.06270978,0.00023953419,1.3013595e-05,5.4584372e-05,0.019454818,0.00513471,0.0022125621,0.9728908,/content/data/frame219.jpg,0
594.5698784722222,215.74271392822266,147.17708333333337,202.3179702758789,0.9982653260231018,598.6847070302956,598.7654908792297,600.0130351709502,602.9412525286762,610.0245562247577,622.710333802824,639.6813020434384,658.1671067340646,677.8869254165899,696.0428223261146,711.3008329029677,724.4890838507675,734.112382978334,739.7281954205973,742.6640100054958,744.4432661383822,744.8990852978222,614.9964276918814,623.5674167951513,636.5032227371912,650.9153218633879,664.3927305128269,697.2015948271883,709.1093150464301,721.5468875950443,732.8281911098244,738.807628550926,680.8858186933833,681.2720472519234,681.6114045365364,682.0845887866565,665.4990242627748,673.1475869845797,680.901042089546,687.9808763852188,694.2905110255999,631.4371745949466,640.2601166930738,650.9446182184558,659.7439944414394,650.6216420027175,640.0892442007829,696.7519402749397,706.0537971031112,716.488017023614,724.1532574679261,716.5781707860608,706.3233467231909,653.3364423959868,664.3299122972921,674.2227465740294,680.2266832638986,686.486943163113,694.6468426863527,702.614539597583,694.5351851532805,686.7786188029007,680.0086066667761,673.1261700394077,663.920255337243,657.0849142828895,673.6824607193403,680.0758095677077,686.6083685596926,699.4945537551146,686.7063510838543,680.2412699400699,673.6990009682129,304.2653905346122,325.7107855134594,346.7368859069302,367.52671977079115,386.11198301828676,401.3814400840798,412.5318686987686,420.68789001842305,422.95157429764475,419.2786550261087,409.04540708840864,396.1799731763492,380.22759050684016,361.9188373866051,342.94811253874104,324.2580364980829,305.6886478376506,289.8917406133627,279.5448381571623,274.26175532323595,273.6726084446461,276.58299764260727,277.51258712397777,274.1858626415101,274.3571909674312,279.34186918893135,290.1187240549131,300.5733913696916,312.40791049626296,323.4094624001889,334.72552503814677,348.5697278154732,350.37591430982246,351.7289732337871,350.24373702793014,348.1427491774708,305.81364754872845,299.4469034663737,299.2603951570165,306.44332744314715,310.13790966530644,310.42155395065464,306.02663038591817,298.4572524776139,298.78402007148406,305.66579103704305,309.94844929053363,309.7023570137808,374.07445874621226,370.0572765519461,367.4128337177484,368.9694259753911,367.3068487809651,369.70684902202447,373.464321814263,377.60742985777665,379.60082650056484,380.1169169955732,379.62432725661836,377.76454051570363,373.81208669694695,372.9772599625079,373.68893926220824,372.7791098069407,373.48115148131365,373.1571767728612,373.8835006323683,373.22270104836025,1.6108218752865826,-1.3909642919956526,-5.973995227344133,0.638544,0.5674277,0.34893724,0.7237083,0.14843743,0.0,0.23549318,0.012695766,0.46817982,0.14133614,0.22511823,0.47749543,0.5713046,0.0,0.44793832,0.57716626,0.028836941,0.17611727,0.11931345,0.04680437,0.00041060554,2.0581068e-05,0.00026264673,0.027890883,0.004240284,0.00833544,0.95883954,/content/data/frame220.jpg,0
596.4874131944445,217.36669921875,144.92952473958326,205.9116325378418,0.9978758096694946,596.9891029242774,597.0927950397428,598.2923790122725,601.1444460756722,608.2432579336141,620.9873436755521,637.9732329855939,656.460960573916,676.2554547738275,694.5825004532333,709.9854299493106,723.1304325183404,732.754218450211,738.399160955385,741.4660351353336,743.5261657253739,744.1717947667282,613.1136723995568,621.921397479809,635.3449055389957,650.0639575136587,663.6986937981142,696.2176119298441,708.2388720927939,720.7795427856943,732.2079588716854,738.2512039932424,679.8294563753824,680.1045302537357,680.2927681527149,680.5867232599619,663.5998471774273,671.323595310268,679.16666927501,686.5304958230568,693.1055376785422,629.6372072488637,638.6290169468563,649.3829813979323,658.359289931018,649.183218879913,638.5421809674822,695.8494279664156,705.133881984314,715.5826833599774,723.432090342211,715.7096235408163,705.4243171120715,652.442506332001,662.6954260038524,672.3231516617208,678.43333530537,684.9920291389583,693.131841793054,700.6557022203206,693.0107486074343,685.2688409151349,678.1996322319796,671.1175807784692,662.2763864371709,656.2723839321409,671.6734577068137,678.1938146926559,684.9590532641586,697.5254389536647,685.2265422494695,678.4816871575215,671.7703528744362,305.9484831635725,327.8198757219295,349.16780020075714,370.3005788202397,389.1064742617539,404.3634939804127,415.5735387865226,423.8752999530333,426.3385786542351,423.20059794300795,413.2617812107958,400.309803123733,384.04692349202514,365.3636676706345,345.9022754628372,326.7590805641272,307.7061753485164,293.54087211376174,282.7790282106903,277.5607101652401,277.1926955732096,280.2762270619561,280.6861721209605,277.27454614230254,277.23968509020307,282.1146725838926,293.11153034769563,303.30506693460177,315.33359533971935,326.5170120164688,337.98808023886903,351.6240683988751,353.45641655048246,354.90915185128097,353.51506323804483,351.5478807256556,308.6456932213533,302.3254890441432,301.9923723240813,309.0108284996172,312.6269814873608,313.02559339064464,308.4270126545712,300.79044660787446,301.1337550677136,307.9116523102258,312.1388457542558,311.89087129958773,378.04267797585874,372.8957168367972,369.7109454358699,371.54538495604424,369.90554580823607,373.3039608178475,378.45357298748684,382.51339067039106,384.3546050464867,384.6581038638143,383.9618106825266,381.77347330814916,377.60203250996733,375.8613658325127,376.76143489755555,376.0366431375554,378.0873625690441,376.87526720498147,377.38588515018193,376.50946916907304,0.18329704654489617,-0.46462890064195556,-7.223392420228929,0.55889034,0.4884521,0.27996516,0.748905,0.11403495,0.0,0.22597516,0.004826885,0.47090438,0.0504715,0.14140207,0.19963446,0.5895057,0.0,0.4018961,0.58447045,0.012079934,0.10072444,0.092267945,0.027668422,0.0011447829,4.8452424e-05,0.0011454457,0.014477982,0.011004682,0.019221717,0.9529569,/content/data/frame221.jpg,0
596.8444552951388,221.5228271484375,143.0402560763889,204.7507553100586,0.9983115196228027,596.4110421230451,596.5158374753117,597.6720388890128,600.3049859600753,606.9675583466867,619.1986400815944,635.7567597320814,653.9724128574042,673.8243789753722,692.346066894576,707.7981659334498,721.2004747651002,731.2774212716616,737.5575124068116,741.091315810587,743.2544430168939,743.9086899605624,611.0365967903897,619.3779304564849,632.7023649513185,647.4806734071291,661.3001499719994,694.728369902444,706.9525099475253,719.7685681769912,731.4521644003686,737.5039559517596,678.2856302167171,678.756317792701,679.1451842272094,679.6326402311491,662.1793354913781,670.0892958564655,678.2084808032048,685.8388624138018,692.5932730639166,628.210271518467,637.1363912952223,648.0420715881423,657.0474276788324,647.8492346666499,637.026759459696,694.7965273379956,704.1820288161655,714.7598900037771,722.519937693956,714.9221410197797,704.4768016702228,650.5481680645788,661.2524441605879,671.1184672753288,677.2379183351532,683.8512252268795,691.9524115727824,699.2911982759302,691.6272798094215,683.8736173022895,676.6727710558371,669.4829524305644,660.4567859153108,654.4360855189855,670.4478912511619,676.9909904192021,683.7820280023454,696.1134859863444,683.8081984658887,676.9916347954729,670.2061329902924,308.41218626961046,330.09210141866623,351.2775969065831,372.28112932257716,391.23245512033225,406.84368580826157,418.5082289969048,427.17668613483437,429.7584382434281,426.65731886057506,416.5851319514684,403.62978593310453,387.4588265844999,368.90669188650116,349.4705901042962,330.1993021982618,310.87737217530923,298.4302779405334,287.2119579969568,281.70954847362026,281.0475177574989,283.83553617486507,283.8116356731847,280.402109020181,280.52712533917247,285.67214767332035,297.22918253914787,306.6530463728028,318.95678153224236,330.4145092277915,342.1347177392821,355.24560740246636,357.2114529555038,358.6855661893498,357.0592044166136,354.88562074082165,312.3280608672204,305.72089751743954,305.3076180092172,312.4668214391696,316.3035402698787,316.7696000526451,311.74253518834047,303.80428816945675,304.1596104255958,311.140468077691,315.59724529742846,315.32332680268036,381.46967133561304,376.7388218495174,373.7027112454383,375.4861543790955,373.79769816571934,376.93037734092593,381.8125966709969,386.23317898270557,388.421056095777,388.82503608281854,388.1903108111721,385.81061459821774,381.1138877646437,379.4369717444808,380.31972330072165,379.5161128664664,381.52305205168216,380.96108271897424,381.60728960417305,380.7347162640277,-0.14213704391754292,-0.43895319664554694,-7.728345156963463,0.6195421,0.44328532,0.269844,0.70915896,0.13856155,0.0,0.2640104,0.4506111,0.46394044,0.06270271,0.2763468,0.42001653,0.5958344,0.0,0.64175075,0.5916231,0.022840278,0.27401564,0.09284113,0.039955005,0.00027714486,8.916636e-06,0.00020928134,0.004471433,0.009563309,0.0029935187,0.98247635,/content/data/frame222.jpg,0
596.1902126736111,223.9859962463379,141.47764756944446,204.20700073242188,0.9987655878067017,593.9538215285202,594.4820191341887,596.1033059321926,599.413019763907,606.799011675017,619.7187984319044,636.8447984477916,655.4513379736363,675.2180265943971,693.4891826227067,708.6060073422814,721.4375591149073,730.9068628429995,736.4345560227157,739.3151704625452,740.9301438071561,741.1382650272753,609.4975985546153,617.7597510061405,631.0594696303688,645.7164602343983,659.5320708900126,692.09100647581,704.1808790122486,716.8316228275544,728.4142135830989,734.6464428828003,676.3646139970624,677.0692669652308,677.6897454235004,678.3912288847023,661.2479061256709,669.1993081372602,677.307418168406,684.7472150163267,691.3247599091264,627.1524753562353,635.9493177906024,646.7281464096777,655.5563698842179,646.6039733061025,635.9751339360555,692.9011295352466,701.948932654861,712.3835046174972,720.1519223743562,712.7567177143101,702.4663510156388,649.7080525930942,660.1943444827739,670.1737051361088,676.3996684519916,682.9406106514361,691.2446166615446,698.5985739129574,691.2301128808176,683.3619213816164,676.1158150032024,668.8356181673698,659.5779411048898,653.6488744162343,669.6680738358009,676.2494016885285,683.0046872738421,695.3650341421053,682.9922283363194,676.1903641440185,669.349501870609,313.59781906323224,335.0485821228831,355.946543731312,376.6147087816571,394.93350965662466,409.6880173724603,420.36044841781404,428.078387759575,429.99566195988155,426.78240995481974,416.9063430953429,404.0244881798935,387.84576177835334,369.31689708222257,350.1243931301906,331.1523378815946,312.2081728337016,301.3045211430326,290.0998466236706,284.665610081398,283.9475999052993,286.5623701225595,286.2172151957129,282.58615060295233,282.4448519375419,287.2186844579828,298.3526585235595,309.43814789616226,321.62288655125303,333.00692303166943,344.6245098180516,357.70098998847243,359.47277359479995,360.8458858064223,359.0906800360717,356.9026539895058,315.8178542089554,309.04089328567716,308.4820595470028,315.4910809619123,319.41961911980434,319.9951621486616,314.3097239217641,306.26442709204457,306.417958301623,313.2662112226135,317.72983372596536,317.66746600823717,384.2961768842688,379.0737495828944,375.80953716397926,377.43558187393865,375.6774548990106,378.63828561653645,383.43924152147883,388.79686217069684,391.45260228215557,392.0398520383569,391.5408956905085,389.10389537780793,383.9831990258426,381.82308508901406,382.50612114330943,381.6092383079231,383.3365027564905,383.6201955390279,384.3971045024191,383.6854114312191,-0.010523057719896029,-0.4181311782592594,-8.30643215119668,0.66024584,0.4328672,0.15906057,0.73719126,0.114721864,0.0,0.2220418,0.018410401,0.46501556,0.098730214,0.15547091,0.5955922,0.5777491,0.0,0.55117804,0.57843256,0.013598156,0.27238762,0.18708146,0.034231365,0.0003827329,1.9693793e-05,0.00028071832,0.004931237,0.015820991,0.005408106,0.9731565,/content/data/frame223.jpg,0
595.4717881944445,226.9592571258545,141.66856553819434,200.08017539978027,0.9989725351333618,592.5937820415231,593.5580506476005,595.8814063044167,599.6625044295927,607.111369486328,619.783934258,636.5432983629723,654.5377960971463,673.7104058813363,691.7841213220183,707.0954278259201,720.3069034065213,730.155901826769,735.8024334739455,738.6279818780031,740.382949953967,740.5393389155279,605.5543276121273,614.0456843774191,627.420618479154,642.1156067900596,655.9422413848606,690.0850084910189,702.2156285537021,715.0063508529297,726.9198180877647,733.8372676429115,673.8019380736994,674.8274249155304,675.7732861916472,676.8014062297564,659.8926010805766,667.7743800629103,675.7087585719842,682.8014587881187,689.1596546620028,623.9413361665072,633.0643595107097,643.9949790793149,652.957563491594,643.8155568057452,633.0459843801602,691.0704106438554,700.2799287614541,710.7696095956951,718.8129079790772,711.2019117324842,700.8129220341823,648.1107865042225,658.6205383046594,668.7298009863846,674.9696318253978,681.5217683295045,689.7516372557004,697.0806811486448,689.6739007220988,681.7111008662405,674.4422197839112,667.2616223311454,658.044040049945,652.235624075062,668.2464234283098,674.7725284974715,681.4987135512217,693.8151456817038,681.2027508760716,674.4225996094694,667.6707265811583,313.31491971040225,334.6898117883004,355.17629349474737,375.4465955111011,393.6910536952296,408.52247448829485,419.6079732238559,427.83133071360317,429.8793992948497,426.59362828694543,416.74090904587,403.8422829426372,387.52609721995054,368.6550671192756,348.93553245052726,329.5307219804106,309.9918331628503,303.07871979505285,292.34407299727616,287.1274678858987,286.4179932191397,289.03135466006927,288.13218252991624,283.97134601756807,283.325969644992,287.4766239880365,297.9169323920629,310.71956131793934,323.1666300365994,334.8381723633829,346.71461743098166,360.2826621336776,361.6579919984147,362.6565458217924,360.74730678996957,358.647132406285,316.8359253042927,310.2911660430194,309.615142986587,316.5554541235505,320.3292250938656,320.98489096711535,314.59092512531197,306.31428834348094,306.2284447137296,312.5593855750503,317.31150344947855,317.4860743451228,387.20695096887357,381.614471399645,377.8566999588893,379.3893489903942,377.30660522120274,380.29479642798174,384.8753701514006,390.7531937455708,393.83376148482375,394.67377971924,394.3426982198155,392.0493559917725,386.83174912094137,384.0291839409199,384.5842445433266,383.4674544827219,384.7772549683423,385.56053068513506,386.56294843783394,386.0187640809238,0.08721109290296186,-1.3479241609897206,-4.300320316571262,0.56375116,0.51411176,0.19995528,0.69809604,0.11387402,0.0,0.15259272,0.6224438,0.46011487,0.0493474,0.14286847,0.45976147,0.50082666,0.0,0.38859645,0.5915661,0.16983789,0.3138178,0.13780744,0.05014643,0.00042615854,9.819221e-06,0.00022944562,0.002428156,0.014074759,0.00470255,0.9781291,/content/data/frame224.jpg,0
594.8937717013888,228.82166290283203,142.80908203125,198.9191780090332,0.9987757802009583,591.0212658168284,592.0821232187124,594.6334289103373,598.8567830803149,606.847810288882,620.058735818693,637.2044115403489,655.5868964125921,674.9252694737895,692.9547908769053,707.9967855418557,721.0797390496148,730.7137864505828,736.0368221544333,738.6091672176308,740.1560856786459,740.0631923180392,604.4968499233473,612.8241656096753,626.1484085189552,640.7723048082294,654.4576423790988,688.7865552364102,700.7287657554471,713.4230866785877,725.2568386147015,732.1517056719582,672.9841126716728,674.1630288701526,675.2493504920006,676.4737672215297,660.0017568827329,667.7295269537129,675.5329960789292,682.4737478180601,688.684797951212,623.3241458814119,632.5658401258827,643.641349472501,652.6114277419889,643.50982761227,632.5816543348449,690.1859028693946,699.3439020313458,709.904990739873,717.9846073970261,710.3864740016732,699.9092866788861,649.3970741694732,659.5867886248901,669.2571240510117,675.2866842610667,681.5249521915597,689.4497702940488,696.6678931566333,689.6230080883125,682.0318320912344,675.0293885751711,668.0302174550245,659.0929983088819,653.4543400188744,668.9201241828342,675.2161854707763,681.6215020989081,693.4103937553475,681.2198226140483,674.7474076418176,668.2299616562127,316.02106208039805,337.5799620742366,358.2424247762407,378.5551821772257,396.7837648467297,411.63866383209995,422.7819544576172,430.9335495971274,432.7965815036871,428.94322148941154,418.576128947506,405.28855110030054,388.7253903074179,369.6501107640117,349.76586649440264,330.27150685654533,310.7480869201676,305.1436963065304,294.26781022472943,288.94649608568733,288.2191989793165,290.8176236151886,289.7588683719859,285.67680345266007,285.0178994209464,289.2103863607453,299.56489440618026,312.8788577239394,325.1757532769119,336.64858128513595,348.37370390462655,362.8228400241454,363.9763453569423,364.7589174986872,362.88219844051105,360.83946931470444,319.52752678580043,312.7577933028332,311.9650269364176,318.9838751154889,322.99800225002423,323.76270426450276,316.9558148600737,308.5623967762301,308.43676522864894,314.7917438708983,319.7633598228255,319.9869356029717,389.79546377214956,384.3046252968187,380.2333663979218,381.68111703485533,379.4791360503765,382.3945704837181,386.59897321299604,392.8549120814388,396.42162444122755,397.44430507640175,397.2451015319301,394.80289823155533,389.3692555457235,386.70216750683596,387.183181250961,385.9231950005993,386.54408232844696,387.6103427405453,388.7789722336003,388.3365869890996,-0.671701618714158,-3.2614716829150696,-3.1041145315741883,0.6350989,0.45975515,0.12144735,0.7251409,0.11756003,0.0,0.15227358,0.17259566,0.4652857,0.060701195,0.1650981,0.4362081,0.6127217,0.0,0.53124255,0.5812579,0.24123077,0.21059817,0.18348649,0.06665091,0.00043620588,6.1655373e-06,0.00019064585,0.0012187941,0.016767543,0.008625785,0.97275484,/content/data/frame225.jpg,0
593.9421657986111,228.34550857543945,142.52587890625,197.85707473754883,0.9986417889595032,590.9442323292399,592.2672843864783,595.02385069422,599.1944017121784,606.9770155032679,619.9311293973165,636.8616062880012,655.1616983300746,674.5050853027442,692.5899066186826,707.7388011967419,720.7674811398983,730.1832527374368,735.2652353714961,737.7864282632645,739.5345627001893,739.6334416117697,603.9228819772533,612.2953692580761,625.699624903885,640.5130854756849,654.3853141926461,689.4945593943353,701.5514324306323,714.2893486529742,726.0121108801254,732.8211983156998,672.7954721764422,673.8318680846546,674.8199920639418,675.9373648051387,659.8896726668413,667.5325158023957,675.2674308141118,682.1524711791913,688.3447789377356,622.4858196962282,631.7386823785444,642.9974482018044,652.2637409810277,643.0150813954253,631.9068557785395,690.0395184793701,699.2622306648891,709.9672066544631,718.170660810963,710.4594218288839,699.8620847403377,649.9658995164839,659.508634353645,669.1373911550313,675.3630972578335,681.7290197991556,689.7060869585821,696.5649747218868,689.7273996308077,681.9813895759144,674.8016795819631,667.6400273368563,658.8774410267731,654.0655533500585,668.9227784894929,675.3160989945791,681.7960146134424,693.1443474370449,681.0823089788605,674.4699887375918,667.8033254277002,316.37007973603863,338.16704918111554,358.95126336801513,379.3477878765484,397.6599585147337,412.5307977250054,423.5872063768488,431.3900077688213,433.0746570479746,429.22868203643156,419.00036834825323,405.7046573212824,389.075366982152,369.9335729814966,349.98854880143926,330.4553431882905,310.97313373341854,305.76776119953524,294.68272337377925,289.0652350843309,288.128942221927,290.62375608246793,289.75496750061916,285.7289598465013,285.166969021079,289.4495070931471,299.85795248678573,312.6450534317837,324.89782332417803,336.2839061830805,347.8697918061375,362.52352762689225,363.55716392615113,364.2799550425184,362.3726690041003,360.34429981590665,319.5587654262981,312.6628069160513,311.7636626357139,318.80647479780987,322.9311773895779,323.7934207450626,316.7065892821979,308.30785387467495,308.24986670704925,314.7233715420359,319.69044830482335,319.85632910661093,390.1745829116189,383.3768452523559,378.600995238206,380.0577149696401,377.7742588512565,381.29212343414747,386.5308518567663,393.38951319061835,397.2789343533782,398.39707129397766,398.1684341542191,395.5081286675122,389.50614901571544,385.6190346030039,386.0509629356711,384.8149270094732,386.3605486047327,387.66285760133724,388.8387482041894,388.4366236482201,-0.2725573488590736,-2.868738430033378,-3.3154544678961306,0.60213476,0.41565615,0.19346012,0.7357392,0.1043551,0.0,0.2031031,0.13008997,0.46271938,0.07644195,0.11519048,0.5233207,0.5001236,0.0,0.60189885,0.4523209,0.48905239,0.31049824,0.037634134,0.051465582,0.0003317914,3.8188828e-06,0.00014121758,0.0009714109,0.0062697446,0.043294527,0.9489875,/content/data/frame226.jpg,0
593.7282443576388,226.5524196624756,141.7419704861112,199.0989933013916,0.9983481168746948,591.0186850546276,592.4891338884261,595.2639034631783,599.358612233405,607.1421528858577,620.1962544077338,637.1760884730468,655.6085776553368,674.9674722455848,692.96851897755,707.8587483707591,720.2545250922512,729.0037219985915,733.6802155295976,736.1627345200851,738.0108886370009,738.1667954891507,604.3674260331147,612.5206544716295,625.8332027880105,640.6036396674925,654.3532626190745,688.0991070937788,700.0207407167757,712.7268501129157,724.3626307725218,730.9435148251879,672.0326838252997,672.9964353896116,673.9017005233627,674.9738235842822,659.0331596701449,666.6745606379045,674.3496123082244,681.2668182577868,687.4447910419224,622.377825324922,631.4856592576177,642.7186568147207,651.8199542800126,642.6192070976958,631.5473996812107,688.7361207319193,697.9662535362137,708.7033624921513,716.7183247081382,709.1138070749664,698.518962409582,649.8219669565848,659.0371114559936,668.5201087122606,674.7768323999757,681.191969297712,689.1607347811109,696.0131456834243,689.2678673394523,681.6271499238395,674.5020301962916,667.3468768962935,658.662275667826,653.8854779796114,668.3333138474773,674.7566248896358,681.2706774792823,692.5468954690008,680.7873918708236,674.1832528044965,667.5132221593516,317.42804868523245,339.2805557476837,360.1902023083097,380.6733550513404,398.8299526187124,413.414947497035,424.0706852661637,431.3271466905858,432.7590175500992,428.85311513925444,418.5313922785265,405.08613516097785,388.3985766011017,369.4716584862931,349.8480583271961,330.5418826962702,311.38542634649855,304.12998312996183,292.544792449554,286.589807192308,285.5413877261459,288.1158516007131,287.6752666404249,283.67521916202793,283.2112723830558,287.79060894486287,298.54734866401645,310.84670181080025,322.8679133168494,334.0374544496576,345.44208055828676,360.6403356376485,361.5969241450887,362.29799231565244,360.4525439259844,358.49413854405736,318.00368503685803,310.7728283366016,309.9613736146642,317.31049195665224,321.4118974018172,322.25647592153507,315.35286981156,306.69520480987745,306.70592091384555,313.48732071657514,318.4178250734668,318.5462901550564,389.37256720694586,381.9692417556495,376.8417746957907,378.3232458079564,376.04469592994076,379.89832084222485,385.7138543411884,392.3566853071584,395.9504037562908,396.9743648722001,396.7436090599756,394.27578644064437,388.5912671031512,384.40009559637446,384.78107623352844,383.60892670846033,385.4610112502203,386.03082316792836,387.1124020335452,386.74205917667575,-0.29329725424708225,-1.3443900971867575,-7.650087857461507,0.65754503,0.4275181,0.2873203,0.6515527,0.11546178,0.0,0.28740314,0.015472798,0.4627418,0.048995223,0.09121621,0.43456778,0.48891637,0.0,0.4542266,0.43661162,0.23657599,0.33628827,0.028880876,0.04264934,0.00043051722,5.927769e-06,0.00012365865,0.0018922463,0.0042206408,0.04229706,0.95102996,/content/data/frame227.jpg,0
591.5666775173611,220.51965522766113,142.34423828125,205.69202613830566,0.9979618787765503,589.5392226505639,591.263559726836,594.2196276194488,598.6021722516826,606.8499313365944,620.2726215976659,637.4103731881246,655.7857919838373,675.1910160994021,693.1267522411758,707.7788782091199,719.9359406524727,728.5126029008181,733.0497842115378,735.2217963662273,736.5894609257234,736.2427375613702,603.6593098768308,611.9014819885335,625.1316846551927,639.8551723441362,653.6637499529236,687.233352493821,698.9842099857676,711.4764172604512,723.1876694018296,730.0934478205417,671.7100706480203,672.9170186957756,674.0030321292405,675.246422395925,658.9119370510064,666.6753213743682,674.4536974704748,681.373437805119,687.5068089020714,621.1411513406503,629.9669800887066,641.1992237581413,650.6652409254477,641.4494716075055,630.3887211657444,688.2192785573324,697.1031323806637,707.7781131726304,715.9070966644982,708.5447385839989,698.0466871924529,650.0204475750209,659.2792134148929,668.6329320528953,674.7736445576982,681.0672760869456,688.8499481571853,695.7393077158549,688.9262605470058,681.4077614614621,674.4293045762543,667.3466850305626,658.7203983960857,654.0003733643924,668.3944319273158,674.7369963674064,681.1870778587422,692.2931420002618,680.6448876713398,674.1112553680143,667.5145222665511,315.581036059869,337.6090112325586,358.75600275095024,379.40273396645637,397.56549468646807,412.0839893768451,422.6590152090198,429.99793669091025,431.2196558278076,426.92154842003447,415.9686975477632,401.97994648959514,384.9625778044201,365.81524454699377,345.9822031991962,326.41490904579393,307.1445741043316,301.8676466450547,290.60291834929956,284.864261944172,283.9373613882682,286.4358381525813,285.848702071425,281.5185440484168,280.5444466260113,284.4745347017687,294.7310258217775,308.1027675951011,320.12218967543765,331.33259302432316,342.77502311310843,357.72660201770316,358.81083527010605,359.61444725329034,357.58418753274793,355.4229888745916,315.3124420469986,308.07165856323763,307.15554207938675,314.398782507258,318.4854014624246,319.4429329023859,312.10434980201967,303.4956295823192,303.31170451169237,310.0251056777935,314.9560748092065,315.2172464969053,385.9151953561609,379.0244381346739,374.2640427159232,375.7916881751511,373.45052939509685,376.9504242118322,382.25534906417414,388.8465650755693,392.48922747102426,393.5530548462957,393.3401098819112,390.82873048295903,385.16581269028495,381.72667942549845,382.1040925228699,380.89492292684724,382.066855842971,382.77271970239065,383.89601395247496,383.52785485417746,0.13386938226003126,-1.7326390814772352,-7.82563861050583,0.5326056,0.42426774,0.15516065,0.6632316,0.12284215,0.0,0.21539782,0.11517707,0.46672058,0.052574947,0.14048326,0.33389032,0.5202782,0.0,0.44931164,0.5469111,0.17432456,0.14436758,0.043723047,0.058667626,0.0005969512,1.8049897e-05,0.00044419922,0.005392761,0.0047098193,0.06563777,0.9232004,/content/data/frame228.jpg,0
590.9981011284722,219.24263191223145,144.49788411458337,203.26984977722168,0.9975034594535828,588.5641988862595,590.1952848521522,593.1267201449006,597.4913075579119,605.4080943623883,618.474599624994,635.519685681101,654.2910299488397,674.4863958494713,693.0867688334077,707.9510714208683,720.0389352812332,728.3550064402366,732.7560903594908,735.002815429199,736.3330896376302,735.7556444674469,603.0010478209776,610.8349260199961,623.858868381685,638.6037113362223,652.5305251400741,687.9610324436176,699.4727887211209,711.7223697964805,723.0422549882798,729.5491811386825,671.8282318273997,673.1359996752436,674.3326023854584,675.7350190753068,659.1035673594499,666.907146297833,674.7706186163447,681.727221269721,687.8117315283265,621.2740899249004,630.2719962211519,641.4486141796006,650.9072974996966,641.6995353838608,630.727408356717,688.4283738226334,697.6411664299183,708.1611307863493,715.9701109604935,708.539159133655,698.1769283082388,649.429081771785,659.0128295064623,668.7739674901866,675.126998403628,681.6146749277921,689.266401357678,695.8303930541433,689.2832375111406,681.9285427006329,674.7443902736449,667.4027224005313,658.4827669132517,653.4531114562398,668.4257876947452,675.0147283025591,681.6031600456312,692.39613760562,681.2316887840005,674.5735716492652,667.7349965380384,314.5871576979062,336.95291168745564,358.3634829393686,379.2038930564047,397.7885930062889,412.8966563441408,423.9962467196493,431.42017621304876,432.8721854067494,428.4499617922149,417.0945433024342,402.4311986710699,384.9351348721492,365.4349290955089,345.1603329545542,325.3771547644064,306.10359734383496,301.09572129777894,289.42439957618967,283.1056443378674,281.68307660423727,283.8316053177398,282.9165138522735,278.9974993115667,278.4413246875973,282.73780055489726,293.34523876047126,305.34367327718485,317.2528747266477,328.327712467208,339.7328543117744,355.7331610881786,356.7395065408709,357.43422322558695,355.42599579093906,353.2511660397735,313.6428137792736,306.40171938766025,305.264217682476,312.1026183257913,316.1737761548478,317.25528092992755,309.9074412544437,301.9055213786374,301.94612151554946,308.6725791851299,313.2270058596256,313.17151052476675,384.4126325551049,377.05779235467094,371.991825763572,373.55393874844015,371.21992156699696,375.00494475164953,380.893251304748,387.0760015365371,390.76983615943044,391.841767007865,391.61514772978137,389.0657353725629,383.620664548704,379.7980289901243,380.2250392035917,379.02991947062503,380.5915090517585,380.75863477201074,381.88348755360914,381.5249269174316,0.4207723299997577,-2.038855125197781,-7.353082313010726,0.6053042,0.4419393,0.33453768,0.67749333,0.13612676,0.0,0.2560973,0.0023477327,0.46170473,0.04693912,0.1333801,0.7173798,0.5640684,0.0,0.44050357,0.5249195,0.17729804,0.325897,0.10992206,0.058754977,0.00096644333,1.5697033e-05,0.0002917797,0.0044893906,0.0025039427,0.109655246,0.88207746,/content/data/frame229.jpg,0
589.2328016493055,218.14401626586914,145.89078776041663,202.72161483764648,0.9973203539848328,587.928276355241,589.4722092843402,592.155176041267,596.3960245154692,604.6591807825948,618.2883358125832,635.8361070851372,654.8900284855536,674.9335526080326,692.9870399508691,707.3799273829482,719.1139901914821,727.2853701023078,731.7579576823596,734.170402047393,735.4815301368267,734.952694167639,603.7111706789137,611.7894692532566,625.1529230681381,640.3407464284564,654.5574687857481,686.2537192019236,697.9768056771422,710.4431508653615,721.7900260536603,727.9402671571534,671.9993916656977,673.311607238617,674.5348231630696,675.9386628446009,660.042467241502,667.6295205258116,675.1882557401545,681.9117311386099,687.7369741774678,622.3148159171467,631.0030259794783,641.7806398124824,650.9365475224376,642.2122547580518,631.5567653204876,687.9805559784763,696.9191192389872,707.2228657680589,714.8032636534363,707.723905659353,697.5857611154779,650.4764115099842,660.3254811937006,669.7191997923005,675.5942785743614,681.6335383631977,688.8917801407824,695.2973913662686,688.7576861771104,681.7592369543604,675.1044470128595,668.2606524415505,659.5717463897881,654.2884761206246,669.3585467691155,675.4787443288446,681.5900970228904,691.9612385285136,681.1850166743711,675.0224072587012,668.6489710446108,312.3727551549491,334.6619181755409,356.0760339844496,376.8974132945532,395.158392486454,409.93320411869763,420.6192808417686,427.8772326237572,429.32190368523015,424.59220600960816,412.9082109407541,398.19371839251517,380.7753359050853,361.71161990340806,342.13442319936075,322.93540975228734,303.9899249551713,297.67113841118044,285.494919317156,278.66412379844564,276.92610769166026,279.15329561996623,278.52834061042586,274.98044023823263,274.9144082409832,279.74777934223835,290.6679550103229,301.56864297434436,313.2509198192911,324.1189832787427,335.34677177547155,350.9204487762827,352.03133490655637,352.87899203418056,351.09691109655614,349.01683068430066,310.191466279628,302.98841791388554,301.8882978701199,308.4801515173606,312.6619315135665,313.77522460728846,306.5469031253392,298.75332222732254,298.8106906061362,305.3485615731486,309.82830479453605,309.81435600635996,379.31970301007686,373.295885486737,369.12750328707443,370.6761957688959,368.6350037660877,371.83461217738295,376.4908394687136,383.12996964802096,386.7192741414583,387.7216149200831,387.3335718128392,384.5360422956428,378.74671521137134,376.1349423733059,376.6727392064154,375.60989084664834,376.40401478721833,377.36401620880133,378.4112048063748,377.93143609206027,1.2803429049327844,-2.7318094462254296,-7.844179151800782,0.6402336,0.47754854,0.32670686,0.7566867,0.17064275,0.0,0.31516072,0.040606022,0.46522036,0.084375456,0.18856,0.5754562,0.5980142,0.0,0.5645831,0.53832537,0.15686737,0.26647547,0.47135743,0.07098125,0.0008626903,3.1712338e-05,0.00060857355,0.0023461764,0.004651037,0.05729803,0.9342018,/content/data/frame230.jpg,0
586.9730902777777,218.1130142211914,144.80913628472229,202.61511611938477,0.996953010559082,587.68929180529,589.2872048805617,591.8366443564591,596.2575980651264,604.8260999691555,618.6286383548133,636.1944507569214,655.1149905026963,675.1530716157783,693.1496418077825,707.7105405610778,719.6940951797227,728.0850282405756,732.6991008827032,734.8392164769339,735.7922790467768,735.0787284453634,605.1644557314177,613.1114576267285,626.1211587903351,640.8970270349901,654.7300279460692,686.4561177633432,698.4522081024874,711.1119235434844,722.6419894154667,728.9389644194185,672.2024383613358,673.3244940372389,674.3734077693733,675.6136325377054,660.2943154481229,667.8446885960528,675.4213360344628,682.273085508279,688.3586923232344,623.1776846641314,631.6328904653476,642.2336319295422,651.4351623575003,642.7890585467158,632.3073774429395,688.0165468604977,696.9241834805194,707.3102960191716,715.2300888795257,707.916981414849,697.7498889269548,651.2524234353783,661.1078184937948,670.4263224107816,676.3432404550879,682.3787333723711,690.3006131041149,697.5648385049255,690.3219165828824,682.8872633519312,676.2799097052823,669.4647384494317,660.6383883684624,654.9698297577472,670.1835352136437,676.3504865363013,682.5283359651041,694.2731322077658,682.395428343487,676.2165789554767,669.8383753811221,313.07249411457326,334.8708077681896,355.92032588137016,376.5417165321352,394.4067993344399,408.5443240545957,418.3946613483251,425.026695147587,426.44992694304597,421.8082177471703,410.53180819414615,396.3042726531569,379.5439418848175,360.88012355035397,341.5229421967376,322.3537676662854,303.6925724132211,295.0602216645797,283.18128596649456,276.5761061442097,274.83949582843127,276.82963927978716,276.17467324498443,272.77936247863465,272.7259805983352,277.57463062758586,288.45847648478997,298.9896483232542,309.708942922182,319.65932685922564,330.00987563128206,346.5266511178749,347.49117698819754,348.25827612977844,346.83549359135463,345.2090816786705,308.502970379746,301.35974004303745,300.28470418812844,306.6942977862998,310.86794636619254,311.9928932284998,305.0718784643642,297.4072780921853,297.51307812398295,304.09345461027414,308.39786597174486,308.4089452299202,374.9237390579834,369.07445593572345,364.9767100565416,366.5741231522096,364.84583133766426,368.287343117831,373.21093936507236,379.12900229021045,382.131198658568,382.78307061669256,382.279786799931,379.4908281095229,374.39380415451876,371.7983593089972,372.42898575700394,371.62217809037327,373.0608585309794,373.03035252907074,373.7805972857492,373.16217323850583,2.8787211761242983,-2.8244988784642837,-7.700221903739067,0.65305734,0.6305788,0.340449,0.69780695,0.15916587,0.0,0.2713249,0.028644342,0.47040585,0.15330288,0.21304497,0.42945957,0.60424435,0.0,0.24877219,0.5387089,0.039803248,0.1298661,0.06276727,0.12948227,0.0011869774,2.0965465e-05,0.00040929145,0.0010826718,0.007834107,0.015257706,0.97420824,/content/data/frame231.jpg,0
586.7122395833333,216.40419387817383,145.10411241319446,204.37780380249023,0.9965517520904541,586.5167652518592,587.9857996660534,590.4565014446806,594.9029642975875,603.6888260160233,617.8325576309273,635.9125499521701,655.3641936294539,675.6634759342778,693.5878936397821,707.8159286428904,719.5065296032562,727.5589430733712,731.9770867414682,733.9897552163666,734.6279583240866,733.5078941819679,605.1149303148527,613.2407565846142,626.2471964619428,641.042163345237,655.0064195225343,687.5908923773745,699.2290723302667,711.4989795107031,722.59581681196,728.4178962184196,673.2840504441797,674.7183921210658,676.0972283419069,677.6464986191158,661.389261912037,669.1699369248381,676.868735177221,683.6844748073318,689.6979800623321,623.3184833069463,631.8083914540471,642.4082159154825,651.7379126954181,643.123120926776,632.6619358504158,688.5113590749743,697.3747340092855,707.6028531813913,715.3239442492782,708.1955789454832,698.1817631670092,651.3105630767666,661.7012297649358,671.446903173056,677.4853179084621,683.5659355018092,691.3626467235335,698.1871572974492,691.2998029111718,684.0946333761258,677.484470050561,670.5341256695251,661.3135394305218,655.1091418927288,671.1168525576795,677.4328384280298,683.6503265994515,695.0681658257263,683.6366585453557,677.4293446687475,670.9212166561124,312.544851374254,334.5188430709359,355.8133497510562,376.5226882969964,394.404756962163,408.43543111142253,418.08042870290274,424.40204259552775,425.5192123261909,420.7311541031245,409.29194301044527,395.05930326183943,378.2145302657532,359.6438694207077,340.4865201445559,321.64072941059203,303.39517090679306,294.2301778332728,282.63337480778,275.9972056338338,273.9732007140676,275.61249011119367,274.3352360378524,271.0811062494563,271.209344757003,276.1192460077584,286.9548992207467,297.6974415561267,308.484825341709,318.4806826127426,328.8816990146015,345.83327286975145,346.71821724494157,347.40932376204455,345.8955758072452,344.151035084461,307.55501758895707,300.4392532077618,299.1920542351918,305.347005577285,309.60553999549325,310.8529874781377,303.5240233804061,295.98533870718074,296.09888588385434,302.67470365530335,306.83083730459,306.79524189098197,374.72445477988686,368.6624900603647,364.4285508304092,365.94542708849895,364.0591917685474,367.32992056809417,372.2623777626677,377.78905178178,380.74466980689795,381.53161350330856,381.1923972516561,378.802768230265,374.08100372412355,371.2826194849472,371.79440405596006,370.85256549195583,372.06178627785084,371.851575991328,372.70304459766294,372.2213589821404,3.4370354005774657,-2.926091088838965,-8.236805337197659,0.6510971,0.67839664,0.5345616,0.7505982,0.15888502,0.0,0.27920222,0.024953129,0.4646134,0.09239142,0.23396586,0.58163935,0.64212626,0.0,0.29095808,0.56700355,0.033931278,0.26357627,0.100134164,0.07466053,0.0014688007,1.5931051e-05,0.00070526544,0.0062664947,0.012207925,0.010203367,0.96913224,/content/data/frame232.jpg,0
585.2271050347222,216.4243984222412,146.02587890625,205.2612590789795,0.9962373971939087,584.8352346122288,586.3755147472202,588.9535076694262,593.4048546432552,602.0685275808646,616.0794413426413,634.1737671076945,653.7436205637221,674.1607319651073,692.1398598949991,706.4075958998751,717.9725835368961,725.7851152910926,729.9923724914001,731.8310600180405,732.3214197573373,731.0503750139355,604.3110131395295,612.5335458296382,625.5611928848343,640.3706075651961,654.3290866021555,686.971644419963,698.0425872789278,709.7044723494625,720.1788646908572,725.6049888347623,672.7923199824536,674.3863561709011,675.9093342414385,677.5947036016873,661.1574046975802,668.8914935749185,676.47000334575,683.0601739761707,688.8374925908458,622.6033400011104,631.0009707580073,641.6530671198943,650.9285739429963,642.372266298006,631.9111900130049,687.3712288817726,695.8896437576873,705.9810710152628,713.4220892005101,706.6076597372223,696.7689145596778,650.6823737140102,661.0272831895147,670.7950730191544,676.7543385873955,682.752084181885,690.1707425502775,696.4447339188571,689.9551310792801,683.046388114039,676.616333151785,669.7833757246951,660.6957031083166,654.5726294924347,670.4108893767018,676.6436112474621,682.7085243810918,693.3762417837756,682.6746836865086,676.6052193097896,670.2070964563072,312.59595501632214,334.5986828064397,355.95230790273513,376.61323380084195,394.6019780669385,408.64953667629857,418.1732330620596,424.3181306226261,425.3670306589829,420.6514876941785,409.26520241484377,395.0243187441945,378.1836182066545,359.5932289670136,340.4027509853363,321.61706937287727,303.57310091039255,294.78702889654016,283.09596448523143,276.2653487461181,274.1311167065462,275.65096029192375,274.3384992364096,271.11141830181066,271.2425748506432,276.1169121549756,286.7441748791674,297.5698718020519,308.12247211743556,317.91878796424453,328.1547538934781,345.56102713272253,346.3568486904567,346.96482136003806,345.4976620837763,343.8046730617102,307.7041908553866,300.42445551193714,299.1096674498757,305.3542078712388,309.75565633716553,311.02377213541786,303.2305905050655,295.5107719770265,295.6250008378528,302.45947779287735,306.6443531541862,306.5865009819497,375.56290966584106,368.9205612356161,364.3160245579022,365.8526857205661,363.96158549125244,367.57493483126746,373.05966724101904,377.87752508675635,380.4361311815451,381.15515418250493,380.90548179548455,378.9728037583359,374.80355677853845,371.24935891725477,371.7135269866442,370.8628996532575,372.7018514456256,371.81102635876005,372.56754573020385,372.15360283051905,3.768293574062218,-2.926804485515976,-9.371203350015222,0.6872743,0.5657312,0.10140066,0.73387784,0.13729528,0.0,0.3807065,0.01942585,0.47124332,0.07139628,0.22412677,0.6882051,0.60349965,0.0,0.5455715,0.55080765,0.046160735,0.15594177,0.07081619,0.12170541,0.00063525414,1.014611e-05,0.00039544524,0.0109630795,0.0035488242,0.010129212,0.97431797,/content/data/frame233.jpg,0
581.1909722222222,216.04955863952637,149.05376519097229,210.03011512756348,0.9961360096931458,580.6921086565897,582.4936849054743,585.3720794650874,590.1895176395179,599.1287497026751,613.4891714436909,631.9988595150855,651.9872897841784,672.7147231002706,690.8085726713911,705.1629703800883,716.74179144238,724.470144186303,728.3100066023852,729.6969461529545,729.8817382266467,728.4396660112168,603.2942854270715,612.0953515769073,625.4653307673533,640.521768601554,654.562969208522,685.4693721765415,696.6858649707752,708.2774702014038,718.4399826777577,723.5018523480865,672.0349688898409,673.5343971037552,674.9204052578065,676.4714057982784,660.4239695801019,667.9541602035409,675.3214165264137,681.5305263466264,686.9101073872922,621.2034631046957,629.6356211207492,640.4084762331489,649.5917304284122,641.0900782140903,630.5606330659239,686.2994567894943,694.6151001056407,704.6537668901387,711.9444233606616,705.4032556592286,695.5663113335175,650.0476039564393,659.5565690163279,669.3578348463867,675.454471025779,681.5196199938501,688.8996454625353,694.4593315492539,688.6322144816503,681.7529648666784,675.2174005668784,668.2407899707181,659.1850920308584,654.2025788461226,669.100228596515,675.3477359893118,681.4435309073327,691.1233846945024,681.2376171642145,675.0461738327963,668.5799234609709,313.3953997923683,335.87201079194085,357.61496676323077,378.5840223631425,397.0009313233167,411.3261252444147,421.0531197134189,427.40046680394414,428.30259944432794,423.4437141248428,411.44151325498535,396.5964047839799,379.23242456497167,360.0451605491976,340.4790735334809,321.5664813553939,303.6127919377201,296.78501700289667,284.88058272238874,277.9542299818936,275.87961183922863,277.4569168200741,275.4000327675639,271.91028530713317,271.9934124463719,276.9190879097181,287.5329746680158,298.81528865328136,309.1948390521348,318.94657561896605,329.16625631224827,347.16292517247416,347.75138750160744,348.3334652578345,346.8806218923487,345.39109352207015,309.47388244444693,302.049277634352,300.6117046650054,306.75304787726543,311.2287536647072,312.5626336587949,304.24261878802326,296.3863417368468,296.4093712668826,303.42782710499637,307.6133502982202,307.5809467129057,378.86202920126516,370.305935358209,364.5919529225032,366.15611319442417,364.2504759184307,368.9048145445257,376.0960970155792,382.197645560478,385.35683739213687,386.205940521088,385.9523302627292,383.51847098078804,377.9697212918947,372.5927241254403,372.9925786596623,372.2395896423674,375.6734983792867,375.489742859784,376.26875088948725,375.8624216472123,3.797993001933668,-2.7262292237417824,-10.041842202123695,0.65549743,0.53665614,0.21884345,0.76734805,0.1616527,0.0,0.3865825,0.07495964,0.46382567,0.11470548,0.26592585,0.5482428,0.54554653,0.0,0.26699114,0.47922865,0.30740705,0.34715658,0.058823727,0.27279302,0.0006898581,1.8920446e-05,0.0015274987,0.0072198263,0.0068366337,0.010977003,0.9727303,/content/data/frame234.jpg,0
578.5968967013888,215.67634963989258,149.44775390625,214.28843307495117,0.9954670667648315,578.6611153110698,581.1693229328345,584.8299256250682,590.457804152222,600.0154331341637,614.8720325056422,633.6576198085284,653.6574815289529,674.0974916696598,691.9563563366322,706.1926601813134,717.4605179835339,724.7982613122674,728.3042748424381,729.243213179538,728.7933013945685,726.8186953725816,601.1153826895338,609.7448099701107,623.3319190350628,638.8364946815725,653.5051301239452,683.4140866279442,694.6806109721933,706.4006949519543,716.6370080600268,721.7071524635413,671.1907831985643,673.1065331445723,674.8514931805199,676.7588898553279,659.8967160500094,667.6510193873245,675.0690001008886,681.2050678908479,686.5004440747033,619.8677255057537,628.1501088539476,638.9619010392961,648.3452915129753,639.8890834883034,629.34199803738,684.942290771576,692.9869814045928,702.9752100215735,710.2684894241573,703.9088605080972,694.1039593715288,648.3383559988138,658.0524976942601,668.5570964153362,674.85267336746,681.1447710671758,688.7112407557615,693.8572389926144,688.1635727070959,681.0072409708846,674.2477892428494,667.1031214321122,657.6306651622056,652.6260058067691,668.298850054876,674.6814696256154,680.9010854546791,690.534568269959,680.447633108889,674.0280905467347,667.3604481663853,319.1281094936281,341.823012391068,363.53365470748366,384.344427472651,402.4335665368907,416.1554468195725,425.13342008863816,430.95342768517054,431.4517884431007,426.6161793715206,414.9132310930473,400.07408162847025,382.46202930303093,362.9158498349433,343.01244157444967,323.9766239860348,305.92952716565185,299.3775967503029,286.65350321714834,279.1048053046297,276.5580845045016,277.8825531299176,275.8347142092258,272.238378060372,272.35987600680016,277.4487884480845,288.26361539985066,299.94359601429943,310.0776007090494,319.6531164203315,329.7418984973275,348.77722561844257,349.0885497370056,349.4780267543749,347.99399532193354,346.67807155650667,311.71822915406267,303.8696641325628,302.17506129391427,308.3575012343617,312.9015811410575,314.4552895842801,305.4828800536468,297.20754717288787,297.2009565185465,304.4239688168791,308.46951936751043,308.5368819857206,382.7683108046677,372.8786661149517,366.49981701157964,367.9546043312691,366.05389027342125,371.14566121943733,379.093745121492,386.1360585375974,389.4616873911548,390.37834012031897,390.2004997428235,387.8702589471551,381.7229717177123,374.22501418007073,374.49703960623543,373.78816108695906,378.5872916531148,379.8525593427317,380.6443421627814,380.32164533370366,5.059934888625256,-1.8670821488610452,-7.755715982752508,0.572338,0.55179405,0.32439077,0.5224492,0.14253294,0.0,0.30813053,0.0081210015,0.46544975,0.06648943,0.17646554,0.32767424,0.5348647,0.0,0.26025066,0.42368308,0.6963892,0.7648894,0.038175832,0.2885912,0.0026154625,4.3779975e-05,0.008218597,0.010393858,0.014531789,0.0458665,0.9183301,/content/data/frame235.jpg,0
576.9496527777777,216.99524116516113,148.04448784722229,215.66119194030762,0.9945039749145508,575.460684838989,578.7045771520977,583.1320944236638,589.2263837459334,599.2351606035309,614.4089880029728,633.2379768104327,653.1514715160163,673.3683816854384,690.9264808098451,704.7610227882237,715.8280825501206,723.356796628842,726.7605258019555,727.2729848024458,726.2457530078925,723.851022935979,597.4628255773937,606.1185190915891,619.7516761900417,635.4449425339184,650.6025193898345,681.0051961998781,692.4137718931113,704.008006382621,714.0271336101339,719.2090285691879,668.8979319741302,670.9259257647645,672.734818729351,674.7317768355297,657.6416655991452,665.6542401897977,673.4085645671516,679.5184450017789,684.7631363183971,617.0744319228968,625.5846803731098,636.690843246386,646.0277715769124,637.473136853329,626.7364328251026,683.0222380342682,690.6903041872304,700.882657426889,708.3141458996838,702.0815418539585,692.1423484817385,643.3827430289452,652.9034791208901,665.1561884106204,672.2531331833782,679.09000755856,687.4667732575617,691.6005660040364,687.4033444630877,679.8749080395951,672.1128247411273,663.8457020068925,652.5585696256471,647.3198016205752,664.9383061825208,672.0426550947113,678.721142587194,688.0044063321234,678.9855629166866,671.7739619597544,664.0611624643859,318.93047811297663,341.9308125365967,363.90324416552744,385.1155791805229,403.8873247349932,417.9894800779948,427.26606467214424,433.38051099275503,433.7151009686636,428.399175660586,415.8056754281722,400.37148455063516,382.425007462399,362.400327263,342.1809336218098,322.9838819580891,304.9262733645543,302.0781785799983,288.8632936583349,280.8479116648141,277.7570305206706,278.5214924918131,276.0485176339148,272.67300131709817,272.96209439872143,278.0321251511788,288.5546875842482,301.0013390512455,311.2519767510014,320.95516317880197,331.1124855837693,349.35872234199906,349.68283854566835,350.0996298945711,348.369668141396,346.8815749430246,313.02893936428404,304.67069943915476,302.9307189598097,309.6442835628551,314.210755707432,315.7014480672501,305.8771422585619,296.7360765539678,296.46119016488115,303.92677624229293,308.2446466927695,308.63655704812004,385.5001470976026,372.9529073113531,365.2695855461013,366.22552164803324,364.4117080157821,370.1873995320534,380.68261292509305,391.8607347784814,397.90982414330756,399.574428940698,399.47859161091515,395.4400346078944,384.584841210808,372.4292495499708,372.3976431297672,371.67395020137633,380.47261302043125,388.5642885006905,390.0580273553794,389.96649368164185,2.9286988470206743,-3.7111216025482587,-11.378354103175804,0.5620526,0.5163433,0.29702246,0.65110606,0.21759614,0.0,0.3509907,0.0040440327,0.46689087,0.168178,0.20019087,0.5268015,0.36412948,1.0,0.44389027,0.32411072,0.99730754,0.83142436,0.007546509,0.21436903,0.00923582,6.2299434e-05,0.049682878,0.019173203,0.0055230786,0.67202246,0.24430019,/content/data/frame236.jpg,0
572.7575412326388,218.48443794250488,149.85980902777783,212.7198429107666,0.9948214292526245,572.9938430877882,576.2505296547884,581.0539828698506,588.0014069223271,598.7751066716688,614.3718184013458,633.1606027840423,652.8831641575607,672.7927395826933,689.8334678775244,702.9814465389077,713.2078431960608,720.1015205831728,723.3674007588203,724.1655900897993,723.0021973027007,720.0306038932185,594.9238633094494,603.0640144932063,616.1738950229342,631.4210898674726,646.0799013660406,677.641822309271,688.6366783655922,700.1501041588181,709.9934654867286,714.8472952648544,664.997304980346,667.1170917202096,669.0599442855445,671.2034054235135,654.0772910604516,662.4010481562495,670.4894153978782,676.7351811083082,682.1145034068463,613.503267724584,621.9774394088583,632.8828013715706,642.1954742877108,633.7981607152803,623.2805430960867,679.2053215532948,687.0497025172776,697.2004354329283,704.7849001097433,698.2948590384,688.4103565970725,640.3552995344671,649.2626396725066,662.4093859262764,669.9417547553326,677.0611757444294,686.5541681523083,690.4661950752159,687.0951798797048,679.1749221654964,670.8393735153721,661.8747036009439,649.6157777059414,644.0733667998898,662.2996864337704,669.8535082842459,676.8846675873473,686.9096797115171,678.0911642110991,670.4175705984866,662.0390246160708,324.2700723926414,347.48967405132794,369.6175071061298,390.7551234658863,409.17788278738766,422.9851995219677,432.18052745392583,437.756182935723,437.82691704677165,431.9215544911041,418.9505100042496,403.0367804346482,384.77794654064473,364.85444947395285,344.7298721724537,325.43154049377574,307.48833227554087,302.99710420412845,289.6070791659723,281.18253090677547,277.76845751933763,278.21761684226,275.19710750095993,271.6493483172802,271.7397096606912,277.10318563170574,288.1593958077954,300.4466366480898,310.0008082042858,318.95520044781415,328.29623395397255,348.33349289382227,348.4036792681538,348.5708150414102,346.90930135484496,345.544843547848,313.6033106298569,304.90052733328724,302.9260353650861,309.6124476569604,313.93784843727383,315.6036679430317,305.4150194746314,296.10405823573205,295.90682737285334,303.5794472313021,307.4596521724377,307.82633908216604,387.1081250395061,372.57123821267135,363.70076379867385,364.42864503605085,362.5480062328321,369.0208392423134,381.5619104062525,395.0141720288879,403.08650275663285,405.2008425591432,404.9716147430412,399.4539128488939,386.2005252992884,372.00725197297464,371.74572290547314,370.95399991073754,381.5035612309736,393.36152863415776,395.28937929940787,395.1553968124442,5.769236026305757,-3.3998682877460658,-9.349194530172408,0.5496116,0.49444485,0.4899063,0.6959942,0.22450684,0.0,0.36349556,0.019953297,0.46761587,0.1516881,0.18513225,0.2155295,0.42199945,1.0,0.35308966,0.32411072,0.99986696,0.7606722,0.011466656,0.42205456,0.047605418,0.0001241125,0.081696175,0.090750426,0.0044927625,0.6196829,0.1556482,/content/data/frame237.jpg,0
570.9826388888888,216.33086013793945,148.2785373263889,209.2207145690918,0.9938743710517883,571.856777172584,575.319903451541,580.0833776562065,586.9676319754064,597.8601030224215,613.8055839671861,633.0367967062198,653.161353060616,673.3292918821535,690.4233756465796,703.1678695060855,712.7311819703159,718.9283501921282,721.7815667202531,722.3989475634344,721.0877166093615,717.922337865104,592.1598054651465,599.6495287807377,612.2990421231873,627.2536848774166,641.8179527682164,674.0693078816726,685.1920097865591,696.9933427719534,707.2615043513351,712.3360408717072,662.0493865218273,664.525015464264,666.8058497965667,669.2710483907463,652.498704206706,660.8260278847788,668.8718219476982,675.1664398507883,680.483029288032,611.2499017277598,619.0842305808917,629.5231161604052,638.798524076401,630.8809843890024,620.7811674333207,676.6385405950541,684.1758664039107,694.0115501287273,701.6436768790604,695.2518187995356,685.6351274942244,639.2242603644097,648.043628613314,661.001039251877,668.5203626088637,675.7062590081491,685.2621939089781,689.265352591297,686.4292406371433,678.7819247856896,670.4927010597871,661.5791678662513,649.067733179998,643.0521083869974,661.0333478916004,668.5457725533984,675.5807506425353,685.6940282843825,677.7044862718199,670.0662389871436,661.6815558759722,321.5884827967029,344.813830545173,366.92784488909547,388.09150037108475,406.39864710598704,420.0617299144419,429.17355944191695,434.67747613810343,434.64729247607374,428.60708827559483,415.21402728055773,398.60439353640277,379.71444922205274,359.4880286200432,339.40805190332003,320.1958217995291,302.31067767703985,300.85999880297504,287.19240415807894,278.74130801166325,275.27443683363686,275.70780508378493,272.20121777337044,268.3832314430374,268.1507035142083,273.32585473545123,284.5187407627568,297.2121079582446,306.4426968024611,315.0859537838412,324.1604989315706,344.1262805442043,344.12825587558154,344.32727051183974,342.58348688004344,341.10222778121033,311.71811853804707,303.2853391007659,301.0128251036583,306.6815846997397,311.30125627660436,313.26346367190354,302.2478711180222,293.75524063647345,293.5271048270324,300.3939403149966,304.2099812432157,304.6341013510066,383.01262410753543,368.1890490795763,359.24970189645137,359.81439227160763,358.02025265432303,364.31540928415234,376.9038519648552,390.92990191388026,399.03857735897554,401.0922635475258,400.9287899114265,395.47751878937015,382.04617826658296,367.2966033421126,366.97261906697986,366.17263978845585,376.89191018880183,389.35379697967574,391.3101532040014,391.2119852204046,6.527731356494352,-4.525709327652699,-10.113080094314157,0.60963684,0.534391,0.65963554,0.5477859,0.2435332,0.0,0.37851518,0.011957019,0.46753916,0.17451753,0.20249966,0.4894441,0.36315137,1.0,0.19487351,0.34512562,0.999315,0.71742636,0.03260117,0.38970712,0.01492071,7.3016454e-05,0.012188614,0.045087427,0.0034870796,0.74034506,0.18389806,/content/data/frame238.jpg,0
569.7456597222222,216.86603164672852,147.07042100694446,204.96152114868164,0.9961985945701599,570.5073519662138,574.1065958425116,579.1889066519072,586.5081011003999,597.6005974911244,613.5830876072762,632.6104284080377,652.2445022311873,672.2143704642798,689.1717865915307,701.7028091995419,711.0977959827,717.2990012388475,720.3798861798429,721.0241341176461,719.6064544066979,716.4177012563921,588.368981640904,595.352825144163,607.7133154139298,622.7332745408595,637.4653994164165,673.3327957913391,684.2027681878909,695.7027096916033,705.5202853578251,710.4077355749191,660.3694793866241,662.8586431353938,665.1965451032902,667.7444660935543,650.7255513066054,659.3143998780522,667.894144595465,674.6572086434081,680.5240048587048,609.3499567413852,617.9842366230594,627.3270265104237,636.6932723824166,628.9835834348278,619.8527989985294,676.4797093290638,684.7707255356898,693.2865380349996,700.8815565377356,693.6195103967918,685.0554811890802,640.4127318449332,648.4723840831796,660.9150655890837,668.6775158420962,675.893617573149,685.3704217626894,689.0677886196839,686.255020242983,678.779275422083,670.3713311320837,661.3912367370332,649.5608004099048,644.0828457797876,661.1935027866147,668.8260655247468,675.9230988138289,685.7280522283224,677.5521022862897,669.8322979453299,661.3086276911696,320.08805007637704,343.0150142915879,364.68486967062324,385.27141039959014,403.1765216057854,416.4810053069223,425.34804185606345,430.7939644071723,431.0383024670496,425.0816991506065,412.35613847008244,396.30904910626464,377.84977560323,357.94970358439775,337.9200079305121,318.622344236902,300.7392010263103,295.7551121525467,282.40856160897755,273.75992959670884,269.7169827861841,269.80597625786373,266.564197922307,263.28785865939926,263.3797474791815,268.5211746998362,279.4688743654507,293.0021931866245,301.82371779559105,309.87502116930875,318.48986190372193,337.96156900327577,338.23785118221906,338.494679553911,336.81939449178003,335.31705333631334,309.4954080480816,304.4690470920203,301.7505204635596,302.7266632538614,307.275203813054,309.4685949256531,299.06591705286803,295.64215692656995,296.1425463786484,299.73211832628454,301.9754853461328,301.757102799246,377.57645474234613,362.13664082056096,352.94676196298894,353.4284892472973,351.9229815339057,358.3836832799967,371.7059348894897,384.8986361638813,392.6621272762118,394.5692014464437,394.31844231077434,389.0011904953433,376.58221419390446,360.8332357347249,360.6050236642797,359.9703340402126,371.59822794007357,382.9217364594083,384.7188753616844,384.5717183781212,8.114125996322263,-4.136746468826948,-9.84667598746898,0.55358875,0.5847148,0.38935906,0.38984832,0.22809118,1.0,0.28050137,0.3526605,0.47114062,0.20944992,0.29250005,0.6633569,0.28876594,1.0,0.2834227,0.34656003,0.9997924,0.49914387,0.016991187,0.75070006,0.033830937,0.00050082034,0.48297483,0.032541458,0.031675525,0.3328164,0.08566007,/content/data/frame239.jpg,0
572.9970703125,210.2186508178711,142.92616102430554,205.5923080444336,0.9972364902496338,569.5747134718772,573.296690217466,578.2743802323484,585.197861138497,595.8039642455183,611.6673198478461,630.853301907302,650.3735678295361,670.3398690811791,687.6385314342087,700.4716201798847,709.9228576468186,716.1515442676719,719.1836198525816,719.435768335813,717.4427409620566,713.9253379997299,586.8341940652072,593.6622608794769,606.2288268990592,621.5830990223394,636.5862866971943,671.1204897280759,682.0220331556548,693.4275059220017,702.7586761838511,707.2816732371148,658.0400904796306,660.3912754586581,662.5894832013728,665.0486624919913,647.8042766918052,656.4441598365665,665.1631270510088,672.0637194568862,678.0404634660172,607.5931962097943,616.2699156495632,625.1837034845275,634.1490106646252,626.5993200959019,617.8551556792659,674.7428430446816,683.5015434603656,691.5540016643417,698.4104934519646,691.0894378991206,682.8660475222232,637.4240219827375,645.9337281608105,658.5527840626401,666.3900183090391,673.7788938189988,683.4012840354708,687.5442569881834,684.098364965027,676.3880799141571,667.9651118143684,659.0174360585079,647.0493605733209,641.2626359670194,658.8494302020363,666.5359959140451,673.8021425944107,683.8824792775995,675.1222789409212,667.2891915349182,658.7925655502222,315.07479425981546,337.95585374643997,359.2993177525932,379.51407650541296,397.3380641290414,410.55673550601205,419.1573560129809,424.7499731964881,425.40590923445507,420.1673322260385,408.16105287081973,392.5614480817676,374.3822438744255,354.83640576974904,334.8451940655141,315.6686747429194,297.85898783661423,289.8593577323645,276.02538053024364,267.0934686499313,262.8664413011056,262.92301185076394,259.9586018193381,257.05743110395224,257.9224884797645,263.8061197463853,275.04595417861447,285.9321013583399,294.3026825116358,302.01873196475844,310.512622799406,329.6683785098048,330.33012306534783,330.9089455180774,329.28886908802633,328.0404054368719,303.5883698750986,299.79068755834305,296.94798435152006,296.08902959543957,300.6278714023442,302.8516880902707,292.98462693787724,291.8877361852419,293.11773757356923,295.98651293649937,297.2503140150761,296.2532709443176,369.9263168177804,354.81752441134995,346.04680992260364,346.8312686026329,345.5260432354189,352.4417966074252,366.1346930054333,378.7241181150712,385.5841685387786,387.06839918308924,386.5979974900765,381.3350394129484,369.0346579019806,354.1836019197408,354.21377680092064,353.9020432209345,366.06688775342536,375.61216438466,377.075543186128,376.719385475516,10.652167325338787,-2.414846179117373,-4.479087478895461,0.7011802,0.5978874,0.4799578,0.37783274,0.25424176,1.0,0.26884007,0.77462524,0.4764416,0.25383434,0.38814127,0.46827662,0.3667661,1.0,0.30291945,0.34372327,0.9779414,0.62159616,0.03633961,0.86818004,0.029089803,0.00068208366,0.31920448,0.0569918,0.023961542,0.5139334,0.05613694,/content/data/frame240.jpg,0
569.5106336805555,205.8976936340332,146.69634331597217,205.37007522583008,0.9956383109092712,568.6155950089916,571.9225590480548,576.4609675073789,583.2998021174436,593.7034809081741,609.2578953241298,628.2669627935006,647.6132211348355,667.4027925635344,685.0294215254896,698.5124586805559,708.3486638156245,714.8030597018553,718.2533941268077,719.0471110327416,717.2156600235284,713.4970418222504,585.6038491590551,592.9506147020849,605.5437426434389,620.666286868535,635.1973258863886,668.5503138407219,679.3358533985,690.9007731908534,700.726607741927,705.84388868578,656.3473240376354,658.773291542645,661.031802025638,663.5011173966097,645.4661430175458,654.4418393976359,663.4436678866881,670.5869290803304,676.8359697764039,605.024486327669,613.9889821832602,622.8663049075218,632.1422341010327,624.2040882090663,615.4893530328916,673.2674459480176,682.3704096648403,690.4378573494647,697.6760402340079,689.7924721109277,681.6124463020283,634.261086896585,643.8450415307254,656.717301231805,664.6809990088414,672.1572352704724,681.8051834586844,686.43833733836,681.6722460859431,673.4946880647366,665.0024283558384,656.0446528149466,644.1979057923819,638.1981704101387,656.9236259099844,664.7780212571238,672.2155661331415,682.8486463548222,672.4968939301294,664.5169351949024,655.9595141395424,313.2573308954128,335.5313035162776,356.387855270259,376.0713558958016,393.18803415807884,405.7219572286225,413.5160533586235,418.3883769955337,418.9348156989563,414.018512559948,402.652499393483,387.50755411938906,369.69472470032144,350.4503580811986,330.72515478148887,311.5906781607614,293.91215221119353,282.5269182102278,269.96344044421943,262.08670280493203,258.50678014767857,258.8006598767115,256.3269450866086,253.42447421868707,253.99574503576923,259.5509701598331,270.3943925593004,280.8138842872415,288.93630634948846,296.3571349017294,304.57610181285395,324.103669103553,324.8633511042225,325.41667904828773,323.7740137975795,322.4403214417045,297.7824805987336,293.931652140731,291.3111407059331,290.7449964239986,294.7638988509411,296.85718507221094,287.6397997349498,286.3035881791383,287.5916484965138,290.6300606811241,291.4685649958411,290.45689690006776,362.6673467037572,348.1664058822291,339.9213068621426,340.90119484676393,339.5979679175259,346.40511055171345,359.5898538694034,370.58973841536283,376.3252589331312,377.4230131585124,376.8867540793228,372.2657922459871,361.61010532633406,348.2766631109359,348.46879800988125,348.2143220932659,359.2744617887263,366.4588968448872,367.55989738622145,367.148863843233,12.079328417372249,-2.3965942756261134,-4.064780694302272,0.6995968,0.6047307,0.537458,0.39483464,0.29990372,1.0,0.29751825,0.3402962,0.4770546,0.24202897,0.3875694,0.41244093,0.33543995,1.0,0.257302,0.3469101,0.9949694,0.66751397,0.072808795,0.8669913,0.0060709356,0.00066899206,0.27149424,0.021537047,0.009442843,0.6529548,0.037831113,/content/data/frame241.jpg,0
569.8299153645833,202.28482246398926,144.17740885416674,204.22253608703613,0.9979507327079773,567.9713591040635,570.4966185300557,574.2400252940407,580.2322733825897,589.5279905714349,604.0730077961515,622.5232715266966,641.8666081302447,662.3216791001416,680.8414070567201,694.9337857146807,705.0814932119786,711.5909726141072,715.2078304721433,716.6292506877473,715.813924285791,713.1908920079527,585.5586333542069,593.412049429306,606.0031506697438,620.6754179428443,634.5286266912356,668.7031561864821,679.4664521345683,690.8924591479276,700.5289461673126,705.5815392323339,655.1528628807082,657.2991329098866,659.3143039108556,661.4962883828164,643.3950109957211,652.1129429967314,660.8676411541765,668.0506409007844,674.2581908418449,603.6101150212837,612.7774720195563,621.6999842366763,631.0879235664239,622.8599732704,614.0452178812577,671.6395845256275,681.3379473649004,689.5617784491187,696.7426309470195,688.5880961067928,680.2695961867166,631.9284399710707,641.8764533386027,654.1515730550045,662.0031413276447,669.5903058666229,678.9030987951869,683.8608477387415,677.8650574201824,669.5712143424034,661.1802776445122,652.4661727126263,641.6837414189185,636.025843325489,654.1616811917756,661.9952242609829,669.5930958292288,680.4217294879757,668.8801216156471,660.9403846818068,652.6259163307318,304.8783522660308,327.0560863772989,347.91895931594763,367.76926572139655,385.2158075384166,398.6064448688894,407.58723224735104,413.44280868604596,414.98409504376536,410.9583688961909,400.3397712181261,385.4295829454186,367.75778451402357,348.6027046542706,328.82043827928396,309.72387459858464,291.98096863857427,276.0590610464426,264.45885665582307,257.5039253968971,254.6202215081497,255.15750111322984,253.0843032721982,250.79200572379887,251.82169912168672,257.6345862110845,268.53034695441477,275.8277351678647,283.86416402563054,291.19219800634323,299.3531965033925,319.2286052687275,319.9643958257145,320.5147196015123,319.2452720086926,318.0952961653686,291.75312656147025,288.0482022921724,285.73070743751555,285.49239204528885,289.14992346812153,291.1027950423148,283.425234254192,282.2991922000291,283.9020622349552,287.38037872997734,287.7555118433987,286.36979876701,354.7947126046888,340.86431245634526,333.19660418014746,334.6796080729582,333.4071075891195,340.567028063909,353.4181362906561,361.26010767621733,365.1666250027092,365.702882108405,364.8816106028853,361.1573903094911,353.5358113626621,342.58092824421465,343.07516062521313,343.0016867408797,352.6510864667757,354.63748141364204,355.1524267107409,354.46594983834825,8.203038544981496,-4.065400485528334,-10.630250853802611,0.52511126,0.5434666,0.34475458,0.35738313,0.3161441,1.0,0.2822876,0.029363483,0.48537692,0.31722125,0.2763317,0.1404844,0.45155832,1.0,0.10667545,0.413186,0.92389196,0.37031904,0.205206,0.868635,0.0053396104,0.0031857977,0.5707315,0.04842074,0.048179176,0.14192984,0.18221332,/content/data/frame242.jpg,0
569.4450954861111,203.4034194946289,142.78705512152771,196.365234375,0.9988887906074524,568.5402405631146,570.5200288955006,573.8096947061247,579.2309592134086,587.8453327322611,601.369492550171,618.9204982119612,637.6018494004384,657.653710919479,676.3289384286385,691.6708759346045,703.4951669815928,711.2795993661508,715.3613265791442,717.2176441205199,717.4790241023991,716.2133185770363,583.8928207709221,591.7368185774656,604.1103095568251,618.5529229564127,632.2562355072005,666.3040540317539,678.1041031739209,690.523275958281,701.1335054451599,706.9634307422209,652.0114707754459,653.3142835502513,654.4763078812975,655.7228979764972,639.1876225086628,647.4352705026977,655.8579840950202,663.0955691074953,669.4994207989424,602.0747550117551,610.5707210111432,619.9478999139741,629.5498220612993,621.3320340265054,612.1329123359407,669.1830821997021,678.1904105349444,687.1107713877689,695.1051926014013,687.1623732176143,678.2269559789449,628.1652314818464,637.2055097062606,648.7980138730258,656.5540891279,664.2498545685783,674.2351316818036,680.637620995054,673.6341543553863,664.6960685408674,656.1259793359786,647.6171269242652,637.3383837158559,632.2351818482624,648.9243779620622,656.6387953434139,664.3661061596591,676.9270084118937,663.8786416227929,655.8677033291664,647.6976336441003,301.67894909952304,322.83211080390026,342.6726211156696,361.90890967459416,378.8380739603657,391.8639544866513,400.6792998572346,406.6386932183988,408.6109674029983,405.2699666201137,396.42342700236475,383.4313109831419,367.14952915329485,348.6190648613963,329.0830250089057,310.05661291796713,291.8776000654325,273.9089833509177,262.4440652000252,255.53432175321504,252.73489439382683,253.60730801953468,251.11687365323303,248.54327101381494,249.63290671366266,255.91856858525426,267.47416915704963,274.4662803042214,282.3787973069819,289.4635993295116,297.2871825308073,316.48470651423554,317.0746303185821,317.66351478286083,316.72681656945497,315.8912854710128,289.0207000093302,283.67030374726744,281.6456341826357,284.17651854075956,287.66346233233344,289.4511693841079,282.7878478492843,279.0365394844208,279.99868046178017,284.9567960739834,286.1468474740162,285.4204330375418,350.9802207729314,336.82874899851157,329.0784603396896,330.4430155325681,329.3454302857164,336.7517816529609,349.75316746197643,357.5234283042606,361.02922066841273,361.52067402391697,360.6996515510138,357.2587055800017,349.66496400758626,337.8697323470842,338.2762407197617,338.2674765548669,349.0501662672963,351.2683988743927,351.7151184715796,350.99239790588615,13.706900496491816,-3.384523396580191,-3.935709629477764,0.6065249,0.5110032,0.49462813,0.43259764,0.33216012,0.0,0.2382686,0.3435916,0.47828913,0.27150434,0.36691073,0.06756438,0.45228302,1.0,0.100240044,0.42510897,0.86878455,0.6262472,0.05427102,0.65398383,0.005336156,0.001500739,0.026665965,0.01759186,0.041414086,0.21532324,0.692168,/content/data/frame243.jpg,0
569.8932834201388,204.06198120117188,141.6691623263889,191.4832534790039,0.9992080330848694,567.899686377007,569.5144319827295,572.3466653290709,576.9082348671566,584.3680556524738,596.6673470645098,613.6999175583138,632.4896715333148,652.6627164143669,671.8498515180175,688.0943296819602,700.733184771558,708.9434682653069,713.2791539312068,715.8399130132482,717.3202123300673,717.4093866576841,582.3154402672004,590.6070879733269,602.8051526221291,616.7086916945462,629.9267074033934,666.2494955652479,678.4109783327624,690.8935900297241,701.4528110495445,707.469743004279,649.5316716883941,650.095862634769,650.59597023313,651.1639138696858,635.3168990100902,643.1741351639309,651.3293472444797,658.6133188853588,665.1411097588627,600.0052896525842,608.3234835329548,618.2475891315786,627.6916653939035,619.221412233489,609.5472988022727,666.9942949985347,675.880213380268,685.5129718917731,693.7794361706372,685.7997787716109,676.2801624994611,623.2841033846872,632.2934702078234,643.7737438358806,651.5167215304766,659.2624384149855,669.7278010924377,676.7470574201272,669.5599298386212,660.0833873278528,651.3651347606926,642.8506505311585,632.5057642740535,627.3600522150642,643.907690222625,651.6429570976159,659.4381711438522,673.0135826565944,659.411642089545,651.2956141207014,643.0355458502842,295.47059101763597,316.1509749584193,335.72014487923224,355.02061396553216,372.2477491188545,385.81740833277945,394.9946121698582,400.96222501020964,403.1339506448612,400.54121152058576,392.88013560438776,380.78032569776383,364.98041805669675,346.67601429440055,327.5292822419662,308.69843357029583,290.2736013234759,269.3683915226105,258.8456976002797,252.73934479083618,250.5081444951992,251.76984276101348,250.26795862768023,248.0294857828243,249.46496510469234,255.80868926401928,267.02393942002175,273.04886296132736,281.3237228572747,288.70220339812613,296.6977412506729,315.0023641481621,315.79900275055184,316.6830489030646,315.9263339936564,315.08189652728527,284.93133184430644,278.60930206909023,277.1949419014512,282.02452405258435,285.3830379569052,286.6600551423077,281.78991243653826,276.3152168210262,277.1382406702527,283.43944575415554,285.3439223249479,284.76228273882737,348.0090136736495,334.21416565697905,327.01516368720036,328.47824719541643,327.3963767473888,334.647012447027,347.40726843356765,355.4629109607798,358.8993342742003,359.2407332090037,358.2749222375887,354.636812370876,346.6923261703323,335.17971640535234,335.6425847168464,335.6330523359493,346.64143202174927,349.6989431945083,350.0402736495638,349.14695533919564,16.752552417234472,-1.1102159584676106,-2.678677329743901,0.66185147,0.6404357,0.40151304,0.43682536,0.28540555,1.0,0.26252565,0.98835677,0.47944885,0.3511938,0.42305276,0.14654614,0.4014655,1.0,0.10793635,0.4274278,0.8397413,0.65460086,0.05112177,0.32157338,0.0013821274,0.0049140546,0.012229976,0.010919377,0.55648184,0.02300671,0.39106593,/content/data/frame244.jpg,0
567.8309461805555,203.3866310119629,142.41569010416663,189.6814956665039,0.9992831349372864,567.9538884879456,568.0097984155743,569.247366902202,572.3639010457003,578.5628650908684,589.543559274993,605.3754097269648,623.0775022047795,642.9742594564159,662.9424338056103,680.6526800971851,695.3881817753869,705.7836702337615,712.0843568365315,715.7562186086868,718.133903262079,719.3136556466467,580.3209073832755,588.1325085644906,600.2484585097566,613.9705876620352,626.8417693438553,662.4926987434989,675.2433640731895,688.4375371762799,699.6510797249782,705.9604085563091,644.7369756071264,644.2266635426218,643.679340489869,643.1411073792445,628.0488933078916,635.5058273329345,643.5030905821225,651.4915216636603,658.8705603114937,596.8095163293335,605.0549282150881,614.9891224610626,624.2204742414217,615.7754702905593,606.0138017894743,663.3794565158199,672.3146932560376,682.1293751136402,690.6085816676454,682.2396754561835,672.5061247238464,617.3230261543825,625.6668061377522,636.0074700347226,643.1962439834384,650.6988380088293,661.2710647897514,669.2950687492903,661.3064341615855,651.540376710831,642.9689004606835,634.8605838961341,625.5089667545851,621.2102449360534,636.1628402097294,643.4104410078016,650.9503309300746,665.6041723669765,651.0522875197687,643.1087091974496,635.2171606185073,287.09006260548665,307.3485995538338,326.92100867641943,346.4346045167265,364.26874536280377,378.7740001636006,389.1068901249895,396.26053890927176,399.45690173856656,397.5570224312616,391.0604814933189,380.2139012650523,365.44577076473286,347.61127717463273,328.4032390606184,309.1310829369042,290.00783905916234,267.8436500119048,257.19330399698947,251.37551039448306,249.61731208068113,251.21426567478727,250.43900893139505,248.6404417775885,250.40459603854623,257.10444642091477,269.00478158218704,272.0858853020013,280.2793081456126,287.5364669499974,295.4306746761892,312.5487655064091,313.73602048500214,314.946705806962,314.35661932497226,313.58041966967266,282.56548285921946,276.31953941538706,275.1369922127918,280.26633123569343,283.68364749409767,284.777004727212,281.15161698007284,275.53536910187785,276.67452878965713,283.18193695692054,285.2278048049311,284.4665899870656,343.73178484377115,332.18704279173124,326.068127897374,327.63435206025497,326.6611991364805,333.4946920187534,345.10174765914525,352.7388728280366,355.9112761979302,356.0610024685708,354.8673980975656,350.7246773231585,342.55077072096776,333.099727249735,333.80669410700284,333.79423952957916,344.20718881708706,347.3459594011056,347.5428991025026,346.3911763006772,11.380670289178004,-0.021946800310807913,-3.087122012314197,0.5710321,0.68818045,0.41741565,0.43188262,0.1862945,0.0,0.24663231,0.8842196,0.4802749,0.28465685,0.2759215,0.19115666,0.44116125,1.0,0.18682535,0.42310694,0.71131045,0.48360196,0.020195626,0.22154413,0.0007497545,0.0025159766,0.007986475,0.008430694,0.7726029,0.008265095,0.1994491,/content/data/frame245.jpg,0
568.1349826388889,202.34931564331055,141.4704861111111,189.19603729248047,0.9993323683738708,567.8284390611408,566.7528299641012,567.0722510573215,569.5352276485372,574.9671623548912,585.0415169562209,600.0625461587516,617.159776944782,637.0641256449546,657.5583632369396,676.239454696503,692.2324791360473,703.8524688907992,711.0182974918447,715.0888163780443,717.6666894303628,718.9602201910835,578.3434849560527,585.6455539253061,596.8317234397853,609.3846946517546,621.2074193846599,657.329287529555,669.7932496757563,682.96017707311,694.6058512378698,701.9929338450436,639.2388021766253,638.4305619688568,637.5076350514895,636.5209301444659,623.6416938506769,630.3988656257859,637.6331002819371,645.2645433915977,652.3744563013086,593.4451297810915,601.5020504340965,611.3290910964355,620.3243723178163,611.9299817929565,602.2786384632515,659.4753160654476,668.4438438207662,678.3865793531598,686.9738330031169,678.4427250945315,668.624636085101,611.781734842673,619.8234315961738,629.8906580294467,636.7697495579631,644.0513948202594,655.0036305118676,663.9394099678082,654.9667954412449,644.883133962685,636.5383056884334,628.7196898090014,619.5733536736509,615.4857501891188,630.24178881379,637.1514566986884,644.4600990094389,660.1884170505812,644.2921218853978,636.610521101504,629.0513881313997,284.25094166832923,303.7706534728941,322.81676667932607,342.0156195779397,360.02014741117966,375.36222497263316,386.82338547540166,395.4497205669304,399.4160538511005,397.589388895919,391.10180193323106,380.2476487514954,365.18573153798513,346.8736944671147,327.3496049456702,307.9888915475276,288.6092328522242,266.8359102886035,257.1919826895014,251.94299189194533,250.38761682592929,251.9958898680894,251.54735995780683,249.56989720340272,250.95140180472526,256.682983450388,266.89757723086194,272.323029939116,280.5855950266242,288.05036688451247,296.0803378523062,313.3035751629888,314.3946348264808,315.41031927198287,314.8152474881614,313.8774146816351,282.39511448787516,275.76067440748056,274.63953908474576,279.9708133675778,283.6020517082158,284.7036327778096,280.4394049943182,274.42104567906097,275.3743662660162,281.7445126848397,284.232307615336,283.6283518403816,343.3248749353039,332.5833244804791,326.84369784970056,328.2015749589925,327.19348216470985,333.37322158088955,344.06851844593166,351.9972876959988,355.346951557584,355.6792385374298,354.64123923834325,350.7066934563379,342.2017571225448,333.13516038970863,333.6984717360756,333.5351091451288,343.3554715902186,347.5072658012381,347.8202015132696,346.8754672056348,12.102794868691893,1.8935003371384842,2.5587688295714774,0.5295648,0.6342362,0.29277307,0.4488767,0.19502002,1.0,0.2849055,0.53151083,0.48862493,0.29810947,0.26517507,0.0891932,0.39774194,1.0,0.25704163,0.4254229,0.96226627,0.48984978,0.08326338,0.082717985,0.0005005282,0.00096061087,0.0025751595,0.04730534,0.2725338,0.0096942885,0.6664303,/content/data/frame246.jpg,0
570.2071940104166,199.93402290344238,141.81016710069446,193.8075656890869,0.9992996454238892,569.5935486423622,567.0543510432308,565.9133917021055,566.9848979690621,570.7784476834718,579.1812542519315,592.8387797031323,609.086848332372,628.898797790671,650.0291323192611,670.1400339251619,687.7365131441079,700.8526885996589,708.797100026836,713.3961750969479,716.7071193424395,719.0187100580731,577.7558738115547,584.2557853626888,594.5806687640285,606.129029701645,617.0661578413255,653.9194193777327,666.9513265357193,680.7865480289341,693.4211368870707,702.0518518418202,633.7535125728295,632.1779005688974,630.4316241225465,628.5457830734852,616.7041604202705,623.0008278997128,630.093317196727,638.0963033387188,645.7153551323819,590.4071007720357,598.0854411836759,607.8874147773629,617.0755148245228,608.5614225359041,598.9571446694277,655.171342142929,663.9466814024141,674.1362143090314,683.1577184686887,674.1867558804937,664.2178398443709,605.7173848208552,613.6166470713312,623.1551280181843,629.8166138758385,637.0527779170712,648.7550300383381,659.0443291791337,648.3506558800475,637.3033024783035,629.0263715926917,621.2935319522518,612.8725659052907,609.3507221896324,623.1544695638112,630.0033931226524,637.3501289808817,655.1721877369661,636.82368431291,629.192953617997,621.8611265529952,283.7445115343968,302.32984366872387,320.5291898495176,339.4023358558925,357.2494990513401,373.219734590609,385.61402225804363,394.98359233044033,399.1841708139291,398.1625407329631,393.0410964808944,383.2897892184457,368.80562281946095,350.67023681714426,331.04753407678385,311.2962733183923,291.4433679980842,267.9754511338682,259.03208124945695,254.39744964319567,253.15484920570327,254.6621275079011,254.65970162336848,252.015099341295,252.91969089021046,258.4054267569923,268.71773021425577,274.00523665922987,282.587475509919,290.40647563785876,298.69391406904606,315.38747906495354,316.7966545966525,317.9754265465425,317.3241943782132,316.22945506853284,284.2317816327161,277.3878138094202,276.2050911332914,281.5064874999893,285.2966894937439,286.4908623448667,281.5522119578797,275.46574390763885,276.42927751959814,283.06288649842315,285.38779185459157,284.8416004865244,343.5361678592411,333.824548067746,328.57609836374695,330.02856553770505,328.822970235983,334.58024575514827,344.4457636613924,351.2755851123138,354.309618103957,354.64666356981957,353.6642635072953,350.11512512509574,342.6399490775126,335.7323606995742,336.29204691674136,336.0237856740263,343.89557304939575,345.811217822715,346.2028803460547,345.31205395908717,13.330225808876445,4.062227469804501,5.221078527336914,0.54821795,0.610485,0.28943095,0.47029138,0.19854991,0.0,0.28011644,0.31311083,0.48473132,0.14279176,0.30358967,0.30026716,0.40897897,1.0,0.4176311,0.4372231,0.97802246,0.3840387,0.007985592,0.18983662,0.00024302036,0.0010607407,0.00018871257,0.0806608,0.014967661,0.00068691536,0.9021922,/content/data/frame247.jpg,0
572.7696397569445,200.0515594482422,139.87516276041663,193.16828155517578,0.9992126226425171,572.7353172468597,569.7455570186546,568.3872216448383,569.4548446278359,572.7924241804348,580.3141807092924,592.8193867667861,607.9262276246685,627.1114907267425,648.0656353106546,668.4677565656957,686.889949726582,701.2654639880753,710.1849777399533,715.2623654628376,718.8116651807713,721.3025540485235,580.564704436702,586.9676755861359,596.8486569112515,607.6628442157917,617.8521677502083,654.729941576967,667.4773642079812,680.9834907749789,693.4938227436458,702.3410487131578,634.2790758081286,632.4249328765618,630.3216236859756,628.0666372639647,616.6962056983073,622.8456134964556,629.8239267256565,637.8725606040452,645.6107521693639,592.4318070896202,600.24573364711,609.7894203455032,618.7960400461441,610.2984399047614,600.9442806632882,656.5338339992707,665.438453594155,675.4718651484284,684.6276267578517,675.5834607941031,665.7044206833267,604.7536961944318,613.1182575253399,622.6817225036372,629.3603150021679,636.6476129066257,648.6005538469856,659.5488092891765,647.8769990161891,636.3354573510071,627.9836762568514,620.2578642505924,611.9498537402546,608.2389496556458,622.5209194923475,629.429086492368,636.9284948774991,655.8136503876824,635.8778557929102,628.1832137478549,620.8941473349602,283.87530327740126,301.86344505699543,319.5731365648171,338.10439695697204,355.99168539799956,372.3044072217142,385.39073409845787,395.57428925574567,400.26626648759395,399.67946709828425,395.18028491902317,386.212966173455,372.6118651767967,354.62967138846943,334.6264869507137,314.46981532367954,294.2484066163174,268.3667899407448,260.29678888815334,256.3361106197499,255.35563848904968,256.87575438956117,256.72789741268997,254.14397532961647,254.93451932570377,260.0242451582312,269.7459225592871,275.6420951473635,284.546977255219,292.73206952094296,301.40504214351296,318.00213459732277,319.51256515084674,320.65788161094474,320.1564818360855,319.1717542319586,285.0729634422954,278.6513573260292,277.6495525623066,282.9134833841234,286.23261449226436,287.2435243111436,283.3264991865447,277.29675585381545,278.16894829216045,284.69133175639644,286.916433149115,286.35802661010393,345.0617091484826,336.4612039224168,331.73772513403287,333.39389183595085,332.1644606933138,337.6151280446735,346.5659775554211,352.8648795823921,355.6991215999107,355.96442549841845,354.91546511519755,351.46727434056555,344.4643677909113,338.95303231027606,339.7007521508887,339.4013630155505,346.12861712904555,347.0705136694618,347.3969140078822,346.45340094022265,11.85960921667116,4.124787805655331,6.784179829514648,0.5572363,0.6109674,0.24478003,0.4778667,0.27178216,0.0,0.31933576,0.040738426,0.496023,0.24500722,0.23603794,0.124613024,0.42500785,0.0,0.27929428,0.44187564,0.87520134,0.23060529,0.055653214,0.21896802,0.00014382155,0.0010573607,0.00018423182,0.2724214,0.013363024,0.00098264,0.71184754,/content/data/frame248.jpg,0
572.5238172743055,200.62090873718262,141.33284505208326,194.71335411071777,0.9992383718490601,573.670759089028,570.6830658044727,569.28026334074,570.3519621964151,573.8276117504473,581.4774709855674,593.9672497544582,608.8434695206122,627.8230036539402,648.7593905065314,669.4432880960637,688.2769022506995,703.1227611909362,712.3560593587588,717.4156074359776,720.9111690959066,723.437551913823,581.4001135509077,587.765967498935,597.7082048789118,608.634529937665,618.8074538866762,654.4198740321481,667.2807338177183,681.0890881306439,693.9445163923115,703.0884033205059,634.4948647841978,632.5667434336812,630.3670180340636,628.0330504321445,616.9030780445031,622.9876452075491,629.9111947992646,637.9999803554018,645.7972741287638,593.2548079057359,600.887004242934,610.2857689120061,619.1018703361682,610.7845081491281,601.5571080591844,657.3303909328406,666.057554634843,676.0481882854908,685.1885516866407,676.1551196714511,666.3220280679486,605.5689639200285,613.915280307565,623.0384299560388,629.3528202150885,636.3707808338195,648.2034670716037,659.6894828145555,647.7571629306187,636.3302533093151,628.3124675194746,620.9293413706736,612.8785764818549,609.0252166665853,622.7985724677997,629.3827144870296,636.6252268381818,655.9412299502942,635.8812055524102,628.4993955036317,621.5773639532121,284.54578480538237,302.4456573297241,319.9975293322266,338.3156083065953,355.968242040984,372.2472990883316,385.4695084102557,396.0476518963728,400.9262745196961,400.3520371003274,395.7374561735944,386.71554177447524,373.0677098833494,354.9674628714454,334.7273764926965,314.31381559668785,293.8217273993329,269.896226709781,261.6884211452541,257.75670811594273,256.9985857585008,258.7862673986732,258.5064046478434,255.62433361271792,256.22272738646905,261.2895592765111,270.9815983823572,277.00829892536353,286.11603836563665,294.5651846422377,303.5262520466629,319.73189995941857,321.36637084458334,322.5121577753382,321.93687583214205,320.88605700777725,286.51623722487875,280.14923081889526,279.11008280742897,284.15901852256104,287.61325185638475,288.65374382184234,284.46044024518903,278.4796987505897,279.3124209997868,285.71950926677493,288.0529963877334,287.5277053549181,346.20103900051595,339.10900075194354,335.025845694639,336.68495341514677,335.44581390818826,340.17917808457673,347.8022940279684,354.0556771320039,356.86090603089133,357.1309502577433,356.0966349098519,352.6259746979688,345.8728078329839,341.9087702729596,342.70117390241785,342.3520801123059,347.50475793397845,348.3979372223073,348.7505406124794,347.80077598667253,9.704457626019629,3.614758131701495,6.230797211666757,0.66398746,0.61705697,0.36886474,0.46177772,0.27895406,0.0,0.297606,0.18446797,0.49074462,0.20009385,0.2806922,0.14704245,0.5226437,0.0,0.39554733,0.44362658,0.77034664,0.29389536,0.04098556,0.21349418,0.00010627984,0.0016426623,0.00016822369,0.17223585,0.0098371515,0.0003735569,0.8156363,/content/data/frame249.jpg,0
574.9665256076388,203.06195068359375,140.40738932291674,194.6026840209961,0.9994462132453918,576.8141651389232,573.7951156745908,572.5581384852692,573.7682553519134,577.1052163436201,584.4748620936057,596.5324953931582,611.0150844700297,629.796229914736,650.4896674809661,670.9239041512783,689.6054795385822,704.2534897865168,713.1810133731851,718.0256983175548,721.4374012280057,724.0306350652229,583.984851721996,589.9815483810387,599.493721566659,609.9649603376852,619.8326822122393,657.0424448506097,669.517006451961,682.7349298322506,695.0472090125137,703.8659968350906,636.4675072751108,634.5574770022387,632.3370654181178,629.9879929231702,619.112175543982,625.0962476077824,631.927900476844,639.8874711527902,647.5768935853457,595.409602370047,603.0212589661996,612.5067910544735,621.4541005971911,612.9526118629689,603.5860182160878,658.6176658467981,667.3377953109675,677.3183660343915,686.3604992321107,677.4463657894587,667.5911919552691,607.4869555100726,615.9338745357541,624.9430125812999,631.2500279157822,638.3711208573475,650.4048864339768,662.3825233663795,650.2350877158315,638.643384799169,630.5169871262287,623.0594702960192,614.952677631236,610.890863742094,624.6579430963441,631.2950143455753,638.6836457051642,658.6653386568356,638.2597822274233,630.7178949627489,623.7072985474559,286.9969808144254,304.53598857511787,321.80792420658565,339.93048195980884,357.40883737897184,373.66256530245005,386.98553589364565,397.78568921579335,402.71266369386865,402.1846159874765,397.8769983059674,389.14926903032915,375.70748526935836,357.67079425047723,337.50580804362943,317.26645225312313,296.8936752303206,272.58093184511137,264.5015945431892,260.53788224970975,259.5183035134608,260.8862069420276,260.45617731688634,257.9004205719396,258.74019277970257,263.834731965409,273.40805161949504,279.3198419599306,288.2942519292593,296.59151312909455,305.36587128462344,322.1624985607157,323.61034615992503,324.58668530949325,324.03952672188024,323.0728195677999,289.1846338705394,282.72413992587354,281.7344454299605,286.89578918552826,290.42585985555843,291.47112623295317,286.9479369761284,280.9514699817181,281.8627305259344,288.31926449557676,290.72699194570635,290.1515219725119,347.80042079335016,341.20477269234436,337.29671579475837,338.93535206759805,337.6208352267389,342.0318855071937,349.1810392911051,355.01009468763914,357.7451638341357,358.0704524678807,357.14327546869276,353.9971205494523,347.609882662955,343.94131726011506,344.6735577032226,344.2311401070059,348.962134098854,349.77390810007967,350.2067076198771,349.2853905485799,8.44723742647112,3.621955798185045,6.728158416217495,0.69923484,0.6191748,0.17912148,0.4493938,0.24263363,0.0,0.33150387,0.11854194,0.48355725,0.23958005,0.3464862,0.16835198,0.45674032,0.0,0.3780826,0.55951583,0.6938283,0.42672268,0.081443205,0.18980798,4.7030524e-05,0.00095993385,9.289736e-05,0.09680338,0.010914515,0.00026939128,0.89091283,/content/data/frame250.jpg,0
577.4997829861111,203.21534729003906,140.4150390625,194.411865234375,0.999297022819519,578.6672729008453,575.7798923522947,574.5726098650324,575.6605525597755,578.9359290954817,586.6979416043338,599.4215575241338,614.5091192125722,633.6100285158434,654.4928409380489,674.922128080402,693.2531707469607,707.4177184533037,715.9858212184918,720.7539758999599,724.1239127693873,726.485192173702,585.949944717242,592.2922138235823,602.0339549118565,612.5595514895656,622.4048671002063,659.3700002084719,671.8393937598041,685.1705479172466,697.8247862193093,706.9683787049319,639.3790119108511,637.6597040409513,635.6585054927389,633.565976144647,622.3135849692975,628.3516382451926,635.2891914376232,643.3647850774257,651.0836768782349,598.2884256900928,606.0362685757602,615.4489378949802,624.2440744557883,615.7269141975063,606.4697213815525,661.4499173404416,670.1416949128965,680.0757549152593,689.1953327401949,680.1747197908292,670.3693683578458,610.5550504040555,619.4825039907853,628.515777825244,634.7536728475563,641.7747976153944,653.6350155658554,665.5743484045495,653.584733566409,642.1578641310887,634.0743304963514,626.6420294058829,618.4441654062539,613.9134527274261,628.1935127593781,634.7992756731052,642.1275989840215,661.9715235575975,641.729292127787,634.2765292114927,627.3214065206382,285.5331580119353,303.4720191598579,321.0390424188983,339.54623894856195,357.497316008131,374.1861424543837,387.77881584954446,398.8323873268615,404.0070530624827,403.5461718153441,398.61191688957626,389.1515033100965,375.00271044484106,356.5368130131741,336.1021583786234,315.65199920054874,295.1451893405756,272.0659740813775,264.4595632245735,261.1950016294286,260.90392642107327,262.8260448446032,262.78120681716536,259.93223651556474,260.25823518675463,264.8117388492916,274.05374694638596,281.2659739040449,290.9084163866646,299.7901976207446,309.0725522945519,324.34166314913307,326.1834082439018,327.4671566368488,326.779992486781,325.5330795519461,289.45820620849264,283.3909098339151,282.5925370857905,287.8678780636663,291.177416740451,291.96541604510566,288.22594263383945,282.2630620595504,283.0639099724707,289.21546624075563,291.85037650378365,291.33951222373287,348.4788862097368,343.33470115519594,340.3099385314155,342.0546237931819,340.8231736856105,344.6750585137808,350.88127003616535,356.63345568357033,359.23643910181704,359.4339655957708,358.2875471327279,354.806964834762,348.58331591544555,346.6358618163096,347.5760768031934,347.1818720459181,350.74737474505093,351.4977668407722,351.81855097938677,350.7260021142021,8.141726690691383,3.4665205587274177,6.844445757924311,0.5836406,0.6725258,0.40238628,0.4519278,0.24987316,0.0,0.23759788,0.016380068,0.4879367,0.24631332,0.42551354,0.76547444,0.5059868,0.0,0.34117675,0.4410914,0.9713694,0.10691285,0.064760566,0.1451682,7.476012e-05,0.0013854797,0.00011555368,0.48154747,0.021526221,0.00014430993,0.49520615,/content/data/frame251.jpg,0
580.3514539930555,201.4607448577881,141.38362630208326,197.70980644226074,0.9990411400794983,580.6094793140279,577.8334134118277,576.7782633001354,578.3350550776795,582.5346804303396,591.1509648500285,604.3411985629391,619.4637429344255,638.3787526023717,658.9381559114935,678.8153330600583,696.8892389795058,711.0530168547884,719.9230670346564,724.6728917672398,727.8045974076815,729.8364487286088,588.5038287821549,594.5795672380298,604.8835530526168,616.0913451724388,626.343976829428,663.0988396390718,675.9018843570701,689.7429434575939,702.8271456480849,711.8147242332383,643.6195493844205,641.888349328151,639.7987873319776,637.6395016199745,625.4208252157548,631.7522561849335,638.9732885161263,647.2208383469789,655.1136393419523,601.8642920174726,609.6292697354186,619.1207172423295,627.8302282306437,619.3139299244875,609.9389855780801,665.6675232691614,674.5195857060955,684.4289654100714,693.349471774521,684.380361736751,674.5091635625874,614.0972511421036,623.1153890924143,632.2094163685539,638.3310186194525,645.3649261012962,656.8754058340328,668.7218900997719,657.0424995215376,645.8714323768722,637.8590242044347,630.5556753232279,622.2248331921548,617.5401291798626,631.8816137938071,638.3773596835989,645.6818752226611,665.0484733991365,645.4252741303608,638.0200159178232,631.1465981329576,288.0490434995355,306.69874102986125,324.80589316286023,343.5328587964804,361.3185365897664,377.63621940961,390.8411600821521,401.69691849710375,406.51001143871713,405.6718420114911,400.26710505347376,390.62086679644193,376.5245853810833,358.10056897456343,337.51689211139603,316.76557004973756,295.9722765879002,274.93768292830214,266.5066567053937,263.0789947143303,263.27519828299035,265.7687703591546,264.88433764497256,261.4416505148626,261.51069544794,266.61777202780144,277.1443349492336,283.27638055560135,293.01736557179726,302.0359419026354,311.45065867593075,325.87384469302015,327.8991768712648,329.29479663375173,328.322808015187,326.85321507401534,291.8578490766243,285.6134225008421,284.65392772731036,289.86774289495844,293.32731474602986,294.26065517164005,289.4803771337044,283.43638237747626,284.3809722130738,290.81623573138125,293.4060888985557,292.7575190494629,349.4884279579245,345.1899513316455,342.6181424726342,344.263879538007,342.9924063126397,346.2660765374468,351.63185419374815,357.4795817454332,360.1755230002568,360.44030483885206,359.3912036713736,355.9812253851363,349.58569186979474,348.44260757374843,349.3620612355528,348.84433383260415,351.4627948645233,352.8120877041712,353.26132875568226,352.2360132671462,6.147260689833705,2.5969118396419137,4.848748721481963,0.41685283,0.58291453,0.13596596,0.35454062,0.26970547,0.0,0.37529784,0.12584959,0.47530988,0.17213757,0.4382339,0.39566055,0.5602384,0.0,0.3935315,0.51547647,0.9646894,0.21086362,0.06631927,0.083021946,4.4488315e-05,0.0010635934,8.630333e-05,0.28204525,0.010351229,8.455855e-05,0.7063246,/content/data/frame252.jpg,0
578.6711154513888,206.39128875732422,144.1032443576389,193.01358032226562,0.9991723299026489,584.2792909862703,582.0294272473717,581.2724388128365,582.4788277610284,586.5323472255538,595.3950665268203,608.9143151193887,624.3644845826617,643.2193987592458,663.2683563987491,682.0525592803191,698.997840523901,712.2359558068893,720.5091221019211,724.9233181802141,727.6593980020741,729.3246890353388,591.7317361850268,598.6773710848247,609.2784810497931,620.5877186623231,630.9365210076743,666.5013204318842,678.8149014087801,691.9456658463896,704.4023674783836,713.0402864336204,647.4154141841994,646.0362678232814,644.4206555473593,642.7918107887602,630.2065532061275,636.7353441934923,643.9754035585272,651.9949990391949,659.662963899078,605.4568061402548,613.2819800731511,622.8484161944201,631.1553712232566,622.7716788392197,613.3446359131398,668.636409467752,677.4634624998522,687.469925263377,695.8727519416134,687.535086784749,677.6444928027653,618.0505678536429,628.0107825034822,637.5130510926883,643.6447295456753,650.5802209226283,661.7933590965418,673.6309572484672,661.8517421630422,650.8889788517561,642.9899183802194,635.7793818782044,626.9687503778143,621.4583083402882,637.2210046088192,643.7396003030626,650.9737854673891,669.9754787319449,650.471199622994,643.1403351929541,636.2738639486491,290.54628917405245,308.73134429147393,326.46122823508335,344.7768894060937,362.28511373378205,378.1757447096337,391.0829581905534,401.9243305574702,406.92215021966115,406.04031603763724,400.29864723709034,390.6874470833958,376.6285451284486,358.42440403575233,338.28681568285754,318.1207329697696,298.00093978658845,274.7857120355067,266.93574359151205,264.0692786025764,264.55126677962255,267.28447507681193,266.7630862679871,263.37715832451283,263.2809760534539,267.6181517657016,277.26836599977685,285.311699877902,295.2659920081081,304.48942588801145,314.0132792311721,328.158313120831,330.2563898603432,331.6837999243791,330.6081930487162,329.1293578433433,292.12184506136,285.99078785169115,285.50836480432224,291.68422746263786,294.79563488651877,295.24975684939346,291.91217544147946,285.5177593838336,286.20319094217155,292.6283309332524,295.7167592570648,295.2214557648993,351.0310977495334,347.51074655741536,345.59699961310616,347.3286394327508,346.22034135314533,349.25976738456154,353.9986528317415,359.7734408038501,362.162218000042,362.24938534028405,361.0815031237631,357.70718552763503,351.2161730367181,350.70344021812633,351.7028826629823,351.3016423118904,354.0484489350441,355.91179233813966,356.2325333606044,355.0736522694933,7.7300894516960525,2.6166856774138205,4.5324899949488175,0.48823264,0.6226314,0.31128535,0.46934444,0.29407912,1.0,0.2557121,0.83838344,0.48657852,0.3724106,0.42341915,0.55221295,0.46794352,0.0,0.54510057,0.56213343,0.17460074,0.24071042,0.032579567,0.08781179,6.131275e-05,0.00073445356,5.0330418e-05,0.52499825,0.0023284848,0.00013471713,0.4716925,/content/data/frame253.jpg,0
582.0228949652777,207.06674194335938,144.18706597222229,192.46683883666992,0.999258816242218,586.6748206222941,584.4019733411488,583.62825559728,584.863529883487,589.0437876590985,598.1414266843659,611.7357040580541,627.1849285528237,645.9222822406662,665.6982345128769,684.0852909036441,700.6964806898376,713.7306898707174,721.9893279108579,726.5042754397043,729.3899399377901,731.0780463730308,593.8244523312343,600.537719828798,611.2691847641797,622.9475371861887,633.7195163456249,669.0752733614224,681.6131385571555,695.0599650800629,707.7972626794242,716.4499197888442,650.3514519475336,649.0850141972753,647.5952939267816,646.090767999485,632.8509935278494,639.4962761475695,646.7835089188737,654.9387413885128,662.7391130322715,607.5035025869232,615.4309784884786,625.0225730456567,633.5756584994238,625.0112846787778,615.5441925484937,671.4277277200911,680.4108999519459,690.3695522777542,698.8614052243536,690.3066402818557,680.4630879993094,620.1467694668131,630.3679107383095,640.148365179893,646.4641445003072,653.646085717863,665.0143935071311,676.8362183189113,665.1052097953022,654.1526649478567,646.1055323573846,638.6938522243905,629.6068614330022,623.6645618606682,639.7396024021656,646.5134416244455,654.011009709827,673.1916176427325,653.8558359641447,646.3338051617585,639.2800970386872,292.9678598280394,311.40226541134354,329.3164631265928,347.72152583916215,365.0630178972189,380.6868610379348,393.29836217810134,403.70965048315315,408.37756914951035,407.4041815333196,401.42623412436,391.7146593701898,377.81242984152357,360.05293781772014,340.3159304112419,320.5323653745385,300.782961413945,277.5171898716573,269.03323189872276,265.62863979858173,265.86189600394374,268.57178548679326,268.51888847492455,265.1463236742273,265.18406398861583,269.8423944262764,280.02923007550174,286.85023952840453,296.9399401572667,306.2623415801348,315.8935624349484,330.1361912902191,332.1387751071458,333.5863429637575,332.4422945131787,330.91875044095127,294.18778124697593,288.0695689963949,287.4765718114225,293.4051050826846,296.4369470487022,297.0045385250465,293.6257788888669,287.550207755856,288.35908807423766,294.74179226731275,297.49837704339814,296.8717143691544,353.04440381161623,349.2462125143785,347.07489514521365,348.7744413766451,347.51073623714944,350.53173724107296,355.46122939409696,360.70766309669887,362.9390703700425,363.10397689058254,362.05721488967873,359.02588915995125,353.24009178135304,352.86768580475643,353.7973791813449,353.2683126985504,355.501839982259,356.2543885966545,356.6607835705976,355.6241535672827,6.615257768669831,2.683163748596554,4.235501541818482,0.5334308,0.63631135,0.16276701,0.46168032,0.3025035,1.0,0.19521634,0.20236947,0.4925652,0.3615799,0.53320247,0.41222277,0.54343724,0.0,0.4314251,0.5724882,0.4980463,0.21093895,0.026106583,0.05038792,8.188682e-05,0.0018725293,0.00013901388,0.46283734,0.006429982,0.00044469046,0.5281946,/content/data/frame254.jpg,0
586.7324761284722,210.42969131469727,140.7966579861111,191.22057723999023,0.998908519744873,590.2355611990168,588.3431959729886,587.7303052698937,588.9651477955747,593.3425438481635,602.7624323818668,616.4180044786069,631.7786330746851,650.6193470276543,670.4656195709828,688.7083406690167,705.0322927807541,717.7533523025267,725.7433859226464,730.1865622834509,733.2151508621921,735.0278124296013,597.4610278143396,604.0927893648562,614.8229055191171,626.4406352615749,637.1605687691018,673.4736103445106,685.5469331749864,698.5059342753077,710.8673938670231,719.1304236306062,654.6021159395943,653.4441459001025,652.0432899881812,650.6538476675283,637.6838432907834,644.2179977782828,651.4207192740374,659.363033277697,666.8075943430268,611.8385762349775,619.8594586928518,629.5512252620663,637.747866083747,629.2303522147855,619.637888676614,675.4289657378093,684.2806331778643,694.1976420811782,702.452944248516,694.2063407558898,684.3575535341187,625.3306515431924,635.659719129482,645.1880025873328,651.2731085085901,658.2496165917789,669.0712466336106,680.5941731311578,669.2394620428519,658.4445298202608,650.4812829209313,643.2117758455909,634.3932071363566,628.791171720563,644.7475432785104,651.2845699699238,658.5878117640946,677.0733845416544,658.2986902472272,650.8508671788805,643.9527429082261,291.241251304404,310.0752771254015,328.463837796469,347.3364195357242,365.1925283097462,381.15972534101775,394.22014259383303,405.1405080645054,409.93213746874767,408.42319094952217,401.2247367281543,390.4037631900745,375.8713687855578,357.8169411698415,338.07558613235017,318.36769910903985,298.47970438456736,279.9728157508158,271.50490894660095,268.1876433587411,268.69024485082133,271.5699712038382,271.0367944172333,267.5456852681765,267.23771662276744,271.48562414889136,281.4035152291218,289.5624959866228,300.04698399757405,309.8158487261423,319.8272437209413,332.877225299535,335.02529189831466,336.5683766126346,335.2237611887855,333.4627582603472,295.7217252846086,289.73067036437965,289.3528114237252,295.52755062284757,298.68140148515124,299.060149441303,295.3182421818911,288.8722370002346,289.51556280694876,295.79491177577455,299.0532835062319,298.5959670958655,354.68156131413843,352.0346749584322,350.41185239258965,352.0792625049097,350.7888496720699,353.1108624107577,356.66801857267944,363.3823833400522,366.3651944592656,366.6405157201833,365.49947116804304,361.80446289540146,355.13702446912214,355.40003628469333,356.40585474112106,355.73230924608106,357.03070954123467,359.8247348003166,360.3620967983393,359.20097417312263,5.165900349433257,1.9650582789414481,3.248925214640038,0.41022688,0.59585184,0.19589658,0.44321707,0.32526875,0.0,0.16339862,0.63720095,0.48769367,0.38374382,0.61029994,0.16779898,0.51783913,1.0,0.53231096,0.54802257,0.8114834,0.45189926,0.019633185,0.0415744,7.6575285e-05,0.0011089155,0.00011757571,0.7868078,0.0028449516,0.00029418792,0.2087499,/content/data/frame255.jpg,0
589.2489691840277,208.0803680419922,141.64415147569446,198.04270935058594,0.9989820122718811,591.333753828286,589.5097256958213,588.9574171051985,590.4889532489065,595.6170129567705,605.9052801087288,620.3888941230429,636.3279103108938,655.3276827893008,675.0282532533369,692.4344499106821,707.9276898221881,720.2506487475963,728.2476796665912,732.6322087678643,735.2724735184362,736.5880447255943,600.5390303935304,607.2896796262382,618.4094392288305,630.4371829214676,641.4788573088279,677.4444966562635,689.3145117554116,702.1002592643745,714.2483498030182,722.1018739074073,658.7637793049107,657.8176981289037,656.6473972935935,655.4997464826201,641.3137345235291,648.2767188811944,655.9925580346437,664.1714974042527,671.7058247304034,615.1166866289648,623.1955140242151,632.8904256136797,641.2384610843013,632.8723296749116,623.2597811664388,678.7560166395564,687.4435545856562,697.2345552558512,705.5535168209375,697.3301556399965,687.5479090129786,629.22669564523,639.971178765801,649.7361651960371,655.8714179420061,662.738794832967,673.2244529099607,684.0608393187722,673.4528654443129,663.1223720743761,655.1435716627741,647.6968272637489,638.507914951547,632.6687131803352,649.27277459495,655.8672109018386,663.089537329903,680.5826794840453,662.7656235672345,655.3763541361556,648.3810095654839,290.00316570086744,309.37485044567325,328.2493324517487,347.5183555008822,365.5791506101643,381.74803833956355,394.85701968551143,405.65100989492345,410.2420380923693,408.37790850968736,400.3480286811009,388.6866941063606,373.5920606268962,355.3218342419306,335.5739735300846,315.9093470540123,296.11324703142293,282.15792819074795,273.49169458273593,269.97502687361305,270.3449985187899,273.0248476927569,272.32929788349827,268.81180859750765,268.44476913184155,272.6351794504317,282.63313958314774,290.88121889571323,301.5022600919052,311.36860502691997,321.5735671175123,334.19086303835024,336.4843231949038,338.1350269385108,336.692323793628,334.7504277108783,297.69583780315804,291.7495406542117,291.09107512494904,296.8260995328186,300.25699744997235,300.8505442415646,296.21799099950147,289.8934072808719,290.5040088750291,296.67562347995516,299.96931806019506,299.5482669980338,355.46470362620823,353.63668093035193,352.2716592948265,353.9722100901163,352.6285919485075,354.6584817468167,357.8591752421395,364.8980492216833,368.3284301120151,368.72836806518717,367.6024394632947,363.5243585336913,355.9984594529942,357.1526616312319,358.25741338110237,357.51751258610386,358.2483477053203,361.4125801858572,362.1091357185229,360.93836035174604,6.187287204308946,1.8453065031173803,3.0709107048135613,0.5846988,0.55850995,0.15616947,0.48997435,0.30068848,0.0,0.16199994,0.12706164,0.48742762,0.363144,0.5850388,0.15816069,0.48508006,1.0,0.3118122,0.54108924,0.8674963,0.2296893,0.02014708,0.07953777,8.620817e-05,0.0004019611,0.000109719935,0.6142207,0.0018940512,0.00025622174,0.3830311,/content/data/frame256.jpg,0
592.8962673611111,211.485013961792,139.3469509548611,193.00247383117676,0.999153733253479,596.5678499974356,594.598932603535,593.7270505229262,594.4987007620755,598.7829105375873,608.3103710424788,622.2184285797124,637.8183380322098,656.6966152182396,676.478238648311,694.1252824301096,709.9339797469672,722.45058064299,730.707105677605,735.3665765928441,738.219092732359,739.756305376469,604.5598786532516,611.2350438924311,621.9563549104375,633.5731987617133,644.3624767902112,681.0985182681738,692.7629190101053,705.2577086181061,717.2084860499217,725.0517976134206,661.5862021244175,660.4514836696837,659.1287878041929,657.843074496051,643.7240686725738,650.6906976014072,658.4281761018548,666.7951311355408,674.4372404693427,618.9562605591508,626.9454661716755,636.437828448848,644.3547807186465,636.0717232184755,626.6333990976084,681.754541071581,690.5074799778874,700.2288124631468,708.2732848425046,700.169894376262,690.4845505162389,631.7364674364551,642.3904188469277,652.0086860939767,658.0345099622823,664.8809421285791,675.1712869435729,686.1339716141524,675.206695775077,664.9351114287047,657.0244609645911,649.7324918266062,640.8220698989356,635.0873369957418,651.4063632338643,657.9277381855694,665.1147370487951,682.7190417497604,664.9494130074331,657.6018595965237,650.7288190393014,289.34430991993463,308.35593276207123,327.20951349603047,346.5323820377803,364.8388031438652,381.21787944711184,394.5657250951896,405.39845314207315,410.07139735928035,408.1495191830602,399.9785965516253,388.47096099119915,373.64176996649564,355.66846796880293,336.12213035711596,316.55054410885157,296.783028992931,283.0229154897051,274.81899293167737,271.6703333388127,272.17070913434105,274.7669702488223,273.7243147559993,270.20993646191704,269.7234412044306,273.50617426655356,283.225719054472,292.77257504016785,303.63470000973683,313.7181550946128,324.0423074060408,335.636939635527,338.0717420001945,339.80277140622184,338.1253729204259,335.9241446021716,298.3592120586146,292.77926337500753,292.45476524722903,298.32686785112367,301.46290312569965,301.75472573528305,297.4483975191172,291.0566892942419,291.5770955827575,297.49681719806483,301.02027892728535,300.66081371560824,356.18346284915106,354.88065252821457,353.8219491731602,355.40357125623655,354.04456235711166,355.60009372223766,358.06808237576905,364.81878645549057,368.17003564162576,368.6162559416411,367.536610989163,363.63947219951933,356.78821532109373,358.38750730839047,359.3975079899375,358.5754985237602,358.60171348322467,361.8417112958347,362.5794574062611,361.48800950994826,4.844467479436396,1.4952359018122083,2.6071916391621976,0.6140518,0.6289764,0.231417,0.41797006,0.36928967,1.0,0.2582848,0.009004625,0.48549342,0.43909472,0.63925606,0.25467053,0.52062505,1.0,0.38241273,0.5583112,0.9313203,0.31820938,0.061057124,0.06048161,0.00010058012,0.00043683368,7.738112e-05,0.5160577,0.0038607097,0.00019123593,0.47927547,/content/data/frame257.jpg,0
595.1769748263888,210.6148452758789,138.98583984375,194.36084747314453,0.9989823698997498,598.0432898613344,596.0039521687543,595.0835089515992,595.9683671101138,600.4930564937606,610.3134240122736,624.515146703236,640.271421048621,659.197612000643,678.8079091097879,696.088352788799,711.484842346551,723.6930719106649,731.8392873623134,736.4687717721526,739.3047886889935,740.7910409418728,606.6528374428499,613.5099555597317,624.4320349645577,636.273918105067,647.2155086456687,682.9029399286783,694.7078096035639,707.3298948941065,719.3651725236386,727.1924813456508,663.9820455514555,662.9473923336127,661.7300350887431,660.5400782347633,646.1465597584574,653.2260019500759,661.0483061344826,669.3826612056682,676.933561112377,621.1407211415608,629.1367071035334,638.6289684953672,646.6504781091276,638.4044618425637,628.9725897445023,683.6994697088994,692.4327986605231,702.1457715216429,710.2370749773427,702.0751922296349,692.4087207929324,633.9070651110806,644.7755392864437,654.5516956973324,660.6169967344049,667.4757830638218,677.7257952453201,688.49943153806,677.7616340112836,667.6330120952598,659.7113032964148,652.3503988956886,643.2702416071215,637.2533187335684,653.9550247297079,660.5145059267766,667.7224560906861,685.1187849338057,667.5597914667378,660.2170705826447,653.3114978425024,289.4048894204111,308.6662451234015,327.6788355829731,347.0557497584505,365.3079550427292,381.66330536214355,395.01128553381477,405.94349932979185,410.6966399937992,408.8348870010286,400.4503951922761,388.6073512538778,373.4392677957303,355.27912003984966,335.7050092409463,316.2035629997199,296.53502442044146,283.15536906325906,274.91562249547314,271.7479649266443,272.2015310622951,274.77084250007874,273.9093844978124,270.5258671778206,270.23641145031525,274.2498110691522,284.0739285904265,292.916740940555,303.94746963761827,314.23575339502713,324.76317541934986,336.11868424435033,338.64679083251576,340.4489052271547,338.808565743112,336.61208590516344,298.6933577984196,293.1535089554918,292.7143103003,298.3808181799591,301.61585068255135,301.98934261651493,297.7378473635986,291.5646616317008,292.1737190773988,298.1123888812822,301.4629520528192,301.0341241188876,356.3215721512943,355.15973162941737,354.26880882324895,355.88787859746844,354.6301297565915,356.1712244965638,358.61726892977094,365.2909531766418,368.61089074638767,368.97567322074065,367.8045463157514,363.79305123955874,356.9374345139586,358.7128714098062,359.8124458988086,359.0600820454556,359.11517476442896,362.40965819124267,363.0854788927745,361.8947365887261,4.262338808329956,1.4465741498688938,2.430984286956169,0.57346815,0.5275331,0.28200635,0.43522483,0.34100002,0.0,0.19488588,0.020672403,0.491185,0.38609084,0.52204835,0.16822055,0.5303933,1.0,0.40555048,0.55972916,0.75189364,0.31684756,0.1412207,0.07791467,0.000101182835,0.0003706492,6.460994e-05,0.2785951,0.0067873313,9.916637e-05,0.7139819,/content/data/frame258.jpg,0
598.0315212673611,211.76899337768555,139.11469184027771,193.72985458374023,0.9989240765571594,601.4085335295763,599.4258390177741,598.490242216801,599.2727335493275,603.6884321629233,613.3744479927848,627.3896207973812,643.0391564584927,661.9394319152153,681.6094921665035,699.0325667662244,714.6836820841816,727.1351331778737,735.3443465291045,740.0093226141114,742.8589681372916,744.4181448706046,610.0970895936589,616.9899568816941,627.8479568455122,639.5338424912136,650.3299379203089,685.9633451360922,697.6081319905262,710.0731210205192,722.0402132980424,729.8729971942585,667.1714563096106,666.128681870149,664.9091729285897,663.7239453119109,649.6905510270324,656.6066420420279,664.3000281499259,672.5274075548829,679.9812678010644,624.5682358894371,632.4884136078124,641.9827055163403,649.8825001187497,641.6742013056927,632.2498438541868,687.1309332513267,695.7463955446958,705.4027685595812,713.4122384596584,705.4284033417272,695.7926212923925,637.587684472289,648.2920489512187,657.8624761627201,663.7205642919954,670.331324266674,680.2402345272947,690.7856495002804,680.1067812371067,670.0344042062286,662.2886330745995,655.1024761655364,646.3130021996327,640.9068760645494,657.2277035302299,663.5551853055564,670.5056130719886,687.3498265775754,670.0612029460505,662.9265719491007,656.2158571090114,289.2286063295671,308.3538651053779,327.32595952202627,346.7435310258156,365.0995038460648,381.52359791387664,394.9003953598433,405.67903142380135,410.2983637399494,408.24012629649087,399.75836671281183,388.0207819470095,373.1016297274732,355.1810186478966,335.7574749326992,316.23927651650763,296.5480641057893,283.32939862406573,275.41903140610094,272.62782625789407,273.3499165010291,276.0575799727181,274.9422798847419,271.43068885999674,270.8741715962467,274.54521096593976,284.16788463478247,293.44915150367734,304.43716138289244,314.7047784572498,325.19055445598883,336.17345123541384,338.73357614337345,340.5219139724324,338.85511272402334,336.6164341275352,298.76702470498356,293.26383974204,292.9549475455005,298.7560086769803,301.99072326959043,302.26863894965027,297.9176612326536,291.554976665953,292.05854078377286,297.9602357559744,301.5467219145027,301.1962667292893,355.84843752186566,355.10392030851267,354.39508394057907,356.0175300875561,354.7852037549238,356.20063171527335,358.2480471236746,365.5615534734472,369.2380107889884,369.6586844923233,368.4554571015864,364.0199192451055,356.5894074356353,358.7054409203537,359.8160782493071,359.0488084347197,358.8740623603182,362.77343142741734,363.5019996492839,362.29343745253277,3.8330840072022743,1.0344742525042192,1.9211552592688634,0.44561955,0.49766687,0.22309467,0.4771918,0.38455495,0.0,0.2293687,0.009515468,0.49404237,0.44932643,0.63798916,0.31498784,0.511857,1.0,0.5449041,0.54210967,0.33265007,0.17209306,0.13885467,0.1475896,0.00010427228,0.0003183707,4.6402627e-05,0.6008613,0.00416814,0.00016604431,0.39433548,/content/data/frame259.jpg,0
598.9846462673611,214.44903945922852,141.08501519097217,190.8255500793457,0.999017596244812,603.1917892848099,601.495868237094,600.7598168074477,601.3729222954984,605.4262381929915,614.8253225217433,628.7185995036668,644.4784873514195,663.5117243089013,683.0924120997687,700.4904281109764,716.1963208828274,728.5680723133858,736.6259775105539,741.3100093982923,744.5520069687531,746.6592753619573,611.3162806745427,618.373949611331,629.6368365433066,641.7416563006074,652.9922933385935,688.4859278197716,700.4441037207818,713.1247845112883,725.2163921266598,732.9947813583608,669.8892920978658,668.8596458552316,667.6791655418724,666.5597094914949,652.6797060715821,659.4208875661975,666.8586956227289,674.885542732128,682.1002048089034,626.9336500481307,634.9519734151385,644.6431887116075,652.526360601978,644.1177535651353,634.4818231662748,689.545888284746,698.3428817933572,708.0994753541256,715.8993889120898,708.0738154090561,698.3401793097808,640.2298965421661,650.8966265162984,660.3700052578158,666.2001563356622,672.8923246054135,682.6247459519702,693.0373469275659,682.468588807534,672.578331500986,664.9026434696443,657.8174276264003,649.10454550688,643.6743210516299,659.7179833238187,666.0215603881971,673.012680666915,689.634360499608,672.6921633849645,665.548120752758,658.8912144341168,287.5908339547446,306.83000562031606,325.8676443502899,345.42374363528353,364.03533855920864,380.79199243274843,394.59140588156407,405.84199514837593,410.6402274405806,408.7111591765398,400.3196473956544,388.65836251866114,373.75400180755787,355.85268235250055,336.5350977164906,317.1754335003481,297.4868169777589,283.5956555764129,275.2177858780259,272.27885546197757,273.18967432068894,276.30990999223224,275.72573677469273,272.0848840208313,271.5332429730115,275.2766467892558,285.06550636605846,294.1489836071356,305.1875575778108,315.52533524549636,326.1148942997228,336.70748341129257,339.20595677555093,341.05864575628914,339.3855763910374,337.14752417142046,298.67165129243574,293.2423208405911,293.1541352527752,299.21425676385337,302.42381088248965,302.55997237824135,298.7066334409534,292.2536486166264,292.7246382732676,298.5772554519567,302.34493384921484,302.01784461856704,356.487042600902,355.5663419335575,354.8218486549615,356.4597584359052,355.19511896228084,356.57230732263025,358.593246379364,365.80246254226563,369.204752875969,369.6085011925119,368.44190181752276,364.3027206463955,357.2359990720713,359.11690034347896,360.1844496007185,359.41441921721554,359.23000883538896,362.7328370176998,363.4294635796157,362.23653546311635,3.3310228897105225,1.72345958231417,0.5073439128099029,0.51260096,0.55244225,0.10045114,0.504249,0.345928,1.0,0.22354187,0.33739716,0.48704422,0.4967837,0.6306826,0.23848552,0.49870512,1.0,0.5122671,0.54108924,0.7570002,0.35922801,0.056205567,0.11708917,7.217581e-05,0.00011404782,3.3260403e-05,0.53831196,0.006135749,0.00014890083,0.45518398,/content/data/frame260.jpg,0
601.2329644097222,214.64953994750977,141.79399956597229,190.5373649597168,0.9990087151527405,605.1814821043466,603.3205759892322,602.5482435132858,603.3101299016162,607.5510438634778,617.2188229965436,631.303092814602,647.1590545259135,666.3638288653552,686.1425724494662,703.472761273344,719.1027931209901,731.5199818331942,739.6976262271185,744.268883229776,747.0229298360654,748.5794582181863,612.9787471747843,620.3497191980841,631.9155824332397,644.1747033734737,655.4888451979145,690.7667890039517,702.5008867186594,715.0045878433709,726.9863934361085,734.708975453531,672.0738729576979,671.0791233109538,669.9331268535598,668.8778812082145,654.4185811722002,661.3425451409566,669.0159017592019,677.2676772602204,684.7380404341844,628.4460844445298,636.6804157287855,646.3933419939455,654.3537718184386,645.8397947483535,636.1672218627516,691.7706900503489,700.7865699446024,710.5514608961031,718.3811885636725,710.411089464341,700.6609170707338,641.4849823164966,652.6987040540502,662.4873831933314,668.4241544045586,675.2324141543189,685.2686171896564,696.0484208493858,685.2193509055962,675.1883402504045,667.3939303076323,660.1907907292015,651.1306325066183,644.9156669229096,661.7980913219078,668.2407039343693,675.399974033301,692.6590095323992,675.277578321781,668.015557697629,661.2541588379768,287.3000969925944,306.623321652343,325.9085574416026,345.7109324881093,364.5781203483104,381.4392505373932,395.27656203361073,406.3975909271711,411.0384476290528,408.87646864232386,400.01372989163445,388.01904556074,372.9529525331245,354.99552146197965,335.6627910669248,316.3252635122602,296.8040878771384,283.23254856310615,275.02965775390624,272.322397082106,273.4645503604946,276.7108441444085,276.49681178170715,272.78946598592654,271.9769811477637,275.3987664779689,284.97707926572787,294.39254075020125,305.4153777829999,315.6999019696129,326.26863060651397,337.20639982600585,339.81861677303823,341.7147213653743,340.105369714369,337.8970681551584,298.6762271138673,293.3678088558964,293.25141640803577,299.2783251580663,302.424914340546,302.5615448055102,298.9270286147137,292.65106278551303,293.1690810677454,298.9472802601116,302.6763223004908,302.29432120997706,356.98553863065285,356.59649171196236,355.9916952654828,357.65381567219526,356.36524681350215,357.6732223633437,359.4003088492028,366.0195577846807,369.18279392870386,369.54357576492123,368.37143342482454,364.4497690721613,357.8031000084595,360.1544032602409,361.2763117073788,360.5041598063324,360.10729024668734,363.1342025623691,363.837885912622,362.62881089484813,2.84029675144308,1.4074251559057709,-0.5596590355098915,0.44634122,0.46950424,0.36044356,0.44310084,0.3838923,0.0,0.16090952,0.038674198,0.48966262,0.40035614,0.63457227,0.16901024,0.5180288,1.0,0.43698454,0.57272565,0.61727756,0.2474036,0.039567918,0.08713841,7.244136e-05,0.000121910736,3.191671e-05,0.62525064,0.004794598,0.00015609492,0.3695724,/content/data/frame261.jpg,0
602.9469943576388,215.1159439086914,141.26502821180566,189.4302520751953,0.9990667700767517,607.9692905424897,606.2546848659947,605.5501041797772,606.3002200288962,610.6236013415366,620.4004442110356,634.4831968191032,650.1849390523096,669.2848990551875,688.8713465360273,706.0350442388924,721.4692796689309,733.8131398253787,742.0229911568997,746.6978668025855,749.5862790803537,751.2772212406671,616.1579307462796,623.4252892263883,634.7569700844721,646.9415401590477,658.3336568109638,693.0944136442992,704.9604374278991,717.5376945094802,729.5328141889743,737.3330353546091,674.7393971187666,673.7448926310863,672.6189821246896,671.5880644107062,657.050197283004,664.0714192896887,671.8086980766108,680.1956633408696,687.7266501921353,631.83065417858,640.040505510101,649.6209981015434,657.380206118892,648.9983082208239,639.4710365234905,694.4110888092011,703.4264752266357,713.172835991623,720.987066934373,712.9858176613307,703.2711889060186,643.8992709914994,655.2317647960308,665.0692704069121,671.0692555368947,677.9745581546919,687.9605348851371,698.8007015463907,687.9782706668044,678.0563405673299,670.215756610567,662.9333552338991,653.785763400408,647.3061263171778,664.3506867181331,670.9044983901618,678.1602486724529,695.3849851044324,678.2158406603678,670.9049048633857,664.063283050658,287.561921294523,306.9250862589497,326.2402535101937,346.0732879722807,364.90026055802264,381.6355490320599,395.4064147354693,406.6580542412237,411.44198665286785,409.34858180451556,400.3362032889374,388.3247569349521,373.3208682561086,355.50895415406626,336.2358230087218,316.9418939834239,297.33844237271967,283.802043973933,275.68383203072847,272.8705563283884,273.6785031554302,276.52820563318073,276.09719497572024,272.7250998852345,272.33306323538727,276.04054615742336,285.72464877362455,294.9593613680936,306.2504897475448,316.78607924761565,327.5620908850385,338.07069733759965,340.7686227135655,342.7522933405864,341.0607821177597,338.74042971942583,299.44200227711445,294.28510358437524,294.21368623894523,300.1132928062987,303.2375950449732,303.3095543547017,299.4811320994635,293.26270148443143,293.83246855140607,299.5617763870749,303.25813549188496,302.827463562111,357.72963931791276,357.49881672319714,357.06347035134894,358.70419951940966,357.41716980163363,358.52953797512237,360.1234143295809,366.43927657636925,369.57126115897444,369.9749568157924,368.83260446749114,364.9451081037205,358.5767972619484,361.3471290681889,362.43875355815396,361.6129083601554,360.823320573724,363.58525193333844,364.32477576769924,363.17780317375366,1.842580874605459,0.6194729730992913,-0.8310021670714759,0.5595351,0.52888244,0.27326208,0.36523673,0.36706403,0.0,0.28292528,0.33730534,0.48427883,0.32920632,0.6289634,0.10335209,0.5789392,1.0,0.44882566,0.56874233,0.09883585,0.23064946,0.14990559,0.18090707,0.00010841644,0.00013550531,4.3074895e-05,0.5829379,0.0108595425,0.00011544976,0.40580016,/content/data/frame262.jpg,0
605.0143771701388,215.0386619567871,140.61566840277783,188.78332901000977,0.9990808963775635,610.2852669348174,608.5991374323323,607.9148575922153,608.7765748234243,613.3456273086223,623.4782228958107,637.7707114099131,653.395572003989,672.327965759061,691.724499244567,708.4743621160027,723.5534380822653,735.6875860432788,743.9016446918673,748.617618158982,751.463070772022,753.0184084300945,618.7403883373444,625.8780549178786,636.882130286645,648.771566352313,659.9641008019895,695.4030363252515,707.0480440551285,719.3689767453982,731.0748822652663,738.6497436671596,676.7127079096847,675.7312137724634,674.6361337794983,673.6503187347832,659.0129272828225,666.115878072211,673.9475566618503,682.3346676555664,689.8289846412076,633.9945623283761,642.0990994748322,651.5433609954192,659.2197164634915,650.9392103593497,641.5453481738273,696.263518046974,705.2201651568832,714.8987278863226,722.7768629829385,714.7199098302581,705.0508395944692,646.0878507079011,657.519324590568,667.2980581082663,673.2285306492067,679.9696729501674,689.8020464835508,700.5489670936732,689.9084623334221,680.2422546988479,672.5433967547178,665.3345702288948,656.1881610144092,649.3766689383148,666.6261975014851,673.1049256892117,680.2582285537391,697.2438104317986,680.3898947067773,673.2182347368191,666.4653449686097,287.35205911524264,306.73848572806384,326.13278449422535,345.96210412516314,364.7700692472491,381.43714623167034,395.07220191917,406.1666045088111,410.86788689044687,408.57141907733273,399.1816550025116,386.9761040451628,372.000378785018,354.3446916688465,335.25644818160674,316.1571458717499,296.8226444144521,284.4407531714297,276.5524639422034,273.7994112353516,274.56361773697745,277.2775054682485,276.77490290970167,273.70286595853656,273.4576342040084,277.24044018365305,286.84225279373345,295.5629310945545,306.8709688026751,317.4037546893889,328.16581197857556,338.48740676011096,341.22536329640616,343.1783864779411,341.52127794555327,339.1904184093555,299.70441965611195,294.725383939639,294.6933282071692,300.519585860493,303.5543009731802,303.57863983492274,300.08085846725714,294.0208059614279,294.6377100260222,300.31757668373893,303.95232406754064,303.47487729230943,357.6131746283674,357.7825542021252,357.4538951758765,359.05670880503726,357.7713198426412,358.71244050046715,359.9674345792114,365.91030272352464,369.00311378774984,369.393426762801,368.2652513190004,364.47167007629304,358.4913720708146,361.48064338921915,362.5814620874495,361.7104481537108,360.6988561952278,363.3168130287181,364.0983976801706,362.9757043877528,2.6017884732313985,0.9835529484384185,-0.655278944070245,0.52109504,0.57838005,0.20280567,0.37634382,0.38945186,1.0,0.30334863,0.4965335,0.48711956,0.4196529,0.56570613,0.025470333,0.5580491,0.0,0.44058722,0.5840694,0.14143167,0.18316351,0.22423251,0.1085034,0.00015930738,0.00013291337,6.310907e-05,0.5504666,0.015528633,7.5594144e-05,0.43357384,/content/data/frame263.jpg,0
606.2244466145833,216.63703536987305,141.19108072916674,187.55038833618164,0.9990678429603577,612.4220004238316,610.5971084465915,609.93959277319,610.8472882991873,615.3762750649144,625.3363032624068,639.4993757884115,655.2397494663426,674.008969819865,693.2415187396581,710.0164838170232,724.8781174891021,736.6965038597496,744.7014006052697,749.5083657302503,752.5832850182758,754.351818700862,622.1949143879465,629.6599989451863,640.7214570313987,652.601691641856,663.6697497354398,699.4325537031846,710.8040712820427,722.7705017204792,734.0553874952615,741.093369746204,680.2379347038041,679.1744213208476,678.0674847186602,677.0756055620533,662.0511582934942,669.2265535027907,677.0565835895882,685.378548981924,692.8272743745509,637.260283043674,645.6246521419071,654.9336338805406,662.341994593938,654.1184658969115,644.889381808491,699.0180678743931,707.988229112648,717.5168958527445,725.2575910836666,717.1023161214091,707.6358665239734,648.4185009940547,660.0622688769884,670.1202374277725,676.131127068144,682.9349767405114,692.8090841103319,703.3697532225806,692.8417353663122,683.0922635015503,675.268699275633,667.9284111992414,658.5537245091734,651.741665071539,669.3262310531446,675.9301957461636,683.1436416077148,700.1245483785101,683.3802894330016,676.1097977760287,669.2140242205041,289.5777785024226,308.8383506242464,328.1413599885902,347.7671526402788,366.2373671720378,382.6694001590661,396.069226100896,406.84490520938624,411.53720191361117,409.46261301114396,400.4774676098119,388.60546288659543,373.84680006123153,356.47457456069077,337.837012281046,319.221141489043,300.3158898860267,284.139915721575,276.42161624737395,273.7717199950309,274.76674488685865,277.7814256929698,278.508298456031,275.8347790065716,275.7963728661149,279.6491271692431,289.10179992202325,297.24123218365924,308.46709350227354,318.84161423588205,329.4101175032221,339.8387059801455,342.5370626524675,344.43958185055556,342.98579608048567,340.75952774031555,299.9751577981471,295.20089758774327,295.44454785987546,301.48892717179785,304.19316616776297,303.9306817282535,302.1270754455191,296.2448658269186,296.9659300469069,302.66537177844776,306.0880926744438,305.53146522348027,358.7142038913935,358.9294687659684,358.7214612165723,360.38188624182715,359.25207766287457,360.23789339807513,361.7409377597471,367.5028112683349,370.5112743845747,370.8237015627918,369.64702219978216,365.64694821991793,359.6086658660248,363.02155382420926,364.1772795052792,363.41931158553666,362.346729899769,364.7441155042301,365.38796500383125,364.2224600435461,3.693248505078681,1.447651314091532,-1.814661551481971,0.51027215,0.59792584,0.21122934,0.447852,0.38423648,0.0,0.17514323,0.114714704,0.49131903,0.6235511,0.5833275,0.24237616,0.5715389,1.0,0.28723463,0.5583112,0.024658581,0.07629584,0.18955883,0.026869604,0.00013965931,0.000102706734,5.8633213e-05,0.6089731,0.026086887,8.0827216e-05,0.36455825,/content/data/frame264.jpg,0
608.6014539930555,214.47046279907227,141.07530381944446,193.16035079956055,0.9989602565765381,612.7390067469001,611.0498431264608,610.426756176817,611.2407029448804,615.7951367232808,626.0613211869222,640.6815051884399,656.7132878267203,675.8928724244547,695.3367138354586,712.0671391533753,726.9656860070784,738.9644954740389,747.038137275715,751.6974821280718,754.5470539640758,756.1038163137583,621.8337130011654,629.3325544408683,640.865940611075,653.258586263483,664.9071072772814,700.8082266581212,712.3771404278112,724.6116216007763,736.254851122993,743.5481706151876,681.672065449528,680.8084608652314,679.834384305251,678.9076134036925,663.5445274711499,670.8537490698992,678.7896739314034,687.0720395165515,694.4393155477449,637.7393529736146,645.9958413688607,655.6740485512182,663.5052488534825,655.1743410864228,645.5681907561387,700.585016898348,709.4829155871288,719.2570051495819,727.1353729512189,719.2162344141839,709.484946525151,649.1092693568916,661.0449677702098,671.3618980525963,677.497845374331,684.4270674164029,694.2383632107865,704.7902191403123,694.2284986546787,684.4719138437503,676.5654859392351,669.1374544661871,659.4721167992561,652.6158289192194,670.6516361969282,677.3118487544408,684.6302441140523,701.366223425744,684.6291112098495,677.2540015605704,670.2914762797058,290.1023941702846,309.8050143882598,329.4403235174993,349.4568341871435,368.33928011791585,384.93290034538484,398.36129675730456,409.1568652494941,413.6207979427626,411.5676301295589,402.645000970984,390.6767522856909,375.64225692764455,357.8081756775693,338.616985719708,319.50007006665857,300.16468350922116,287.63387880768386,279.441592922568,276.4845817020088,277.1626939469446,279.8133858317271,278.7059926972896,275.25697637892404,274.7743108328388,278.5201480523535,288.4531412451625,298.02538043683785,309.47203035600114,320.1675440648114,331.02947034829776,341.45683115865324,344.1012368067003,346.03901418207136,344.3366598264164,342.04594134414003,302.5060234670985,297.3598544812777,297.2080729499044,303.1297632182495,306.235060546239,306.3345419695645,302.4192526762929,295.9606763430319,296.4394527118841,302.3092987970434,305.98903381950225,305.63857957548123,360.62219919023227,360.6375072128758,360.31711637794524,361.95127542695,360.62921766992804,361.5895612204249,362.94781664831874,369.3829888386573,372.62711528716426,373.06304853488155,371.97602695223816,368.0992840336736,361.5063756569442,364.5145126336337,365.5997795963532,364.72934995502953,363.74300487148656,366.6312474253417,367.44941149837973,366.34887796073156,3.635487011705511,1.7824734816427321,-1.5566153297318102,0.54948986,0.59420085,0.37927458,0.34806958,0.37971827,0.0,0.24843322,0.67435294,0.48322544,0.3455112,0.63828063,0.12490283,0.5848203,1.0,0.48906937,0.56874233,0.0075618024,0.09698878,0.09263614,0.14612868,0.00017491682,0.000108706976,7.833948e-05,0.5237911,0.010629412,0.00010948604,0.4651081,/content/data/frame265.jpg,0
606.0470377604166,216.87518119812012,141.83403862847217,189.56993293762207,0.9991002082824707,613.2146558581633,611.6525596096097,611.2229226337816,612.3477006773683,617.1139881025,627.476088242935,641.8458713815461,657.5460528984058,676.1769656990353,695.2579388671799,712.092359288406,726.9749068442292,738.6256433404094,746.2865202730178,750.8809393487202,754.1070284689162,756.0887720276876,623.7128418878373,631.5522650257462,643.0052081767092,655.2652430898462,666.576988571543,699.953874911221,711.8584648441902,724.3345572078406,736.0727498875102,743.3365486288803,681.9009390106706,680.9687781265576,679.9388425852133,679.0199560582532,663.9295068494931,671.0974020891856,678.8682026310263,686.9501166814196,694.1108120399597,638.159898327178,646.4613545163261,656.0458946105002,663.6985886273355,655.2407282402727,645.7103770821165,700.3418956248513,709.3576518875363,719.1534630705539,727.1156231655086,718.9667678472259,709.2135729098994,650.407723272372,661.7347498577576,671.6347694901096,677.696384685956,684.6072129825825,694.2818465048489,704.7677615506379,694.3015885518505,684.6325413780489,676.8103925312664,669.5274822409617,660.300814205536,653.8391242577458,670.8829242736142,677.480239101304,684.7725661853194,701.3444282287023,684.9817559525868,677.6689817484626,670.7822547489139,291.47009777771837,311.0883366535503,330.5797505042244,350.3848201943664,369.0448375993153,385.5534600086215,398.9477473852231,409.78827352663984,414.40478037333503,412.3079065116166,403.30796015745074,391.46911829172814,376.6623118585362,359.07762585575676,340.1719718275375,321.3455707283873,302.1553044490775,287.59378210260235,279.49418698813616,276.6794063327555,277.68591175238356,280.84337149696233,280.9896199303137,278.1282298748176,278.2412585175412,282.51352697874364,292.3881910974329,299.27297914593674,310.67415365991326,321.32189654290323,332.15279572458695,342.4954046613373,345.1048395537947,346.99160162956724,345.4865688458532,343.3719732427671,302.42881179872967,297.4287045044222,297.664232819973,303.91758044413433,306.64764385386513,306.4833889380837,304.25992733542614,297.98947490886604,298.7064664633987,304.6317245880418,308.1646154235579,307.61560753681596,361.64795630896094,361.36077460875856,360.88548753901387,362.59971008999526,361.3447884319626,362.5821103805116,364.37066390790994,370.2840713807127,373.2092163160178,373.55078355916214,372.4167819390145,368.56155066162347,362.4749257091188,365.41099927758546,366.5262757830976,365.73119738194237,364.9210954999645,367.1679194288472,367.8469590674749,366.7339062540701,3.4906231107814265,1.904305651311154,-1.7841996461897365,0.5003045,0.5362159,0.34073216,0.35660753,0.33689916,0.0,0.17859308,0.540242,0.49328429,0.52309555,0.5527303,0.067387044,0.5240253,1.0,0.4295882,0.5583112,0.059206057,0.11030351,0.1325434,0.023713734,0.00025454798,8.625124e-05,5.6560468e-05,0.45825806,0.023796272,0.00014015735,0.5174081,/content/data/frame266.jpg,0
607.9549696180555,215.16926193237305,141.83550347222217,192.60437393188477,0.9989995360374451,612.8855494814478,611.3964832433264,611.073605000784,612.2903135397214,617.028213372633,627.360499667823,641.9601824548398,658.0135509126645,676.94171703298,696.1889178532386,712.8611311098845,727.5097536283843,739.0891765080888,746.8455832347079,751.498928574471,754.4615560070025,756.057783381302,624.2204562375707,631.8799960473924,643.0173013190793,654.8687616027512,665.8207571494436,701.2625456217372,712.6314966597537,724.5985800725844,736.0380649389451,743.2825090361197,682.2128050804964,681.2926830240633,680.2396212325675,679.2690509575024,664.1917425658746,671.4379431206887,679.3342534203057,687.4816407293928,694.639846200506,638.5670231466418,646.8514554800196,656.3945171413291,664.1116343213782,655.7321604095343,646.2539636956386,700.7806287500308,709.7032957969551,719.4510019934312,727.464402580941,719.3822177346573,709.6709356479745,650.5303525617725,661.9593813391267,671.92123760623,677.9893028094823,684.7718467639709,694.3297315501434,704.5915081252313,694.4359318006718,684.9771250015016,677.1566592315621,669.7484581778392,660.3754491683032,653.938038807859,671.1677930476751,677.7865800456153,684.9927884708038,701.1942986323588,685.1560908147866,677.8978705792636,670.9713453148258,291.0502849855708,310.77021399325736,330.4510600964493,350.3574009201983,369.119895200735,385.7469227235978,399.2377159184616,409.9526723406609,414.4186208704698,412.2853445187933,403.24932740553777,391.13933033348,376.0141774133681,358.0762952220945,338.8499170349495,319.6995280269348,300.4213928880146,287.88693921730203,280.21695020654295,277.6636738369673,278.73713120128804,281.6338880283063,280.8309526927345,277.49088662173153,276.9051596595002,280.47705747470053,290.00386329275887,299.9964541245175,311.4630710953556,322.13411607656917,332.92493769265354,343.3199295255712,345.93203689396404,347.7469191361306,346.1005741705193,343.77542376392523,303.38820137853486,298.44671432907495,298.6061386901127,304.753857525296,307.5197341499345,307.36726673876274,304.22003216429255,297.71449191164595,298.10840681158226,303.8673285822257,307.66038852247243,307.3630719046356,361.6446319055317,361.2760513240182,360.74640013293435,362.4075957756853,361.13536939920357,362.3170589944591,364.1062625147441,370.19554985912237,373.43810842289486,373.88214091414295,372.7823642375074,368.7867606231922,362.47443759895214,365.34895285060674,366.44879840793396,365.6291457284764,364.7336140789954,367.2178375550993,367.9899901095314,366.924612450352,2.694568055873099,2.089782624598887,-2.093696544684944,0.54906064,0.5560001,0.17415373,0.43372622,0.36028117,0.0,0.25985837,0.07813951,0.49343824,0.34998205,0.38258746,0.13488403,0.5988831,0.0,0.63077277,0.5832698,0.5538606,0.18497907,0.22625628,0.0669968,0.00025451666,0.00019336153,6.754064e-05,0.46143726,0.010140846,0.0002146214,0.5276918,/content/data/frame267.jpg,0
607.3841145833333,218.53028869628906,141.61241319444446,187.5260467529297,0.9991607666015625,613.9070682290017,612.3372583524166,611.9879828726976,613.2776306316904,618.2621891852796,628.7676549544433,643.2466142658686,659.000282709909,677.5598711669123,696.5635543041033,713.1059621015345,727.7355148384664,739.3441453523122,747.1483654431959,751.8044955294547,754.8480855672017,756.6397550031674,624.8141332323178,632.3323632970469,643.5437772444566,655.5014719847192,666.5415494442714,701.3922414528552,712.8148885832164,724.8344235361976,736.1679553052527,743.0572675228589,682.7128220750346,681.7650659898609,680.7366044367493,679.8282823013408,664.7963825606308,672.011018157346,679.8308709926008,687.9420454849733,695.1621736675486,639.6479310270897,647.9466515067385,657.300230142607,664.7411347922352,656.5080168460224,647.2233201996163,701.1735708123713,710.0926047586075,719.6638279474915,727.4935728024578,719.3913178939608,709.8571009184791,651.4433496989052,662.8354288117444,672.6747357944914,678.6485097321402,685.3625286540042,694.918608669662,705.2064835374425,694.8844191669574,685.3944111365184,677.693765521855,670.4766351242363,661.3309431507525,654.7209815697995,671.9593784612249,678.481733633031,685.6187822629378,701.92624956238,685.6406855418379,678.4658661627684,671.6629800183977,292.09886151570936,311.63944324411716,331.1200692733921,350.84387132621924,369.42231833198787,385.8456865701788,399.2274767068353,410.027228385803,414.63910928829466,412.38480182671594,403.30206333732167,391.37448728216043,376.6060304691167,359.1586269374817,340.4135379616848,321.71083377543147,302.6811228901046,287.4854783675124,279.4865699157981,276.88264829857127,278.11652183252625,281.35028008107986,281.8796674437699,279.09050685945715,278.9789449964734,282.94995715073964,292.62372202192125,300.61888156582626,311.96545068153847,322.46622193287294,333.14772541417733,343.44912049330594,346.02870438881547,347.848487280124,346.4233792091698,344.3289133732211,303.06314933813627,298.3057450893937,298.6507988562935,304.8788345860254,307.4736890773878,307.1630997778084,305.56555536053384,299.5220141814892,300.19277359537847,305.8853660344206,309.4130748700762,308.9101847073049,362.3454936593756,362.1735133519302,361.79632896371663,363.44156968213576,362.27209822634325,363.39461109093577,365.0749399769011,370.5473528233,373.3809771979093,373.71570973203893,372.62518665322534,368.85480477807073,363.08721406348013,366.05388107336876,367.18377103740715,366.39379099001854,365.5801505727708,367.669385374567,368.36933798289976,367.272671792184,2.477372576994109,1.9778144641832351,-1.5946046114949204,0.59551287,0.5241717,0.12816484,0.39872712,0.3596217,0.0,0.18240899,0.12937915,0.49380964,0.45511803,0.51332366,0.07867327,0.57878053,1.0,0.42848384,0.5742286,0.34725362,0.08411784,0.097915895,0.02857471,0.000212736,0.00010405992,5.1767573e-05,0.37994856,0.022726541,0.00010905679,0.59684724,/content/data/frame268.jpg,0
607.9527452256945,218.0027732849121,142.21495225694434,188.35022735595703,0.9991725087165833,614.3439479362353,612.7299452437628,612.2453153573414,613.3474649061897,618.0524271393859,628.3455430453516,642.7942724919053,658.5867861016852,677.1660478570576,696.1521866699779,712.8296060132709,727.634652634021,739.333816263266,747.1110390981796,751.8087837834128,754.9845857183215,756.916355863112,625.5262670984397,633.1403524680073,644.3256253350944,656.1832719027209,667.1159945824256,701.3156400169677,712.7492733235762,724.7627354016853,736.1470347640272,743.2244080438597,682.788830941006,681.8099118459243,680.7301424213013,679.7664330539849,665.2092416780782,672.191321769825,679.7885807886584,687.6699006709089,694.6609328123457,640.034198625299,648.3252718067963,657.7465463136161,665.1400232712946,656.8903558455875,647.5544659752401,701.1351844780678,710.0164260821373,719.6405059404017,727.4308638369372,719.3690749439287,709.7812209120251,652.235748049907,663.2984404803797,672.8808990331247,678.7347918423309,685.3241268556492,694.5872956361138,704.5641630417592,694.4345382374138,685.1147607093228,677.5506222535641,670.4528795243239,661.6128281263153,655.5407585756024,672.1221774582607,678.4930326132657,685.4744727917539,701.2669661937467,685.3885088653844,678.3548113494275,671.6890033337526,291.20737816274993,310.7475875545336,330.19905781718444,349.9057187514001,368.4402741457543,384.85678401373,398.13747642156045,408.88259000572816,413.5150500667352,411.427114143152,402.6424253458981,390.93532679224757,376.22252198372934,358.71037284231954,339.90458852936354,321.1922046084339,302.14059930120345,287.0356354400831,279.19696072456554,276.65672063800923,277.85058322866007,280.98988990004653,281.3804188578218,278.5252875606461,278.4175463757001,282.40510859070963,292.05254191494504,299.99048401668017,311.1291307829735,321.4614935794731,331.98123644992245,342.39288113118687,344.9162679232928,346.724366410965,345.31873968325056,343.3125105788855,302.82291523300125,297.9778423078719,298.29441750075046,304.53667029858195,307.1952943379627,306.91474289357376,304.9439582478011,298.7956312444609,299.46135658304064,305.3010298460498,308.8157702582397,308.2915937324424,361.0618856691186,360.614229297181,360.0522507376283,361.7316256214044,360.55193542544725,361.9063556206229,363.8399444662534,369.63897313345365,372.59949477634143,372.9402654263207,371.79483416544554,367.88930209424797,361.79511848850666,364.51452081558784,365.64610300636303,364.9017020166317,364.33258337229984,366.5068334905625,367.1622393858577,366.04519332994425,5.515677534424883,3.0687382280561453,-0.20126422899853594,0.5411344,0.68831104,0.19916727,0.37986797,0.36827913,1.0,0.20883837,0.05126896,0.48738176,0.51243997,0.45714414,0.094747745,0.5140288,1.0,0.5285369,0.54108924,0.12218944,0.1630048,0.08599466,0.020338062,0.00021140449,9.6995296e-05,4.8670398e-05,0.4178923,0.016583517,0.00013945773,0.5650277,/content/data/frame269.jpg,0
607.4959309895833,218.11404418945312,142.53602430555554,187.38222885131836,0.999221920967102,614.8585393663576,613.3185312553944,613.0181483533512,614.3772478803131,619.373239198775,629.867290735608,644.3120866005167,660.1301820697878,678.5813096351346,697.3549913890178,713.7321638084316,728.163436428322,739.4947631282264,747.1183350264992,751.6821956743051,754.7793404464132,756.6399593658061,625.806718626261,633.8295680194203,645.3273016669436,657.4976324680835,668.6437818490626,702.267025336215,713.8783596029407,726.0896488151568,737.5407011322551,744.5366014639295,684.0816248445606,683.2234817999297,682.3079889382191,681.4790234004315,666.0996895487665,673.401377389574,681.1879318656913,689.1676516231034,696.3179233483567,639.9110409977875,648.2834977708306,657.8083387392797,665.440809978179,656.9418525628114,647.5252243597517,702.2285464101025,711.1914824752881,720.9042550013653,728.8740970267869,720.6070250660124,710.9744940344095,652.4911100398365,663.6739624995895,673.5294796451589,679.5919477063446,686.3362138207556,695.7712304204111,705.8357547458002,695.8324669977042,686.5900728731757,678.9655225835389,671.7500739102936,662.5798126942772,655.8959052854559,672.8952273914406,679.4805451170561,686.6160203482555,702.5312178097541,686.7944360446716,679.6456386077751,672.8160581066803,293.3029217560302,312.78584343050716,332.1971817039506,351.7358180756934,370.09294635567244,386.3247539431054,399.49246762286543,410.0425555198784,414.4507983303131,412.27821999462066,403.2612847677117,391.3590063950816,376.5176001569499,359.07127382118244,340.41788059459293,321.7782920680717,302.9246368721427,287.29141716281475,279.5495336239086,277.0814006805413,278.4688065439539,281.8264312634663,281.87911696828985,278.8591913995247,278.6538163301113,282.7244806133916,292.40577038174035,300.9198124475223,312.32681704930576,322.9114569043536,333.63937078243987,344.04233810406527,346.5582916006787,348.3219693593011,346.89697584410067,344.79687888507726,303.2856967920345,298.42501498882905,298.82446671779417,305.2025196043752,307.7661395240883,307.4486984356257,305.5174410000098,299.2065888572562,299.8643694128868,305.709406746687,309.2540516455706,308.7748476178131,363.55778794074195,362.5911506756717,361.7888161466565,363.41458093081064,362.1597739024711,363.5624252477552,365.7799425730873,370.7390465267308,373.36314577562644,373.6694626883059,372.68565666518964,369.3357518556183,364.1120667524143,366.30269841916686,367.3487596188045,366.53509987468476,366.1135740282318,367.665503770953,368.3318553029852,367.33696531195005,2.4548925629052185,2.0832392032354297,-1.856411065745188,0.5420178,0.6090009,0.2981258,0.44626456,0.23960337,0.0,0.18442504,0.08431672,0.49382433,0.3915196,0.5944119,0.16056636,0.5994219,0.0,0.46523234,0.5673998,0.017016301,0.17653055,0.04404583,0.027112732,0.00028424666,0.00010307955,7.471564e-05,0.3255776,0.023231711,0.0001687136,0.65055996,/content/data/frame270.jpg,0
606.5130750868055,218.02450561523438,142.31705729166663,187.59100341796875,0.9991942048072815,614.2044252030086,612.5456565909717,612.2076717564189,613.6839247337942,618.8868631225989,629.4094659125025,643.7878779461607,659.5798829793318,677.9599463615363,696.7339625510256,713.2336898951893,727.7213208195972,739.0650712144677,746.6215022707227,751.1670744292453,754.3260094545345,756.2552524774379,625.6153438739348,633.6027803132492,644.986850458329,657.0586105060611,668.1128704614515,702.57018266042,714.1412800927428,726.2826638289392,737.6312847959649,744.5608879751744,683.9526688224912,683.0572080938858,682.1200053543319,681.2769535922213,665.9123848727068,673.1919245728247,680.9899655265893,688.9433012520415,696.1019286629714,639.4408654626699,647.8801648729641,657.4617207940507,665.1329256084719,656.5449127367989,647.0838129080591,702.1099739707613,711.0483191811902,720.8020759921885,728.7986296595452,720.4909497466476,710.8495783691775,652.4186525628975,663.5947372011578,673.4580953031989,679.4847977200291,686.1800633160761,695.6698163316948,705.8284210039449,695.7582245959638,686.3832319209571,678.7267729985426,671.5022385616467,662.3449389938839,655.8505073482963,672.7769129143074,679.3380901829951,686.4293212194491,702.4867523087393,686.6317786939602,679.4907416965158,672.6584224936429,293.86520055947256,313.26050988492204,332.60618096880785,352.08233776676497,370.3321703684269,386.51713530987615,399.68002427832687,410.28971370341606,414.77752329133943,412.55432849220233,403.49808323349134,391.54196908494487,376.71645731202875,359.3163315793339,340.697784589736,322.05512625533737,303.18561062421287,286.70943779635274,279.0466256620501,276.5475122794516,277.95243753898615,281.3825346247919,281.7783793072114,278.8333335125659,278.6771598910818,282.7864871116508,292.38559990233773,300.91897649352757,312.309903008776,322.8791385081146,333.5826434717935,343.9492202333087,346.48941816670265,348.2626821226571,346.8572335785109,344.7493224045975,302.79718584923614,297.8784648011322,298.3783626159551,304.9797992558582,307.46972161386657,307.07154227702557,305.5738883007871,299.1875015099613,299.8482154200028,305.7779022115792,309.32010967105305,308.86004857449007,363.1407772902719,362.3613247348141,361.70166410277307,363.3755844878294,362.1627717685594,363.54590692016063,365.61734918190484,370.93534309751266,373.7881163722952,374.0822023240704,373.0371224491813,369.3257330494787,363.7727843432178,366.35607946052914,367.44833545579604,366.6507155320243,365.9793413752137,367.8208604291096,368.4669559139089,367.4159454800872,2.4086149636033074,1.7703273669957196,-1.491043746745906,0.5673088,0.5983438,0.23176365,0.42857367,0.24569796,0.0,0.18552563,0.7435202,0.47733295,0.5127406,0.49665582,0.08160548,0.63979745,0.0,0.36824894,0.56639063,0.04752632,0.21299602,0.040760215,0.015932987,0.00021141914,0.00011877026,4.9787996e-05,0.3759219,0.0079892725,0.00027324836,0.61543566,/content/data/frame271.jpg,0
607.6392144097222,218.0277156829834,142.12543402777783,187.55620765686035,0.9991852641105652,614.5082827228321,612.9862429448216,612.727244985461,614.0735038083013,619.0885012905562,629.5660999720803,644.0316119018155,659.8669629855264,678.3457124531046,697.1035958931479,713.449638392492,727.8868780719822,739.2805613830005,746.991084839343,751.6719633499912,754.8478190930372,756.7285710112245,625.5235773465578,633.5312176704795,644.8702748353544,656.8871214699788,667.9381705966534,703.0587178020211,714.4366786564382,726.3660657724522,737.5853398187334,744.4963924549843,684.1160015914563,683.2411246889799,682.3140363521246,681.4689543098112,666.2576988967488,673.4646945823602,681.1633725359902,689.1128987967752,696.2381631966845,639.8238827463922,648.1986397489384,657.7313181179784,665.3421341010373,656.9196261733446,647.4938256300226,702.5108733628751,711.3652994424109,721.031135750208,728.9575612684441,720.810256699066,711.2338183868237,652.5322961228901,663.7916275543344,673.647005320594,679.6301781311334,686.3002425332686,695.7307383494664,705.8081891076849,695.7854584010672,686.4912059886592,678.9146185448648,671.742917896214,662.5499425197365,655.8902345480587,672.9609521705831,679.4919761278012,686.551372556796,702.548194074705,686.7302758684285,679.6500860881267,672.8630423160578,293.2486953778599,312.72343966551176,332.147354270517,351.718230916534,370.0590265594892,386.2191899132139,399.26971428650626,409.655027379657,413.96196094341275,411.696062498758,402.668005228276,390.8473069718036,376.12733137479927,358.82511667690096,340.2950210466597,321.7442393856344,302.93782023912087,287.0908852464721,279.51568626194234,277.0974329200012,278.4173948609709,281.6531757009772,281.40269630811974,278.4767028649246,278.25344263968134,282.1544094955319,291.63772042404946,300.5122623940916,311.8320622326432,322.3343412806622,332.9529557754777,343.4145469302618,345.8863934583136,347.60062417019503,346.1996620645855,344.09686398456995,303.09511188045946,298.1812069769864,298.52486741383,304.8809857488926,307.5359479190997,307.2446934350825,305.0509277968651,298.7524875353151,299.3447157182024,305.1871577855895,308.78523929575624,308.338188950188,362.9478479782073,362.18047940952073,361.47190907230424,363.0643980660495,361.8439759100463,363.09929065104916,365.1363012505424,370.33488054847396,373.09630467737304,373.4330496480238,372.4614232941756,369.00664151217757,363.57160827222185,365.9397295149149,366.96143430774976,366.14658982275637,365.54558147959136,367.3458698357532,368.03116503457113,367.0519725838601,2.2844403086224165,1.655852310304523,-1.6437392312058432,0.505513,0.47115186,0.2952074,0.41102067,0.32655242,0.0,0.19122368,0.77490795,0.49152663,0.41635403,0.46688497,0.066075034,0.6030582,0.0,0.47514603,0.56780267,0.21753216,0.0820582,0.09059542,0.04343635,0.0002478679,0.00010721448,5.3489704e-05,0.3297125,0.0074029444,0.00024746344,0.6622285,/content/data/frame272.jpg,0
608.0810004340277,217.15583038330078,142.79139539930554,188.58739471435547,0.9991983771324158,614.607467741021,613.2771563156382,613.0270769352817,614.1085061132255,618.8764909355892,629.348955742317,644.0004867923275,659.9708334195077,678.5266229502364,697.2556089503769,713.4922384048668,728.0048615699861,739.425455647349,747.0362399728738,751.583362202478,754.6837543596297,756.5527250147923,625.7154718665031,633.4995538276017,644.6295986875868,656.5392165034275,667.6090337749451,702.9989468575804,714.3687420327778,726.2581401050322,737.4335613608976,744.3378416772026,684.0061599733056,683.2126530647317,682.3516480928453,681.5648855950742,666.4926044771411,673.6286227486248,681.3069928148028,689.1718660729063,696.1036096299997,640.1240490061701,648.2912809449666,657.837535816168,665.471480448389,657.1337902709666,647.6629648901819,702.0614198007272,710.8080977936324,720.481983894863,728.3718114729361,720.4276239437937,710.8041725465453,652.8079926262618,664.1310692678293,673.9705576319078,679.8744260050358,686.4430639733367,695.7184633067042,705.6390869327385,695.7492178199642,686.5872729651188,679.0907524474123,671.964014485193,662.7383214594411,656.0985906568695,673.2724908806023,679.7012700020889,686.6696761763054,702.3984919638215,686.7919793218005,679.7801256531933,673.0648102387565,290.95859177978275,310.5264745731987,330.06354889806823,349.8860331992839,368.5125446216891,384.9338495327769,398.0828337665322,408.5085193399329,412.74506145207556,410.3284985950251,401.2044843065338,389.44395843589626,374.7595011723473,357.4344856801706,338.85401160590425,320.24811110291193,301.337579052786,287.97729242858406,280.35096898057,277.7151588171473,278.64598192966275,281.5057200205547,280.52614156234694,277.4958170890239,277.33987956685604,281.33516061576677,290.96333310057696,299.781407426239,311.0259858704746,321.47912794025285,332.07025391064235,342.38019190584816,344.8474862209561,346.5693612765132,345.0414959421048,342.85096526869404,303.0744334447357,298.0760426883268,298.279946460123,304.49525149088447,307.2862640356975,307.1385412058873,304.02848430805545,297.49055364213893,297.96948774205595,303.8182610233372,307.51655194255363,307.17593221937716,361.33894649321303,360.8486817831475,360.20550779136465,361.7479410531066,360.4276417055604,361.4662000362372,363.11590989620595,368.87989918928724,371.9241913373826,372.40753628196455,371.44556748036246,367.91202228382207,362.04101268012454,364.58669053758075,365.5591131759269,364.6714138260835,363.7048318474924,366.0854874614297,366.88306799412817,365.94682237532743,1.9480613460676584,1.4006284812735348,-1.6020651034063715,0.5475778,0.5608234,0.30305406,0.48428062,0.36860198,0.0,0.19390948,0.7386651,0.4816109,0.3485959,0.5261312,0.16781332,0.6037692,0.0,0.3816467,0.56780267,0.2801908,0.12195938,0.26409325,0.04833154,0.00021921139,8.708944e-05,3.1606716e-05,0.5098257,0.006006702,0.00014594628,0.48368376,/content/data/frame273.jpg,0
607.9465060763888,217.20356941223145,143.14143880208337,188.7821102142334,0.9990891218185425,614.6008655120158,613.3846189217279,613.2130091122644,614.4378839589992,619.4219274315062,630.0345917175836,644.7344739101472,660.6824354231608,679.1902345401465,697.9171022527407,714.2098564549099,728.6763638895718,740.0509714087875,747.6002502090769,752.1036869698828,755.2089276010872,757.0865793330595,625.5722573239517,633.5143243338041,645.0645418517985,657.3792579981309,668.7779881779762,702.7659798346419,714.4475183355376,726.6597553702841,738.1542402928412,745.1688642538979,684.4212669169756,683.6881081684703,682.8881243164353,682.1778392243009,666.8842141640047,674.080787664375,681.7975208032021,689.6967233371695,696.694590387036,640.2510617257274,648.5528824703428,658.1661509352595,665.8390879085383,657.4216026181894,647.8748824504531,702.4361751965912,711.3162984157514,721.0477969486628,728.9546555411675,720.9358996698286,711.2491762517493,653.4996279751341,664.7861773184216,674.5928118967141,680.5419001975793,687.179054817522,696.4844471083468,706.4479633729113,696.5029458741249,687.2960966436274,679.7572689708652,672.6301738641527,663.4550966014477,656.8699883265353,673.9056705159254,680.3712524589637,687.3980558993867,703.1848891116485,687.4813948646292,680.424223742283,673.6939406642589,291.4063041421971,311.00917618225003,330.5103590215185,350.28043559925754,368.77706794303276,384.9990272335417,397.96658102748097,408.31150943579246,412.5098650914963,410.12012161344114,400.98109668988036,389.18470380817575,374.5034486575032,357.20694062201665,338.65088268102295,320.09382553662226,301.17486772040843,287.6396381151852,279.59057532429233,276.8465062164689,277.8741126554411,280.9429836329059,280.47579527776827,277.40312327653226,277.21843267922384,281.3077266333295,291.16326141619527,299.4571222904266,310.68108639328966,321.10369611512033,331.70236817781256,342.0755308337459,344.5128850038693,346.25199853373715,344.71367087767953,342.57094668513105,302.73240303655314,297.7028789305921,297.92024617985885,304.2080981925658,306.98863147337,306.8297176234122,303.99641560051987,297.50187701280197,298.0312117690298,303.8651216231161,307.55556463347307,307.1838137064518,361.5349766766494,360.8184938228419,360.05318502957925,361.6084586353095,360.26708207241904,361.4367171740457,363.27089005506514,368.96418903511494,371.87782566165447,372.3162194050974,371.3682724323353,367.90148220078504,362.18125873974145,364.53835257133574,365.5050143538558,364.6200982122266,363.77438055019866,365.9132429566066,366.68449295931623,365.74297329495585,1.9592540965390601,1.114248962864456,-2.0489748167559094,0.51578504,0.4917658,0.2370252,0.48889837,0.36052105,0.0,0.24571022,0.8171807,0.4740721,0.42260483,0.44878885,0.07348049,0.60316294,0.0,0.29622558,0.56780267,0.07494837,0.08750062,0.10621394,0.026394678,0.00021284689,8.249928e-05,3.7925736e-05,0.43315136,0.009783733,0.00013427388,0.55659735,/content/data/frame274.jpg,0
607.5824110243055,217.5069808959961,142.85313585069446,188.53541564941406,0.9991825222969055,614.6420672498602,613.0960574139956,612.6075055894095,613.4848363270423,618.1787750748787,628.7027051378939,643.5265628154345,659.7534916001239,678.5824790386123,697.5329874897495,713.8525252245988,728.3017464916745,739.5798781810488,746.9789793148553,751.3116217911338,754.2223679553969,755.8800513068803,625.1385922107331,632.7879836131153,643.9093374860265,655.7251674606871,666.7980491280869,702.2821308811559,713.7096775203332,725.6547554721044,736.9565265483925,744.0281958774907,683.217740728657,682.4117360761545,681.5545554548341,680.7820478001034,665.9146197522726,673.0258071779772,680.6781181053262,688.5413495407862,695.513134706239,639.710918990151,647.8017857198483,657.3130991129055,664.9192640151439,656.6024476291808,647.1629828690253,701.357362919726,710.053933313036,719.746257254036,727.6600173733328,719.6981424037746,710.0737294453745,652.80207568392,663.938944168722,673.6435462967071,679.5682940648218,686.1249942510428,695.4922193102873,705.4668538987717,695.6427130683921,686.4471398950722,678.9155139039382,671.7646465603821,662.6118346511257,656.0945716508883,673.0343230210098,679.4479799689605,686.4090849322253,702.1958936425286,686.5180580558135,679.4972680232502,672.7892986854573,290.0833614978581,309.73536504725837,329.37326992066414,349.33957078369787,368.08962316725194,384.6242752774855,397.8605923708172,408.3426039887545,412.55536389249244,410.1240131673538,400.8016395632578,388.69475385131625,373.69304788266743,356.14213138190536,337.49000782194963,318.8909346602362,300.0098340382177,287.4133716338034,279.76906411554353,277.2383416607028,278.2361449441663,281.0915347574419,280.3882596254809,277.23363535948613,276.89281284673143,280.7098995781187,290.2786662558001,299.79763918780026,311.0645108155242,321.526665618156,332.1241232094926,342.4581223284193,344.872077269691,346.58860961403917,345.06159691811445,342.90667733521514,302.7144873615205,297.81763488593845,298.0229321057761,304.1942684814809,306.9784367191802,306.8185640714013,303.8878329833469,297.41581250626734,297.87485892379846,303.58996726866064,307.3236486332129,307.02123843855514,362.0012606350614,361.324133119316,360.50584353727646,362.0651665418409,360.6306751429016,361.70677293887024,363.2814285064244,369.4954452355702,372.75447117497424,373.2748343593605,372.3131037284893,368.7092636856138,362.67399200697696,365.1109120799738,366.0580113732515,365.1099411525022,363.90929493808767,366.3941950103083,367.2428800162518,366.33076108216085,4.921494929334486,2.649633827314543,-0.5877253436037705,0.57120025,0.52691674,0.24443135,0.44158703,0.36312252,0.0,0.19282776,0.25935006,0.48120853,0.47801822,0.31700492,0.10038483,0.59858793,1.0,0.41898936,0.57272565,0.124308884,0.102669716,0.16944711,0.0728844,0.000191144,8.815146e-05,3.6672598e-05,0.35324723,0.0069622835,0.00012775019,0.6393468,/content/data/frame275.jpg,0
607.6310221354166,217.07576751708984,142.62114800347217,189.4445343017578,0.9991200566291809,613.8773851069728,612.480736047466,612.1965119289678,613.3739944268664,618.3198762023753,628.9988040102086,643.9638645873114,660.2827998541812,678.9838207000539,697.8577547421726,714.3391425056958,728.9791083876859,740.356772310441,747.8303053133325,752.3451269973691,755.4823206154913,757.3042032109977,625.3120916853111,633.3904821218384,644.880374988086,657.0275033116425,668.233053495763,703.182535387545,714.8175298102539,726.9456405277502,738.3092123163391,745.2572306659895,684.3181948367626,683.4878564814019,682.6134937569004,681.8322475189285,666.6269567046777,673.8506998544074,681.5977760866081,689.4738427718818,696.4410752044627,639.8136836498916,648.1476091942792,657.7948742175122,665.4559748811696,656.9796916814446,647.413097351249,702.5454083216813,711.3970842953895,721.1376216316355,729.0972113121024,721.0347219519638,711.3433444837516,653.2590837088386,664.4700945949486,674.3088635914239,680.306652044268,686.9420824678782,696.3017663281516,706.2690650733136,696.4420508137512,687.2251040124272,679.6391726894308,672.4369742448207,663.1867822019806,656.6547257125574,673.6821768999592,680.1659339545404,687.2027056491803,702.9620070379718,687.3584779322337,680.2668011148613,673.4940198085815,291.9593452040328,311.7493357176045,331.4713316838239,351.3830294561278,369.96554087371373,386.23492331880846,399.0848223081983,409.1186115363929,413.0939348340544,410.65384115277664,401.4874634329033,389.5614257892739,374.6658773739721,357.16446299913264,338.5766399309763,319.9492504861224,301.01126498419217,287.5324503071162,279.77137679165224,277.3307885306658,278.6227459059397,281.85308988591385,281.37147765065237,278.25236667968875,278.0316012028579,282.14381467880287,291.943024073645,300.61313509373684,311.9789155533537,322.56006224274716,333.2666018259624,343.57464566523925,345.9938721478477,347.72557863481893,346.18892625488957,344.0256752593341,303.2891229708806,298.31455895979815,298.62571734722826,304.97295685207354,307.6273051731947,307.39239336168157,304.8047320004636,298.28913214271836,298.8157782317314,304.63600579408046,308.2900013324928,307.93347033808607,363.20032731448373,362.27725187620564,361.3667374075161,362.9350428888036,361.54065331330855,362.70023270325805,364.451600427417,370.4555406388299,373.6279781424968,374.1311757332649,373.222002727347,369.6977632242964,363.8109503280117,366.09398446398046,367.02627398998266,366.1012608832567,364.96921535544755,367.33861801370074,368.14888862800365,367.2566939337303,2.1567733202849997,1.4432629292511296,-2.038974569320944,0.575174,0.56674737,0.26435733,0.46772423,0.26470646,0.0,0.20552701,0.4109312,0.4919135,0.40107986,0.4613126,0.06215409,0.6243291,0.0,0.4701461,0.56780267,0.02693346,0.09578139,0.46714804,0.030340074,0.00018491571,7.271403e-05,3.083031e-05,0.43044966,0.0056873322,0.00017191224,0.5634026,/content/data/frame276.jpg,0
607.6837565104166,217.49942779541016,142.7080078125,188.70546340942383,0.9991794228553772,614.6984717207971,613.010105398388,612.3506424526844,612.9411613609199,617.2613259421017,627.3962985345938,641.997992402637,658.1511768131434,676.9510537160454,695.9088418887904,712.3651951516049,726.9639871073427,738.3864538317953,745.9384848960599,750.5032199468819,753.6478805908728,755.5387126599617,624.8287202700014,632.5404914837247,643.7366900319605,655.5781861446699,666.6303013726292,702.5074260449214,713.9358180693835,725.8323762809282,737.0546650453789,743.9869421220901,683.102136000161,682.2280665165281,681.3065001519535,680.452744054458,665.5107098620654,672.5980975258133,680.241039428834,688.1142109558,695.1057275353396,639.3905027208964,647.5183676674048,657.0801687134774,664.7202019555596,656.343136976989,646.8369041772469,701.2438389463136,709.9780146029052,719.6650027961032,727.513838751504,719.5692126954941,709.9459585948812,652.3357040614562,663.4830492534634,673.1797082381347,679.0505805203206,685.590222113487,694.8841564078775,704.748971087693,694.9104220885574,685.7181222111863,678.2241901307277,671.1363570571841,662.0719370316124,655.6703589778472,672.501571824178,678.8607887069186,685.7841238445494,701.5037828025388,685.8852588627069,678.8984798237216,672.2539644695671,290.3812984589563,309.86933349621836,329.34496454553346,349.2142096302173,367.9430436707048,384.55940702830867,397.9128331952629,408.40656650661003,412.71215403993256,410.4852805258861,401.51672483588936,389.68770694609293,374.8246385115717,357.4191979577149,338.88225455557586,320.31650798664805,301.3919905759153,287.6588255635918,280.0696972622518,277.6080320481708,278.62489586312586,281.4636679556015,280.74564037039636,277.6500287929989,277.40717922484214,281.3054192540951,290.9294494475339,300.0870950930728,311.38338262130947,321.8708936927833,332.4723216938246,342.6100376057402,345.05946754770594,346.8027205044855,345.27997239111164,343.14241028973674,302.95956311145665,298.02266793042554,298.2758833992823,304.5369009193371,307.29796249972924,307.11673470194455,304.1281969399806,297.56171603230655,298.04976369299743,303.8517729213145,307.5807302336675,307.25619520843225,362.08591835448624,361.39962284290823,360.63454378655706,362.2399086684004,360.86085245457343,362.02057808718337,363.68670766297373,369.8341726796575,373.0357243020994,373.4827672670526,372.48421249415424,368.8449715124689,362.7781931551399,365.27101680902024,366.2448850814235,365.36764374015456,364.28097881130634,366.6344026963984,367.4167987457158,366.45155522662935,2.3339587788315583,1.7539557707819453,-2.4742008517583485,0.55096906,0.5940308,0.36832154,0.39952445,0.34719467,0.0,0.21420105,0.09395603,0.48793945,0.3976459,0.6493559,0.09427963,0.52430934,0.0,0.3272506,0.55972916,0.13126743,0.10139795,0.07491732,0.047185574,0.00017165368,6.0422353e-05,2.6000072e-05,0.33800024,0.004018191,0.00013140889,0.6575921,/content/data/frame277.jpg,0
607.0843641493055,217.78618812561035,142.82731119791663,188.53866004943848,0.9991568326950073,611.9961054342581,610.4219217267669,610.0215016499545,611.14003608774,616.034801691436,626.5482054982006,641.3694728653179,657.6111978541277,676.3286754200387,695.300992119805,711.8445728658428,726.5993777553199,738.2279446659123,746.029090075782,750.9587759566108,754.4758054825251,756.6650014158979,624.2968354239815,632.3437847926999,643.8821010932473,656.0551384379926,667.3013623644533,702.834858173516,714.4289970217333,726.4385651255423,737.6523635619988,744.41616299845,683.5115046967483,682.494265359053,681.445348967492,680.5150765605671,665.2816029331216,672.4338744388393,680.1745583455133,688.1255932631381,695.143941898724,639.2384661560532,647.6426016149117,657.2556300042872,664.770110887742,656.4013609501025,646.8547748103633,701.6509805409643,710.5084053357582,720.1950704014358,727.9887179645838,719.9935320574504,710.3568031903528,652.087273907264,663.3034120494871,673.0703350913593,678.9386812579996,685.526011589774,694.6729126035036,704.330166151735,694.4463994175603,685.2303995430357,677.6617750362218,670.541072701683,661.5358823395273,655.4319203852581,672.3314533132074,678.7007864486154,685.6592467077785,701.0260431079114,685.4832630751916,678.44468643586,671.7921342773418,290.6163306885751,310.532539984455,330.3649986021602,350.33268142490476,369.0053135065118,385.45270335207124,398.53869793253523,408.7660979943405,412.99366986515906,410.7178845904191,401.74306994722133,389.9010166850977,375.11154099720056,357.7552934580148,339.21886326829497,320.606658976544,301.57012510755334,286.6980045390195,278.8174170157729,276.31509158441787,277.6654861438035,281.0170505990786,281.56808164911286,278.772402964771,278.69490948242156,282.8042082153395,292.5301088656156,299.96980681922275,311.31117653263493,321.8595141018682,332.55810528292386,342.3725843616021,344.91951928388414,346.77365856321467,345.35881758389553,343.29324172407996,302.0039281332139,297.21001261352563,297.60490370264756,303.97643494779584,306.5960490875359,306.2649436368918,304.6049594801796,298.42741479095173,299.0842585285793,304.88998553829117,308.4916827452166,307.9963326468261,361.7534123396789,361.15280245246413,360.52605798441,362.26545054115957,361.0055290998602,362.3228171597822,364.151806287789,370.2925292675319,373.5230493483932,373.92179724356265,372.84732614060306,368.8250550224667,362.4712637366033,365.25199392617714,366.34128541321434,365.5658381469583,364.64767557160894,366.7748794161695,367.49608866171565,366.41398485867603,2.2174933487400703,1.7413144341117945,-2.393423999082887,0.53037685,0.54051197,0.443732,0.47600493,0.25864124,0.0,0.1813828,0.059190452,0.485809,0.4111183,0.41221952,0.19895393,0.61905944,0.0,0.4945649,0.5583112,0.022102043,0.13915503,0.17396875,0.045754563,0.00016721341,4.9573257e-05,2.2932249e-05,0.37562522,0.005569596,0.00010404978,0.61846143,/content/data/frame278.jpg,0
607.181640625,217.98038864135742,142.99750434027771,188.50626754760742,0.9991546869277954,612.3583894201845,610.673888449149,610.0783468734064,611.0206784377472,615.8429475760647,626.3451676533923,641.1043273679804,657.287475903191,676.0011376572386,695.0220369638294,711.590995344445,726.3429416439013,737.9963283951477,745.9238042100117,750.9750689419744,754.5813585343376,756.8858221991674,624.5098254079865,632.4869726646185,643.9189682449007,655.9828387662089,667.1384054922215,702.717483505787,714.238655773326,726.2040530658196,737.4006621014798,744.217083223766,683.3338370576847,682.3024265579745,681.2432814883084,680.2902747437234,664.9557002299126,672.1566435692954,679.9491408815697,688.0065390669216,695.1143821605366,639.1864757881826,647.5191567711944,657.1247897966834,664.6256022187598,656.2694338167579,646.7290518614199,701.3738737025643,710.1226136839689,719.8272862250681,727.6916749943205,719.6511575486792,710.0057293927941,652.1369761518436,663.1964898509409,672.8320956275295,678.6596923654215,685.2394595393056,694.290515771341,703.8573918588925,693.9984600981221,684.8040524087365,677.2183171918784,670.1069887378679,661.2841865334362,655.4524437672208,672.0492176159058,678.3744321337474,685.3141824302608,700.5214098302009,685.1367863500917,678.0993515813717,671.4647152619189,289.6499767361738,309.6467432459592,329.60416630648314,349.7156395998847,368.4844738674271,385.05498279522067,398.28723106412224,408.71122266557074,413.13095627349037,410.9977269491749,402.0586067403639,390.1716536520523,375.3132858841174,357.92995315963856,339.32189040991443,320.57636828211605,301.39802776338473,286.4970941046621,278.7257920981585,276.2846712948813,277.60447008665926,280.8750931810482,281.53363079202444,278.83715509307797,278.8025441834638,282.85268801776084,292.4961004623146,300.16475624564225,311.54511860490084,322.1217784297858,332.83235159876426,342.3185587840089,344.9692663751699,346.9144210683173,345.51474887234986,343.44808521253196,302.0193387590728,297.26959477962345,297.7058985309519,304.11678415112647,306.76683781586894,306.401798561138,304.82650330199186,298.62591232819534,299.3038857109709,305.1133680129195,308.76867512063234,308.27091576898385,361.50521832542506,360.9825221302505,360.44560135009624,362.23756198206866,361.03804520223775,362.4298433151454,364.3611644308623,370.64708269000874,373.92789220520547,374.27077885982106,373.0762642800162,368.8224527031492,362.2557775406541,365.0973777139411,366.2673666822975,365.5475487502474,364.8242926483682,367.0820241695584,367.74716845981425,366.57126044614404,2.248298567369881,1.7605740833681955,-2.497911146657495,0.5378301,0.60573626,0.31063133,0.48725203,0.2943279,0.0,0.18131873,0.1944579,0.4786987,0.5269542,0.42267248,0.051590562,0.52963483,1.0,0.34783462,0.5583112,0.08392748,0.07374692,0.39512023,0.025436804,0.00013437444,5.265723e-05,2.435195e-05,0.18842325,0.008345903,7.338268e-05,0.8029461,/content/data/frame279.jpg,0
606.7502712673611,218.44141960144043,143.3469509548611,187.7354907989502,0.9991775155067444,612.7410269573402,611.0364034858865,610.4639188795211,611.3539059139371,616.0808852854477,626.5684792591073,641.3155774444322,657.5784358468005,676.3862685644999,695.4158695778419,711.9516162480918,726.5834628647992,738.2170499277022,746.1886503267938,751.2881998978685,754.92980302665,757.2259719924632,624.7331621470438,632.7763130510145,644.2000960670968,656.1604977988561,667.2550558400623,703.6625134209496,714.9816864702004,726.7788789288898,737.8559471450785,744.6853713322866,683.9717097406742,683.0570422468479,682.1373795784293,681.288334176626,665.2944095289203,672.616999784008,680.4762020408286,688.60184717896,695.7897557104975,639.2283934242297,647.6861908169714,657.3305100239918,664.9204831125986,656.4549982535825,646.8949457620297,701.8017974574309,710.5461728505725,720.272019483768,728.2400077808022,720.0666399262702,710.4259663910289,651.509285289273,662.7034581227182,672.6254593538821,678.6498077607989,685.4497711602235,694.6507484803446,704.0972413172549,694.4834504151688,685.2841650090224,677.5305462409632,670.2208400450725,661.0889894959221,654.9534783124936,671.8156435288836,678.3683994975443,685.5242019472264,700.8078382808962,685.6221583952124,678.3970076143961,671.5474550220432,290.76095941130495,310.6450105516476,330.5249326162184,350.6070652565563,369.330376128903,385.8338421547446,399.0739283925068,409.51746882035013,413.960972033748,412.018977059995,403.2910508304974,391.5684502934753,376.75403810215266,359.40410482913603,340.82264617289957,322.05519783043223,302.90867347633105,286.8229624954919,279.1323070974952,276.78487716661186,278.21141577726155,281.49895905103676,282.3537448752546,279.65708241534867,279.53065884334205,283.3784203471653,292.7543831987367,301.0288026295975,312.51875828113896,323.1698468705033,333.9090156957229,343.46751055218783,346.1144562542229,348.0413448532008,346.7085329056001,344.63149365530217,302.7247516849583,297.8934711880561,298.3440641348474,304.86702361850723,307.4652663682674,307.0989535648324,305.66220304483477,299.3778839989552,300.0681916146219,305.9355210051543,309.5672882054712,309.07128885307816,362.81313692582467,361.8288324012574,361.0769512020074,362.8888165064757,361.65256450643733,363.27802386012536,365.9320326316108,371.5976214224802,374.70321009057557,375.01731526278786,373.8709898332995,369.793007177904,363.51702685090027,366.16601359201604,367.29474848732184,366.5829763915858,366.22015483920995,367.7173375722523,368.34596418122624,367.2224795903978,1.8556689422654444,1.9904136311317624,-2.481635630134878,0.5184869,0.48026246,0.20526405,0.49283883,0.2634335,0.0,0.17614202,0.053153604,0.48201343,0.4002996,0.64441097,0.12063004,0.5409779,0.0,0.36722586,0.5621628,0.18741281,0.14936292,0.12521574,0.03984513,0.00013584184,4.623774e-05,2.824034e-05,0.08474536,0.012003651,6.297142e-05,0.9029777,/content/data/frame280.jpg,0
608.4591471354166,215.29229164123535,142.69075520833337,192.33155250549316,0.9992091059684753,612.9697765704918,610.9073730870804,610.1524026485563,611.0158681464554,615.3853917089889,625.477385671563,639.9915188467602,655.9788076847198,674.7843680643725,693.9372900944832,710.788219827306,725.7054496176877,737.6563934635683,745.8455057620497,750.9932209454987,754.4337802810687,756.3256325713567,624.4269504490333,632.5131425602748,643.7900186771358,655.4939073011169,666.2369782337819,702.9409596511143,714.1376965511383,725.9196402633236,736.9963093434947,743.9458121957173,682.7908886840148,681.7572571784822,680.6447314306424,679.5516300367935,664.4109857839552,671.465265967744,679.0616465803864,686.9045871764413,693.8792371385048,637.7956795435025,646.4005927000229,656.1996359017442,664.1370638741349,655.4329516973396,645.7047963823853,701.1127455064084,710.133033065604,720.0231382441259,728.2496410483773,719.9434461175897,710.1053822500787,650.6881749278917,661.3923696393257,671.2120546563184,677.2143451189933,683.9232102147107,693.2463361087187,702.61320806908,693.0131062945818,683.829610140664,676.1036421239182,668.7135971242426,659.7374545735149,654.0773257571842,670.4057032247661,676.9456713614729,684.0449976126436,699.3713219065526,684.0941775457295,676.8899776666202,670.0132679936771,289.0382672530129,308.8908512122848,328.7637674627738,348.96501307353196,367.99755088142297,384.9061621413589,398.5495422467543,409.29409889488034,413.917769219315,412.11893922483887,403.5902721603825,391.8115887682368,376.9087896771018,359.1493586964666,340.03672981992486,320.8751136030421,301.5658131423428,287.40180669915594,280.0963718193251,277.84158537948747,279.1454107495631,282.0766654494199,281.0058910573608,277.77783718090836,277.240668501988,280.8948544615837,290.36051962179306,300.47615090465376,311.6719179626407,322.03935050290147,332.4991862908653,343.64444590148855,345.9024445131795,347.50788387847456,346.2856215358861,344.43392483292064,303.21203402138144,298.2212475335067,298.5412059876828,305.08646354656355,307.6157496744563,307.3775812320739,304.6064398863954,297.7361889487205,298.1436808054773,304.1537643960104,307.88672766660375,307.5807940912475,363.07344963148785,360.9166585072692,359.3666996091449,361.19805026426866,359.84741110054506,362.2118584736959,365.7731046772276,371.731195104936,375.0942221040382,375.45778218000896,374.3075770372818,370.13242770259103,363.59757703025,365.1261856469339,366.2229875728108,365.5225552726697,366.02357154203764,367.4435991204425,368.0797054437696,366.99864109648024,1.4849928058179223,2.210198799437091,-2.5601597201833255,0.5581782,0.45733303,0.7114299,0.4158658,0.29028884,0.0,0.2604694,0.01896417,0.48230076,0.24066523,0.4323347,0.3212074,0.5951852,0.0,0.3312568,0.55972916,0.7914073,0.12891448,0.068615675,0.03317863,0.0001350837,0.00010923398,5.767331e-05,0.04839336,0.013344259,0.00013130812,0.9378291,/content/data/frame281.jpg,0
608.830078125,215.12274169921875,141.89892578125,193.02312469482422,0.9991610050201416,612.7239100109574,610.8613891204141,610.2896168169992,611.2620107808812,615.756462491491,625.9215136004544,640.4324801520693,656.475667251836,675.4876123429838,694.8498524459849,711.7719766366811,726.6514760446917,738.6088889476772,746.808394672957,751.8650959365856,755.1333287234978,756.8189556377629,623.4430719830395,631.412471610672,642.6667196542153,654.4669364194549,665.4390777283562,702.2604367854207,713.5346139194993,725.4018592504123,736.662064621677,743.8244983041792,682.3003791907158,681.3788088946783,680.3604026852252,679.3693187273617,664.1174000486942,671.2471340076543,678.9510011113741,686.9599068647891,694.0705539046876,637.2785824973143,645.7493916920168,655.5674129293499,663.5985810024658,654.8922261107597,645.1311757027265,700.8058409768153,709.705329257853,719.6744443412683,727.9774129030375,719.7134879630446,709.8111805478669,650.5882535687294,661.3040088881689,671.1251641078723,677.1602339207166,683.9205652396273,693.308858127805,702.7531485159564,693.221230876244,684.0669926273783,676.2988581759325,668.8776914687134,659.7750603832848,654.0292419565213,670.3836597372302,676.9401234320388,684.0877293741635,699.404743765941,684.2544793260074,677.0185075065209,670.1464366003235,289.71115351326955,309.77918853580775,329.83789064168377,350.1724522265956,369.2070047896879,386.07433261021777,399.7181317624039,410.40973332784847,414.8223805052439,412.8867805301999,403.9719674895541,391.7955485850698,376.55626247851177,358.5761638251761,339.20822180711366,319.8182728820104,300.31857934958737,287.95764205576745,280.42081483177606,277.9366920084344,279.0056561185046,281.7999465538787,280.7020172675402,277.34310608323506,276.63285179671277,280.06421733995796,289.4251741704564,300.42017836396224,311.8832366117334,322.53587739194006,333.26481062403366,344.05183988174065,346.37759995275354,348.0473084455518,346.6517474766621,344.63397365550315,303.60599569818925,298.5328651877736,298.72912565643054,305.13643526076504,307.82083612487713,307.7020485287796,304.3867438789089,297.5319581970622,297.86722528023654,303.71033522137697,307.63041563217894,307.3867312452752,363.8999715069473,361.8426432386917,360.28584094776306,362.12880206067143,360.66967785463237,362.8942392878727,366.20339332476556,372.52705183138335,376.0667123425259,376.48636224617314,375.3614282483089,371.12584417179113,364.4760996316742,366.09729352513637,367.16083184193997,366.3912665939073,366.5558766018421,368.0546242854265,368.7696830911773,367.7147735804594,1.563919577179855,2.211785224467041,-2.8366878906395505,0.52920073,0.5769339,0.17122957,0.41038734,0.27863693,0.0,0.21727163,0.17891444,0.4938747,0.28178945,0.48706594,0.15372252,0.56745523,0.0,0.4079295,0.55972916,0.6384076,0.33606222,0.13274676,0.069671415,0.0001452173,5.2727657e-05,4.694411e-05,0.02873608,0.011274074,7.640119e-05,0.9596686,/content/data/frame282.jpg,0
608.8430989583333,215.58076858520508,140.58821614583337,192.4375877380371,0.9992266893386841,610.990145378997,609.1362062346858,608.6189231779755,609.6310742772508,614.0269118125748,624.0649979353655,638.520176973028,654.5667050192269,673.5728751956512,692.913116485566,709.9361256837528,724.9524921633696,736.9998774970425,745.1701467119285,750.2563247020887,753.6541435395948,755.4710053462616,620.7513093835267,629.1114937113526,640.9856840048108,653.3087457958418,664.7148428740398,701.2872886906563,712.877812403507,725.007727933566,736.4749931559835,743.6043991318909,681.4000164476104,680.5221489700734,679.5597004290287,678.6308227934185,663.3215470669379,670.354011719772,677.8911823834611,685.7082826450494,692.6884433041765,635.3627913360679,644.0802566745915,654.1367180162241,662.3578803934081,653.3819645049273,643.3945513170925,699.6138224119999,708.7477789467291,718.9029571943793,727.2551066652771,718.8347004825916,708.778775945105,649.3458029526446,660.0592988046994,669.9234947947276,675.9123571310179,682.5999251200851,691.816687135378,700.9416005848794,691.6331827027195,682.6566474248395,674.9866865560743,667.615264495601,658.4864557749893,652.8723928462365,669.1861598897561,675.6758673763132,682.716645611305,697.5423915622774,682.8207856156175,675.6757985552689,668.8537542455391,289.07181856203385,309.35131570104693,329.49325333661056,349.8552256151743,368.97120664996567,385.9657652284177,399.70537745743707,410.47320064190285,414.98636085258477,413.13123454525856,404.3623461223955,392.1578698728863,376.85688708225007,358.74587222970376,339.28849752230303,319.8809354868039,300.3234468061853,287.2751488497797,279.37894567981397,276.82787344358917,278.084531949236,281.21509114310805,280.8690726963183,277.44515691879417,276.64304076477475,280.05176773781056,289.5644464796053,300.32443094711954,311.73007380642485,322.30836383474707,333.0244886506962,344.16077970661917,346.3640303846922,347.98149009745543,346.712058405977,344.83715293050426,303.10600550719033,297.9679226853804,298.2740180443419,304.9490812496506,307.5466421013347,307.3697788994562,304.2761628421919,297.2082691157258,297.5742250190641,303.51818850601944,307.46459365225905,307.2111808027485,364.1954803908745,361.88265284598515,360.138080664305,362.0391519008401,360.59942941721874,363.1472945927768,366.80319234660044,373.13171406518234,376.6103701013835,376.9684184667259,375.833669559043,371.501315996081,364.7006268564134,366.04142597088423,367.12754592862836,366.4230386618125,367.06153278288656,368.2884330689559,368.94142090197033,367.86958819303356,1.5615742628626392,2.116367884919847,-2.9363832160981884,0.54485387,0.52553254,0.19836813,0.38395208,0.31216544,0.0,0.19049755,0.11172705,0.48358122,0.2411248,0.42871666,0.18606675,0.5515709,0.0,0.441161,0.56335515,0.21352291,0.220752,0.07457723,0.035729248,0.00016100513,4.039368e-05,2.0297546e-05,0.024927875,0.0062230146,7.2106e-05,0.9685553,/content/data/frame283.jpg,0
607.9492730034722,216.06682777404785,140.86094835069446,192.57692527770996,0.9992231130599976,610.3685547203587,608.5796647253302,608.0379539682662,608.9848493026666,613.3989421061364,623.5144827761695,638.1205629212984,654.313069905679,673.3514523137172,692.646544022493,709.5247845384458,724.4021195131837,736.3186817829362,744.4887648534896,749.6863258477249,753.1860131522354,755.0477857510912,620.8680023107923,628.9837324865283,640.733778753887,653.0357080065972,664.3952219753478,700.738679036338,712.1609688079599,724.1883167677822,735.5885540851207,742.640229236874,680.9745422310682,680.0446338980701,679.0347664788038,678.0578399992121,662.9830109023529,669.9307185806949,677.4404263759758,685.2974706568522,692.2694071091383,635.8426242840336,644.4329574359036,654.3035726119697,662.2773461394577,653.5865028321184,643.7618658524284,699.2963576166451,708.3430980593846,718.3228184761623,726.471620446236,718.2258345095104,708.3079188162616,649.5096913664447,660.1648904414567,669.7463236990632,675.5755959102551,682.1229227548156,691.1832307599968,700.3435530503449,691.0586984432094,682.209025123164,674.6689039493336,667.4637707131507,658.5786908760937,652.8929249078451,669.0526562426519,675.3807119943092,682.2687912687829,697.0166076753588,682.3370836287688,675.3315657376675,668.6571376926694,288.9957111349485,309.35653142997774,329.5501539009472,350.048344043927,369.3297373355979,386.47271749635263,400.2646337015776,411.0397576318169,415.5521360614826,413.5502525538379,404.67502813904184,392.46991067579523,377.1510031967358,359.0845610169148,339.73198278849384,320.3626964857157,300.7651996504153,287.9959746214446,280.02824106972383,277.443647972926,278.7205140017053,281.86079175617334,281.1751270954764,277.78541969179423,277.0389833706984,280.5838361952561,290.2461582959479,300.49657568824426,312.02721312094894,322.73729539651833,333.5664554155484,344.25582133181587,346.59423548471557,348.28708160054055,346.99814939440193,345.0202880480753,303.62838232504566,298.54596654728914,298.7591150193749,305.18681315347214,307.9310213909549,307.7914683362561,304.5150604095936,297.64195366341846,298.05847783037933,303.96188953887327,307.8840790023241,307.58150858569866,364.17830605366447,362.36993593154637,360.91622326907236,362.7614668578468,361.3951237878275,363.69844134265463,367.0338165127821,373.198407241823,376.57852093257054,376.9064840409334,375.7466296293545,371.4552853870008,364.6727025193708,366.2566775554603,367.38220672277043,366.68833265373314,367.2889417833868,368.6530672112202,369.3030016617914,368.2091393229621,1.680621619943083,2.188002120421548,-3.1633196478728447,0.53719485,0.58712274,0.24129175,0.60450774,0.33700123,0.0,0.17345196,0.81526166,0.48692524,0.3525408,0.49349532,0.13090216,0.6010668,0.0,0.41062397,0.55972916,0.9313916,0.20682809,0.070113756,0.040700585,0.00017260254,5.5434157e-05,2.2922683e-05,0.03634706,0.00436623,0.00010420176,0.9589315,/content/data/frame284.jpg,0
608.0556640625,216.31874084472656,140.37494574652771,192.98429489135742,0.9992033839225769,610.0472893977688,608.2025077512144,607.6341253051531,608.6330227128939,613.0492613879891,623.0803735273655,637.6491900402441,653.8369004428653,672.9017939898363,692.2641696242777,709.2121112613613,724.1741151283263,736.2478862993548,744.536375107346,749.8477654940853,753.4175781503545,755.2526457157983,620.5592192200861,628.5411709676639,640.1449600559959,652.2919785043443,663.514547710452,700.407972111555,711.7179784001432,723.7378062262615,735.2041212246154,742.3835276835284,680.597333906499,679.7662916793574,678.8272247292712,677.9153434029824,662.6558712518595,669.6418104839909,677.1946310519586,685.060248482519,692.054262652412,635.3663913317137,643.9651786027507,653.8250917090959,661.8146835900943,653.1725332131116,643.391133347772,699.1133732436451,708.0759468133288,718.0597446485813,726.2904251841865,717.9973122665369,708.0906335377363,648.6517827580808,659.4589964903666,669.2322593030387,675.1403392787704,681.7496068201176,690.9495007401192,700.118323403879,690.7595395546905,681.7419459817283,674.0944968055128,666.7445642250486,657.7030978232681,652.0429322401314,668.4769282444829,674.911494162274,681.8827121617169,696.8117951285767,681.8796340230488,674.7747723528225,667.9779246974379,289.86784391310675,310.09660515612336,330.1464754702665,350.50226169576445,369.67133574317313,386.84251835191344,400.70819413047,411.58506627884844,416.13339575208056,414.16968131494696,405.2615618127329,392.95980133057765,377.5316596034231,359.32261973765617,339.81028491715915,320.310676750707,300.63814758800004,288.22476662001645,280.19299181628367,277.5090757506855,278.7823070909799,281.89972998622306,281.5909774941674,278.0705185814311,277.10806191846086,280.4713356110933,289.9476891737602,300.6625242377215,312.0488766472665,322.6106674848479,333.32107168552466,344.512286667486,346.78388398799325,348.39339162529495,347.15749824507793,345.20913309134767,304.12752834283833,298.9757111492504,299.0786562532271,305.4029613114626,308.2460226675273,308.17182296165083,304.87470164375804,298.09904897458364,298.48672880701724,304.35326081238554,308.2660443721825,307.97557436741795,364.68259778408947,362.7474562036509,361.2077381139097,363.0747051343401,361.70407762165905,364.11942263763603,367.68959418002805,373.97577448937864,377.4407095779334,377.7586274694313,376.59397298457816,372.1602524143118,365.1702826149558,366.7327347602413,367.87802319777893,367.1877195440011,367.9072448101574,369.32759185415034,369.97764504893166,368.85862431491614,1.2280986242270522,2.2308691462935006,-3.567653417425094,0.48757654,0.47173378,0.18821539,0.5336337,0.34804925,0.0,0.23868214,0.31114215,0.49249804,0.31254852,0.630567,0.23626585,0.566332,0.0,0.53026134,0.55972916,0.035132963,0.19575101,0.026234183,0.041243695,0.00026903226,4.9352035e-05,2.2887005e-05,0.025978774,0.003733665,0.00012953245,0.9698167,/content/data/frame285.jpg,0
608.0559353298611,215.55474472045898,140.38232421875,193.7489776611328,0.9991839528083801,608.6759044558405,606.9539535710219,606.4334156555905,607.3379450810802,611.7048489992542,621.7954215255725,636.5358368946329,652.8019218048839,671.9524538217817,691.3764943896291,708.5071942013219,723.6884050502601,735.8246099259188,743.9164802428804,748.9372499597827,752.458638774369,754.4007552775129,619.7397317278064,627.9020007192455,639.7434319325399,652.0347286911541,663.3988208606736,699.3533155342459,710.8460100067477,722.9106105613384,734.410996227607,741.6504605471061,679.8934589478577,678.9338474098917,677.8650347784449,676.8652973818274,662.2145433166783,668.9434786661479,676.2877649489832,683.9586082327485,690.7784382487334,635.2003754255959,643.7434347275255,653.6711583515892,661.5088104630483,652.9132431734031,643.0581840079267,698.2359028729974,707.085071686843,717.0694329846447,725.1414170618671,717.0360213302814,707.1355841215812,649.5427334077092,659.7654732092558,668.9465690016614,674.5975592932116,680.9892669765253,689.7422750812766,698.6716678964116,689.5202282385301,680.8386165847448,673.4959794047172,666.5254089199077,658.0755100686031,652.9306072559071,668.2772272738539,674.392557798813,681.1029996382255,695.3353943364848,680.9201016646518,674.094776948976,667.6588206499916,287.58960398164817,308.0215096670936,328.2101519014017,348.76717460112263,368.22959491876645,385.54654634167525,399.42125202675777,410.3516994479014,414.9310223586068,412.9910954205352,404.13825423489106,391.86112728821644,376.39811387126645,358.0996968336887,338.51618525274097,318.98038678916055,299.1638666820978,287.33855233069664,279.2557659371838,276.7010354570146,278.0930029487252,281.3274132297649,280.99727393408045,277.45987912165526,276.5745880740875,279.96195610503764,289.4515934895502,299.7688448973835,311.1861448839612,321.79913308563044,332.5810226740184,343.2333537569557,345.51341161360506,347.1961478037185,345.92445395291145,344.0486202962293,302.8938254278304,297.7710607809766,297.9090588125606,304.31210927442936,307.2158952295471,307.12123811418917,303.79160946851664,296.9505836311511,297.32378668292586,303.1973781374942,307.2280833465162,306.94749335409836,363.97201335163265,361.985398788696,360.3543668219045,362.23338782014764,360.83025077496677,363.30824254255344,366.7791466384151,373.0460283255958,376.28063954773387,376.5860561593105,375.45256821018916,371.25521354055127,364.45359294548433,365.6841978061682,366.79760550345526,366.1380613864461,367.023546446109,368.1437584247284,368.77917575192146,367.6849752520411,1.0735228685899445,2.269945616966629,-3.549800636126985,0.5391091,0.5572676,0.32746434,0.62415373,0.21825609,1.0,0.2947862,0.0255221,0.4777838,0.3285141,0.3668952,0.12254846,0.54983693,0.0,0.39778945,0.55972916,0.8719261,0.27290437,0.04003945,0.06603416,0.00015404988,2.3763008e-05,1.117139e-05,0.009973212,0.0037155706,3.733732e-05,0.9860848,/content/data/frame286.jpg,0
606.4524739583333,216.36371612548828,141.1174045138889,192.06731414794922,0.9990804195404053,608.2000235854728,606.6845292976691,606.3894498369833,607.4709968725631,612.0191557384046,622.2790484606827,637.0264960756737,653.2900321350676,672.258196509924,691.466654298807,708.3468699573748,723.3101234918664,735.1875405843297,743.1274235079024,748.1530129595154,751.6952303584301,753.595720950424,618.6735241912772,626.6743167523563,638.3548241658355,650.5586427316182,661.8589448724448,698.7267121709822,710.0735920678765,722.0693596598303,733.4863156911299,740.6038996189966,679.0791966962349,678.2551530094743,677.3356046596307,676.4811181746261,661.7492354018781,668.4990879112463,675.7581154540585,683.2988075692508,690.0557212691865,633.9520207320875,642.4316657334589,652.3763223182807,660.2786531710053,651.6580865882323,641.7841518108833,697.3759641138826,706.2112582047563,716.2018537414408,724.2902414705264,716.1598987297815,706.2442424820954,648.9690849347746,659.2129148222843,668.4398577106017,674.0824908110967,680.4170862428849,689.2165386096528,698.2580084749148,689.1697479188502,680.4577499084093,673.1731152464966,666.2161527974511,657.6607373747286,652.3591982442686,667.7969665324345,673.8966606071955,680.5461521677502,694.9138203795586,680.5613186159728,673.7832282131974,667.332336071782,289.69622564961855,310.11532730882755,330.26082157127456,350.71682962826435,369.94316019716337,386.9751090265812,400.48786488391505,410.9689658859868,415.2103785283227,413.048706311684,404.2297051624697,392.1640125510837,376.9198362813533,358.85382142783146,339.4793020210909,319.9672954641586,300.21165035720134,287.0661588357214,279.035112370115,276.4475706834579,277.7922260595912,281.0371247486713,280.5949417304063,277.04503120558155,276.1154611854678,279.5504968551862,289.07336407426703,299.72685291648475,311.0712806294952,321.59668579417377,332.28769923179004,343.74748948913856,345.8377255366129,347.3221828695734,346.13649357641805,344.3374286069127,303.04534459752904,297.79574780468647,297.92752006134504,304.4178738173613,307.36554309181827,307.307350089399,303.8779743623143,296.92509201754604,297.3651937704979,303.3262604639055,307.3924003438791,307.09058252915963,365.0131990481568,362.95807662537175,361.19556774166375,363.03257630717525,361.5697971040112,364.03146001796574,367.4320414737873,373.70086754790736,376.9912037618935,377.33658390207836,376.2880657914435,372.203661606296,365.4231190196367,366.5397899831994,367.5893109477476,366.85237817419295,367.6463637190052,368.94393304325183,369.61341358784557,368.5989375593624,0.7632105116495551,2.186863979002546,-3.9633845244377603,0.6024553,0.4582172,0.2050513,0.6670268,0.2509358,0.0,0.1824505,0.15943529,0.48446408,0.31699297,0.5898918,0.15500082,0.5451229,0.0,0.4526672,0.55972916,0.877285,0.12964062,0.12679058,0.038696293,0.00016949709,3.0175215e-05,9.617776e-06,0.018038291,0.004327344,6.4917054e-05,0.9773602,/content/data/frame287.jpg,0
605.7214626736111,216.60960388183594,140.76822916666663,191.00006103515625,0.9991737008094788,606.479733757209,605.151597431106,605.1853239850716,606.7238286242391,611.7277563216194,622.3406609715021,637.2103178037214,653.5044818150309,672.4561480035518,691.6249278159303,708.3445689553337,723.0795654766916,734.8124034697612,742.6240676386151,747.638494113402,751.2535708568466,753.2436663690823,617.1282878015518,625.2875933349678,637.0902273641732,649.3655317895937,660.7203181663026,697.8492752029051,709.342519756603,721.4662510716444,732.9545911867099,740.2842678920861,678.1789106646029,677.4762234626687,676.6855432545199,675.973955657686,660.9109218649064,667.8009887353219,675.1540127544104,682.7268690137571,689.5379593946636,632.1282947764194,640.8587488282828,651.0015104389058,659.0700155506784,650.2143070542443,640.1675440237595,696.6958441340175,705.7236178242529,715.8485103381317,724.1015466611207,715.7943702537304,705.7278255320489,647.9188521762408,658.2247444322929,667.7047988957383,673.5157936373107,679.9732111504345,688.897499819388,697.8555184576544,688.7645061979783,679.9228825935497,672.4943179242728,665.3792343164932,656.6951265266362,651.3964133785339,667.0547080412543,673.3140149225474,680.0835678503572,694.4663054576886,679.9977470049853,673.0925501463098,666.482869622665,291.14446325130484,311.7176611703253,331.93614795600297,352.4177940769878,371.5149813805838,388.32153627647494,401.6678389498702,411.9992096963106,416.0860688456887,413.86592920495605,405.0282400805445,392.8854647893095,377.55853394621954,359.4570296533275,339.98885367145704,320.4142691310699,300.602871243962,286.5910130237935,278.4423565430625,275.82452020866185,277.174934844792,280.5179313659464,280.91113346265047,277.5691000694169,276.707899771518,280.0456913034832,289.2662066996927,299.86640625785367,311.1018330793231,321.51312295110984,332.0907402333396,343.992064136306,345.96493263707816,347.405184566931,346.31540190915257,344.67307071397954,303.04852626275533,297.71003115003623,297.89681649042905,304.5995105807269,307.46638037426237,307.3757302278973,304.36802517569595,297.43040984104664,297.92640022819614,303.8581684787641,307.9141802118975,307.5771742386314,366.0875437951181,363.41383237991977,361.2797048440043,363.1503724940558,361.64182728085143,364.46485767725244,368.29603027107805,374.59311089281255,377.93842985008814,378.32818927677727,377.2952379970229,373.18309161670186,366.40799899567355,366.9532933355367,367.9930479869872,367.2504695293246,368.40735692961607,369.45642864832917,370.13818660239485,369.13580951110634,0.15003157422760313,2.1444177900797663,-4.206722590826156,0.46573964,0.4581741,0.20473415,0.68326265,0.21346593,0.0,0.17446825,0.21202388,0.49451125,0.27700835,0.57404953,0.2322009,0.5317309,0.0,0.6018974,0.55663323,0.34909782,0.35434029,0.09890098,0.045717914,0.00021864765,2.2360025e-05,1.0746562e-05,0.009899778,0.0047926377,4.3748256e-05,0.98501205,/content/data/frame288.jpg,0
604.6606987847222,216.08050918579102,141.7287868923611,191.59943389892578,0.9991469383239746,606.7846871143115,605.5979359338628,605.7512900230171,607.2904667912532,612.2046360696493,622.7066486117992,637.5007529837645,653.772162818677,672.8509039033245,692.1687980193905,709.0341915710399,723.8546492339007,735.5780950110671,743.2855486732764,747.9467236182236,751.1645522551062,752.8368693298283,616.963998607391,625.1572237277652,637.2172324124217,649.8976740345267,661.6640141437281,697.955133776816,709.629600530758,721.8620636161579,733.3273759625869,740.3153697086627,678.3639219105573,677.5904809165053,676.7598246393078,676.0273045639318,661.2068537532007,668.1030906302225,675.4860000204671,683.011159623658,689.8023053871945,632.8012951900827,641.5273179348767,651.6098842084673,659.5322754756716,650.7845794445795,640.8186090102708,696.6794179701732,705.7729889530422,715.93070938538,724.080783218855,715.7688757856997,705.7038783727061,648.543343743629,658.8045792996171,668.2272375164537,673.9836020584926,680.361029933914,689.180680179175,698.0705647540459,689.1379640025128,680.4591798399949,673.0721043548817,665.9999938643874,657.3410877301815,652.0033814617843,667.5947105700529,673.8106885650582,680.5127909029088,694.69024471303,680.5039927683508,673.6645600466916,667.1001512555247,290.92260798981476,311.4693287888632,331.68765441904543,352.1714658151526,371.3813977753814,388.40010087734186,401.9576288076138,412.4642596851936,416.55835237467693,414.1454023029926,405.0102388927353,392.68150338479717,377.281410364829,359.06577724372363,339.5202827869436,319.9730890019935,300.2021731817498,287.19960608947065,278.61670377809713,275.5908855201731,276.7454556734012,280.0134556040792,280.21171512534056,276.86464161771653,276.14296161155454,279.8494087664999,289.6260480045697,299.6758199853299,311.02890815123703,321.4985375283395,332.15809423696624,344.20594724350303,346.1908173631833,347.5869387932313,346.4488685683642,344.75746146024755,302.7600937618784,297.39984398670896,297.5866193385629,304.3260520791174,307.18885131891983,307.07133044212594,304.10485847968977,297.1115132203041,297.59720587897726,303.6534470259959,307.7240917275841,307.37634614439423,366.68038454825364,364.13784699934206,362.0436442978809,363.87827462136374,362.33799808630795,365.03485930072895,368.65577132040414,374.7729553091349,378.0555502761123,378.467719582911,377.4859464369121,373.4777794540929,366.95697761645147,367.57991843337675,368.5946640275788,367.80606612259055,368.79655517759073,369.73894228197037,370.46100600739663,369.51386352499264,0.2764757257796804,2.0625981419427832,-4.204467251803723,0.6319244,0.57180023,0.18411972,0.6799555,0.21547814,0.0,0.17498073,0.3101516,0.4880041,0.26618093,0.5528776,0.10831195,0.5251288,0.0,0.48012656,0.57106817,0.48925537,0.2929644,0.024451282,0.045628283,0.00026125653,2.2394295e-05,1.5213887e-05,0.008972806,0.007646209,7.9460195e-05,0.9830027,/content/data/frame289.jpg,0
604.9089626736111,216.2420425415039,141.4181857638889,190.4626235961914,0.9991708993911743,606.369751645979,605.2366016073014,605.4014052258962,607.015210348184,612.1437565990419,622.8051032838525,637.5805735821211,653.6822787785966,672.5267943539785,691.6217337788185,708.2667017241371,722.8791666330033,734.4074505098067,741.9949559804106,746.6368530503505,750.003996344189,751.8545240355545,616.6355832691107,624.6024265501367,636.5387926585429,649.1067322789701,660.7927358411863,697.2159430585427,708.8208423972992,721.0024965036066,732.4275456772308,739.3382358240881,677.7337508902447,676.9487557330398,676.0935206537457,675.3399263926649,660.6285929355902,667.4676331851961,674.7763245818203,682.2552347190389,688.9673840155222,632.469856365017,641.0440515557607,651.0725850402437,658.9972516729398,650.3270964334769,640.3830116062925,695.9501259366094,704.9528514045447,715.0186708988722,723.1403321772959,714.9597788928226,704.9274173598317,648.5580475966528,658.5225600350035,667.6875688760746,673.345315587262,679.6592047979582,688.3512044352237,697.1436733171379,688.2877896102964,679.6761789916982,672.3672764393734,665.4381544432945,657.0642642747462,651.9964593451868,667.0899573744821,673.1755804613367,679.796633101689,693.7977273310516,679.7189686727072,672.9510334024156,666.5138837543526,289.7881835796675,310.3899709529584,330.60071840312844,351.0306590934879,370.1084949065778,386.9916056133476,400.48979507858166,411.06542617189007,415.2115569026771,412.79822434295,403.66935037258133,391.3270680813721,375.9312427691122,357.7924912828841,338.3364551755658,318.8779260686853,299.11604114623407,286.55669079479014,277.92441416342825,274.9217324203296,276.095145083083,279.38480785774334,279.4218554659904,276.11822916919243,275.4527413270628,279.26288246932234,289.0755194671354,298.73637638504977,310.10068083163833,320.6068825682889,331.3009651981694,342.9708732468192,344.9603277662425,346.3631508805054,345.2221199661628,343.53305145955323,301.87076479354,296.59465817105877,296.73204560594434,303.315328621783,306.2582260557101,306.20269891792196,303.1797802849351,296.27659638266107,296.76243159241056,302.69005572340967,306.7933014125488,306.46079929881853,365.4753573924765,362.87569014416584,360.75001976342173,362.5930275872555,361.0492886944645,363.72758760109537,367.27349122419196,373.60588721032616,376.934940740363,377.33109608061807,376.3297003876514,372.32759146763385,365.72423503728805,366.12799198276537,367.16593804636136,366.3762293490008,367.39266477703075,368.48559306047787,369.20270506567135,368.23434502264007,-0.03684063142237213,1.750668217177283,-4.082680346920261,0.55560595,0.48870257,0.28014126,0.65625316,0.15893835,0.0,0.17167945,0.21561636,0.4935107,0.18068068,0.5362686,0.15041281,0.5314432,0.0,0.29428554,0.55663323,0.93859285,0.2512946,0.027229598,0.040371757,0.00055804744,1.8024817e-05,6.4893484e-06,0.005669154,0.004826853,7.2774186e-05,0.9888487,/content/data/frame290.jpg,0
604.1148546006945,216.58467864990234,140.89599609375,190.1396255493164,0.9992666840553284,605.6568821468463,604.5183030559419,604.7444786915853,606.4572670721623,611.5730394700477,622.0875460576258,636.7184301741281,652.7678190077661,671.5694562366878,690.5942601353679,707.1266270930485,721.495734577548,732.84008675642,740.3722797571706,745.0248142072014,748.3164120873946,749.9999913991411,616.015163905686,623.9703087110515,635.7289393928754,648.1068594532584,659.5883184776268,696.4984291944909,707.8807793425458,719.9013158549076,731.1545626667232,738.0094969461654,676.8960194446479,676.2278590201838,675.4959153188881,674.8506162352245,660.0228335511384,666.8938224485549,674.2279336951367,681.6666005562774,688.3689445657728,631.3621785027727,640.0238930971208,650.0363715766433,657.9884326169723,649.2786289678531,639.3599894243941,695.0227915251229,704.0763584766883,714.1063263579177,722.2126504492277,713.9272435883402,703.9501791072973,647.9549559755249,657.8574185023972,667.1097947998821,672.8554916557471,679.2615086249687,687.9441397821669,696.5222153248062,687.8216867705269,679.2263530235593,671.829294890663,664.7899875016248,656.3731653307109,651.4175651168094,666.4831139051273,672.6672357901732,679.3506964137665,693.1645357938402,679.2911698886722,672.4302176774607,665.8761799864832,290.25787585155075,310.7000556801648,330.69903693371975,350.9304939514879,369.84105234547224,386.6391058908248,400.13732004942557,410.73675427410274,414.9582960106856,412.71062229458494,403.8543483061318,391.6871782562863,376.4119402454038,358.3619120948139,339.0018787969309,319.6618100726917,300.0788073028143,285.97213604283917,277.5942842300833,274.69073075028166,275.8629218600963,279.02713678454467,279.0701326970613,275.86252746456796,275.2419937001176,278.9770689522087,288.6071673671181,298.4847217763962,309.57605562396475,319.7736960041402,330.1575182734041,342.3297746655811,344.2308427114622,345.5665923668664,344.49190535156015,342.8847979727825,301.7687037429379,296.4191703954108,296.53720345716374,303.10261741915826,306.0081768762164,305.97982799763315,303.0326462124848,296.17779353211745,296.7369103929065,302.7543185681358,306.70819493948176,306.29777199281597,365.09103420070187,361.98844697752486,359.60442120737,361.46959926016825,359.9242623810429,362.91397088402755,367.0550559328203,373.16923381088435,376.41316423152637,376.79854306213986,375.8117790499713,371.83503453790195,365.2166015770315,365.32893630339163,366.35810463478424,365.60892992885204,367.0266050553935,367.77943811984767,368.46472075018187,367.52589619448065,0.23973241650243074,1.4805433246475406,-4.275721504334731,0.56947225,0.58694845,0.4871295,0.6499601,0.1437353,0.0,0.17055659,0.5816842,0.48664966,0.3131962,0.4952349,0.22346334,0.56967795,0.0,0.35727152,0.55663323,0.29469198,0.36157095,0.15652408,0.041196495,0.00025171466,2.3783652e-05,5.3485796e-06,0.0059586717,0.0051671285,3.3608143e-05,0.9885598,/content/data/frame291.jpg,0
603.3531901041666,215.5172882080078,141.42274305555554,191.39086532592773,0.9992923736572266,604.2967684654863,603.2941850540938,603.7287018633684,605.7757854496708,611.2092219642759,622.0071999603076,636.8001008257726,652.923722039503,671.6741293818852,690.6280356295808,707.112836428107,721.5610191418689,733.0460480735594,740.6693685397943,745.4965862576627,748.941057285088,750.7498025920889,615.1710850741094,623.2341551003879,635.2447999863623,647.8058316899728,659.3839276095059,695.7632498407149,707.4360828477472,719.8573258411491,731.4832044070106,738.540265264199,676.7823892797059,676.2828788995657,675.6968518814666,675.2133032734562,660.1281144340385,667.0650239413271,674.4067614986225,681.7906622275815,688.4719643513306,630.4718810413522,639.2855513486322,649.4477792160859,657.5861406203351,648.7590273797518,638.6854790662062,695.1623014404361,704.3754198865333,714.5188933562015,722.7369472616972,714.3749499308631,704.2694643837165,647.6975421544389,657.7482498017765,667.1642305988096,672.993405440699,679.43573957544,688.0187102559473,696.3538080308338,687.5769962754057,678.9674408938041,671.5875511418898,664.5349803886967,656.1048306714576,651.2521165551402,666.5385318691906,672.7673054326532,679.4444596859432,692.9191796399103,679.0206376746758,672.1878835218033,665.61611666366,292.5903578411136,313.2977729030625,333.42213153400667,353.6870797016343,372.5233808169397,389.10210418714894,402.35676797732015,412.71601284691076,416.83676472060984,414.60834527280053,405.8588985109295,393.72552867886293,378.4100851162695,360.19883933153494,340.59025401837255,320.9845023988901,301.15840029477044,286.35361023625677,277.61691509594567,274.59061922644,275.781345524375,279.15604197843373,279.5048532432303,276.24353875972463,275.63845617832817,279.5000961970767,289.3313226329592,298.78034950025057,309.88788799680856,320.108329788775,330.5553917837623,343.3723662597779,345.15940027124043,346.4617905273766,345.4925303954069,344.0801736594092,302.40204274207736,296.8975037879851,296.9756836170015,303.68413854951507,306.53280836904656,306.56512205953743,303.9021550014352,297.04076959092174,297.64753596131646,303.7299088626505,307.63242525496634,307.17485901702656,366.9086700428642,363.2441017836185,360.58947837912956,362.53533613008574,361.03375226652213,364.47087211758924,369.0563908228304,375.23990742346194,378.4512626553487,378.805200578518,377.7768983168778,373.73117772366186,366.95455671540196,366.5075312703781,367.58986536271823,366.9223320056305,368.9390457879278,369.4548054163681,370.09234542634067,369.11224333594316,0.31772225167039886,1.5802121587764424,-4.480515918731185,0.5709418,0.58274466,0.2833969,0.71424335,0.16061577,0.0,0.20966296,0.015203764,0.49747136,0.13870014,0.4210374,0.07969497,0.58760387,0.0,0.5655672,0.55663323,0.776373,0.5148563,0.038822483,0.0381936,0.00031976905,2.2617021e-05,7.410629e-06,0.004329226,0.004058315,3.9552633e-05,0.9912231,/content/data/frame292.jpg,0
603.3221571180555,215.1709270477295,142.15239800347217,192.20792198181152,0.9992039799690247,603.7060338812922,602.8180990181302,603.3481791185578,605.4422412568484,610.8740551856416,621.4359226675718,635.9923697156158,651.9827104153387,670.7271098926904,689.681960415295,706.2680131262136,720.8627271251632,732.4055710211774,739.8899872150104,744.4594062224575,747.7720442523828,749.5767155817775,614.130296377287,622.0683756258827,634.1073082315884,646.7447780176693,658.4528496303919,695.061467470922,706.7157096436338,719.0747318552075,730.7087235451874,737.8266376214739,675.7386300703262,675.1814737134557,674.5089047275743,673.94018648613,659.0470012683427,665.9472673355539,673.3020350722234,680.7365949350133,687.5273255499737,629.484245379186,638.2629808690058,648.4515307705149,656.5658703307902,647.7547381929339,637.6672069927915,694.408159127476,703.4491816741852,713.5269656969639,721.6716053685363,713.4250533897741,703.4029753792352,647.2331198522629,657.1239065457019,666.4132484028947,672.2085777436178,678.6396732580884,687.4029768627308,696.037518742142,687.1922371140579,678.3821498076259,670.960725950437,663.8888050784811,655.4917148879654,650.7599895674625,665.7762655504494,671.9845988809797,678.6826488242931,692.6220060602942,678.3953339304634,671.514259766778,664.9367160056677,292.0780097612814,312.58187786115604,332.5730224352458,352.736894141068,371.50104918100317,388.073546578973,401.3490096794686,411.66115214021636,415.6057344605225,413.1863585592437,404.4327608886193,392.3618096988795,377.1569828871988,359.0935522904666,339.6596740555025,320.2075937573089,300.44768000080694,286.3692158336984,277.5690475519037,274.42815368730527,275.51246874095057,278.7405579122199,279.0414831101259,275.5600979313268,274.73778810504194,278.46060495559516,288.2449838171646,297.8932802596435,308.8949908385862,319.0394447296661,329.4289734547024,342.20136397230374,343.9330070842707,345.1614951266519,344.05363012261995,342.54859169963305,301.6429671499111,296.09419052969827,296.15765716481786,302.86492499589207,305.761280190028,305.78992369360685,302.75958949101033,295.8018920649315,296.3036242390911,302.42740183707446,306.3351126063374,305.9648435965516,365.84786503118653,362.36809521676014,359.7512461763373,361.5959922899568,359.9838861415694,363.0689708855639,367.27331754478155,373.89892355139773,377.3787621047336,377.86070434685496,376.9267900271441,372.9090282638093,365.94686280861447,365.5843750433814,366.5635333133097,365.7707812180996,367.2965925395303,368.4932957101696,369.2533418322507,368.31291106392155,0.07895260797273504,1.626993495423405,-4.559554573350057,0.59426886,0.43097183,0.36706373,0.6591981,0.19315627,0.0,0.17840941,0.5957946,0.49839774,0.17755744,0.48703313,0.23043697,0.54686946,0.0,0.58101684,0.55663323,0.7161842,0.34033468,0.021173676,0.02964273,0.00029245112,2.1599817e-05,9.475127e-06,0.0048743994,0.005553663,6.265081e-05,0.9891858,/content/data/frame293.jpg,0
603.2268337673611,214.96570587158203,142.11810980902771,192.8489227294922,0.9991401433944702,603.3510028702167,602.4460235067587,602.8828263829504,604.814424234624,610.2801293688854,621.0191322947487,635.7654674589882,651.8726821433929,670.7402159603504,689.7957638488627,706.4464958267283,721.2378189146959,732.9911502045859,740.5843227342706,745.2163615713547,748.7057636996262,750.7146955370063,613.8014878890922,621.7352975561209,633.7862057193972,646.4508200615828,658.217365648861,695.3083466341407,707.2190080660032,719.7461344027433,731.5107626754736,738.7602807112864,675.7920432312167,675.1781577351194,674.4615165935177,673.8618109488974,658.6758728016084,665.7014788442036,673.1824264014977,680.783806140938,687.7484443396337,629.4546611084108,638.2798875523558,648.546010363177,656.6194563934989,647.811540955005,637.6333525344237,694.5786774091536,703.7043084206023,713.8760207319731,722.1026243312405,713.7602370030833,703.6275330769043,647.3652963391867,657.2179964763975,666.4484176937524,672.3114690260438,678.862781106538,687.6738345958208,696.4322240063688,687.4850411841799,678.6012952656322,671.1080162032598,664.0185939322027,655.6816688814628,650.9858689904362,665.8077656589476,672.0790601568439,678.8867406415727,692.9414287214834,678.6408691896474,671.6680444716409,665.0503850316088,291.0844631012225,311.85599371654064,332.0638545451995,352.50728298429203,371.5369885072963,388.268482187884,401.70314660641776,412.25992188844464,416.31759397892745,413.8426857382408,404.92397296804484,392.82800791289117,377.5819502299379,359.42771259934557,339.80586034087423,320.1044878063665,300.0404945369548,285.95608118473575,277.130654733158,273.9873002935359,275.00754612476464,278.20869587342276,278.6059800001185,275.2260717055291,274.5310589755189,278.30336845184013,288.1297227560535,297.7466345847531,308.7916216013911,318.94343660171546,329.36474464506864,341.94592821715776,343.73112737850823,345.0553020496652,343.90281668914577,342.3954902009529,301.485032422109,296.034520971118,296.06670150953835,302.7172725503722,305.6869582934745,305.72961509375943,302.6076545740216,295.70143239770476,296.25260515572757,302.2874975285847,306.27098747777984,305.8773310757324,366.02990938032525,362.44483463547294,359.7592976671061,361.6507077782364,360.0080381940385,363.23954082516286,367.61325256257476,374.1903449372428,377.5141959201562,377.9629854606803,377.00537650256194,373.0594328137955,366.1294028323722,365.73709820604927,366.7372605122288,365.9495752801282,367.5968243494335,368.49018257975,369.23608690706055,368.26851894819663,0.19603649889960845,1.5887405570558926,-4.653456166976022,0.6803317,0.53813666,0.35319656,0.66323847,0.16196132,0.0,0.14842983,0.06022086,0.47258416,0.16362391,0.3051256,0.07922485,0.5522612,0.0,0.2931772,0.56359625,0.8950697,0.5458958,0.24636656,0.03789207,0.00015023531,1.017298e-05,8.117973e-06,0.0046659256,0.0025425288,5.2221367e-05,0.9925708,/content/data/frame294.jpg,0
602.6521809895833,214.17269897460938,142.84364149305554,194.61930084228516,0.9990656971931458,602.5731471288944,601.6519010305262,602.1291361665888,604.0958109773762,609.56544889912,620.2551623723908,635.0427072257417,651.3304451524671,670.208812536422,689.1636926138117,705.5940922959569,720.0727605633672,731.5668421758958,739.0731042006146,743.7726108555655,747.2482624219901,749.0919030399416,612.9747147591879,620.8690944336838,632.9425301887402,645.6483005850444,657.361333922313,694.5698472028149,706.4554082072225,719.055454250459,730.9008970737552,738.0804924238935,675.2926574913332,674.8053510492213,674.2027848778928,673.7052470467743,658.2940746730243,665.4239886253879,672.9882146008867,680.5804342135177,687.545393118633,628.5083366749734,637.3730557147476,647.673343034069,655.8055572621314,646.9540972672944,636.7329396497521,694.0784899658718,703.2651358326663,713.4756583737446,721.6684814014458,713.3214080042459,703.1467162050761,647.2287021801274,657.0155199340202,666.2599975091516,672.1096514910101,678.5901576067296,687.3430621809321,695.846613188775,687.1913592184922,678.485644316034,671.0997368346494,664.0248218182924,655.6238074246294,650.873811996989,665.6531299783632,671.9179834702875,678.6300809042408,692.391201676249,678.479491562373,671.6099003390045,665.0113922034095,291.9155377806189,312.6790420690948,332.8282106088203,353.13519310387545,372.01998468650595,388.62921791227996,401.9793987729108,412.3257412630189,416.28100136935063,413.8177283448025,404.8570500123527,392.65838066383037,377.36245409903984,359.2299549736623,339.74663409427717,320.1817126674685,300.3333817651784,285.8503216566367,276.95083677462605,273.7965204242928,274.91440755525116,278.2467013533984,278.49402952234243,274.9659194668413,274.1722560053333,278.02260609364066,288.05835284605,297.4837032824829,308.49926213516227,318.6334042252489,329.0350240565067,341.97547606813237,343.6868324823706,344.9414652594594,343.7595797462458,342.2096565541966,301.325722096885,295.6820600803583,295.6952773645239,302.480080301581,305.47310263229673,305.53076033741934,302.4022451837169,295.39482949428873,295.95793173659206,302.1692479195106,306.16121574395146,305.744846932285,366.65545166638657,362.5905834552419,359.6569449415356,361.53860178176853,359.8799753016212,363.2811534922839,368.11856813483735,374.566626131136,377.91925046485335,378.3738164621443,377.4460452432362,373.54780251019815,366.67225341676874,366.0718866460702,367.007884736955,366.26539214073694,368.0164908891435,368.6505307618921,369.38159482698865,368.43224720949524,0.2667473789851055,1.6790974748740555,-4.696033906603513,0.5272827,0.4845112,0.4809973,0.69268477,0.14827481,0.0,0.1669201,0.1898979,0.48558304,0.11146949,0.34433606,0.22134185,0.5557692,0.0,0.55767125,0.55663323,0.5576244,0.27720204,0.21621385,0.027001677,7.957031e-05,1.3406187e-05,6.1874903e-06,0.002840578,0.0013889073,6.953881e-05,0.9956018,/content/data/frame295.jpg,0
601.7696940104166,214.4373664855957,143.037109375,194.56962203979492,0.998991072177887,602.9907086408799,602.057701502399,602.3507281394237,604.0377179380989,609.3562890015069,619.9553341515417,634.5588899584711,650.63778337362,669.4081255626509,688.3646106239863,704.8770719891338,719.5708567454548,731.295971987263,738.8701937227628,743.539651447815,747.2135081796587,749.3863370679817,612.8903489640323,620.641671193512,632.6572141279015,645.2581214595,656.8704835667405,693.3366870741896,705.5501533706899,718.4911431941956,730.6782234202021,738.1544437272121,674.5241842308544,674.0166559582613,673.3834320165226,672.8405413994544,657.6324439774149,664.7078423385778,672.2328894010346,679.8596119017969,686.8869767596323,628.0808661099372,636.8121921867889,647.1022795530704,655.2098311300956,646.3590788591815,636.1199683790913,693.5840982351801,702.6902289800371,712.9099743667242,721.2567540828779,712.8598463994676,702.6281883142875,646.9219121128624,656.4649647333451,665.5739692775464,671.4029598087718,677.9432261152612,686.8236000903133,695.3565992206427,686.6661047528778,677.7629213002205,670.2621936777361,663.1272318241085,654.8589005675399,650.5588965378637,664.9555735837569,671.1950372949469,677.9503097175192,691.9058272514651,677.7550305291393,670.7816972739897,664.1470687570663,290.0381725732717,310.7640134450003,330.8519126123862,351.2838883656832,370.2756522712705,387.1281265448059,400.8449030242579,411.68630757178687,415.83127256225646,413.33773323378125,404.27101459421885,392.07509726126943,376.80001178526277,358.6363195919747,339.0944005499111,319.4366388650257,299.3824181209494,285.6229173606874,276.6552578191073,273.7155280902442,275.0292858084489,278.52644215154834,278.48510258277105,274.86348219881677,274.0463768491489,277.92323654000757,288.0620145437134,297.3220083663018,308.390025560922,318.6078295674226,329.10826095399824,341.5979042383407,343.2877956697679,344.54244218838284,343.2904676769065,341.73824027993294,301.25530029125974,295.6756692595635,295.7257485183566,302.3409075665981,305.4077733434547,305.5025948051157,302.16770722887134,295.17946222554974,295.7550431799544,301.7522309938735,305.811656964148,305.44571723649335,366.24369091603796,362.21629423966715,359.2602889256551,361.147672301374,359.43861756874946,362.80824123779576,367.4772257949171,374.9754066605974,378.7502151621467,379.2567414320629,378.2573411787042,373.9307353696247,366.3517402047054,365.5894666681944,366.53631744782706,365.7348962233947,367.4570187409314,368.98626965985363,369.7531078752265,368.76651098940704,-0.09030530782419488,1.7455698311652428,-4.514370085443376,0.46466643,0.4908539,0.34386465,0.62742084,0.16766651,0.0,0.19200277,0.4129603,0.5009256,0.19941305,0.49465168,0.3335293,0.54527044,0.0,0.59709567,0.5598747,0.86896974,0.39790365,0.13470672,0.027317278,0.00014010382,1.3176838e-05,7.634851e-06,0.0036409807,0.0021755206,5.3398624e-05,0.9939692,/content/data/frame296.jpg,0
602.0038519965277,214.16035652160645,142.97075737847229,194.81823921203613,0.9990174770355225,602.7277970317141,601.7395493265055,601.9747460376954,603.6225478172512,608.9302528829819,619.618028285591,634.3709845421213,650.6174529782875,669.5637420759201,688.6663761102068,705.2416705548544,719.9727914713012,731.7494807920086,739.3932014664074,744.1579179195862,747.8926946844488,750.1110091706853,612.9800500639916,620.7647668383488,632.8794928630036,645.5776279614402,657.2762632569544,693.7016724189959,706.0305854330722,719.0399194147792,731.2772271157037,738.7037230826604,674.8039450062331,674.2067965289273,673.5011123375753,672.910645446466,657.6575804754515,664.7849308898157,672.370015245726,680.072198057534,687.1377908284712,628.3569090115867,637.1034676395518,647.3621200846776,655.4647382302313,646.6281279843405,636.4127072830622,693.8959330929615,703.0444946843847,713.2519518267238,721.5875894199778,713.1845646508184,702.9687468166796,646.9967090823294,656.5707253777089,665.6589785122837,671.5335768018701,678.1028092351467,686.900166033038,695.4229019742825,686.7429989616903,677.9409183729322,670.4357204271678,663.2869178710943,655.0019809063622,650.677768402379,665.0652997220748,671.3468546850106,678.1390110306393,691.8971843078709,677.9486659473332,670.9634333590773,664.3139173827943,289.67147842623,310.55886933899444,330.8147562983995,351.3625637792336,370.48902578514935,387.43602265272443,401.2261337726309,412.1096782573511,416.3029135570491,413.80707984100854,404.59968684828823,392.2196064003979,376.7893226322028,358.47741495935725,338.81811213056153,319.0404358403687,298.8820693835637,285.5585754402406,276.46593990971405,273.4792012074121,274.86914531737943,278.48297770811644,278.7467087636942,275.1515137484273,274.330549551644,278.2047896229684,288.3933794708129,297.53261889087946,308.6773095839627,318.9574002363115,329.52814337183304,341.8030741858561,343.57411952978237,344.91744581572334,343.66251991107765,342.0795622636715,301.0142757115067,295.5571894686668,295.65891121889626,302.2899779352746,305.25695753595664,305.2832588789098,302.3176936285905,295.4866112953912,296.06548469387155,301.9668859679191,306.01653335320077,305.6300882437332,366.46194530048365,362.39637776456675,359.4448863454436,361.369893828861,359.6760037357594,363.09393815038675,367.85269064341514,375.015155963338,378.6439748941259,379.12545320038316,378.1431555208387,373.9195430409352,366.5376652992161,365.8786477025926,366.84327645346707,366.0661501506868,367.78301821175114,368.86419500631314,369.625937636182,368.641396504338,0.022886456409454616,1.8620472090683966,-4.711301392755532,0.583754,0.48241043,0.28479108,0.6594712,0.17229703,0.0,0.19639365,0.05269208,0.4847103,0.17643882,0.46238995,0.2278202,0.5628682,0.0,0.5154321,0.57206684,0.8332958,0.5891621,0.2098235,0.022803878,0.00016368805,1.2562222e-05,8.558835e-06,0.0030775173,0.002472232,6.763345e-05,0.99419785,/content/data/frame297.jpg,0
601.42431640625,214.51495742797852,142.8947482638888,194.46264266967773,0.9990701079368591,601.904545325604,601.0994128910745,601.4582073214243,603.1336221904545,608.4914585992775,619.1504485524097,633.8474623482307,649.984028262332,668.8827928302103,687.9482643418664,704.4051348619323,719.130523124009,730.868080089368,738.4483604767152,742.9960502377317,746.5600083809072,748.780143456785,611.9143163635657,619.5963101715554,631.6178482533562,644.3282043216166,656.1680345469647,692.9983212461284,705.1694650921672,718.022861852081,730.1363526772229,737.6007428425887,673.8457651593612,673.2382455823449,672.5145645568316,671.905222893992,656.5968993044612,663.7314710722355,671.3560448359508,679.1044995720708,686.197031229915,627.3056317896312,635.9382015125516,646.2369852665472,654.3861876113717,645.5176577743368,635.2830642957185,692.8885092799087,701.8934382362258,712.1126969849192,720.3994042186669,712.0683410178167,701.8550909796245,646.2648798705059,655.7829902580654,664.811905374705,670.5923057404295,677.0799257685235,685.7908312727927,694.3882110939353,685.6618248146942,676.9605304654165,669.5630497951108,662.5704824946095,654.3769311372084,649.8767060164357,664.2467040886606,670.4042205835954,677.1109985908838,690.8510000579213,676.9290403714936,670.0510349784993,663.5403537420466,288.21762558333626,309.12126178248195,329.46609485954286,350.15170666723907,369.4894896006367,386.65234187743636,400.5897823388359,411.67152749833576,415.90652785940483,413.27126321496553,403.9432130696364,391.5720153274433,376.18669818008993,357.9374932991582,338.2959366682003,318.5905513972193,298.4678945636556,285.67417459171725,276.657756758377,273.5478943931821,274.7417500608876,278.1429653401299,278.3622832734234,274.769436029065,273.97842823692895,277.79597621773814,287.84840979571095,297.13323756168256,308.21026755252524,318.42789894212456,328.98137830339465,341.11576052476994,342.9284160107336,344.27317098452113,342.97428806451353,341.32034877190426,300.89076102821423,295.4451167735717,295.4829980769282,302.0259344051685,305.1514653175384,305.2493224534901,301.76449986215835,294.86190326507585,295.4229805171767,301.3813332952907,305.4601141378548,305.1010728218305,365.820490296107,361.9933172512542,359.14778946642946,360.98389561421027,359.25340089891915,362.4211736024745,366.81228916415785,373.8065672780658,377.3378947850474,377.8726422015493,376.95623039580505,373.03109589710994,365.9000500740394,365.1799367203862,366.0973917050369,365.25088679507735,366.8309133849011,367.99197150778764,368.8190871991392,367.90317611927003,0.13279084291519974,1.829292560157861,-4.5006102077708485,0.5172309,0.58707935,0.38154075,0.6501601,0.17035063,1.0,0.17037977,0.48686174,0.49363086,0.20326267,0.4341579,0.25866383,0.5475313,0.0,0.5334621,0.5623584,0.9664337,0.43608686,0.0535523,0.03845342,0.00029238002,1.4526082e-05,8.125463e-06,0.0038473904,0.0024777872,8.2692764e-05,0.99327713,/content/data/frame298.jpg,0
600.8419053819445,213.70557403564453,143.20616319444434,196.44241333007812,0.9989905953407288,600.4625143437625,599.5516489339434,599.8180880170457,601.495139228573,606.9003318723435,617.7348105228066,632.7485690785852,649.2098894762421,668.3359098193614,687.5775389626688,704.2164807321751,718.965946442604,730.6487018543157,738.2178185143675,742.8041915978611,746.2170257643265,748.1074994200026,611.5711950649438,619.3331921096069,631.2705032618396,643.871609570524,655.5859649082959,692.8348168347111,704.7250301869644,717.3439808291732,729.2761494411934,736.6708412537082,673.5461741953623,673.0593751565539,672.4544452247483,671.9429100054913,656.511882083696,663.6271133673654,671.2566619002428,678.9428345780834,685.9664907091974,626.8377600545318,635.6295086247883,645.9597197579751,654.1055737079296,645.2763871639127,635.0236021723686,692.4541143017632,701.4659383019352,711.6563032527847,719.9259013329356,711.6163291355588,701.4429233268856,645.9979164671768,655.610328746352,664.7697548911492,670.5834247027451,677.0387879884038,685.6836509975074,693.9496802109534,685.3990549537775,676.7205968254166,669.2956258485356,662.1973326310581,653.9742000713522,649.588603841321,664.1393230181257,670.3430952517465,677.0218850488527,690.4847883628281,676.7323150727862,669.8483224654774,663.2580096512083,288.81496693993904,309.88212760541865,330.40874547167186,351.2586689398122,370.6952368888815,387.7656883645832,401.4700381567345,412.1880614549664,416.3276517688464,413.636079943175,404.3045894611023,391.8546682144042,376.3579042970232,358.0589898887447,338.41206956393216,318.6472782832643,298.57675174643555,285.84592275329123,277.04108599667416,274.0368449159487,275.23556260909936,278.5222289071535,278.53698209628783,274.9390024315144,274.0658805972307,277.75917288914025,287.7300876642803,297.40447738847615,308.44972642170796,318.6415456154864,329.109635839126,341.4805221440329,343.2671052468904,344.6047277284051,343.32673623230585,341.7075385981698,301.1187964875662,295.56323020721175,295.5498329064121,302.20201076045123,305.2893122960031,305.37948238292665,302.051050508966,295.0717874264901,295.5975559605977,301.6825298950462,305.70712963761616,305.36271994993876,365.9826467596795,361.78976230638364,358.77155487327764,360.59500689831475,358.9219952504791,362.3428523417024,367.1921553568827,374.24826850409227,377.8699375754186,378.4166767140814,377.43342583557387,373.30499174281067,366.0195718844843,364.9731492551691,365.9122108195552,365.12142583129753,367.18012799507414,368.52188136954646,369.3241597946726,368.3717220054714,0.12174638954117765,1.839170411909259,-4.799962368386304,0.5677064,0.50463444,0.35155994,0.6978533,0.18637568,0.0,0.17334299,0.27240998,0.49712592,0.21428281,0.43280604,0.3419278,0.52283865,0.0,0.56016797,0.55663323,0.992246,0.61638105,0.09188983,0.024472129,0.00014220485,1.2759706e-05,1.3360356e-05,0.0023574256,0.0046908455,7.8859e-05,0.9927046,/content/data/frame299.jpg,0
600.3449435763888,214.19034576416016,143.79150390625,195.90174865722656,0.9990467429161072,599.5381976630474,598.8820269160076,599.3907950841855,601.3018231569756,606.8642624164191,617.8214454992151,632.798933296904,649.2496832300319,668.307012666741,687.4498152117518,704.0664740528875,718.7219874540006,730.3166668108709,737.749618488571,742.2902582652325,745.6962915711349,747.5797966024526,610.5287082520886,618.3597649436894,630.6377247355152,643.5807213578692,655.5846978016328,691.1346449825527,703.2280529203715,716.0878463759884,728.3601733498574,736.0445420738295,673.0707862980177,672.7046671428016,672.1793858503395,671.7325436497256,656.3275431846854,663.3569356833362,670.8909347906296,678.4893049568636,685.4253636236459,626.2970850262875,635.0035089517672,645.3187399492692,653.5655637618222,644.7103815979348,634.4692039409862,691.8575232870265,700.7798929188332,710.9349389041865,719.2042939885672,710.9632150898509,700.8306583403704,645.6632316056879,654.994463952854,664.1627999687802,670.022787232005,676.566958703216,685.194558207261,693.1240525962548,684.7392948036817,676.0502807695241,668.5775350545161,661.4662144797603,653.326890615878,649.3172630335303,663.5485846077294,669.7497426869356,676.4626815110878,689.5692400339674,676.0595987395275,669.1611972823454,662.5881190861464,290.32480181861155,311.32468279129137,331.66795514240107,352.28502167977604,371.3779765882649,388.04402767641113,401.4258936799324,411.84025947107943,415.7812983870113,413.1840368534336,403.93398294117685,391.4830031589721,376.03448146862286,357.86696211929814,338.36747749094684,318.78895125539384,298.8927523026499,286.3779899648731,277.0193151451482,273.781614820653,275.00265422068424,278.55117540172125,279.0925494589184,275.321889274199,274.3413515841501,277.9786877319037,288.04396593556265,297.14428077046415,308.329635016471,318.715556478134,329.3454546220513,341.11088402773566,342.9270894952544,344.38886180301995,343.04493028883115,341.4052618199181,301.08070273734916,295.4729942574719,295.43743884561684,302.02644166273126,305.0867152275754,305.2278159161982,302.0159186620207,295.18512503230687,295.72529405879686,301.7189906885742,305.63939695664135,305.30802752414473,365.4805142712445,360.68572511124216,357.4759716907647,359.3358665274121,357.7188694501765,361.43928966279486,366.8760939620235,374.2945572472672,378.02760225834135,378.5553216361877,377.49722060335114,373.1122539796786,365.5530963533762,363.9747443306809,364.9161115167532,364.2230226923202,366.85899934036314,368.15851286220493,368.9058420804471,367.90031401520866,0.1783133822537111,1.691324082181386,-4.704874062955439,0.513714,0.55946857,0.4491703,0.6869257,0.17486873,0.0,0.16475493,0.23251905,0.49260744,0.22547682,0.40359712,0.07245659,0.55513954,0.0,0.37004387,0.548299,0.8188239,0.38430673,0.043861493,0.044875488,0.0003420611,2.9040013e-05,1.5918138e-05,0.0025519289,0.0034287698,0.0001980864,0.9934342,/content/data/frame300.jpg,0
599.8581271701388,213.86619758605957,144.02251519097229,196.5772533416748,0.9990543723106384,600.584936694526,599.772465726277,600.1812057014864,601.9872161920425,607.4273926375143,618.1998889608093,632.9096632042618,649.1101316319102,668.2199082957575,687.4309613064661,703.9909024152239,718.649651826973,730.384392958008,738.046891341241,742.7367890440996,746.2761885714372,748.346624109508,611.4089253545269,619.2125118264147,631.338136350608,644.0606417353852,655.8944798666532,692.1835398304142,704.3621224776748,717.2296739257897,729.4368130440312,736.9887412215558,673.6117383968335,673.1295122593485,672.5206871732116,671.9847225659635,656.6944688028425,663.7518751098083,671.3594047469558,679.0916422222938,686.093433009336,627.1142813789818,635.7615421417303,646.0038385811164,654.1897597832593,645.3894456158517,635.2103502286858,692.3521650182399,701.3211606146765,711.4483453711869,719.8002484245999,711.4707856113077,701.3457239602224,646.2317138766297,655.3947627149387,664.4929302950786,670.4132589836634,677.0531376274025,685.8405163180487,693.8380435494023,685.5064013894819,676.75375164188,669.1261790459027,661.9171042739093,653.7807175115821,649.900172905264,663.897785881647,670.164265116307,676.9959543839366,690.3096954185153,676.7740406559742,669.727636534406,663.0529234953664,288.27851733354703,309.29537696044974,329.7583521266995,350.5509780760033,369.96343083576676,387.1334765180368,401.1700154372611,412.2971547283312,416.6417876840667,414.1744720345346,404.69915094499447,391.98835779080673,376.3511239238617,357.9522501301599,338.2044170147551,318.3824439330863,298.2923901256876,286.7498462768158,277.62393069299253,274.6153215821986,275.9259244032438,279.38749313535004,279.51154013940175,275.83136888017805,274.86808361017677,278.4781220888723,288.56351260117253,297.7824300448201,308.9876532165364,319.3802191210177,330.0097503054974,341.25898924895455,343.2236350835983,344.7881528772896,343.46282892127783,341.7484283207641,301.36152883154443,295.998726221527,295.9456837366548,302.26746916462025,305.36483392438856,305.4932325915464,302.3159139311218,295.63108450563675,296.18335906184495,301.99699115759927,305.938501228306,305.5855173760285,365.15829490732494,360.5337354224123,357.51469356840425,359.41379028058964,357.8992709166414,361.59779086844514,367.0486742329972,374.6150704600734,378.3313766924241,378.7643355358091,377.6012533910473,373.0354237826916,365.31180527176093,363.9133818117464,364.94436743023266,364.31878246550923,367.02626211347797,368.5020875295486,369.1730169644411,368.0545340939045,0.13598219590937918,1.6736352201922469,-4.835819984280772,0.58055043,0.4616207,0.25365278,0.6696105,0.17444037,0.0,0.1650556,0.40634003,0.49243775,0.21424612,0.24622014,0.36392465,0.5297207,0.0,0.44121245,0.56197447,0.96199787,0.42429045,0.0037043092,0.03563901,0.00021895082,2.2591174e-05,1.586262e-05,0.0034867378,0.0039669247,0.00022427416,0.99206465,/content/data/frame301.jpg,0
599.9429253472222,213.8225440979004,143.63617621527783,196.48481369018555,0.9990737438201904,599.7293654849071,599.1305799564692,599.7322218972022,601.7136761072883,607.2944943963347,618.1682938560123,633.0537153354571,649.447294399308,668.5567769752975,687.7012040490563,704.2456986525399,718.7921802868395,730.319311155497,737.720559999163,742.2049094702047,745.5714004085403,747.4491700143963,610.5520446507435,618.4605122119822,630.6864487138935,643.5168905956773,655.4220586723573,691.4850614441607,703.551811810446,716.342917416639,728.5258636838121,736.2048836911267,673.1239307820952,672.7365127366461,672.2060984053319,671.7608072684634,656.5818182789019,663.5673379205709,671.1035443399778,678.7313105434055,685.6518248464731,626.4884501836523,635.1655421052385,645.4230486533709,653.5999276213652,644.8137860997622,634.647052329065,691.9663300249422,700.9111939104332,711.0504808264577,719.3400211925491,711.0756369298188,700.9567840776417,646.3807724264416,655.3971555353987,664.4189071535648,670.2828651154687,676.8224260700404,685.5118922648162,693.3756058533436,685.2155280705829,676.5759384181692,669.0653589007059,661.9300761219044,653.8557258422177,650.0397838750612,663.8416097156514,670.0282965924062,676.7385677076072,689.8295649839797,676.5244457015688,669.6194536980331,663.0337263750027,289.25228111383535,310.2678866132958,330.63213876050713,351.2852574588551,370.48889272449105,387.41814922619733,401.16574890767106,411.9737525087394,416.15265910243534,413.649275475786,404.321490725335,391.73932131392894,376.1539628792634,357.7905836269533,338.115123859563,318.41360855271387,298.47076329786705,286.3817097270935,277.24861073075454,274.21645705440733,275.5444393186233,279.1147509089394,279.5498812286403,275.7481053800245,274.6768277996034,278.1345482602676,288.0072015611986,297.62729601659817,308.87278393027964,319.31118956358705,329.98625932013465,341.2843712723834,343.22196743243376,344.7757573451154,343.4507193287509,341.7422404609324,301.27899954692293,295.8363149673378,295.77478088992643,302.1675440357508,305.27537682751654,305.41322946319724,302.2480365396616,295.52091505131534,296.02763486292747,301.90562543332635,305.8542693591346,305.53234853140293,365.2171712719378,360.47000376237384,357.36783460728657,359.25344617162045,357.75299000880204,361.54400073162196,367.12681464451043,374.6946699716095,378.3997423860201,378.8414638858753,377.6723937103493,373.0744763782682,365.3332406896243,363.80318745771183,364.8182151477963,364.2274823831717,367.09981750788666,368.50498965909173,369.1548603471483,368.0530370736237,0.26418893290030016,1.5006239991822274,-4.80071707405632,0.49443454,0.47860864,0.4504622,0.64979076,0.18577379,0.0,0.16814455,0.89102834,0.46666014,0.28582358,0.3241225,0.15003918,0.5596416,0.0,0.31650427,0.5542797,0.8639677,0.3595774,0.05361211,0.041684024,0.00031368746,3.0725063e-05,1.6899003e-05,0.0032186266,0.005035146,0.00023332336,0.99115163,/content/data/frame302.jpg,0
599.6180555555555,213.86303901672363,143.7741970486111,196.6208553314209,0.9991229176521301,598.9141072468256,598.3580326086808,598.9733107270024,600.9665051071856,606.6670242990406,617.6936909402059,632.8209799823592,649.4194574002531,668.5273270105256,687.6785822699092,704.2622649705049,718.7841378672504,730.1747200985731,737.4363808130493,741.8524492289396,745.1859296762975,747.0173806689843,609.6575014610153,617.6085580303537,630.0649505707632,643.1238059384888,655.2014916872977,691.3587400709907,703.4457850254669,716.2351852758607,728.4111813585791,735.922256817621,672.893807809312,672.5988135221955,672.1621724740266,671.8189265946573,656.3129870145814,663.377492651298,670.9762394674091,678.5901536814347,685.5539230443806,625.8880165397951,634.6102547800106,644.8609406083997,653.0092506994341,644.234794982671,634.0772019595626,691.6662367380293,700.6300212396086,710.7049565146942,718.8721748732262,710.6451166647857,700.6000520926862,646.1361341384883,655.3212135773731,664.4050785862247,670.34136748989,676.9269574394659,685.5719945384187,693.4221109144039,685.2292408787314,676.5165165417975,668.983586528876,661.8506482929456,653.7269210591709,649.8295115538857,663.8275009796873,670.0684949616234,676.810554516389,689.9014885439597,676.5176416153563,669.5665433933664,662.9318369512392,291.010128050331,312.0670961889916,332.45147425907453,353.0534837456871,372.1434787497942,388.79768949910704,402.1460825471888,412.52090617937165,416.49792870236115,413.92530737597826,404.69811502744574,392.25326855443336,376.741851272468,358.4914986652907,338.9659173694761,319.3839417615268,299.47410565512473,286.39817729614447,276.9803131062349,273.7682913812588,275.0218834990185,278.629164660329,279.4336766353854,275.6446749992,274.6101768935964,278.1759287771679,288.23464892958737,297.51036710705273,308.8679003025858,319.4107607024846,330.1909202110628,341.4654932950541,343.4306592802038,345.03004978796935,343.6858962804363,342.0044035297176,301.1128385788994,295.58074641465123,295.5433799090797,302.09040093071815,305.10792556421734,305.2158693404741,302.35089061812823,295.6542207497504,296.217320065928,302.20086205906273,306.03686364316684,305.66504792711385,365.73899751634553,360.9805129628355,357.92599450438115,359.7946010513472,358.3031332247092,362.06668710333656,367.6396124060593,375.02255605017376,378.5958177997502,378.99092957018,377.84532341893555,373.3951793376332,365.7757733582987,364.10181860042394,365.11799910214836,364.51245638596515,367.5339961257273,369.10127984680867,369.75472256975763,368.6451750260726,0.15972280003871522,1.2178921652709547,-4.706692104672231,0.49852532,0.52726144,0.5083856,0.64105695,0.18147437,1.0,0.14652075,0.47327623,0.47000185,0.2581478,0.28053907,0.20737088,0.55141485,0.0,0.52862495,0.5529872,0.9370042,0.4826001,0.07849763,0.022567654,0.0003692121,4.6585395e-05,2.6302307e-05,0.0020340525,0.0054880497,0.0002505896,0.9917853,/content/data/frame303.jpg,0
599.3501519097222,214.42814826965332,143.521484375,195.62686729431152,0.9990529417991638,598.3095131469629,597.8383006504603,598.6272018654118,600.7700633083512,606.4495405914471,617.4070134073932,632.4387780986199,648.9375190181388,667.9410188464723,686.9301835389494,703.3725633777174,717.7524606783062,729.0508564665708,736.1924686338825,740.477519888213,743.6511608535525,745.2532819424291,608.6448487625207,616.5797312479281,629.0132263295809,642.0721712943099,654.1694658129672,689.7642727797145,701.7065953147923,714.3770504020356,726.5140621321407,734.1612169626935,671.710271064128,671.4661329963664,671.066176409428,670.7586461181452,655.4892707782654,662.4929815971805,669.9851084748581,677.4968945676438,684.3758987996189,624.9981079921591,633.7712321247421,644.0291726986156,652.1912310571124,643.4202757347371,633.256895285917,690.386539409099,699.3639304824327,709.4635758957957,717.6372059061745,709.4302461802175,699.3730254929809,645.250114899255,654.4081818552098,663.4891301178778,669.4177617168609,675.9934053700815,684.6527789053542,692.5577982734346,684.433659112762,675.809098479403,668.3118294226847,661.1805995597219,653.0179115466487,648.982084569825,662.9448776905111,669.1891901094605,675.9327766305348,689.0209725484193,675.7284747089742,668.8121739375895,662.1970719309136,291.5884523290115,312.5112862256572,332.6933105246655,353.044935781912,371.9198111726079,388.35266223878614,401.51850156210446,411.6801469627584,415.4909144054858,412.93963801579815,403.85121785215665,391.5060283267651,376.1152835692005,357.9619783307516,338.45632897772765,318.9381425024711,299.14261417478986,286.8602641761244,277.41357755466515,274.035291855829,275.07943404757305,278.52933945639535,279.257639916448,275.3502764655367,274.16950622687267,277.5346461373857,287.3882575230957,297.0755981236606,308.3431898108147,318.815052028944,329.5175007491183,341.17656267875316,342.9872953249578,344.4674593185449,343.0886837040845,341.4293200180498,301.1961486218219,295.60158375643647,295.4581204592814,301.93862330600587,304.9557741206205,305.1491200525515,301.92044727723334,295.1451261655078,295.6426512271426,301.60300342445305,305.46869073856766,305.13817105908385,365.2941379652102,360.3700852620865,357.1399432927567,358.99613699937856,357.3964085978923,361.1700404129351,366.75830873255643,374.0749089028156,377.7131090146337,378.197369353192,377.12099584329746,372.7841450058139,365.3576771081324,363.6995167619549,364.64346691826745,363.9767186911403,366.69437780456445,367.95700313816235,368.6723886832366,367.6369007438372,-0.07642936569051755,0.9451798441301216,-4.667170495442847,0.5149775,0.45179695,0.46328628,0.67165774,0.20232734,0.0,0.17314063,0.2509216,0.46541932,0.20577572,0.34609586,0.19538891,0.5013956,0.0,0.38190204,0.56663287,0.90648,0.38764226,0.019910648,0.03937262,0.00020925373,3.2930424e-05,1.7785022e-05,0.0017457255,0.0052847625,0.00011404249,0.9925955,/content/data/frame304.jpg,0
599.2759874131945,214.75385856628418,143.22200520833326,196.05131721496582,0.9990058541297913,598.1546271498584,597.5947680276319,598.4049986481601,600.6776268275955,606.450498964835,617.344370777277,632.2651154168423,648.7166672740589,667.7945975333496,686.8654253037289,703.2842201735874,717.7346089704895,729.1158531513477,736.359256003602,740.7866236669591,744.1061573096586,745.8650785221083,608.8203288767703,616.6522391925066,628.9134698302,641.7576023638683,653.6518804229308,690.0954241158283,702.1764983343934,714.9567855926157,727.1487652105882,734.813339345078,671.4550015644033,671.1303484088743,670.6625657285315,670.3004860322238,655.2061125324409,662.2144601618395,669.7693418589968,677.339087600075,684.2488908250818,624.6613857036482,633.4322513636718,643.712427468393,651.9648535059371,643.1358638251089,632.9407843718359,690.5409107302894,699.5754869657657,709.6691403533018,717.9601217576017,709.6769509877018,699.5661899269735,645.6810999723252,654.5678070161526,663.4397762202054,669.3496780151778,675.86555603091,684.5238055242071,692.5012397378698,684.4894499509933,675.9462565712552,668.4475777873391,661.3294115164613,653.2801320867329,649.4231510748228,662.9500270070303,669.1612692471366,675.8667900270092,688.9777882397926,675.7574832134575,668.8627333385915,662.2564510859165,290.6277284074839,311.5790610627825,331.8532383586953,352.3499977009849,371.44328279809974,388.28459512775635,401.9805916276149,412.65690151417436,416.64802351113065,413.98598542632885,404.63770775070316,392.02898801830565,376.3979594308986,357.9768796860901,338.27177090942746,318.5876681118156,298.6010539750439,286.65303398359697,277.49173476235205,274.3794213168636,275.56480077420383,278.96505599127283,279.3588760304252,275.47823875238794,274.28492245650125,277.65378789779913,287.50662975113084,297.6432766845745,308.81305880663086,319.14700488910245,329.7269929665167,341.65744954757577,343.42220419613034,344.8250754659384,343.43192191541084,341.7232579986339,301.79064642623894,296.28240335018495,296.1091811477726,302.4475249860871,305.57885318964816,305.8125412009168,302.247253028275,295.55152008109764,296.03782672560993,301.87692799439594,305.81224672457495,305.48411594367565,366.1555113546393,361.22108347601215,357.85495245788843,359.64764029086825,357.98713026732247,361.6856128939118,367.13635595855226,374.61777983110517,378.431402707351,379.0089829951486,377.99943395924834,373.70365515264166,366.1607558380605,364.41368379269886,365.3013196230803,364.5479790272575,367.0841214645843,368.63939125263227,369.44172710266287,368.45654948972003,-0.23156603252741711,1.0051504420167583,-4.843579561809485,0.5859801,0.47744972,0.42500126,0.68084866,0.18577379,1.0,0.14614828,0.4150034,0.47360632,0.1916461,0.28854162,0.1810389,0.5422969,0.0,0.41726172,0.548299,0.98851705,0.37879124,0.028260944,0.032013435,0.00041609333,3.804587e-05,4.0584913e-05,0.00337307,0.0070705274,0.00017670722,0.9888849,/content/data/frame305.jpg,0
599.4991319444445,215.2932357788086,142.76915147569434,195.09827041625977,0.9990233182907104,597.7942187506094,597.2465598264525,598.1167110976511,600.5174390057816,606.3878804991826,617.2142647638111,631.938379008667,648.1484817240832,667.0311951547649,685.9091291638105,702.1572788663519,716.5461428481642,727.9592063515465,735.2499384554733,739.6046404507873,742.7357407347246,744.3578415516702,608.4034393528912,616.3433494828766,628.6659543667213,641.5423023435791,653.4577981856525,689.359745994311,701.2917360739717,713.9032133878467,725.9223912817595,733.4081377429478,670.9050384926993,670.5459329850232,670.0537921016796,669.6794412855736,654.622274613901,661.6211968622372,669.1755437227314,676.7336583024714,683.6470044831219,624.4070222128303,633.1991485726783,643.4543779972973,651.6442065266658,642.8901829720058,632.7289511653128,689.7377877798262,698.6300796535509,708.6511941678457,716.8542585553798,708.7101519967853,698.6908794785661,645.4370286142964,654.2483912740719,663.0467273934178,668.8840617982604,675.2953663666601,683.8244919686326,691.6723022948308,683.7493887649988,675.3421558578873,667.9197628980919,660.8836169790584,652.9417043760664,649.1338379884813,662.5833328124684,668.7104885544107,675.3236800790669,688.1570900110378,675.0759595159105,668.2628904852625,661.7475759339038,289.9093013245508,310.7263199525011,330.9204717937928,351.2955578859793,370.28328602475193,387.0791504695132,400.81162194063666,411.5681394336572,415.5337058034544,412.71986143453285,403.26594216641035,390.7079943748578,375.21132325315756,356.9370197308432,337.37724017442565,317.8127719007245,297.9667014996859,286.01279585307844,276.9921712754857,273.93780687352216,275.109944330904,278.4463713592239,278.8969696492532,274.98745159186694,273.7633335634082,277.145545357823,287.0218329306624,297.38046531680624,308.4425867042119,318.64962420877345,329.11273405415295,340.90764892584366,342.67751410980486,344.07097018659067,342.6716253041688,340.960522585927,301.2573088756216,295.7928251764444,295.6442654020324,302.05145338829317,305.1160045867362,305.31435407325625,301.77054898674197,294.9665783003467,295.3660193357269,301.2079308217275,305.12910089974446,304.8881482767149,365.418211571299,360.42241121453117,356.9856372636302,358.73512885463253,357.0778347490276,360.7617710824558,366.18635184391644,373.6473709032395,377.49726829218923,378.111392574746,377.14220959407356,372.91387969316816,365.3720779423111,363.47928742932527,364.3413136837427,363.5804018502711,366.1629780300765,367.7988519540429,368.6321877241291,367.683922562529,-0.4760067884720052,0.9766593898839346,-4.717055114961984,0.60327077,0.5437166,0.41942486,0.66374296,0.19050114,1.0,0.17810415,0.8408339,0.47151473,0.19761583,0.22802113,0.21259938,0.5416005,0.0,0.49829245,0.548299,0.9634168,0.49085122,0.04154648,0.026490904,0.0003347504,2.3348368e-05,3.1259933e-05,0.004410523,0.004331005,0.0002723659,0.9905968,/content/data/frame306.jpg,0
599.1815321180555,214.26661491394043,143.41351996527771,196.59829902648926,0.9989604949951172,598.5962993086848,597.9148923071256,598.6257236380167,600.8609496708408,606.6076266528963,617.4636222231576,632.3281395276209,648.7444966641362,667.8656140865879,686.9726626720042,703.3904259891326,717.8782767236331,729.3221401610615,736.6487348865635,741.0460163440024,744.2208487471355,745.8500074202059,609.316352368162,617.3472115610913,629.5953189075476,642.3730360583648,654.2412637121569,690.7214558160396,702.6340273754699,715.2347556034028,727.2184799018627,734.7514175705501,672.037913676813,671.6679616192782,671.177331141516,670.7914259649241,655.5441181739271,662.6503784591421,670.301442330244,677.9656680518857,684.9728769747047,625.4904175541146,634.3797148569057,644.65880373788,652.762214819549,644.0192095168552,633.8502175469938,690.9718262742252,699.9428507942573,710.0391572882208,718.3049400452994,710.0339403581457,699.9406149670823,645.9537835882161,654.9720698386589,663.9655791866965,669.8810576050157,676.3803962757543,685.0812231909541,693.0356634984573,685.0127281332836,676.4118525360723,668.8442736079778,661.6607858834842,653.5373507898829,649.655645454285,663.493200933294,669.7004266743431,676.3977626063277,689.5255413899056,676.12656661326,669.1999037159669,662.5491053313772,289.92297782627475,310.9872892072464,331.40850497746635,352.0123414239265,371.2404129438205,388.2588263098903,402.17995813364666,413.0696598532071,417.1744838667063,414.54901810555,405.2272780787721,392.6518470400712,376.9894136393393,358.42747799954486,338.6036499392436,318.8273367218634,298.8148554704911,286.48040160347944,277.6267158247184,274.7171101779497,275.8818495798884,279.15300535502786,279.57954212043904,275.87573972512394,274.8232065052179,278.23357416106717,288.037732570826,298.184471732483,309.2845943190072,319.51681520014256,329.9961090459255,342.03842889053857,343.8221689984213,345.20552730029897,343.8407024589037,342.13815521962886,301.98421080013577,296.5031296968557,296.3419181204519,302.7765162357574,305.8811099172597,306.05641845431114,302.6853535466017,295.83285261485025,296.28537559799395,302.18936552070306,306.12662202142667,305.84317819521783,366.78606867709675,361.9282068216004,358.56235884396597,360.3361713167193,358.70720950893485,362.34557528941326,367.68871007453544,375.54850036496214,379.5656208936142,380.178856259044,379.1260910193368,374.65799430621564,366.7914402870392,364.9191811095536,365.8257879363217,365.0865587879465,367.6855883535741,369.84816758046725,370.6534028468275,369.6553239711688,-0.5584721948741115,0.9727527704076256,-4.619065337863286,0.56447875,0.49503112,0.3614621,0.6637789,0.17682712,1.0,0.14121391,0.29060632,0.46536738,0.18029627,0.2964603,0.13948981,0.50215,0.0,0.47330442,0.5697397,0.61767834,0.503994,0.018517584,0.017750777,0.0005169705,3.4485543e-05,5.4282824e-05,0.0026257434,0.006896925,0.00033299072,0.98953867,/content/data/frame307.jpg,0
598.2613389756945,213.50778579711914,142.8157009548611,198.10042190551758,0.9988470077514648,598.660038281595,598.1734982433227,599.1055725209795,601.3714298367697,606.9491749096405,617.6590280889615,632.3829083158389,648.7411756841167,667.8518049833411,686.8531752240915,703.1342768768395,717.3199453663796,728.4217057300261,735.4568923960902,739.7956289772377,743.0855721140599,744.8438055530343,609.5988452277885,617.84893141294,630.0674480109483,642.7384382367327,654.5136841324581,690.5325742656237,702.2306190227035,714.5099712798427,726.1624477407156,733.5711782478576,671.9121725510297,671.5086040769721,671.0016001046832,670.608474365173,656.1371467849358,662.9270921354675,670.2159012262698,677.5498747897587,684.1887618051339,626.03636827543,634.8262885766242,644.9810615308484,652.8968172641487,644.2617243176358,634.2318036774751,690.5306189096298,699.4816435416304,709.4918760140113,717.5695791482751,709.4116497412735,699.4370245849277,645.7515638925695,654.7551989362048,663.6938042237947,669.5919726332407,676.0836836869547,684.6728966138413,692.4335770306496,684.555036822843,676.0879911378399,668.6114395331249,661.4764446958909,653.3692270215154,649.4403217213047,663.2309374538332,669.4225013624745,676.1081681446183,688.9508896359591,675.8894091504824,669.0175726407688,662.4234887822986,290.5895064267903,311.6995722453164,332.1780084854314,352.8458237874106,372.1126123504715,389.1342554935695,402.90898750095874,413.557289474209,417.5060458885323,414.9846710113068,405.70863220691876,393.10511593217234,377.4042024090233,358.8577783295342,339.1244815002043,319.5141170520598,299.76560245216825,285.65457046768745,276.9331868110063,274.2071300858769,275.5428365991999,278.9339056471011,279.30467231589773,275.66486214862005,274.66664582908055,277.99769394951494,287.5852578037812,297.8836714927065,309.0214996728938,319.33683144194083,329.85925383076835,342.1943479029817,343.90511436674035,345.26847924890546,343.9594392571812,342.30389034638245,301.94217580450237,296.4596551516128,296.3377358715402,302.65150244518065,305.7475748690511,305.8810704233778,302.5685840156397,295.83851790011136,296.32303527846966,302.3212527362733,306.14667294589066,305.7715279799771,366.92220487998395,361.91551585745054,358.4946205460184,360.27680001129545,358.6878323890157,362.42366753869237,368.02543656872075,375.61702119979066,379.3759238824975,379.93580748210127,378.8915623658488,374.6043309951219,367.0100258687561,365.0950663960921,365.9603964388972,365.28785316169945,368.04331815759303,369.6061151818957,370.33716327720254,369.39367567162446,-0.5722836460016137,0.7646600562664383,-4.8855699497105745,0.58802134,0.5474018,0.5113903,0.64556324,0.1960835,0.0,0.16843194,0.58002144,0.46588564,0.16850917,0.20625603,0.17338713,0.4897964,0.0,0.519559,0.548299,0.8560598,0.49902403,0.03586888,0.031958953,0.00041341298,2.7771093e-05,5.5278208e-05,0.004327877,0.007748094,0.00031351575,0.9871141,/content/data/frame308.jpg,0
598.3875868055555,213.77286529541016,142.65494791666663,198.2208251953125,0.9988242983818054,597.3701350841984,596.9486025472506,597.9970303533955,600.4609861603567,606.3795720748531,617.487470320244,632.5259741857881,649.0434909569158,668.199067634283,687.1036536870961,703.247399581247,717.434615215112,728.609503840722,735.6620667580282,739.8764776556491,743.0093873482983,744.5928839802364,608.0380624879908,616.3646477474103,629.07876973151,642.3369670258544,654.6138367726744,689.7448469000083,701.7466874636157,714.4206010417256,726.5144559053588,734.00819123775,671.7414622288343,671.4785196697776,671.1099095332029,670.8502987708343,655.8507698376125,662.86707997138,670.3364790100895,677.7104256181483,684.4420301804494,625.2823079171649,634.1513876556346,644.449914507255,652.4998897522673,643.8152426828092,633.6518520870741,690.1775693115778,699.1774043477344,709.296184312494,717.4583773055347,709.2612217140559,699.1864781770128,645.7548162246312,654.9087220463625,663.9012058630178,669.7685848979891,676.2306116635737,684.7165985832689,692.4926434290828,684.5906566684571,676.2354037796613,668.818966130435,661.7509351697809,653.6129225139812,649.5139760939273,663.412714846032,669.584067161828,676.2423651080608,689.0033165579516,676.0182273470273,669.189943969337,662.6369024427331,291.0728251587934,312.37836770544527,332.9557567192969,353.6648580362671,372.8893958161498,389.771099232079,403.4156573415239,413.9915031004639,417.75891448326,415.07503173916484,405.746667371699,393.18552447808906,377.5130931256572,358.90194620499096,339.03427241928875,319.2828287154989,299.327443609749,286.7592188759445,277.4689929471642,274.44867671578686,275.78296913330996,279.31543922708806,279.59416883130325,275.67596883711667,274.4651655649286,277.8407363904116,287.8615402657524,297.8446097713677,309.0231350176182,319.32890675480303,329.88371257210383,342.51435532684263,344.13660004537087,345.4374752510048,344.06393852185283,342.4319536147086,302.184253690888,296.58965664859716,296.33995620914357,302.699058812781,305.8708441927447,306.10848636375886,302.4542001119189,295.58259628835367,296.0635943072557,302.08084748176043,305.9864929824689,305.6437999707705,368.0041879112687,363.108233189836,359.64022981750895,361.40348751416605,359.68898747202184,363.31273461719684,368.6670878514851,375.8884381712269,379.55040882223693,380.1655152023013,379.2402398173581,375.21059476841765,368.01287893837434,366.14880249171983,366.9626540886966,366.19472457458323,368.64494203690265,369.8758636899438,370.70562284387415,369.8185426090495,-0.9753179349356671,0.5629365002137523,-4.793231174245578,0.5122378,0.4807808,0.2998233,0.65557677,0.17283003,0.0,0.13202089,0.4500244,0.4646834,0.16311689,0.19999062,0.3306389,0.5439427,0.0,0.46288022,0.568724,0.95534194,0.3894654,0.053745456,0.048509087,0.0002804885,2.2746959e-05,4.298281e-05,0.0046827598,0.0062651727,0.0002675993,0.9884383,/content/data/frame309.jpg,0
