FaceRectX,FaceRectY,FaceRectWidth,FaceRectHeight,FaceScore,x_0,x_1,x_2,x_3,x_4,x_5,x_6,x_7,x_8,x_9,x_10,x_11,x_12,x_13,x_14,x_15,x_16,x_17,x_18,x_19,x_20,x_21,x_22,x_23,x_24,x_25,x_26,x_27,x_28,x_29,x_30,x_31,x_32,x_33,x_34,x_35,x_36,x_37,x_38,x_39,x_40,x_41,x_42,x_43,x_44,x_45,x_46,x_47,x_48,x_49,x_50,x_51,x_52,x_53,x_54,x_55,x_56,x_57,x_58,x_59,x_60,x_61,x_62,x_63,x_64,x_65,x_66,x_67,y_0,y_1,y_2,y_3,y_4,y_5,y_6,y_7,y_8,y_9,y_10,y_11,y_12,y_13,y_14,y_15,y_16,y_17,y_18,y_19,y_20,y_21,y_22,y_23,y_24,y_25,y_26,y_27,y_28,y_29,y_30,y_31,y_32,y_33,y_34,y_35,y_36,y_37,y_38,y_39,y_40,y_41,y_42,y_43,y_44,y_45,y_46,y_47,y_48,y_49,y_50,y_51,y_52,y_53,y_54,y_55,y_56,y_57,y_58,y_59,y_60,y_61,y_62,y_63,y_64,y_65,y_66,y_67,Pitch,Roll,Yaw,AU01,AU02,AU04,AU05,AU06,AU07,AU09,AU10,AU11,AU12,AU14,AU15,AU17,AU20,AU23,AU24,AU25,AU26,AU28,AU43,anger,disgust,fear,happiness,sadness,surprise,neutral,input,frame
,,,,,,,,,,,,,,,,,,,,,,,,,,,,,,,,,,,,,,,,,,,,,,,,,,,,,,,,,,,,,,,,,,,,,,,,,,,,,,,,,,,,,,,,,,,,,,,,,,,,,,,,,,,,,,,,,,,,,,,,,,,,,,,,,,,,,,,,,,,,,,,,,,,,,,,,,,,,,,,,,,,,,,,,,,,/content/data/frame0.jpg,0
,,,,,,,,,,,,,,,,,,,,,,,,,,,,,,,,,,,,,,,,,,,,,,,,,,,,,,,,,,,,,,,,,,,,,,,,,,,,,,,,,,,,,,,,,,,,,,,,,,,,,,,,,,,,,,,,,,,,,,,,,,,,,,,,,,,,,,,,,,,,,,,,,,,,,,,,,,,,,,,,,,,,,,,,,,,/content/data/frame1.jpg,0
,,,,,,,,,,,,,,,,,,,,,,,,,,,,,,,,,,,,,,,,,,,,,,,,,,,,,,,,,,,,,,,,,,,,,,,,,,,,,,,,,,,,,,,,,,,,,,,,,,,,,,,,,,,,,,,,,,,,,,,,,,,,,,,,,,,,,,,,,,,,,,,,,,,,,,,,,,,,,,,,,,,,,,,,,,,/content/data/frame2.jpg,0
,,,,,,,,,,,,,,,,,,,,,,,,,,,,,,,,,,,,,,,,,,,,,,,,,,,,,,,,,,,,,,,,,,,,,,,,,,,,,,,,,,,,,,,,,,,,,,,,,,,,,,,,,,,,,,,,,,,,,,,,,,,,,,,,,,,,,,,,,,,,,,,,,,,,,,,,,,,,,,,,,,,,,,,,,,,/content/data/frame3.jpg,0
429.5779351128472,328.2959289550781,181.813720703125,250.3011703491211,0.9054102897644043,423.488826608085,423.5004724671819,425.36071719069923,431.24805254715284,441.7825332566463,458.70763662610216,481.92112794626155,507.8156911725205,535.9259395143727,561.4258235911757,579.9745530704377,593.4369334483199,603.6611742004106,610.4662408498643,614.6781211002235,615.644252977495,614.0513930611678,451.93437454034665,465.44673991223135,484.06663355738146,502.88940325985095,518.9120644426384,561.0420204746197,573.1198057768734,586.8391648810848,599.908575839786,609.3083685407282,540.4471645753938,541.8052275016271,543.4115504249348,545.3316043779341,514.7515835181321,526.856778213587,540.6244036300586,553.0302065039859,563.3629390410533,467.8953243068281,481.3842905429101,494.20932644139157,507.11061093924855,494.4342857688048,481.7155843516548,564.5788884707281,576.3700298836648,587.0294551752295,596.5388317401721,587.2759248788225,576.2636864508659,495.55561818798424,513.8146423760759,531.453822203548,542.0201522340767,552.1689858247282,565.9067849517987,578.4899880068042,566.9405541167998,553.4287258329596,541.686352014458,529.4000154245487,512.6382315779392,501.52505640349773,530.6799499432509,542.0044334573095,553.020055539946,574.9994886118657,552.1715459444067,541.1341538930355,529.8335886998893,406.7621966087886,432.6305409870115,457.96692651161993,483.63309304698123,507.9071094682222,528.9753905756861,545.0176375691608,554.8656660490569,558.5314888846351,554.9026177065143,543.0999289006222,525.5734390963407,505.298150583556,483.37684834097945,459.782695869324,435.86894915682524,412.8510742539179,394.69043564410003,386.24877220856706,383.6704900027057,386.0270354094205,391.1655626143174,390.99682745368955,384.26004259761885,381.101759012568,381.9671779300397,389.4439895481405,408.39690463524494,422.9771621658874,437.06891126571054,452.5399293180549,465.59690668852727,470.17885850443963,472.85928590488584,470.11791691433064,465.4394324738978,418.06171448024816,414.8062716679583,413.87673338944796,417.1474295021999,422.0082374307849,422.6785501646468,414.9788022507669,411.7291778922918,411.8568347689875,415.9665787762292,419.7127320803206,419.3893871746336,496.04466066591885,491.340002134787,489.21696470685947,491.4470437820437,488.8763076632067,490.7856735641217,496.4770881534314,506.64785283923084,512.230471293672,513.1036511333859,512.3010983715158,506.9971211945294,496.94111432089176,497.96421333674334,499.0490595747706,497.34398406302535,497.0656650383971,500.64829293589173,501.8603395257769,500.589642921439,,,,0.30050236,0.4292398,0.3076821,0.3542259,0.75649583,1.0,0.48384887,0.9361078,0.4725707,0.7173013,0.5966189,0.6120181,0.7054498,0.0,0.5311401,0.58454114,0.343052,0.18742886,0.022555493,0.2983724,0.01046038,0.0019721624,0.13463569,0.0267997,0.47519985,0.06483967,0.28609258,/content/data/frame4.jpg,0
614.6335177951388,42.42586040496826,255.47694227430554,304.5755624771118,0.6441448330879211,651.1712124933715,649.4548749572124,652.5236325759187,664.0382269780409,681.0298716430245,701.3789897610584,725.2406138708216,752.1708757821108,783.0194862593322,808.8450773392685,823.5125519130526,832.0828569617311,840.5050679757102,846.6529092755599,848.9028580698749,844.1741968068732,835.1474100866602,694.6206145733788,704.7237952704228,718.9843380229113,734.0675237495566,747.6294343093718,785.5872337853617,794.4275631882766,804.8610036037735,816.0779612378639,826.3699302409839,769.3250796831825,772.7965755218781,775.9380294915394,779.2853293767456,750.2836898394895,762.5377196303708,776.2578324379041,787.8445458900222,797.331844496012,710.0280582669973,720.715129867988,730.7662881238932,742.6039096437739,733.9544925787654,723.9303040808713,791.6309430631662,799.787486711279,807.8310972208391,817.0674768665953,810.4637420886411,802.1326357014806,735.243649190179,751.4716227185949,768.5613214068474,778.1248455243718,786.2593863812157,798.5523240782419,810.579420129867,800.5587607925526,789.0575750221393,778.9205405254597,767.5857263559584,751.3534394090561,740.4629726984786,768.0968010917701,778.1805714056253,787.1657924567876,807.7547845695369,785.766088157954,776.9970390847737,766.9724802428681,172.4655397892074,198.10784326088492,223.27814328995953,249.2379078267528,273.24850826136026,296.13446107293794,315.3607832879994,328.13590888794363,330.938214882877,319.5131239143474,298.29631156240976,271.37792244442903,245.10456366969845,219.0860887146182,192.9010134167366,167.2253027367314,144.1313146229528,166.36809795232875,158.435449044084,153.5107886592537,150.9264192225923,150.17488229863528,138.69590627643856,131.0893561627533,124.97928995207229,121.09732223903035,124.68999681676917,159.0092970898378,171.11819559811136,182.25399343133785,195.16659290682935,214.60494796092132,216.72817374849228,216.42967647525734,212.48475028026758,206.2158064886712,187.65989407411564,183.77238209337276,178.8917381835513,175.25463321690847,184.8585466166237,189.4948288337086,160.87677855255532,158.36425585411672,156.1941161942708,155.49438386203417,161.38265757973568,163.26354767416217,250.15019583662433,241.86015406485194,237.22854471779397,237.58024081902772,234.34373914807293,234.77525527624675,238.24287339529303,252.01326584861715,259.99674991866993,262.56203574627034,263.65346133297817,260.50671362244725,250.1145992416407,245.1331672983481,244.5116429073546,241.607688373747,239.43098055393318,247.88626110964128,250.72300909764022,251.60200971636425,22.178541988482575,-4.267703810001611,-1.1767516648006648,0.2599777,0.4937504,0.5790095,0.33217403,0.62139726,1.0,0.6766043,0.82129437,0.46552444,0.5194752,0.42521563,0.56117976,0.47669664,0.0,0.44262895,0.57512283,0.8552226,0.52010864,0.07729134,0.6776022,0.014147852,0.0035491642,0.078559734,0.12907211,0.4671045,0.024127688,0.28343892,/content/data/frame4.jpg,0
664.1026475694445,76.32612419128418,215.6660156249999,277.5491008758545,0.9929068088531494,655.9285240318508,659.4705472498838,666.063195665116,677.1473171804342,692.6705922222914,712.4548850998002,736.7795859090377,765.6332004238291,796.4221230115427,823.4761963149141,842.074767451343,856.2361503952421,867.2846626390558,873.653774162603,875.9259384995119,873.4793160285362,868.5660802648956,682.0852982859176,694.295546262563,712.1459504750451,731.9603089925225,750.107835973846,788.4393531553118,802.2881288806003,817.60367903621,832.9177601542775,846.1859682725126,773.50210001868,776.388619826113,779.0957383866682,782.1927474516697,757.3069834865304,770.5216511419095,785.1761244775952,798.1030195895705,808.8618336596885,703.3322016663899,715.6887032488846,728.9952552321573,743.7797383903286,731.3227268473445,718.3231044511004,801.3702583427402,811.1380676276264,822.9044627849727,835.8281418958421,826.1772402067137,814.393454821165,739.5293561879638,754.7147873358651,774.5141279222523,787.1506697491956,799.081815481715,817.6425291236438,831.9563346384767,823.6638162312848,809.1990174793432,794.4640349307867,779.1343899555153,757.4659770226866,745.1145475900843,775.3925329650596,788.5158622186589,801.260715786552,827.7337648901205,805.8493935126576,792.1879994814357,778.0003128247874,195.22528717293068,224.64807432789388,253.62057169838153,281.9576507762871,307.77195565332613,330.6688710826871,349.18577167251243,361.5769643780479,362.978783526773,352.2427990941353,331.6264651897629,306.44660586423066,279.48412903680196,251.64034879519903,222.81735577241935,194.5784441356791,167.69237711230403,175.09434113917746,162.6626605678672,155.5891951724766,154.4631580445135,157.66770462797643,149.79845762559864,141.8953532782446,137.1619753542314,135.9721939080516,141.13454072031965,173.73765519115796,188.2715880409476,202.28011167302216,217.4790718626129,237.25916607201128,239.5296827046498,240.33398075901007,235.16834846413076,228.50558824701073,193.33237274421631,186.5681298255317,183.50951425521458,185.55480162521593,191.44494735442657,194.3252436041639,175.56912811726232,169.02871490517802,166.48961255054846,168.62711180411154,173.62490655979332,176.1057635610601,280.28328545976456,265.87307931918883,257.90543657927094,258.1310331012936,254.08464859870932,255.91800745138812,265.8124715946433,289.5120373740942,304.1089899492588,308.76049880808176,309.4580137146103,300.6529004644803,280.43884462436944,268.20061048995206,267.0062035607001,263.68022315770065,267.7544598180109,290.5622801056227,294.8188163841778,295.12648048997755,13.777693084365184,-4.156690413141405,5.291133087124747,0.35915935,0.44263175,0.7696345,0.32853207,0.88144016,1.0,0.70475906,0.9568578,0.51868886,0.84170663,0.59281766,0.07158311,0.326906,1.0,0.18158953,0.325484,0.9976579,0.42380783,0.0556596,0.6506448,0.0056894096,0.004283094,0.11025631,0.27438328,0.5646752,0.0163402,0.024372587,/content/data/frame5.jpg,0
453.8877766927083,345.8586730957031,161.54223632812494,221.38790130615234,0.8765220642089844,436.12977618141304,435.3595153445583,436.71601572548207,441.6810554900171,452.70642294474214,470.90276586507025,493.9712175001723,519.269832228229,545.5644936258614,569.4106603754199,586.6942125540754,599.9266914509453,609.5084982629214,614.9700016249235,617.7977499654025,618.277135626824,616.9030149646442,456.8924966379848,469.1056317735711,485.1356301932001,501.8092063176964,516.6189834357638,557.5996326468403,569.8802284009134,584.0073472891618,597.7318955996761,608.3501914072922,539.4308147356278,540.6473306713715,542.0313956486525,543.6109740949687,517.1549155131506,528.7907301102105,541.8581460443183,553.7116429657344,563.7068514247585,472.00396416590274,484.1098455877009,496.3758257321588,509.2069375034407,497.031627977246,484.85702310395254,562.3726188672599,572.6702105128634,583.6268347224723,594.6757763795968,584.505307284363,573.6553627735384,500.13942438256845,517.5530285674754,534.0502435304443,544.0320556668958,553.9005849526566,567.2247954058657,579.2251134890939,568.1925292802171,555.7983023077268,544.4688296214108,532.8437906715267,516.8716212944923,505.3980193787961,533.7402833458141,544.4072318734115,554.9123556746135,575.109481333634,554.5157706878163,543.8235575826011,533.0784717574452,419.1352119537337,443.3478694689911,467.48072702254103,491.7358933178766,513.3029592263592,530.3061387247899,542.3821476140429,550.8375390522588,553.3705682961408,549.0530253733959,537.3597301014679,521.5511668767031,502.68659527613545,482.11660530551126,460.6563616098829,439.4230557357073,418.5474760119305,403.0354687317749,395.14689533687715,392.0364149165712,393.5740308867439,398.4488354926739,399.4722131938811,394.4817900900034,392.5037581390843,394.4045632990028,401.43902612051806,417.96673117700175,431.0500215950092,443.4771218129613,456.5651389476211,467.78968169123345,471.5281899478887,474.2798516099265,471.3708702495924,467.0133600476829,423.6226554001696,420.1321137077289,419.3566313137012,423.10983435445496,426.5419373607797,427.16428046922874,423.2433225332811,419.6725216671298,419.85772661844067,423.40407048670386,426.2136324483713,426.24047259820645,495.85540502301774,489.975068644414,486.8562907382593,488.5053843809037,486.11923963842037,487.74459677097457,491.731016169706,500.5283146965594,505.5608348732021,507.12278907953805,506.8212293075849,503.32160630191083,496.4040050177309,495.5684291908865,496.1389921872642,494.4394485638677,492.6972140590815,495.7430089265399,497.4143030942987,496.92008013470877,16.364287655881615,1.2250005072273105,1.2809642524950169,0.20520273,0.42929128,0.3431194,0.3037829,0.64288867,1.0,0.5072586,0.8418059,0.47197384,0.4565494,0.6794752,0.41842586,0.6147973,0.0,0.5963238,0.58429104,0.026409071,0.19354291,0.052772623,0.7877371,0.0036041732,0.0005142146,0.18065758,0.0052632354,0.53884405,0.026637433,0.2444793,/content/data/frame5.jpg,0
664.9129231770833,82.96955680847168,216.2336154513889,282.4007320404053,0.9966238737106323,661.2011368129165,666.4879447459568,674.0393141322033,685.0968546307062,699.9424920306394,719.7875730275117,744.1127340637992,772.5143915299303,802.3580769364394,829.1478440280848,847.5504527093428,861.2583582114494,870.2687932886142,874.6015528377309,875.0038336199048,871.4019905391424,866.2652147952863,686.3289152718926,695.903535208833,712.6577945473474,732.2988265152219,750.8006722663142,785.6297731515047,800.0578695196691,815.4965357719941,830.0286765420956,841.1713653955519,773.8773206782319,776.5645183292695,778.9744662305523,781.7870786926221,760.7991251843931,772.4701660944729,785.1886297350216,796.5368017375567,806.3278829118021,710.4088114760076,720.8561742777691,733.3576919080276,746.7203582492125,735.7814255410755,723.8024123933071,799.92191089621,809.0878975049836,820.3524259687067,831.4682705181106,822.7476488905656,811.4978454062664,749.06022615583,759.3511284766356,776.0060194526322,787.4165655792563,798.062220730817,815.0085309669469,826.8125511665146,821.4976819472404,809.4999949401067,796.7924588905983,783.4218543917816,764.7469446849921,754.5928998375556,777.7989119404469,789.1845124572103,800.2267523083694,821.959468613341,805.863894568394,794.1598991947615,781.6846300017612,213.17815283557638,242.45741099581733,271.22632439594554,298.7448062786377,323.96512083087214,345.18971425191285,361.03734711383186,370.60739200572493,370.4795129320182,359.6395042111626,339.58783922655766,315.7659331454752,289.62273202276856,262.8807352690344,235.6379276238954,208.3368664250413,182.74611461609481,177.7803021450003,161.37592770851518,151.2660174016014,148.1536637431533,150.91705154835643,147.55729197705148,140.64380304375993,137.9617258073779,139.91290677428003,148.68683323131665,174.59714133240925,188.01287011659326,200.8341157294301,214.94661478482715,238.420261973268,240.19057211952463,241.1240630990469,237.24141526663857,232.25552511440924,195.75777501772222,187.10124441858852,183.7629158530019,186.8716741118102,192.8872018856158,195.78858840059058,180.78385456659464,174.47141343882413,173.23521202838958,177.8427974623354,181.633924194923,183.04366423460272,291.0667697511474,271.7159047131945,260.4859163246631,260.3429284929193,257.10434196902656,262.67864553085155,278.6852233352754,297.389764790782,308.78936312749147,312.7289515867801,313.6443645737313,307.6451574904256,290.04401994573504,270.4155415782884,269.06290375648405,266.77097787821003,279.29745121776637,297.31985648654904,300.8139183736139,301.4097649689818,11.033382118230117,-4.482392857353835,2.096816912555833,0.59913915,0.5430725,0.4567858,0.43259108,0.3074573,1.0,0.38379923,0.14548214,0.47175235,0.31482244,0.21409173,0.1111162,0.26940492,1.0,0.34070593,0.325484,0.99978703,0.4274596,0.09267844,0.5472887,0.027658552,0.013022222,0.23689099,0.17903359,0.4551486,0.029023886,0.05922219,/content/data/frame6.jpg,0
451.2547200520833,353.1211166381836,166.3016493055555,210.3988265991211,0.9457592964172363,434.9265075710895,433.2575886798883,433.29127187311667,436.8856613667929,446.10868250146814,462.60020791643706,484.90371508749377,509.1574727506936,533.9706731518654,557.6334681627777,577.4766424851732,594.3590667563494,606.9802905606548,614.4565373366131,618.0179791518913,619.090107705525,618.7327415535783,458.9743304873509,471.6213481007453,487.7269633687911,504.01881625899614,518.117804105319,558.1288026004468,570.8975657888295,585.1189387882541,598.3147445206969,608.6597624907263,538.3767042013924,538.5028139564483,538.6309252147767,538.8509701835628,515.1973926219312,525.2108532979996,536.338692305425,546.953145723488,556.4016858631549,472.9366292041782,485.30701799687586,497.0010265991359,509.4653280322186,497.72059712334567,485.9842634988786,562.5415003112494,573.3242154442623,584.2550418194305,595.400239729297,585.0640404127835,574.0022886355882,496.0434728211726,512.2096147520865,527.1651707544988,535.8247724802268,544.5146826840792,557.2637167687772,569.823601269788,557.1520991013249,544.8110105106671,534.7251646410641,524.6387995845221,510.60475525227366,500.77364958299404,526.4378726217901,535.7340125837181,544.9693098559455,565.5652299955127,544.0883323892713,534.7137425284045,525.4093256732449,428.4298317279804,450.93872248013076,473.1038287096826,495.63371267284765,516.2639894437743,532.913185912581,544.7824012956571,553.7951705311289,558.1958140756069,556.5287574853828,549.2090944804695,537.6853114741898,521.5879129037885,501.72300797443586,479.949677199329,458.24904764458915,436.73135247916434,406.7211510134607,399.95885399876306,397.67843447338737,400.0219690718782,405.7857492115645,407.6658530335699,402.9974745663949,401.85685095904546,404.47517841282524,411.2939765105011,427.7544071424886,440.43594692510715,452.47077541729914,465.12752214246484,477.4819741534675,481.19527438620025,483.79932043693134,482.6849044833325,480.10179144802896,431.210070262267,429.6074981947654,429.5501995202576,433.06575724923914,435.968237972108,435.82281295802886,435.6189154554927,433.4834845261894,434.0072237565396,437.3536318856609,440.0575424154554,439.6174073311927,502.05837263928333,498.28973761307316,496.6620338879411,499.2606773847265,498.1295571556966,501.95286482392567,507.1486920745083,513.0373554841626,516.0123267428435,516.1422589176827,514.7691524283546,509.9982608762821,502.6374993342497,504.17004888501197,505.870453830511,505.4381291236796,507.48091151992776,507.00896306786217,507.2261186484657,505.8356758300415,22.870488185496473,7.426308316848774,-0.7903632028035269,0.26332998,0.4100499,0.3517074,0.30301893,0.6436104,1.0,0.5875322,0.432904,0.5100696,0.4113499,0.4495795,0.3033205,0.68230367,0.0,0.48701638,0.58429104,0.027301835,0.10256903,0.016012557,0.7098698,0.001530476,0.00035406675,0.49484843,0.013794698,0.3425465,0.010544687,0.1363811,/content/data/frame6.jpg,0
664.2486436631945,75.6000566482544,218.84944661458326,283.56632137298584,0.9959238767623901,662.8670788214437,667.1218777903165,673.6254604023684,683.4735951625885,697.4776428119036,715.6674790954706,737.7826191558217,764.2118026192638,792.8049899466888,818.4127830996315,835.9610007408584,849.1472784601972,858.884154971905,864.550851639174,866.583294728574,864.2407564133052,860.0988788369384,694.5182606151292,704.7996545268562,721.2239620497845,740.4138650708436,758.452334968731,792.9853396587971,805.4177263750921,818.7682902694283,831.2003119053345,840.9195834294007,780.3615088430205,782.9599279464086,785.2579670187212,787.9388942899968,760.860891987656,773.446967406549,787.3760214593144,799.6486652232293,809.9507673059036,715.7745389195106,727.7651175185257,740.2699828331359,753.177105889564,741.9515228220879,729.9786100574461,802.3562230806497,811.3219483998172,821.9934509893097,832.4421125658768,823.9424934920938,813.312143575326,743.7463797073004,756.5529231165912,776.1398612016826,788.0447270382854,799.5648995562244,816.0545057631532,825.6846368256004,820.9058156640954,808.0803996269237,794.1314892574519,779.674934607238,759.5903006820017,749.1033563702115,776.3141465228866,788.5945381039434,800.4235889131214,821.9675505639428,805.7872485753734,792.9979754967012,779.459537177797,207.31974897127168,236.49726774334798,264.90691090526195,292.5980150151225,317.88865472134484,339.11424599081636,355.74339403527375,366.4187908155811,367.8231536603954,358.47370857026783,339.44393386422166,316.3450339904154,291.40373565186655,266.2947842858451,239.971251030497,213.8405309260888,189.15083382221192,177.81403307071133,162.92135947261085,153.25752946204534,149.86193704728703,152.14632616950416,151.38758771018587,146.19821336913793,144.38067079420512,145.52770267046637,152.71485774621436,176.68241569975848,190.08652471779752,202.693855928221,216.47639105158126,236.78158423731264,239.29262743429473,240.81570225222754,236.72142710212222,231.4319598877888,194.2553472550884,187.02562989066976,183.9415220354822,186.8209516270912,192.3084749523937,194.85983925010356,183.00806218671755,177.54261608382055,176.64491383092263,180.8714494930228,184.05772915148808,185.0790516805106,286.78948461677254,268.0404770120213,257.9837292329203,258.35598953611816,255.3862836772359,261.1374356077997,277.4921851755238,299.84084485017513,312.82365109944305,316.6304862900344,316.570673952989,307.3247697175975,286.53121052388155,267.7657337371429,266.99332504548534,264.884296203395,278.345580866782,301.0941861074548,304.3192251338732,303.95968179755477,11.7062104906739,-3.0968284952905494,3.2746738876457058,0.62971884,0.52970374,0.637053,0.41329247,0.60004485,1.0,0.47490457,0.9034519,0.4990175,0.6782353,0.2913546,0.102665216,0.2861505,1.0,0.34347284,0.3282158,0.9994425,0.43088487,0.063489154,0.5563207,0.031970136,0.021702513,0.19572742,0.24188119,0.4732683,0.022219284,0.013231184,/content/data/frame7.jpg,0
448.7568630642361,358.29845809936523,160.49818250868054,188.95100784301758,0.9128748774528503,441.2656489137411,438.0007955926139,437.23703035825497,440.5013380181515,448.9259014305317,463.41980909925,482.8324118412714,503.61415801069813,525.273793700672,547.1196975246864,567.2346017470235,586.1206701204479,601.0831402977257,610.9886857282038,616.7380562660937,619.9443008408554,621.8261462091275,460.3118038182552,472.3715184262504,487.50572491742525,502.63077173308073,515.5686394007932,558.3668330244509,571.2229224604146,585.5905103989065,598.8799798642029,608.9729624614512,536.467241541269,535.9340139534895,535.3434564600615,534.7544531719965,511.3831035416749,521.0927920667646,531.7420653078954,542.4377957745486,552.1646075882891,471.66333799521396,484.43260141070647,495.86049775159506,507.7337752901841,495.62047438424077,484.02370349454725,561.1523474500511,572.495586900562,583.2559587954842,594.679138460967,583.0236388807983,572.1071707081204,490.2457754574523,505.87570926396484,521.1996470641737,529.5225249013303,538.5690542702989,552.5195610635252,565.4719706875031,551.3868697098467,537.534588695558,527.0189973878836,516.8811050130612,503.45220305446554,494.2424348204862,519.6431103931933,528.7352928553446,538.2708630778832,561.9440461471015,537.939492979676,528.1540200496065,518.7374614133812,428.7026789051677,449.9243260090369,471.03763824169494,492.4539799756377,511.6124667621117,527.2580439834729,538.7537036781855,547.6936956482323,552.7129005066149,552.2396382161862,548.1606870578922,540.3107066107748,527.5433014843032,510.1537166381184,490.11630644666025,469.91702914535955,449.3295924333729,405.8939313439852,399.53081862310097,398.42208230425547,402.2496576386312,409.193766111254,415.78846218863026,413.31812709580424,413.4530929380387,417.30173113378953,424.8107189242787,429.9132900068463,440.7695023133447,450.98830121342985,461.4965742410692,474.7138474885499,478.1052587387688,480.50074870724745,480.50776290362455,479.2208943779427,428.03675596646656,425.81405984727326,426.77872132897454,432.3798747345574,433.36884939406673,432.38577395752196,438.6814679527278,436.4137809669848,438.19194056530534,443.0765174521846,443.9289180047796,442.5440466948427,498.762269791698,495.12326686974876,493.84016898142573,496.6507399004423,496.1121469254534,500.75550438259035,506.5540283544368,512.29745236746,515.1914232977346,515.0590590601294,513.0880833930001,507.32445471025886,499.6180152645305,501.1721260236619,503.1098957553413,503.1218023199043,506.48867064021806,506.8662209099483,506.7010696965998,504.74669023978083,22.051991018168096,5.641701948198503,-2.2408108375779285,0.1933605,0.41451308,0.21464513,0.26696447,0.7041983,1.0,0.6039557,0.11678574,0.48124132,0.38302097,0.5057034,0.35666546,0.6247414,0.0,0.41711542,0.46985558,0.008652697,0.08852226,0.11181319,0.76385385,0.0015561954,0.0005517994,0.28534642,0.013036707,0.5018165,0.007826319,0.18986596,/content/data/frame7.jpg,0
662.4597439236111,82.01024436950684,223.53656684027771,293.4877223968506,0.9944536089897156,661.7314509873901,666.1805692643297,673.5025834473311,685.0283733363343,700.8693533223772,720.2285667675433,743.1207762098443,769.6547825515408,798.0756018389988,823.4814207041202,840.6416299979647,854.2491739052439,865.0920875158397,872.1254791239992,874.4031398411648,871.468517318646,866.6797871958651,692.3580180668895,702.8890133663357,717.8609348624384,735.343652869746,751.780901894663,793.7738203038575,805.5240868373376,818.3645875324617,830.6830202285083,841.5865793738584,777.3807171978011,779.6892779589814,781.7448656016701,784.1880682665932,760.1399410772392,772.6116354725727,786.2034984471896,798.1160531873793,808.5662297575755,711.1311067980932,723.0048265644874,735.1849017944335,748.966688782788,737.5810826532474,725.7466176982033,802.1206737014131,810.9010723496702,821.5733219943434,833.5395529658816,823.8886421401518,813.2326192169619,744.5122648087528,756.6100413820691,775.7177826280011,787.4320270993012,798.4278245553849,815.730925560919,826.2169772501511,821.3565598649313,808.430097430514,794.6284206380129,780.0748777609538,760.168364079682,749.6513178829855,776.1006744777468,788.1158795000229,799.5030285325763,822.6053036952943,805.8677028838554,793.4047411096565,780.0072629227942,213.65266711549467,242.4462286798171,270.75889781322405,297.9919126913614,321.9708926354816,341.89033731343346,357.7422488198028,368.0900060185675,369.13072034065306,358.68881457028147,339.721036669096,317.4906591477807,293.2208577296267,267.8237714856399,241.27567959398834,215.0941268793329,190.27656340376313,177.22640632983774,164.73105408830554,156.5287612567189,153.6270749903543,155.83167347709013,152.61205472660694,147.77798214793495,145.86415265553853,146.65462280323715,152.72507499629063,178.86429758950902,191.3612347178096,203.13552645534847,215.82926243734235,239.347449673471,240.82821672835357,241.475837148118,238.073851459879,233.7012433292859,195.80542515145274,189.20648144473716,186.2672092213018,188.54926773685136,193.2530437304701,195.66477957067994,185.46938142045983,180.9126850181373,180.09143028175166,183.68230088578073,185.87676029557434,187.12729893148293,286.8414890639385,267.2603494874396,256.2632295430591,256.49021471692413,253.6089745394659,259.7634572190617,275.5552479876201,298.0096928117964,312.22677787264263,316.3736393501565,316.5640986567762,306.85703455812586,286.2964349587496,266.22664645251496,265.2894010957472,263.05536150049886,276.34592805409596,299.63706714072634,303.12161388406673,303.03202054992664,20.77675712973704,4.808179626348067,-0.4675889006614478,0.5593439,0.57078207,0.3388897,0.34038424,0.67948455,1.0,0.3476573,0.97613144,0.47754788,0.62979656,0.47219345,0.09833374,0.28155828,1.0,0.15175442,0.34372327,0.9856689,0.60439825,0.0152638955,0.50261974,0.013174853,0.022190303,0.219416,0.16405103,0.45556247,0.110926226,0.014679182,/content/data/frame8.jpg,0
446.6133083767361,366.760196685791,164.7798122829861,185.67941665649414,0.9586166739463806,437.07861325116613,434.2739433446626,433.5139978337729,436.55693075349143,445.85664379302386,462.5413099874979,484.3606990874025,506.9223867995779,529.5272836817676,551.1923097317026,570.2502165137744,587.6384046264516,601.1535583409163,609.7256414413855,614.4963933275694,617.0432707650393,618.0877281083935,459.086040597511,472.7042701290261,488.4674162736851,503.76820371390977,517.010861423963,555.6916812029267,568.3333549383415,582.4750714998736,595.9409666277138,606.3734146663819,536.2875698276684,536.2571168918016,536.3095761576865,536.4040692404133,513.5257334151088,523.1665644911609,533.5077865304966,543.3758923956848,552.366135608977,472.24783467334737,484.68784569412196,496.2477562436836,507.26536415185046,495.63758193689523,483.9757808840757,559.0743609137971,569.7860383360676,580.7971585603395,591.7792734588666,580.7327199886754,569.7626109575813,493.88090041357304,509.39847078975686,524.0621769680836,532.2193603987107,540.8330390487372,553.4520424127936,565.5155087915427,552.6896831116319,540.4981895624701,530.6559016245933,521.068253619487,507.8332655869144,498.1620214174759,523.0416118321539,531.808929727089,540.8480198213747,561.5869339756264,540.3680108981148,531.2012256540866,522.2383210227752,430.44823606721866,451.95793620724066,473.26842394516825,494.7514761062034,513.7752777250366,528.4674447152092,538.7079582448728,547.152784462884,551.9488363241339,551.5259615177947,547.0372943929765,539.3621053692168,526.6972167485446,509.62552401948824,490.1475845280138,470.49435140352307,450.3799548490106,412.78656252853284,407.46641603943954,407.26608140748,411.47736518362194,418.13712211101256,421.62035760204685,418.82953793779893,418.38183462574534,421.1432505394441,427.7045699785465,433.0970969737341,443.79807669001207,453.84082542770307,464.1324635001574,476.77068422060256,479.90009856427696,482.15265959889257,482.0994034833993,480.8378710258962,430.8022099440868,427.53189930882445,428.42649580249645,435.1344156483001,436.27914987445524,435.42213812064506,440.6945267565429,436.7864840988691,438.2741624752298,443.81914672174025,445.443292233949,444.3410500131606,500.8981880536535,496.9132892512516,495.18069914775606,498.0316411149561,497.1659437004146,501.8660814304694,507.9905081505385,511.60586794705523,513.3022279550232,513.096760283503,511.4695535407154,507.2753887503268,501.3767360859647,502.35371354831614,504.04967513147994,504.02989998036537,507.7234174426371,505.113615447759,504.9265018788851,503.41479848683184,8.599642471631832,-4.089338331772283,2.7643599430360695,0.24112368,0.44812736,0.29769662,0.26909143,0.616746,1.0,0.50189966,0.2434793,0.46671808,0.28087077,0.6144541,0.22996853,0.56296253,0.0,0.27945092,0.48127887,0.008172995,0.058893815,0.025369637,0.43952703,0.0028585321,0.00026741295,0.3826507,0.0029127495,0.37277144,0.0028398377,0.23569936,/content/data/frame8.jpg,0
656.9202473958333,73.95160102844238,229.62727864583337,300.05583000183105,0.9956486821174622,663.017891127006,666.5294005297065,672.7287206173608,683.7660849147655,699.5749086050422,718.9201425952906,742.1337022716314,769.0873541833473,797.8099731341704,823.2972889504723,840.1909032488229,853.7429147839655,865.0981746345738,872.7509108950759,876.2750451224433,874.8059726646919,870.9718246807363,692.0985121182339,702.6427892878401,717.8258659311133,735.3445941573383,751.7062166939508,790.307103683101,803.6165983993135,818.0428508742013,831.7579066813274,843.7831353404794,776.3654341511003,779.0789398149445,781.4710355778773,784.1657837461689,759.8940566576729,772.4772027703566,786.0452032462164,797.9217669491976,808.2372091115609,712.525371120911,723.7196040960827,735.8717785060287,749.3408085119329,738.4566214858476,726.7975824924474,801.7584903330003,810.4300547729939,821.4382580325473,834.175391594419,824.135152367378,813.0561685353616,744.1750285753965,755.2230968784156,774.1621366586213,785.8537437292539,796.5674285546321,814.0970593068762,824.5861907272574,820.3388627611739,807.4452092735979,793.7594915630629,779.2460618033524,759.0905640978924,749.4937228778513,774.9645024809686,786.8336189860588,797.9075807883735,820.8858347653559,804.3253055138898,792.1821020800777,778.7951092901346,207.40887978488195,236.6272310137634,264.7506402668404,292.1727681415666,316.80213242215586,338.23205601109396,356.2256879691143,368.6196065780364,370.8569851951579,360.2530982499254,340.0388706971201,316.2326685926431,290.5536571810594,264.0578577079849,236.72490305296265,209.6543172573582,183.88494150364124,178.25616905960212,166.17170620396809,158.43731903748193,155.72777305090256,157.7527562964716,152.75533239410322,147.78124805284867,145.94998852994098,146.94328805844867,153.20273300169865,179.096640068853,191.9057238639516,203.82799018338523,217.10666594809467,239.9400751453461,241.60459898982293,242.2946988405044,238.6035284713906,233.4407960913399,198.61578866460584,192.1564283082289,188.56642822977324,189.74440538897954,196.40048337034005,199.41451673466918,184.71618399677354,180.2894472388452,179.36968610680339,182.1188932510273,185.79480437604732,187.1775794772573,289.3524477690662,268.95313481391986,257.98841288845074,258.0487201682024,255.13304561636508,261.11632184935013,277.6238407872978,302.6474129378082,318.15353056856264,322.21789783717884,322.29621145419446,311.45229724321723,288.8103475629283,268.30713868561907,267.18422142897606,264.80444466197827,278.42363120979803,305.09535195409114,308.79454898606156,308.6464634948564,19.26123917832559,5.977981939914781,-2.518643507008099,0.55694747,0.52889276,0.41684827,0.32142276,0.33726472,1.0,0.5658231,0.95284,0.5100193,0.64704406,0.3133331,0.19544706,0.28791744,1.0,0.28298736,0.32411072,0.997656,0.3136666,0.0151401255,0.6131126,0.01888674,0.010165477,0.35439247,0.08974609,0.42156628,0.08958988,0.015653051,/content/data/frame9.jpg,0
443.3525390625,348.88750076293945,163.30528428819446,200.71712493896484,0.9824889898300171,438.7321883727436,435.3057410011322,434.4926676558565,437.7988998545584,447.0881487357574,463.81033429316085,485.4073098056069,507.9331233499074,530.5267134941041,552.145324112681,571.6491354088876,589.6252383117971,603.7538670688937,612.4129199074441,616.4889624173638,618.4035329240696,619.5124218408209,462.3661837807251,475.43255682179324,491.95861231787876,508.35444084136134,522.1133992830528,558.5472338483123,571.9035740193431,586.4896122763957,599.8169955734611,608.9911850266008,538.700562827742,538.2110093313513,537.7883566939981,537.5492650831802,514.6205533182724,524.3556978605975,534.6698147835441,544.7849375418728,554.1665196580288,474.61397599968313,487.53208683120283,499.3727636348449,510.07405133396196,497.9501369663817,485.97648393809686,561.1197872244193,572.4323922902977,583.5996530864559,593.9265041428716,582.8181046175405,571.6942432413116,494.2312029152881,510.589073097291,525.6023795767142,533.987397308546,542.998411833827,556.1701286041662,568.8851393385175,555.4927215153921,542.8214260419354,532.8960949910052,523.1873375256996,509.52194697001187,498.88091311325115,524.3949554569576,533.4020578611899,542.8040117196151,565.0343057933451,542.7690538673069,533.4233053443177,524.383398548905,429.5624138853109,451.7004249715101,473.41734826877564,495.24816094688777,514.1624981503728,528.8254580389112,539.3090810654321,547.9206716207254,552.2527175895202,551.681763262498,547.3319297047874,539.6445615963312,526.6801800633784,508.8821540393319,488.9308678771722,469.41789719296867,449.58052912447056,404.95100912973703,396.4734858860579,394.1693829741448,397.6022871400378,404.8550796146965,413.22818870649144,411.12515446008274,412.2398649000829,417.4198361879562,426.47040979415533,429.86272121778893,441.74997020742194,453.02988573338007,464.4179767899923,476.71663734989124,480.0643505935677,482.7249518169874,482.505715117768,481.34225749603775,427.8017799582253,423.3700072046013,424.85505553295616,433.24005890838043,433.89056926766807,432.5928146318033,439.65331738415534,435.2290386752561,437.17543733743105,444.0173135378832,445.1343497159014,443.62044500843376,499.3545529023022,496.16164480090083,494.83640482284136,497.4676328364776,496.8938359407666,501.030749618566,505.8686005370628,510.17276636245606,512.074832438213,512.0068548486115,510.46056926398524,506.2610472929964,500.26001152451227,502.32044313160895,504.0050814154938,503.9263221638457,505.8754341870417,504.0808114651554,503.99931013967125,502.429724105642,9.011533230728114,-4.108843978480535,2.912891345515834,0.2692243,0.4471333,0.26283196,0.26568297,0.6211899,1.0,0.47472575,0.5761474,0.47269213,0.32161155,0.43426588,0.3552732,0.5942721,0.0,0.3028477,0.5832594,0.0017033776,0.07281294,0.043736327,0.18458416,0.0005967694,4.6893594e-05,0.12505537,0.0041284687,0.2562498,0.0003881466,0.6135345,/content/data/frame9.jpg,0
663.6793619791666,84.5480260848999,204.65093315972217,282.4729242324829,0.9962527751922607,662.8816452230814,668.5903971714267,676.2640928324522,687.130890215211,701.8065982949809,721.0160722909679,744.6637370015595,772.0138219760369,801.6653287115308,827.488554128611,844.665057416076,856.738525813508,865.4694583733781,870.3069920004599,872.2632277727753,870.1749788163702,865.626827625119,688.0188071738559,700.0278246901665,716.4535863347777,735.0403617785396,752.7250370290022,794.119140734128,807.4688982100649,821.9620021946705,836.061450703487,848.1458090773842,779.6120555552479,782.4245788647677,784.9228081596409,787.8266133127049,762.7632415596029,775.5071607529998,789.1390878232124,800.5637237453062,810.3631670572075,710.2816972240678,721.8484887573118,734.7479285329755,749.0789254189364,737.2846263161418,724.9725381282764,805.7657382173498,815.5868402579539,827.05830914006,839.0060882172864,829.385006152576,817.9355192637802,744.4653737567794,757.0764615025488,777.5177857955279,790.085323737455,801.67369318325,819.315778321674,829.5402539803301,824.7107817643979,811.6214341338441,797.7439673901936,782.8419740851704,761.3506459389396,749.8351019480041,778.5851651214329,791.2240839295047,803.1935823475478,825.1936582718582,808.513972278052,795.6995207881052,781.7813833160229,219.30316759043413,249.04653198455443,277.33168004027743,304.7973119078997,329.30652730758663,349.5343252252898,365.4440959442093,375.8391542954382,377.1108570573242,367.5580646409491,348.12941724107384,324.59086443753404,298.9984499502124,272.6434542537868,245.7298977236688,219.22607908356323,194.35319100043338,179.07603901638183,167.46029309913877,161.1164575232932,158.93639131633762,160.91478081628614,154.4467005089499,148.9534549316014,146.99329957592,148.14430341497888,155.15407418430334,178.93801513099623,191.7011685685397,204.02492458833225,217.39796721802853,241.09551569836574,242.90620158115215,243.74240630461526,239.87335323757983,235.12112105880328,199.36979301603498,191.88617694422234,188.57099737407052,191.07614655194814,196.4798276289798,199.34544715028227,184.82459291952622,179.10004141348907,178.136500740726,182.62396910393713,185.18841713325392,186.31318602901,292.5091149949327,271.35136561759,259.7958681415706,260.06484449905264,257.08971909195793,263.3364035512293,281.0051984278483,304.0810383538209,318.1751125885377,322.06267255435273,322.20876795290695,313.19887824079825,291.6748296550767,270.33479944717715,269.21757675960254,267.1728675050206,281.8974289485996,305.87606610718126,309.2832750702821,309.33835127778576,17.3279727207077,6.266996415146886,-2.4760222508439296,0.36687684,0.46129647,0.72391397,0.40941218,0.5954913,1.0,0.55565566,0.92502004,0.51253563,0.6718142,0.40317976,0.11479692,0.3185726,1.0,0.16492113,0.3451372,0.9938548,0.3766197,0.006591957,0.548904,0.24839786,0.011963141,0.24922487,0.1444056,0.19600002,0.14717984,0.0028287803,/content/data/frame10.jpg,0
439.966552734375,345.6587905883789,166.22371419270826,200.3609619140625,0.9860084652900696,442.203968347083,438.2976785243045,436.8229144791796,439.6254322785047,449.19968840838993,466.15543897838944,487.3607123760943,509.0336972606281,530.8335968856321,551.9923019173526,570.2784144713136,587.4709622086754,601.5361421457753,611.18414167288,616.3162206633133,618.9606933534931,620.292925524179,459.08578563500413,471.4157798169719,487.25065797800926,503.02767499805196,516.4523267302415,558.8366407532449,572.503664385638,587.7379474858841,601.7615677179972,611.1185060008662,536.2366881453781,535.8032920770289,535.5259741973044,535.3691508001764,513.3488342639481,523.146556211001,533.3554827770334,543.4419228608167,552.9610586405964,471.48719085488557,483.94762160404787,496.1225371799504,507.0420558811282,495.0183961349787,482.7118796035953,559.8953670723189,571.6366286230826,583.8252875634964,595.174870391158,583.5426959005184,571.4808800459111,492.97989977083927,509.4955760578261,524.3104142527591,532.5640140228904,541.359939281235,555.0860780112387,568.7196102537855,555.3807506505284,542.4465106026503,532.4802210590773,522.910998669322,508.797186711921,497.6737889959171,523.5641452605225,532.4481914243719,541.7717386339239,564.6550997679354,542.1838532671333,532.8629716110736,523.7002604598208,430.3484565455248,452.2864562040137,473.92407234651034,495.7806938033551,514.917433201868,529.6405749235739,540.6171092407137,550.1549612186703,555.0049357978394,554.2122059216141,548.6348648505111,540.2375688176544,526.9825881638069,509.36786547844235,489.48217720326795,469.59551442466613,449.3955058013962,408.41690580677533,400.54707408486576,398.72303296392494,402.49713426297967,409.56244175100727,416.24328614057447,413.15523525432366,413.2579092220403,417.95605473414616,427.5104661049001,433.8952979129652,444.8790478547468,455.19950490493795,465.53199277317617,479.26918065233326,482.0924030667549,484.3988807079295,484.22113414898047,483.208883044828,431.77704274258286,426.8837529191645,428.1010796710281,436.9910660065041,438.1966127316438,437.0851557455011,442.4567117877217,436.328253201161,437.90366696975104,445.4716247586621,447.48749974544916,446.3567461583531,501.88789245117516,500.1548527532228,499.27238257609133,501.7497279284929,500.98001353027064,504.5339988676889,508.5597011876409,513.8509251863085,516.1696127821895,516.0069423644978,514.4739481568598,509.8882789704745,502.7299637288728,506.2891511948808,507.9584612348757,507.548051982664,508.65570410616056,508.51064640482366,508.5741324369243,507.0484040121926,7.630663496364173,-4.453693392042691,3.606627956638421,0.17554699,0.41311187,0.27285418,0.25923064,0.59848833,1.0,0.43748185,0.1609775,0.47003546,0.3688818,0.3762755,0.3141885,0.60944456,0.0,0.19680087,0.58429104,0.0027238077,0.10112483,0.07300037,0.43424025,0.000728221,9.546972e-05,0.523704,0.03497084,0.23911871,0.00068288925,0.20069988,/content/data/frame10.jpg,0
448.71546766493054,354.7660102844238,160.09242078993054,197.6586685180664,0.9888476133346558,442.11988471915254,438.88890337523134,438.1212943848585,441.2449939414761,449.88241574736685,465.556488631302,486.02649761877564,507.3420652952759,528.8629823332119,550.1996363141928,569.5608789199356,587.6846247748903,602.1358333754445,611.6686950328049,616.9861902390909,620.0002099095798,621.8890281805982,461.91520972031856,474.78461325005674,490.96223387106164,506.97130543271805,520.1233135105058,560.2231309656509,573.7961087687943,588.4739014805864,601.5613923941116,610.4848648001587,537.7673123616078,536.9271683924042,536.1954319208592,535.6236346800144,514.1601518438569,523.2452246544403,532.8243800456405,542.272868209779,551.2665623217297,473.42983762644326,486.25805111387206,498.6069205204637,509.31213263893943,496.8763166868862,484.32332082555513,561.6172163241678,573.7491717718947,585.7709666534043,596.1304566868852,584.6948087606339,572.6520336070162,493.7675889012676,509.81857859419125,524.165811850258,531.8590189133225,540.1082668066762,552.8442391988425,565.476554343639,552.1436621071668,539.6037789159034,530.2738490818854,521.1288184990576,508.0988466132088,498.4164439664793,522.9925707172135,531.2755439738515,539.9325923718947,561.2177287574834,539.4135851149124,530.7991193176709,522.3403514562293,432.8137538388176,454.4624610921077,475.821919102004,497.2840871367423,516.1521943843961,531.1435460281871,542.0489614036193,551.0209259480295,555.7844090767537,555.2494121379963,550.7622917849928,543.1167780830853,530.3600798965048,512.7299076667787,492.87613762188283,473.11721706861334,453.06531493243756,404.4473868313671,396.0870523557428,393.8910795080254,397.70222227977655,405.4922793118955,414.8021973028077,412.6002725045799,413.8142229998449,419.2596215226823,428.4156441281274,433.19752033907054,444.26737778662243,454.62839468626754,465.147512922156,480.11393988958133,483.0953581399346,485.2784940017529,485.513687941639,484.8833325558671,430.90754625870693,425.88803736330993,427.71701096328127,437.2783034341252,438.4606562823809,436.9176944040293,444.37391204569985,438.99681957723607,441.02519058813266,448.77406464676716,451.0104994478359,449.39899117506627,502.2776887891217,499.47504111882733,498.19479211544166,500.9117656287446,500.4285407630734,505.1468965140557,510.25646930666625,515.6837150873292,517.8178357177467,517.5937963834491,515.8580323077425,510.9844310257498,503.34030281350965,505.89786018915004,507.7412259164839,507.79326660491387,510.25620069132253,509.0422431272327,508.85487685617534,507.2396221062436,17.978931388112407,6.856736117800329,-1.417528111184212,0.25941834,0.44634092,0.23746856,0.24831785,0.5835409,0.0,0.43589684,0.5226949,0.47108325,0.28988507,0.39997506,0.39450848,0.6147018,0.0,0.39406398,0.5832594,0.004989885,0.09114688,0.012053592,0.47443828,0.00029839834,6.4119085e-05,0.007994263,0.01549447,0.07408463,9.992796e-05,0.9019642,/content/data/frame11.jpg,0
660.8191731770833,81.98222064971924,207.39073350694446,286.40845012664795,0.987567663192749,663.1865761543667,667.601468783277,674.1753824974478,684.5434056210667,698.9640399196257,717.928210846053,741.2134660440154,768.0801447709084,797.3552354096571,823.1530099764128,840.7581709277833,853.1010092624432,862.1077997311395,867.567008764345,870.7956919743051,870.0359246852652,866.7265489776906,691.9345843820025,704.4869691899041,720.9530732880476,739.5578973124933,756.9174982311384,799.742496013113,812.5852017339857,826.5627238036411,839.6777026866857,851.0525588184305,784.0109824892168,787.0651494800404,789.8744734316437,793.1077044289788,764.8491466962033,777.9812105101976,792.0936502719802,803.5447535416081,813.2220353651975,711.8588813110821,724.2641390517413,737.4868820585993,752.4306348184646,739.9326595748341,727.3232225694569,808.1013496940332,817.8269773653936,829.1553313469519,841.2701042904102,831.1076636902264,819.845600879595,743.9152409698568,757.9420307360755,779.7238734670581,792.2668144462214,803.8014577019553,820.6693649603455,829.2144730683566,824.4405049707201,811.119441668787,796.9672394957654,781.7082042061879,760.1991467755952,749.2652518922387,779.7474727961396,792.468125736919,804.3024722777764,825.2496628694956,808.8236489510505,795.9943202804296,781.8736658216317,213.69193798000862,244.0177416293942,272.85626516566424,300.97881947329046,326.10233334786926,347.149882544771,364.0576751275723,375.5135310398624,378.60180643599915,370.55943368822113,352.60714545274845,329.5379408833953,304.0809021157821,277.8038276336449,250.81854793824746,224.1784903727815,199.0919733630648,172.43265940060527,161.29825216217108,155.19256081372828,153.57952003982174,156.5802607717526,155.47331498478877,152.07501159705558,151.9415176491741,154.07648872372118,160.3793942571184,179.28363476928538,192.18546172603408,204.3878205475201,217.63977591832796,241.4694647702261,243.88702347065384,245.16075218966355,242.26592164119734,238.17791147263495,194.07590728705594,187.49064971135837,184.95272828695647,188.4909171075307,193.21339482873813,195.35462423230814,187.74420934304763,183.3805356573108,183.32194704518142,188.08916516110583,189.75401383713654,190.2081370377253,291.35906101433716,270.60744576527486,259.7881366867945,260.74788370716544,258.5547030027702,266.1954774455887,284.5740285625957,308.060031699216,322.1766300233282,325.5444509443311,324.67733948481646,313.6801340749614,291.0143305370948,270.1131094718155,269.8299994649526,268.54297563780585,285.32961680377736,309.93079066714125,312.6726762582096,311.92259862425266,9.015253145020143,-3.1946217452003958,3.7001277231289453,0.5274367,0.4777911,0.739694,0.44626153,0.5919765,1.0,0.3874288,0.79832613,0.47623277,0.6222905,0.31361225,0.19714871,0.31085014,1.0,0.23804115,0.325484,0.9997085,0.46696824,0.01909752,0.34270892,0.21675375,0.0024082528,0.28333375,0.30712178,0.046905357,0.14140067,0.0020764237,/content/data/frame11.jpg,0
660.5834418402777,86.04900741577148,209.27587890625,285.31871795654297,0.9968743324279785,663.9358193255632,669.2694641102701,676.315871586783,686.8880822176916,701.6063590395252,720.5317921579749,743.214629011065,768.8781875251534,796.7303370847549,821.6593857995995,839.251540371175,852.3408837584775,862.132320594952,868.1099267242671,870.7955445024036,869.5969049975529,866.375669743562,691.9296128307387,704.635354842836,721.6169552864449,740.3889437732955,757.9642314758703,797.0963267141069,811.0811753387015,826.0823829189458,840.3731208350737,851.7870831243899,781.4809936785214,783.9538011602999,786.1694322559351,788.7407471504985,762.9883850302917,775.5364886520729,788.9663734102351,800.2402172209559,810.0718978150462,711.7734791082257,723.5997052258767,736.0073638477024,750.1988188628156,738.4633962946127,726.5890797029142,805.4707424786684,815.1048980575642,826.4010473586877,838.8392051162928,828.6011074669696,817.3626300010501,745.0742395826196,758.048484190534,777.907115355767,790.133687272114,801.4798963792373,818.375989041705,827.9145146773008,822.570053872545,809.4309363854327,795.6803260214438,781.2571632862646,761.1189686141456,750.3756097716523,778.2410242615024,790.5515325749457,802.341014835808,823.9444434993975,807.1214712139772,794.4797069808483,780.886316651683,221.19928603987591,250.0742229444013,277.61562620724,304.45062091537693,327.94695512544513,347.03363877675565,362.3268584907346,372.987291111589,375.25645130267367,367.38742938058476,350.23493582020365,328.671240724605,304.6341259196779,278.94273145965235,252.1722655352787,225.76755455302964,200.8850351319802,182.219421181931,170.60958689180507,164.43781279502764,162.75198301352248,165.23125969974535,161.78420431396034,156.7908866204707,155.2491139814656,157.02308412257662,164.8200366582455,184.89009040405654,197.4689074412595,209.44300691980516,222.3179788304974,244.34820152294014,246.39444966309293,247.62735350315506,244.4392397596157,240.52435069154672,201.37319476892208,194.31055816043954,191.58168650590005,195.188482263256,198.99193571344404,201.27107521359267,191.89615718692494,186.19100252112412,185.4652067606744,190.46776909016808,191.8550052917767,192.90144502771318,289.86636070422446,270.4925627395787,260.26677086400923,261.0518098437078,258.7898331225424,265.5964973923965,282.71970606830564,304.3862757998786,317.4624358872725,320.54726684313755,319.7744111916827,309.86452873188045,289.2750305213258,269.8496829969754,269.5942412555569,268.1216503296946,283.4164414277184,305.790480908413,308.39212147428316,307.6021030438451,15.629692325304527,7.231385011685266,-2.0822348722815884,0.328975,0.41722453,0.59550476,0.4541962,0.74918467,1.0,0.5318356,0.81686884,0.50311357,0.54154366,0.36017832,0.08520651,0.35145146,1.0,0.074574694,0.3241349,0.9961349,0.68599397,0.039831206,0.5087653,0.2534389,0.0063453084,0.22612308,0.17219189,0.09953085,0.23867904,0.003690895,/content/data/frame12.jpg,0
440.67130533854163,353.80171966552734,172.23158094618054,199.42520141601562,0.9916197061538696,439.904392256738,436.7161881254233,435.76295518626966,438.46742600253583,447.47876272293615,464.23267458650116,485.5050727990165,507.14983991437475,528.9104735175533,550.2763223388283,569.3410453099095,587.3888305261389,602.1574928626396,611.9442242949117,617.1522396300097,620.0336678714375,621.929054186232,459.4141663525861,472.78427895813,488.9699771721116,504.84463455962396,518.3583571367762,559.2012655654325,572.6078155639516,587.137028099758,600.3877724050035,609.9328859082852,536.8671049719451,536.2362794858127,535.7772639031391,535.4764646300682,513.8786760051244,523.1995950577948,532.8840108040968,542.5891378812266,551.8593698029763,472.0761853734475,484.9815482675349,497.36395719021857,507.9876931247745,495.8064351575558,483.3007995220469,561.3769680465011,573.1402337006475,585.1666131347192,595.8531748658534,584.552348154848,572.6555001224624,491.15560026653475,508.43464849380143,523.691367920941,531.9995000433264,540.8209864638047,554.4353914987041,568.1777588950754,553.919362700246,540.6505744325368,530.7789579246746,521.1770879576434,507.04875093257215,495.7847681385974,522.7571542453843,531.6726261746953,540.9543548820147,563.9119236806218,540.3347694294171,531.1145185704918,522.0510718849764,435.2054973025133,456.8614545273995,478.2959417260463,499.81863751273704,518.589179707651,532.7126527080582,542.7482767103138,551.5725874031777,556.5114838135305,556.4386090275802,552.1674676044022,545.0198047564663,532.546933533431,515.180611010248,495.3821905709883,475.7482198101825,455.9188607506985,407.49611161109715,399.85071354720094,398.5133563845993,402.52932907693685,409.85649012538124,417.53076566122036,415.37828497532246,416.18935039006465,420.71402018385925,429.07420878135235,434.91737872717385,445.9691274361703,456.5151245601119,467.0013911758979,481.05355843056896,484.03209599725596,486.4078368416376,486.62149732681064,486.18250840287146,432.41407491337486,427.4700933863278,429.10792888195647,438.58349111174175,439.5936106736626,438.02986240414975,446.0165124506402,440.4741703058935,442.25676402528734,450.05390254190206,452.008213448742,450.5675064600291,503.1096850980939,500.9493449471229,499.97119101356657,502.5732017208429,502.2244468732242,506.3911758021459,511.0298292355037,516.0853909177858,517.8368391889271,517.5028761113281,515.7859752529039,511.43760852318155,504.3040670371738,507.0020459495536,508.8205207658466,508.8829115103654,511.1647809579299,510.08456809043855,509.81810227005553,508.25021743997786,9.6260395207907,-3.2833212479222387,1.81595421994773,0.22510041,0.45060453,0.24055158,0.25562948,0.6156526,1.0,0.4780329,0.07883742,0.4695954,0.4589164,0.54255015,0.33806127,0.5917654,0.0,0.50032914,0.58429104,0.05155094,0.21169823,0.020489115,0.51252055,0.00032706984,9.654336e-05,0.016814053,0.18963745,0.14931159,0.00036451768,0.64344877,/content/data/frame12.jpg,0
659.3834635416666,91.23921489715576,210.50840928819446,276.1540689468384,0.9986128807067871,663.0811192471133,668.2861770234574,675.2906194974738,685.6930663057932,700.7111046821346,720.3403644791923,743.7194476897778,770.0389339005372,797.973804324316,822.8586970939986,840.230946169157,853.4084858970125,863.0270566671353,868.6398467181239,871.4544586081574,870.6378286862534,867.7913369419737,692.1221208652386,705.3342958622518,723.0000706957901,742.5788145528015,760.9986249723664,798.7149022991089,813.2922915624533,828.8595562257642,843.5375428234801,854.5881787686677,783.9251781949057,786.4526541238635,788.813126231476,791.5864167738745,765.1872111754215,777.6552760057133,791.1517130364214,802.2537636412142,811.7993504823162,712.7922164240689,724.7170892272875,737.4973455298764,751.6076277714487,739.6834067868115,727.4317951056871,806.8543979480046,816.698873236723,828.455902755272,840.7779997275222,830.2608476629631,818.7285177862384,743.8843084106363,757.633927579961,778.509059586748,791.0812771254909,802.8909064283382,819.6809037417445,828.4043893352757,823.3134294387662,809.9573309238071,795.660638444039,780.6802672808619,759.7454741218131,748.733769522796,778.6310484218311,791.3838987158907,803.5870881772601,824.1793605479058,807.9841970700776,794.7131707560096,780.6049921107677,221.42153514281344,250.89378882272302,279.3930353774655,307.2592278252753,331.7916447591321,351.47534128376253,366.74729262561476,377.2665779146216,379.26700914045045,370.6004490363475,351.9266762710764,329.5865227467154,305.3076829930395,280.1251856608249,253.82855260456535,227.77420841578436,203.0031666249586,181.60591805855836,168.9855548291556,162.21817679792872,160.40934073082838,163.02531584624825,161.32081025630288,156.7122454901073,155.64599867970534,158.5333179696646,167.69560585687955,183.40227081222406,195.72849596882222,207.41900048792814,219.97590029001188,242.7084683523582,244.7768072231054,246.30378113401457,243.45164029536411,239.97963973803164,199.41893475918334,191.8831910091817,189.52603725071003,194.18640184203608,197.36185457302122,199.31327101674853,192.13766690892166,186.13667938864762,185.9238507458333,192.08099819651014,193.0008524791888,193.5095475016519,290.47873126149256,270.0498678339561,259.49003152836474,260.39775803501675,258.15332938694337,265.70836104132627,284.1381166322746,307.3991910515381,321.49052117405887,324.74929804701264,323.88208305278874,312.8168700738752,289.8242856538483,269.1364922329334,268.9577161729694,267.58745525065314,284.70265077986403,309.7482069537833,312.7011031434311,311.8381348460244,8.619962822055886,-2.6131484428195413,-0.538179267403626,0.3861523,0.4451624,0.62167335,0.38478562,0.69184613,1.0,0.36940154,0.9825665,0.50637347,0.44228503,0.35340574,0.20214811,0.31376627,1.0,0.2532289,0.325484,0.9997991,0.36908656,0.078999996,0.30563584,0.20895721,0.004478939,0.28744924,0.29791045,0.09087651,0.10877399,0.0015537313,/content/data/frame13.jpg,0
439.5044216579861,353.5626983642578,172.03740776909717,199.4670181274414,0.9911770820617676,441.6084204957707,437.6251509764891,435.89733431627815,438.29614548687556,447.2230885537907,463.75820876456055,484.88671217949525,506.4678858790342,528.0798334822841,549.2853073239783,568.1370840100366,586.1057338348501,600.6823775608804,610.5848120011518,616.1302066750883,619.2853664245415,621.3300262467134,461.01436285400837,473.241115144762,488.3680439208996,503.44237029417116,516.1769954318534,559.142044585953,572.6572097723472,587.1611774364844,599.9295368789068,608.6474256986843,535.9808228219138,535.197236770215,534.572998762349,534.1077378565,512.9223947418044,522.1837204550916,531.8330655746029,541.459062760214,550.6387884075417,472.5299911500627,485.09742139781065,497.20889281908813,507.64575454684535,495.6755762898706,483.3652015869123,560.7171919383882,572.7654534475696,584.6019214469743,595.0209351665987,583.756102772194,571.8928984280725,492.6690072715945,508.8503738263663,523.2794112437304,531.276153506288,539.8367059282334,552.8368184035162,565.7681354389779,552.1043509874207,539.4079827912317,529.8638781449348,520.5997061665618,507.3999913269455,497.2546113978742,522.2729248282731,530.8515820642236,539.8290873540185,561.5182265224181,539.1866589301899,530.3098643433599,521.5857479811764,435.7249720249885,457.252722969569,478.6807190997097,500.1807350100695,518.9163783738252,533.1855826695976,543.3159893896078,552.0559349804271,557.0810124228676,557.0471425816947,552.9071037775493,545.8856745509365,533.3485117286511,515.9421240944945,496.2196042970388,476.55680613191237,456.733390160584,406.9267472255257,399.1847207209201,397.3646519011669,400.82362726467835,407.8467613969441,414.96346560222236,413.55679716908355,415.6719858707153,421.717317376773,431.14121547429096,435.0845980481392,445.7910916749379,455.95648106156807,466.12251246287923,480.8295850381098,483.7180233550756,486.04920719589666,486.34280764303,486.1343811435805,432.7278691565095,427.96120975668174,429.6280296720721,438.86729148082105,439.7494053855691,438.185429088584,446.4834046394829,441.4341446440568,443.5444897015949,451.34190067268435,452.96619781570087,451.24294480984764,503.1887449946296,500.2827012084106,498.9196327056104,501.6139257830315,501.3576905903343,506.3075096451646,511.9334700280744,516.3429267263676,517.7578557484024,517.2634188420486,515.50153081939,511.2921972306716,504.19168606234837,506.2306533543484,508.14485579333416,508.3376171345664,511.7484271300074,509.79012541593113,509.39216191564736,507.73870303911895,17.430442318572464,7.749606042854569,-1.0100050984799422,0.3202075,0.41395783,0.20606485,0.2593521,0.608532,0.0,0.43340692,0.12915456,0.47215298,0.42582208,0.28155783,0.27951202,0.5820942,0.0,0.3287869,0.5832594,0.17518727,0.0874923,0.05956508,0.6072545,0.00028733668,0.00015694187,0.0049888487,0.11833834,0.043017022,0.00010394504,0.83310753,/content/data/frame13.jpg,0
660.4066297743055,87.1230583190918,208.39876302083326,275.38491439819336,0.9987117052078247,663.6629989758708,668.8278646123808,674.9581572194742,684.3579753283013,699.3556350101995,720.2671707327676,744.992097439679,771.610158210199,799.3915275805025,824.1097474371223,841.9609798717545,855.3493697278666,864.7615132744911,869.8312814860137,871.5338169098353,869.8972666504105,866.5013352404628,689.6522408267531,701.4958785902079,719.081830966901,739.0908472170327,758.114527689144,796.9149566327103,812.0724973830888,828.2398081193785,843.4198823109718,854.1666792171078,781.939633421387,784.3643026055418,786.5597373588755,789.1082419843922,763.8230716861558,776.1057964002773,789.1750544254769,800.3280835795292,810.0406270492032,711.1336421564096,722.9260281593389,735.5076558196461,749.0687987755617,737.5075085760012,725.3436260975179,806.3024985464001,816.2780175175253,827.8321773799182,839.7768512331561,829.2238931338348,817.7834444219085,744.8133465838877,757.4654995818435,777.4589059087559,789.8197196331017,801.5557030932698,818.7036321607519,827.8658987534845,822.7566970198358,809.381779955499,795.3291263130831,780.7299776300135,760.3289011695128,750.0188571119597,778.221438347351,790.6211537730949,802.6937600570067,823.353084723599,806.8589406043732,793.7225746821289,779.9404602137398,224.8157741661117,254.69533388478575,282.9738374533613,310.8289329342133,334.75631567127135,352.7242335130338,365.78011723177804,374.9827431086447,376.4123363166315,367.8150997017756,349.2450426135622,326.9541707418009,302.629970953418,277.379694004056,251.30899494500562,225.83809118179022,201.7669001804751,188.64186991856226,173.69952944090537,165.4476611462087,162.8955618065122,165.06695629323514,162.93984080638205,158.44375943236363,157.506681461141,161.13762839019327,171.22049636011332,187.11229441371628,198.32694583248957,209.02087581885206,220.53713853011075,243.23252900522047,244.66474192271914,246.0154483893898,242.9447745972584,239.72802737851006,205.36179163387715,197.26165967169712,194.4625000582606,198.37274150628735,201.99766113375594,204.33624429970277,194.56639222232354,188.47240622844646,188.28819928592736,193.8650191674455,194.9168325364626,195.4850238931111,293.37227208561006,271.81050673483753,260.26329993603633,260.65783212793724,258.409372878318,266.09611270981804,284.85053431706245,308.9458936159044,322.7847356286107,325.9754039346243,325.3677101161257,315.04063794674545,292.422361477192,270.1656246173411,269.62836749970313,268.2293244379788,285.5481452327167,310.8979120523379,313.8040365718213,313.1593319700685,9.500180895222151,-4.229797347067559,0.9848675500943979,0.44268847,0.5661561,0.59613764,0.37033477,0.72142804,1.0,0.42023137,0.8246519,0.4989686,0.56604093,0.5120385,0.07811849,0.37715942,1.0,0.105169535,0.3451372,0.99887294,0.6173282,0.016000338,0.3887885,0.0819447,0.00046708496,0.72077477,0.06116519,0.07121321,0.06372664,0.00070841785,/content/data/frame14.jpg,0
442.33688693576386,353.06893157958984,168.87177191840277,204.87545013427734,0.9947217702865601,443.13407145291217,439.0810737155789,437.0063765547816,438.48531109929286,445.98006218193177,461.3045290143077,482.09295631898976,504.02111487956745,526.3497627264846,548.3227986540369,567.9977836812241,586.0190981824644,600.4913419842642,610.165173151554,615.5657264836482,618.770505350577,620.9741342708276,461.6612656154409,474.43431309215975,490.34123319598757,506.1342930087485,519.2567501695435,556.2941034124433,569.6900670600617,584.429552834601,597.8826517814305,607.2769464091589,535.7666169318318,534.9868717647842,534.3085897451429,533.7100245830825,512.5653918787539,521.8389315864647,531.5909629395046,541.3442618491954,550.5576402409506,473.04535675256784,485.65236529839785,497.9053738466155,508.2537576327645,496.0781652901719,483.67974674603965,559.934218383235,571.7210884682818,583.6100078540994,593.8833127211647,582.7606569750096,570.9346758067122,491.05639891609417,507.69096980669383,522.5341973998443,530.5434629155234,539.2466241110924,552.4690717089652,565.8863566852197,552.0831776414034,539.3004183361254,529.6499893419159,520.1725122248386,506.40133715472757,495.8941131336983,521.5100848951092,530.1859679784748,539.2757852409795,561.6416245188784,539.0374259752789,530.0519586655009,521.2261375514795,436.31191175274625,457.61853526628965,478.9089150047175,500.5727330517102,519.8042930586034,534.7250614149689,545.3572972948259,554.449591055296,559.571794808392,559.8407366258889,555.8470539455911,548.5789866863224,535.7441183469346,518.2075819858583,498.45658752112104,478.92478510706314,459.13188067675947,410.7248007176231,402.3896632389137,400.5934768492898,404.63331178013004,412.1634775163643,419.24338954560744,416.900871585623,418.10059563838195,423.5442019351035,432.9702953828596,437.16636949302483,447.93468820338285,458.2646667738845,468.6019209730239,483.5490808846289,486.46223379885214,488.7529944167454,488.7360545845095,488.02308693952,435.99132982383117,430.57758804103423,432.2734249746445,441.7560675682471,443.000207392206,441.4687205351029,448.5054184075434,442.63474809631634,444.53914572395615,452.6458738903284,454.6474703996473,453.13789102454484,506.4869179233392,503.50380760505504,502.0741502412111,504.5843813326319,504.07589328887116,508.38636255504844,513.5795201729252,518.7412599704612,520.5435789896619,520.3234930551016,518.7835216280464,514.5958221840774,507.6088594246203,509.45467102347175,511.07161904112854,511.03183388150865,513.654342649912,512.6506136284297,512.4553219811905,510.99370460514365,18.632179933819923,8.665438160897068,-2.2468993857723807,0.2219098,0.42713133,0.30082792,0.24398999,0.606493,0.0,0.4419168,0.13751793,0.47281605,0.32449064,0.37574154,0.26723707,0.6097271,0.0,0.3754067,0.46985558,0.009548209,0.11028812,0.063603565,0.31721994,0.000300854,5.312731e-05,0.002469474,0.10705979,0.047221422,0.00028568142,0.84260964,/content/data/frame14.jpg,0
660.0531684027777,91.65775108337402,210.30870225694446,272.0658588409424,0.9991759657859802,660.5198149509811,666.1124112519786,672.9438342562485,682.8647469109985,697.8549221867166,718.5678108244614,743.2144613448761,769.8180635117196,797.6389845852748,822.570223000555,840.9422499584439,854.9511666786173,865.1682700544704,870.6298784743567,872.6769770265234,871.4256231628478,868.3590326750934,689.9519234490809,702.9079067965354,720.6295333161127,740.4223591849978,759.1659684774935,797.0082384102757,812.189424908875,828.2390379508886,843.1683969034211,853.9476900486793,782.055352720768,784.3397229883503,786.3811587775231,788.74620882302,763.8247683498961,776.0917821997464,789.1811323725597,800.1817986855835,809.6986264975112,710.6841452656386,723.2566077729989,735.8428769138446,748.9761086349448,737.3785170475527,725.2569155567152,806.9446750140926,817.4392537766521,829.1351166806069,841.1863325571856,830.3750477199612,818.8475303921616,743.8795051823389,756.7269522390749,776.8569946712698,789.3823258660134,801.2255762851455,818.4447347522546,827.6612804481667,822.5075823336213,808.9752523092768,794.5973024708273,779.6372167046607,759.1058283777238,748.735966618699,777.4427111776499,790.1472075232039,802.4778252934868,823.3331586910808,806.4707737522608,793.0016487251828,778.830341086848,222.7160282241863,252.16080983018946,280.3135571393934,307.94042641715396,332.32041139568423,351.0062060185744,364.8833418762206,374.87449906264624,376.67749555640466,368.39334032817237,349.7805778342049,327.28080530668467,302.6997630523672,276.9942439609065,250.34500887577792,224.3044527036718,199.67392451707337,191.47474965308447,177.75912902860068,169.9162022819014,167.2373651117366,168.8465530555335,165.07181556869523,160.5358353823293,159.43276417849677,162.90651900132025,172.67749978947893,189.22363595580032,200.68070929034116,211.62023333076309,223.32390929087626,245.06711916869722,246.63502342970446,248.01167808691412,244.90523420186855,241.6071126003592,206.10338864710195,198.7463405870551,196.23782414921004,200.04029166101895,203.18971221985237,205.17064790542247,196.20660111407642,190.02005200279075,189.6322013868679,194.91117110544747,196.22824999322017,196.90600099300286,293.1821179344404,271.92428079193905,260.8282621123494,261.36406457378234,259.1581946014503,266.8083538903536,285.721651476003,310.308823525314,324.74653400003353,328.0415420548795,327.2068196540963,316.0000170922906,292.48408023217917,270.7332324351996,270.45274080016316,269.0298888943357,286.5250632731527,313.0452029297512,316.0782449522078,315.20102263946956,18.564635066912924,8.851822463414479,-2.315351720486609,0.39053458,0.43513998,0.36744863,0.3769558,0.7904241,1.0,0.6085923,0.67827326,0.51166624,0.58876073,0.3492974,0.053442705,0.35717764,1.0,0.20819709,0.3451372,0.9971756,0.40204024,0.0329374,0.5800079,0.15935151,0.00055551954,0.39771718,0.25036514,0.02909077,0.16235074,0.000569139,/content/data/frame15.jpg,0
440.04123263888886,354.9078712463379,170.71478949652777,203.1595573425293,0.9935050010681152,442.0368100998835,437.9197705569489,435.9230661014626,437.70712238250917,445.69842305000674,461.5677144695831,482.68821625519354,504.6883438841505,526.8389774217285,548.574835129649,567.9933159812676,586.1645049987188,600.7552300157638,610.4006135054944,615.627582357451,618.5669195227845,620.6259624139922,461.06974080455905,473.7397372428471,489.56433461961,505.4864647657346,518.8942198800155,560.0477519632883,573.7179315484107,588.2662983975936,600.7983873943401,609.0776582133313,536.9733180265146,536.2997868297499,535.813009380279,535.4328030467943,513.5921542831152,523.061144702631,532.872335353387,542.5294599750671,551.7208191235125,472.94767583158847,485.629260825235,497.92489969935724,508.5159964929614,496.29952307287414,483.8054183817164,560.3037609517589,572.2477325804516,584.2062643752499,594.5278963781741,583.3169462856035,571.4132984702271,491.49680433031625,508.6222987835254,523.7081057759187,531.8635279963894,540.5818706507551,553.8204183256987,567.1062502127254,553.175716839067,540.21083344383,530.4773478711672,520.9475593129432,507.05661593185425,496.37267264989543,522.5819670204987,531.3822287730881,540.541968239452,562.8524875132168,540.0867087543354,530.992548159862,522.0524317978088,438.2045425695334,459.47208459548517,480.6478844969785,502.1207728176614,521.0585502212385,535.5887241283415,545.914729993539,554.7734285804531,559.830252736871,559.9904726884477,556.1307644644382,549.2957836551564,536.8148296130261,519.4673071578112,499.82817149350524,480.3293772306437,460.56168489015425,410.91660435659986,402.5993492320199,400.0065861601998,402.9500937523519,409.6731632649653,417.05607567447174,415.6158543738538,418.1103145278056,424.75311422248785,434.84131130684665,437.7946564563375,448.69401608802866,459.04780542387863,469.4157771171328,484.64927098399096,487.56046140107446,489.8424695504892,489.9385782716689,489.40708861550473,436.1194018157254,431.0593590197942,432.76067519524696,442.26764265479954,443.41294793626065,441.79766316143457,449.3224500038467,443.74403913857094,445.8345564008211,454.0571413835072,455.81127812162833,454.17334662137756,506.6948301092842,504.2196454646528,503.104572144851,505.73753551560424,505.3055839211396,509.72976740716103,514.6881433346716,519.3577716966299,520.9432168496021,520.5708282500143,518.9254858867757,514.7188620883114,507.87997241208103,510.2608501924161,512.0823095348954,512.0834720232073,514.7626297732515,513.347082287052,513.0755395485146,511.4636768486564,10.823350601881438,-4.258663166018778,0.7088100798721843,0.31352478,0.45690084,0.28666127,0.24070321,0.5473508,0.0,0.440894,0.040827803,0.46477574,0.46575752,0.49961728,0.2594836,0.5649902,0.0,0.3988417,0.58429104,0.021432506,0.051627018,0.18645266,0.43626463,0.00089636346,0.0003373951,0.010382699,0.17465194,0.06779299,0.00041722413,0.74552137,/content/data/frame15.jpg,0
661.3353949652777,94.96681594848633,205.27918836805554,271.2828254699707,0.9991669654846191,661.3905243901061,667.4170682598685,674.7046123175718,684.9345661448042,699.7717200885911,720.0441495826967,744.0650459772114,770.0236694474984,797.4731925171809,822.6709014709613,842.0445631479733,856.9243760376876,867.4692561133334,873.1698961141874,875.7221759010854,875.4971322554793,873.3508158375562,691.5590531929593,704.7645048804839,722.2672171767015,741.9293724666529,760.716461509877,798.2657544027152,814.6816968226672,831.7045469118093,847.2473634510075,858.5962147641117,783.0763173146102,784.9045883458175,786.5192832943221,788.5009596593941,764.9065363021941,776.7973706390153,789.6142058293681,800.4377224588079,810.0092761548285,711.6248240090576,724.2280346075584,736.7059266696608,749.848665728922,738.2437152128059,726.0988772682242,808.883107147471,819.7370487153753,831.6940883392122,844.3843146497943,832.8572989330037,821.0505600574738,744.9359113316061,757.30681161393,777.0879210398866,789.7172586662205,801.7520293509556,819.5666845829023,829.4136344215412,823.5873557239033,809.4900342203209,794.9119288358256,780.0324070010074,759.8236409144922,749.6551239248956,777.810416310118,790.5130997702499,803.0507745079958,824.8482831481201,807.2911532881758,793.577558559512,779.4009537022525,225.1314089416867,254.39070165301928,282.3029826037209,309.7813783190891,334.223586377429,353.22475599850895,367.3684328451982,377.56765612632535,379.6717501806652,372.1232608559312,354.15213451188174,332.10571572467734,307.5470663042679,281.5276123607118,254.54181735503516,228.18372103995466,203.08775517599452,193.53524617200378,179.84148198358912,172.08153157506354,169.39071935948778,171.03029950160249,168.03305498966233,164.16847658939923,163.80428929983373,168.05673715636885,178.1580204649838,191.5630290910526,202.99821698814753,213.96605803869602,225.58579414353017,248.06918334796592,249.4881729843837,250.9218705948806,248.2543136654972,245.63992276378758,208.3515411815756,201.6245543008706,199.22235212019268,202.54752818348356,205.50087191527336,207.322972582685,200.20717516821082,194.9788105434759,194.96770194827764,199.9617673817129,200.90600767539536,201.27496826525567,297.0251601617483,275.40321583490595,264.1294954922955,264.8960758774447,262.9920917659515,271.64488217352164,291.7770135059136,315.46055787227624,329.09601406318734,331.9070222489913,330.83141917890316,319.5568450752644,296.2566006033062,273.9521131416268,273.87315965016523,272.8472881599778,292.2317770791219,317.44958822438775,320.07606760611225,318.98457293870115,19.35349718026847,9.16745416524972,-2.94028376168166,0.33083883,0.44830194,0.51165813,0.32854015,0.70013434,1.0,0.58771396,0.7954621,0.5107062,0.5567829,0.48542112,0.114875615,0.33453467,1.0,0.1569785,0.34372327,0.9987417,0.58806694,0.009315046,0.7968544,0.12500976,0.00078984175,0.24701597,0.4622878,0.023619998,0.14083073,0.0004459043,/content/data/frame16.jpg,0
443.0450032552083,360.1238021850586,171.0652940538194,196.6710319519043,0.9945048689842224,440.4196102503053,436.89723486456796,435.41400246573437,437.48979352626316,445.7791721001496,461.9020034387828,483.03771520532797,504.7035245995356,526.3589736420593,547.7246352781102,567.0445459500633,585.3250172375804,600.0300488669365,609.7766710416439,615.186673666846,618.3714865688441,620.3976281232374,459.2280902147381,472.10214244744213,487.7205378984802,503.14603246337674,516.1175163129872,555.9299634768274,569.0000570552976,583.3151230778851,596.4209749916993,605.7372029775067,535.0295118754578,534.5362944270589,534.2190411866922,534.0470016740027,512.6898083770063,521.8176791203844,531.3491604686754,540.645736843753,549.6282391223614,472.11385323193224,484.6822680564529,496.7838059057972,506.76816052240594,494.81192783629353,482.56188457930716,558.8227171504969,570.4052245910347,582.2347486990154,592.5222895475944,581.3670112190674,569.65992635217,491.4685445821457,508.0006977311009,522.5013708959764,530.2764666763902,538.6494454811772,551.4392398503381,564.4638829246791,551.0726817455416,538.6009565032343,529.2579590004483,520.156084088587,506.7492966641462,496.07586964123374,521.5673918734892,529.9449635565177,538.7083862463586,560.3671480693596,538.4106720806546,529.6851881124592,521.1100593635099,435.9715458369108,457.35616276677615,478.63876575174993,500.22278955914015,519.375176228099,534.0912645260547,544.6611865011855,553.8821386391234,559.1593346380539,559.0366421908194,554.968575898612,548.0843648604626,535.7679815918783,518.3582299900892,498.571772917657,478.857620268383,458.8473430253538,411.2107765568379,403.8123530602578,402.72864480039806,407.4094559113496,415.44199904593233,423.46403412524285,421.3874904797649,422.3399113502599,427.0745569023449,435.5087412606652,439.93206281642256,450.92929830561457,461.31237524171854,471.6908592995811,485.44805590317935,488.41881113840753,490.7038700493472,490.7850929558287,490.138981193168,435.28653176252953,430.5595808640374,432.6553892775144,442.5739384288442,443.42381784163274,441.4906592127405,450.5835804737574,444.99382961526453,446.89095560214906,454.49958943870257,456.7912457765802,455.34398271821647,507.14396869535557,504.75081889189704,503.8137169935459,506.3396593562676,505.84033682622453,509.97406791362687,514.734188817918,519.2921246105259,520.7813847224575,520.5023656109124,518.9435019414349,514.7974200206604,508.18956942946915,510.3868361410061,512.0809400292078,512.004035694304,514.6915798494849,513.5977152095629,513.4132545284593,511.9684461630608,11.046300107202281,-4.5283166368406045,0.20975050131798917,0.23862907,0.46675268,0.23715752,0.2999103,0.54823196,0.0,0.48226273,0.48068747,0.47012168,0.33848378,0.44212055,0.18074596,0.5559027,0.0,0.30942035,0.46879813,0.0028450002,0.110079795,0.01579292,0.22571759,0.001183721,0.00024370839,0.004155507,0.47359455,0.042786986,0.00070511794,0.4773304,/content/data/frame16.jpg,0
659.4019097222222,91.56550884246826,208.61176215277783,271.9436273574829,0.9992009997367859,662.0111114128345,667.2944443222832,673.7981427897456,683.5579696942124,698.4642728070814,719.0099336789984,743.474868201529,769.9097339508769,797.5058490375654,822.5966073133394,841.828027605437,856.4718696757291,866.723673662877,872.0746228467733,874.4326583595459,874.0907500180174,871.7888304208956,689.8791212402249,703.0996808509269,720.8532491162391,740.6859752719171,759.6418245986827,795.8006254350433,812.0041981965687,829.0213642058733,844.9328229912309,856.4518352240409,782.0308689860741,784.0904495214651,785.9080411117566,788.0112306186862,763.3503377626291,775.5877698722375,788.6699361588994,799.9636483393755,809.8993164592539,711.6640782819085,724.3608245101228,736.8894466770105,749.6180729696102,738.1882918505083,726.0986478612172,807.3193070021459,818.0022990718406,829.8890310222864,842.3758045262545,830.9069951282086,819.217806761593,743.8277371387142,755.9216019785067,775.7028026365906,788.3085574424776,800.3594357402985,818.222989255194,828.2938412966574,823.0035400936968,809.0199790884593,794.3841313479185,779.2626523886413,758.761232643292,748.5354734433388,776.4730203239186,789.2303756312208,801.6934579097945,823.8292707180325,806.5333340664031,792.8863323986027,778.5525380563779,223.39181214744593,252.9452250858339,280.9229867517199,308.4070450654225,332.7119860128453,351.45289290429037,365.275225200748,374.97491471103336,376.8771956242863,369.1468343621753,351.253676540999,329.10829387816824,304.4396012015995,278.44772052018556,251.46292852292154,225.02068114792735,199.9274428793473,193.32523520744346,179.79798315305885,172.36610604471554,169.8288108166438,171.3999689257089,167.60453930800657,163.5507430672228,162.73014748681493,166.54145878393803,176.5592000775039,190.7222639345901,202.23667602388147,213.1812927464224,224.8310443646907,246.439960818992,247.94392571120594,249.36714981802416,246.41403273734122,243.2733892986723,207.50130200720298,200.35298046848104,197.87254029117094,201.478722144116,204.67002551426242,206.55220389759327,198.05555403479607,192.06532105826972,191.93462057465942,196.85358418812623,198.3087467121017,198.86602540927808,295.447925323789,274.58105189344644,263.6250855567696,264.16949746774037,262.0672805070092,269.790814494807,288.77194029727036,313.973063115645,328.61142002537787,331.7389924431395,330.72470456184743,318.88105640799324,294.78130325752034,272.70382377026567,272.4834448016959,271.1610931865814,289.3927943394398,317.123723780158,320.07580996187056,319.0573206810011,18.90316474148557,8.68637123767338,-2.9970658466588618,0.26846656,0.4555369,0.80088407,0.3311761,0.78603,1.0,0.59024,0.99052536,0.50308996,0.7468196,0.5394486,0.09838224,0.3200896,1.0,0.15662585,0.34372327,0.9950069,0.57298374,0.009457565,0.5706839,0.20883198,7.785235e-05,0.13433474,0.31534794,0.00951763,0.33140433,0.00048545556,/content/data/frame17.jpg,0
440.2573513454861,356.39373779296875,173.7641872829861,201.56609344482422,0.9952929615974426,441.4990903239715,437.2302807114162,435.0077683154327,436.7005304605581,445.0854344289365,461.55813774508,483.18504089713304,505.3044512477362,527.392042991374,548.9658154133319,568.1579139231093,586.5006560250215,601.2602654377827,611.0264296237494,616.3950518369793,619.5954097119327,621.7453498773714,460.4635567606277,472.89947075142635,488.3599905880834,503.79683749649513,516.8005990054406,560.5486533766021,574.1122176448877,588.8375431213715,601.758161038849,610.3146414749077,537.3184607911717,536.7668757962043,536.4152708181007,536.2113837588773,514.1736176181724,523.5630982275687,533.3009832121024,542.7713367149165,551.8692380689554,473.01815977808855,485.7494663552561,498.01380207623316,508.2249437858459,496.03234770612863,483.58121643411016,561.3409611991649,573.2659176686839,585.1235461388694,595.3654612134881,584.0260420812126,572.1971757863312,491.8174707765512,509.04633096058325,524.3050253876752,532.2950279329825,540.8651037230823,553.913096988335,566.9953597727347,553.3815229704715,540.6175471756402,531.0325053998716,521.6141689038232,507.57811201837393,496.49975828479876,523.2708557842094,531.9194472668936,540.8795208535605,562.9187142901826,540.4328348999528,531.483977840798,522.6141338652294,437.3164771430199,459.06684499620604,480.77513645409147,502.76758955370315,522.0331289261367,536.7117573170015,547.173764305501,556.1998106812364,561.3724896741363,561.1293447686206,556.7975737451255,549.7454776230809,537.2679413765915,519.8244389539992,500.19583298473185,480.71766977200514,460.9049282122696,412.6916146065149,404.9881020695062,403.4274332781051,407.5865447469927,415.2427042189456,422.95102486896883,421.3830898438067,423.3684296305752,429.65622320601113,439.4511639844125,440.99944846073276,451.6768906299688,461.8099059095199,471.96051729681966,486.5627493132803,489.42521290121493,491.65617733994134,491.71234648028457,491.13248949244934,436.9305161429867,432.1667574304065,434.1857756339721,443.888396317356,444.8655101269542,442.99968835185047,451.7637610496655,446.51826113071985,448.7271889855102,456.56897622093584,458.49771435344667,456.7822488321006,508.7486082182577,506.47874636150095,505.47532849734523,507.9277688944785,507.4030430135921,511.2680738549843,515.6035789152733,520.6088894404513,522.5750976950751,522.4000016454168,520.9165798391181,516.7397497168728,509.8489524506187,512.1679767223062,513.8468227322376,513.65728071784,515.6923019362364,515.3682625116073,515.3344831748967,513.9084992164235,11.775967773775724,-4.125214354548155,0.7333174238714835,0.23028469,0.4755573,0.3350039,0.2585239,0.5523487,0.0,0.46121815,0.5211416,0.46641436,0.36980298,0.46874043,0.18920141,0.5755527,0.0,0.36801425,0.5498642,0.0029214977,0.06027179,0.050713733,0.42757782,0.00063089683,0.00031520738,0.0022203533,0.2582356,0.016434565,0.00031195086,0.7218514,/content/data/frame17.jpg,0
664.0773111979166,95.89881706237793,206.71148003472217,266.1433353424072,0.9991276860237122,663.6635133103551,669.3261827953381,675.7690830565605,684.6612335077544,698.643782047862,719.1674283376451,744.058554741956,770.6146411213224,798.0903307518163,822.928879572894,841.6352488955,855.7117451248367,865.5050719261553,870.1869705570698,871.5231302763714,870.3240682234145,867.3718235996405,690.6679511283503,703.2445394953836,720.9030977380879,740.8829886418246,759.9527467316743,796.7280154932814,811.8248632935358,827.8696304763656,842.6944530541725,852.8561275149984,782.937002977104,785.0230880734752,786.8691665914964,789.0541249562646,764.4002353843368,776.5397464161703,789.4929440904747,800.4320129553815,809.9936519342782,713.4217664129444,725.5185700559351,737.6017153296393,750.1358437765418,739.0102215750369,727.2799762024066,807.3828570246428,817.6209993174192,828.7992181382119,840.4997482293699,829.8631242024089,818.8187288465432,745.267734458015,758.3997377946322,777.6667760379345,790.0639495889029,801.9857167084223,818.6203731559971,828.6738276455415,822.4018473609497,808.9422715941099,794.8396388615947,780.4060643171655,760.6258521097805,749.8224246530297,778.2032120609277,790.7487526226558,803.0627576504,824.1300546279285,806.9298179575308,793.56351885899,779.7169972071474,223.39954602959622,252.3964353496368,279.78433069560106,306.6970099706639,330.65898654238765,348.82208589834335,361.51245276464687,370.5766034885787,372.192707429106,364.5555374417114,347.27325537531993,326.1426444796766,302.52685759972553,277.288228015864,251.26658839176886,226.02402786260038,201.9455030456397,196.30403496663996,182.38689906968392,174.59543234047342,172.42663558619222,174.56526971171428,170.48795617981568,166.00320444997044,165.1216066821612,169.18674665704407,179.82126719995455,193.44325858596312,205.3913240151264,216.71223710236194,228.8363098937891,247.27564144029324,249.31057665753798,251.10211687868647,248.01938009956743,244.68557679428596,209.25502445859283,203.07305615890968,200.7933839037085,203.66044218245443,206.74595822556768,208.48211304540675,200.5555474356007,195.7024575642754,195.60985667592016,200.1199358766168,201.40544065421562,201.76792520885854,293.44854405105605,274.3218776755165,264.4727181256018,265.27133773073433,263.2791955645787,270.300320747995,287.5815367953202,309.25884414746963,321.1174115652027,323.7551805644258,322.9981166668232,313.5768876277988,292.7440767727412,272.92310837212597,272.9830148364397,271.76173770758385,288.1876257426616,310.2811564320271,312.8559160900114,312.15367603010293,10.085823734306619,-3.5143918557468736,1.018632132591305,0.44022167,0.441333,0.37585336,0.34625834,0.81751364,1.0,0.5830969,0.9844381,0.50876653,0.68586427,0.5419567,0.078004576,0.29419735,1.0,0.085618965,0.34372327,0.99936515,0.59723467,0.06911282,0.8118397,0.1131421,0.0004966603,0.1593981,0.53828,0.014977815,0.17343582,0.0002695182,/content/data/frame18.jpg,0
438.6675347222222,355.81582260131836,176.2888454861111,204.7268943786621,0.9963296055793762,441.867022554993,437.7515048543824,435.57551307721224,436.9456414958802,444.7761668384689,460.7580355803926,482.10860245628265,504.2172409186769,526.5040213350328,548.1910598576394,567.3724477091505,585.588291673413,600.3806413312758,610.2395768733764,615.7615015419082,619.2029923516509,621.7362527925212,460.48606726746425,473.97429276932667,490.2696140340815,506.2058106084488,519.7473227463283,561.5142710420308,575.4358623017737,590.3444790357497,603.7805747150727,612.681463692717,538.4451405993476,537.78058786443,537.3131034305617,537.0129762275369,514.6078786858668,524.0514083654085,533.7742499269806,543.3020146638701,552.4964414006788,472.77762047787525,485.7356739699448,498.4131196560248,508.8366387480777,496.2604581709223,483.3698000463352,561.5469400403695,573.925634985031,586.285176612872,596.609195102634,585.1012439128838,572.857383632813,491.6610776076483,509.16777294526736,524.4119314822152,532.4251271910185,541.0670363817436,554.0197158162648,567.1062195339849,553.1888601615212,540.5483592906849,531.0689903581473,521.7807006543505,507.80282090083193,496.5430281668614,523.2724994930971,531.9505115145724,540.9759409811768,562.8750937016472,540.537655105214,531.6514093361482,522.8918126780778,437.3314426594143,459.06521498219917,480.8424337048365,502.9454931047623,522.5156874304495,537.5419769885623,548.4002236568933,557.8918196685939,563.1798483665015,563.248407869066,558.8133167844384,551.6109814290647,538.9214697391161,521.2518760276656,501.5863104845068,482.2163327497134,462.56199854753424,413.30731143965903,405.8767104273596,405.0385990627654,409.74364501914175,417.48390596325055,426.0330504276309,424.1997792864381,425.68242611982316,431.3199515984778,441.1178322824104,442.49927257970523,453.3824785970584,463.7772237842546,474.1453329750465,488.56451510549505,491.55123178641554,493.9921375107813,494.10796529063714,493.62081502764795,437.85282874406005,432.9186824678689,435.0505945264157,445.2837006557182,446.3938242628664,444.4315977053272,453.57623021136476,447.9641106995938,450.30630655493195,458.69925923500983,460.9147693713312,459.0547011584398,510.61310176950894,508.5071887277933,507.5531104728617,510.2074263190504,509.76774933827267,513.9859745038527,518.7647416938175,522.5988754983839,523.8084923862186,523.3004169781708,521.7249395240024,517.9193160465384,511.8057764650184,514.3037467732146,516.0887978285584,516.1246736895757,518.7848614624044,516.5427080080744,516.2721015135439,514.7302595094803,21.361115145294214,10.110006380920897,-3.1752805016312258,0.23334734,0.4349243,0.1872833,0.26296404,0.5915311,0.0,0.49901876,0.36165044,0.46846706,0.35092494,0.46038383,0.20126003,0.56774837,0.0,0.30810678,0.5498642,0.016612245,0.16810383,0.031457964,0.55275106,0.0019331861,0.00042920987,0.006676556,0.41595376,0.06604409,0.00027435788,0.50868887,/content/data/frame18.jpg,0
662.4454752604166,95.3624267578125,208.06966145833337,266.1112861633301,0.999354898929596,662.8334150331426,668.5459610466653,675.1578333007227,684.3606669471832,698.6148660435776,718.9909655233993,743.3217669223006,769.2959433684573,796.5521008148198,821.4002208425068,840.3753402394791,855.1788679946071,865.9309261825174,871.5696973329041,873.4016588982066,872.4306134408773,869.7367650457184,689.8108182704384,702.7085334620784,720.7624948930214,741.125147019694,760.4178923270331,796.2546792432607,812.0834415773251,828.8279753226541,844.3179937869477,854.9379195961452,782.3346797058596,784.2434425025226,785.923666913821,787.9576528334385,763.2202902692676,775.5958903239923,788.8646306464656,800.0984143274379,810.0474761464159,712.273436854154,724.6479710181834,737.0690998326144,749.8223487674943,738.4474678057101,726.3496084122031,807.2950418305313,817.839384569163,829.5372875129599,841.7440961625532,830.7083016782631,819.121041995408,744.26023609525,757.6551226781551,777.1183438785997,789.6011040157434,801.6180128176824,818.5158635192963,828.9679686452457,822.2540563908601,808.4870121682578,794.2318090408958,779.7080014582772,759.8001230170813,748.9391536406097,777.6049420148411,790.2240600259544,802.63295013115,824.2623847987369,806.6357123003377,793.1675552490008,779.2397328352453,222.47485086107193,251.52481669596807,279.0653004853454,306.22126420633435,330.34366494051034,348.6369569001097,361.69137705774517,371.0857189047843,372.8271939635469,365.18940191510626,347.9858118877562,327.22298442310563,304.07446517685946,278.7953065654321,252.32391114360433,226.33321339166804,201.53725538989022,194.47442571972104,180.4247872264841,172.7290183377152,170.72183195558353,173.11607941338647,169.8161769890446,165.1920671625703,164.0853204960748,168.04209709525824,178.88897197065862,192.73618640056964,204.61464361467296,215.85904813507503,227.91388170863385,247.54542798703085,249.52238875444115,251.21527061774813,248.26608429973848,245.16813009466202,208.3515421903923,201.9393531378725,199.77961114995267,203.3669233868212,206.4948081833015,208.1075103224185,200.56066159081573,195.14627946558636,195.0038593382863,199.84813269466102,201.53556138503495,201.9954837032461,293.8738341199897,274.8592006322356,264.91662932624246,265.784378554924,263.87085731765615,271.28850486995884,288.67931098446206,310.26085670580284,322.1780856939536,324.7708648106678,323.9374524893901,314.18567561788484,293.1384076076449,273.4815369083495,273.5963295294984,272.4312729318323,289.2242095349927,311.0736744961432,313.61757491096535,312.8039006013162,9.946782644595043,-3.6491063867248945,0.4826147005676767,0.40264496,0.46587288,0.48092312,0.31381282,0.73611426,1.0,0.6171597,0.68966615,0.50925773,0.7657213,0.48170325,0.058125094,0.33460137,1.0,0.1977134,0.325484,0.9978955,0.36432767,0.012717217,0.6142295,0.15352544,0.0001597613,0.24183924,0.4140413,0.012241585,0.1779397,0.000253052,/content/data/frame19.jpg,0
439.33612738715277,359.6329536437988,175.59106445312494,201.42474746704102,0.996021568775177,441.8815940064212,437.80640254159306,435.59930100800267,436.98222011263607,444.93578873351925,461.1584721427935,482.4526717318039,504.3919636781234,526.4671714570295,548.2077473678532,567.7171296048447,586.255219325266,601.1464743216245,610.8721064795175,616.102431247615,619.2915261123454,621.4853407711634,460.5008348722742,473.72503550321153,489.67668323520223,505.37579750614844,518.585068861962,560.3455613961938,573.8002923659244,588.4585426176972,601.5361121944572,610.3195540174448,537.7815882390371,537.3804247497035,537.1880478032833,537.1055820172195,514.94446517432,524.2421223774941,533.751843720774,543.0257293399151,552.0413547073127,472.49958153226623,485.3171692183181,497.90265259857335,508.21554373122706,495.8837679841974,483.1136730416394,561.0101140366137,573.0430305477756,585.3423616843554,595.6159072436792,584.2789650849227,572.1870806383381,490.74831344692274,508.59817258852524,524.1332917436846,532.1814064374265,540.8853935416612,554.1765471992031,567.6510590082534,553.3598852350129,540.2266181165123,530.585310250344,521.1725913769396,506.93210870577207,495.52946332945015,523.025002867981,531.7571773080706,540.8390893773689,563.4271798870536,540.1559084592794,531.1079249235556,522.2198305027401,440.358016253031,461.75622372569626,483.1280303330642,504.8653142396749,523.9910663314347,538.5352129798487,549.0087856135453,558.2859848474303,563.6204579676339,563.6221579960677,559.325955631325,552.2077636944252,539.5177285654865,521.8201300213709,501.97342180344015,482.4015851320346,462.6244484167072,414.9713763937479,407.34710904331536,406.0118159471167,410.38371279822894,418.13345089129416,426.3169699683905,424.39537596430256,425.8829440650087,431.5655916526831,440.9877687351285,443.06318649844127,453.8044415753707,464.02629474468813,474.2009649214551,489.2302823964735,492.0104195737117,494.21730140023755,494.3880966297599,493.9432222398467,438.9222341879653,433.699415477614,435.77357983013223,446.1094213466434,447.27698790871307,445.4032396201244,454.0949663498062,448.06427395784664,450.12198549280987,458.3943022415351,460.76265795523824,459.1888998536364,510.75030843204274,508.78742390684044,507.9922428104038,510.5845700667602,510.1640723557463,514.1506390331931,518.5616509453051,523.1470598420962,524.6551435401739,524.2383628404816,522.6587482849952,518.566664588483,511.9386715283862,514.5178883959728,516.3522334831491,516.3368035640585,518.6827563606881,517.6819006377933,517.4408423686775,515.9300357437014,20.65449985392217,9.739620437097733,-2.8267665621438174,0.23994106,0.47177443,0.2242737,0.24689156,0.5644042,0.0,0.41781104,0.2398128,0.47173178,0.31415835,0.58402675,0.1593404,0.58010185,0.0,0.17907727,0.58429104,0.003151929,0.12679785,0.027564116,0.45337936,0.0006081558,6.307903e-05,0.0003412914,0.512872,0.008269589,0.00019218754,0.47765368,/content/data/frame19.jpg,0
666.5197482638888,96.990403175354,205.1183810763889,263.1648473739624,0.999406099319458,662.9317844405966,668.5220227570732,674.9293541109786,683.8848372325873,698.1464628797082,719.2577090097504,744.6668239530679,771.2408577535509,798.2328566397266,822.6269215847974,841.2933872490663,856.1653586240022,867.1420384552082,872.9564871350367,874.7369751071496,873.5477557354321,870.5464257235557,690.4644321295232,703.395750483296,721.56278504562,741.9725067549809,761.1015198199826,799.1660076923373,814.2199223466384,830.6076171408679,845.8269296428604,856.7417005721593,784.3174897962023,786.6076109453084,788.7134924070124,791.125229066979,765.1667926159688,777.733085618501,790.9325566680982,801.9916624894076,811.8247687643793,712.5683476909628,725.5780168517249,738.1082261312545,751.3497101541128,739.6084958538421,727.2577640384909,808.650756397351,819.3011580571812,830.7271244738589,843.0639366683647,831.7196997901729,820.3567340103704,744.0657109149415,760.013502397521,779.7476566262219,791.9417527081531,803.7230976800156,819.6202834822132,830.5522021797206,822.251082410466,808.693710521447,794.9540377157455,780.7906023352094,760.9358302155326,748.8336563356273,779.6853147949311,792.1150373998391,804.1807040388662,825.9843454264931,807.2215435627836,794.2225752870122,780.6873016195921,225.53100957389145,253.88608662547975,280.81308963501067,307.3139960156369,330.1085939401421,346.8881651189263,357.9004016286674,365.8753373416296,367.2752615622209,359.62223708076147,343.46937824280775,323.95544389791974,301.68625283839737,277.30444167719446,251.8005716678387,226.5812115558145,202.15734036380857,196.33214374144774,183.01729701102406,175.40285971378754,173.26111099377283,175.574610329613,172.8451411478496,168.19636424585423,166.99259468223224,170.64969977271494,180.57284594804295,196.77690339140463,208.99100834008158,220.4778766272731,232.7879130805316,251.64915932155125,253.611496457946,255.06984732235588,252.27950450460375,249.2214607434279,211.79903538201782,206.52323555941646,204.4625387492866,206.99669089832352,210.41992000638183,212.06425168723788,204.3192391231943,200.08319450825076,200.10699621286048,203.7053076106991,205.58752457653537,206.0386181716098,292.6819239884675,277.14100142323946,268.93426025968927,269.99011855812887,268.02610617324837,273.8398395784425,287.05214792542495,305.58007618682524,315.6363857937557,318.03296992528374,317.5355905321585,309.6420267203649,292.08732371411713,276.98684091651467,277.3503321918947,275.99458559148445,287.5353724099963,304.56638144578045,306.83871484411054,306.4110935508537,9.345019796685568,-4.018601074150296,-0.375160784413228,0.46813017,0.45982748,0.5531996,0.32665655,0.8038964,1.0,0.35027313,0.44797438,0.48854324,0.69331867,0.67875457,0.51645505,0.27396742,1.0,0.24629208,0.34372327,0.9992192,0.2848058,0.01728982,0.41035524,0.023276929,0.0011889463,0.20394424,0.66012776,0.09270173,0.01858231,0.00017803011,/content/data/frame20.jpg,0
441.4507921006944,357.3822326660156,173.83414713541669,203.65150451660156,0.9963627457618713,442.3943616471711,437.91974644811216,435.5776088959758,437.198085066309,445.02039074272307,460.5219465545706,481.1140640925132,502.3684890192226,523.6489948894332,544.7709248359206,563.868526381586,582.4394254217714,597.8112465654849,608.364028924927,614.3896663994674,617.8385561814721,620.1967075494485,460.8555073284924,473.54722566399687,489.2713106988931,504.95057525730044,518.0100487341488,558.7579432889215,572.4201625918577,587.3180257687218,600.521639975208,609.1742788452048,536.0435463283338,535.4604868441293,535.0277514799654,534.6772719593937,513.4373696245138,522.563696984982,531.9783276541621,541.135790461005,549.8837365710624,471.7864524439847,484.4611136530775,496.9752179229117,507.58864703369,495.0458034723015,482.33654003964693,559.796680045145,572.1484430051096,584.3639237492698,594.7108407222258,583.3876035487028,571.19241364749,489.39883129084046,506.9249558473066,522.3182331372236,530.2172776746265,538.660205657392,551.6228497168013,564.7966758588027,550.7112329795309,538.026397216383,528.6643654229265,519.4576102883493,505.34010700324325,494.183719406562,521.1913193402379,529.7533995809426,538.5639661747264,560.57718559981,537.9032392285008,529.208765971609,520.5233966464057,442.005155951465,462.7137455498578,483.49226790990906,504.6049846775277,523.4213257160354,538.0006095489643,548.541258188252,557.800160643541,563.2987897204966,563.5096950435654,559.455444786292,552.7968000167311,540.8036882664219,523.7438670910415,504.2791950196952,485.0952590690413,465.67670387405633,416.33646032650086,408.43618493753365,406.70578243363434,410.65793027623477,418.2172233661677,425.194287250466,423.0960567737693,424.8408799054632,431.0953756563622,441.32833325401407,443.64542224850265,454.0190610817508,463.9863004044237,473.9546686146259,489.31287027653343,492.0479681152865,494.2421030499627,494.3901256960726,494.05208578776,440.69236171883585,435.3336491472146,437.293419747647,447.47238738881333,448.4555537460101,446.699412606441,454.96710811206594,448.94227906665947,451.0828828830072,459.68823957338645,461.7148475987033,459.97442348680124,511.0504226500889,508.57939709546554,507.3593682851697,509.86271643885993,509.52994952778135,513.9969356320853,518.8950839411573,523.6036082778755,525.230852311026,524.8353483858955,523.3031785321546,519.2382366175061,512.2615660230567,514.3681575506162,516.092238284351,516.1641229289635,519.0356049475558,517.734587560959,517.4612219833616,516.0350073281843,21.58413521780152,9.962772062795523,-3.4748006166829613,0.25441882,0.43082717,0.24319735,0.25112152,0.6092239,1.0,0.42957842,0.16663778,0.46656093,0.45358184,0.5384938,0.24519461,0.5248949,0.0,0.17146005,0.52935845,0.0019249108,0.10981737,0.025196925,0.42020306,0.0009164239,0.0002931505,0.0012801565,0.51288736,0.016285107,0.00025438113,0.46808344,/content/data/frame20.jpg,0
666.8667534722222,95.91148567199707,207.51068793402783,265.8446788787842,0.999508261680603,662.4098215428069,668.2342359791384,675.1784732335727,684.6950039203773,699.073491826168,719.9159533733994,744.9005851903079,771.2486655816881,798.1095247113999,822.4048263638006,840.8879447812578,855.4070320820947,865.9556803147095,871.5933847250333,873.3137010611072,872.0285549931507,868.9167434101646,690.5821620905294,703.7948876794943,721.9190467190996,742.2528557164194,761.3172057676562,800.5149024133627,815.133227397906,830.9578825471747,845.4711323372053,855.9026500598313,784.6030648958638,786.7012222001174,788.5936024947771,790.8158687014165,765.2694192524652,777.6253570277593,790.7068384507224,801.5981694838272,811.1988021585669,712.5720320219947,725.811192788153,738.3210259826993,751.8255367921845,739.9459551104358,727.6238920110419,808.7305048368714,819.4985826287834,830.7136197985844,843.0079689826684,831.6410994878252,820.4071046689237,744.0682360110467,759.7863138050415,779.5801815748221,791.8394866793753,803.5979257508743,819.5027848759762,830.0931893748143,822.2684339696204,808.9285618810343,795.3075575537819,781.1934832176789,761.1919274616398,748.9149672144689,779.5804477805266,792.035832401152,804.044105526343,825.5533743340104,807.4773985269233,794.6044322293719,781.0976871934381,225.23613749011213,253.62044433005872,280.5262922238344,306.8907537733892,329.76972698958457,346.61275206149435,357.5243337428358,365.00684368548286,365.93531213876895,358.3004945037501,342.480022586981,323.40773390134154,301.7073864419083,277.89505799627955,253.04121874640964,228.5349490731769,204.9340069716302,195.69671656152047,182.65409166407062,175.11098189425888,173.00858431342613,175.4841832773027,173.06833798674427,168.68341663658464,167.8620294279417,171.66732588589548,181.2711720437826,196.07306487628557,208.09288942758337,219.40700265619876,231.56897154636363,251.4429196964718,253.2610476142636,254.58852038923874,251.97147112279617,248.96254804460705,211.4786361878671,206.68290239155363,204.48043048051454,206.31482546832183,209.89725070751285,211.59942702629303,204.16901734295914,200.9294745585364,201.1072619397694,204.52430688502739,206.00016081823264,206.21775545963794,293.370869584468,276.7688367339215,267.83653249507233,268.8120623139789,266.77220405901517,272.8988332750762,286.96295601219526,304.6934348442019,314.4634313910958,316.95237866958473,316.7007001906543,309.4655523915858,292.5599689791138,276.37295082191395,276.50641495334435,275.1860726883117,287.3926120192905,303.2519879983058,305.5269058903607,305.3440035566623,9.711998265079732,-4.024982509114127,0.10461108176266662,0.49592164,0.40936226,0.624999,0.37631592,0.759795,1.0,0.38646194,0.82282776,0.48504737,0.67463607,0.54287285,0.29794934,0.29759827,1.0,0.17306004,0.34372327,0.9990478,0.5068223,0.019659847,0.4793498,0.009996819,0.0006466584,0.0478885,0.85316765,0.07390181,0.014209633,0.00018912074,/content/data/frame21.jpg,0
440.4526638454861,360.20053482055664,173.232177734375,202.90934371948242,0.9967137575149536,441.8852255651974,438.01507204549915,436.21363108362516,437.8518347472381,445.5694576437422,461.19292522124897,481.9897815310165,503.5558777350187,525.3896845594899,546.9803371101165,566.4890338013263,585.1298261872852,600.2256225765124,610.2433638634367,615.858828516067,619.277690228808,621.5975538376575,459.6709868607139,472.4150631512331,487.82964939375677,503.31497300829415,516.5603717593763,559.8655833673113,573.5001320003158,588.1947107758131,601.2292253693151,610.0515718299608,536.4337490651274,535.8118145959227,535.3765199716289,535.0705235105011,513.5908679687298,522.7370839052007,532.2417833167281,541.6038179012355,550.6571565680713,471.9617431235662,484.7937404234532,497.37106721956286,507.7468493287232,495.3493339135253,482.60302984569717,560.3411231152394,572.4885324303322,584.7982719682344,595.1890752468724,583.7353536975039,571.5575537264824,489.7940410180491,507.2775067202801,522.7126872038558,530.8276599443643,539.5217386795572,552.7875212301865,566.1230832811527,551.934870305729,538.9448677187854,529.3165738345317,519.8976982739282,505.74578282977376,494.5861496550051,521.6502551255672,530.4324653116328,539.5510553581513,561.800948577154,538.8890499237989,529.8497600415567,520.975347449992,442.81683553137225,464.0196371321231,485.20350625404916,506.7220209081649,525.841008958974,540.3962899715277,550.7030037275051,559.651310313655,564.829375926944,564.9394440905369,560.7742406962601,553.9580548702997,541.641566691038,524.3449149922046,504.7386169824081,485.4336131545985,465.8473578839794,417.3011659094358,409.58805662037855,407.7337041332647,411.3373407437884,418.3845115193352,426.4018031186172,424.96648320710165,427.14748444922424,433.43237804170246,443.19918597570984,444.1694954711389,454.6737847736713,464.6846322871638,474.6442046395311,490.07210674968354,492.79715007783534,495.0410515600703,495.2475890120865,494.9542916072803,441.1874232430357,435.8902840210708,437.79870546170065,448.0178828083017,449.09232456556873,447.2726586437222,455.9005426407627,450.0577213403522,452.2269741412263,460.79923627157774,462.8457363657444,461.0509968773065,511.9420006639191,509.2609323536585,508.06703238772405,510.6400063305743,510.2376857130954,514.6974927008285,520.0600211779449,524.3199958153997,525.7861490356643,525.3806064861815,523.8274175621897,519.7755623163387,513.0721876501367,515.4078271152396,517.1351164731002,517.1973636188875,520.098248965775,518.2316618449706,517.9777823109871,516.4910783892922,21.275215791215494,9.806908354744282,-3.805081458440808,0.2608174,0.4570016,0.39271832,0.28713426,0.5856284,0.0,0.45914266,0.07512553,0.4707135,0.42454928,0.35236967,0.049900696,0.54707307,0.0,0.35091227,0.58429104,0.012577195,0.111602224,0.09971356,0.44649172,0.0008717559,0.0005163286,0.0015854052,0.5610853,0.007957058,0.0006796831,0.4273045,/content/data/frame21.jpg,0
866.6567925347222,240.26272201538086,97.43630642361109,150.83699798583984,0.5031298995018005,865.2693403473653,867.061972327826,869.6516763698571,874.4783181462632,881.0169355608422,889.5521103194235,900.6511393880774,913.8314117235248,930.380240740685,948.6354163903218,964.5741172912134,976.5866150389948,985.0571492846257,989.7902395216976,990.9311664223942,989.597046220287,986.3855838403464,864.3286544681969,865.3109658600233,870.1922578105678,876.9606799895795,884.3785605009929,901.8326803605426,909.8723677590281,920.3750135188069,931.7783918940333,942.2868365815782,894.1076832402832,894.2533792775256,894.1364135558948,893.9164265110289,892.3155124768681,897.5010053893212,902.7849613980676,909.2475724012746,915.326353724229,873.1468789368068,875.8476688574315,880.4945303872088,887.101348586669,883.2755828624681,878.8858646700712,912.9866131378511,917.8082192872156,924.7889955038476,933.7265295397762,926.5818945047031,919.7520306631274,895.9429926319269,895.662351499803,899.1036995594475,903.5674282531944,907.4499587372865,917.831361054766,929.5975527171504,922.0993179471283,914.8987165161727,910.0178264448084,905.4802544746051,900.0383140961035,897.9690948386037,902.0438961900152,906.0953615772255,910.264429219533,925.7772191048198,912.3933100036313,908.0823007926631,903.7905008670671,314.1651494565808,327.1756291870357,340.96821974542434,355.0086483850106,367.8327586685889,379.20921923027765,387.49058436065,391.9709492341466,391.9906817716057,386.0181098335699,376.24903652773446,362.6273713881344,346.65888287875475,328.74839549553724,309.99109743357013,291.4509543819784,273.6832069314304,295.45679434495986,287.64516933540153,281.4241497544588,277.90140093203206,276.88304987843304,269.88493621636815,264.4988678325994,260.88044749073424,259.9352950885981,263.79764530406396,286.15237428655854,292.43462515036026,298.113053894692,304.73027779802277,325.34146339789095,324.65135323326086,323.3756646456306,321.5402365782558,318.66290032467293,306.69428023126346,302.814031557818,299.2215283773039,296.4994901064739,303.07229692029176,306.22463720877477,287.9228112081413,285.3304477508649,284.1913225635393,282.95453264392916,287.8709445193307,289.49956394233516,355.6105932701897,346.0083888308824,339.1290911529821,338.8892475005747,335.9996660692903,339.46728462030313,347.039670144812,352.36016209566077,356.2796978304279,357.7149621214794,358.552715684211,357.27467515936587,353.3500903116786,346.5323853381818,345.347904444198,343.40987581299817,346.534240995067,346.9914230657978,348.65253806169824,349.8632678696449,,,,0.58707154,0.54492176,0.5645444,0.3687461,0.1408417,1.0,0.29594955,0.013078124,0.49209177,0.20222597,0.30159363,0.3512996,0.4539572,0.0,0.32732108,0.5731187,0.44330138,0.3793435,0.098165624,0.67255896,0.0013895992,0.00022830101,0.8791588,0.003972244,0.09396739,0.013555108,0.0077285552,/content/data/frame21.jpg,0
667.3814561631945,95.57827377319336,208.34190538194434,262.7866859436035,0.9996362924575806,665.4742727602561,670.0918219490397,675.6492353477554,683.9177322502268,697.710693218667,718.23606936145,743.1894749428243,769.4409583014385,796.5918381498454,821.2175078268035,840.0320843164443,855.5273679562418,867.3542988155384,873.7338384776219,875.0967905400734,873.3566785740852,869.8236191747094,691.5090526992625,703.9415661680512,721.7847858025705,741.7258328772209,760.4234702489582,800.7095273528496,815.0498175254677,830.9182387315469,846.0492001142802,857.0707237241725,784.6152913814415,786.7800042754118,788.648135582723,790.7532652566091,764.5502660986913,777.3661374416231,790.8723941048407,802.1944464547732,812.347615116819,712.5986227289429,725.9214307397874,738.3547383382445,751.9406335199154,740.0451913555062,727.7319805976575,810.0796747639517,820.6613351194553,831.6896252780008,844.2769094502529,832.7910314390413,821.6285756574796,743.619761651272,760.0348072127113,779.8837822357584,792.0800162837666,803.9418324605634,819.9172215232672,831.2492921244,822.3663550122898,808.4907387724551,794.7377474309894,780.6055850173598,760.8119641214887,748.7282145468542,779.5555482381774,792.0728926117123,804.230764088051,826.8958638847091,807.2990179828641,794.2611944461262,780.741235521886,222.00590299280816,249.89381035728593,276.4285489609065,302.58351502137157,325.41839880131715,341.86789737298176,352.7523795766802,360.73935046324556,361.9457509042201,354.672876452179,339.40154677683074,321.00394005196904,299.7809421410352,275.70221635090115,250.35927372074556,225.58737140900647,201.68591979559955,199.12115350848285,186.1949780245211,179.265543508562,177.6493815567208,179.96902022089455,174.8412638656826,169.57801677167646,167.65581886103013,170.30963104882483,179.82905604160197,197.80151675539545,210.10726551375723,221.80295352313624,234.29699089575487,253.55943772235722,255.24073710296878,256.2101391773683,252.96439495219064,249.49403890366682,214.49369947410045,210.11885322832566,207.62433687340612,208.63502429257386,212.61987298833958,214.5699923101642,204.08275350232415,200.61165501304535,200.39215569312603,203.09863418460407,205.02279627395663,205.60616674769662,293.79408785245346,278.61666283563557,270.29717247067555,271.1424083772906,268.79054402515646,273.68606679180334,285.45277536808726,303.0314229502701,313.09531076203183,315.77422496573274,315.75603046824324,308.9318157838399,293.11863592912584,278.6634835931213,278.69679004926934,276.87643809383655,285.9920692957396,302.22723743881716,304.72896204764913,304.64250059263725,9.215946191341734,-4.164029365644614,1.6714724545261272,0.30001792,0.46076256,0.42024046,0.29228574,0.8678342,1.0,0.45115432,0.99333644,0.4780665,0.806986,0.36136878,0.55009913,0.4003829,1.0,0.3558906,0.3241349,0.99992514,0.5074405,0.026377339,0.50620556,0.006258111,0.001413412,0.065584704,0.8508632,0.06920476,0.006468499,0.00020721268,/content/data/frame22.jpg,0
438.1216091579861,359.676212310791,174.917236328125,203.7432746887207,0.9971217513084412,442.6814495764945,438.42524336597523,436.11035998310444,437.3595632968421,444.8495223787518,460.2395060986061,480.8399556949339,502.3868247614325,524.3828146343365,546.14059662569,565.6511715710087,584.333629479928,599.3914541245236,609.2493199208238,614.5708018037607,617.8304433513761,620.3144009934998,460.6560237860223,473.4706671356706,489.0642482073628,504.45235202897175,517.4501142265091,559.2346416736742,573.183428363441,588.0555219759577,601.1558770699905,609.740935171289,535.6594935560345,534.6061093329834,533.7218285148945,532.9692134382597,512.0747565000574,521.1337311198903,530.5833019619913,540.0849634729167,549.2406799881167,472.0859617765013,484.54816428047934,496.9133698641344,507.2235042034371,494.9325837461862,482.3625348316237,559.2625778359727,571.3644009317285,583.5289455937508,593.8775959878031,582.4770623747252,570.3756473188987,488.2854894295472,505.6885235674692,520.9012212244946,529.1067074680418,537.8924046316912,551.4449116858895,565.4458691951809,550.7762216789872,537.53359180534,527.7532390227415,518.2731599095022,504.11387562123707,493.0450056063609,520.0135303584257,528.8115488706527,538.0423010142697,560.9461214383217,537.2825015203092,528.1549543330816,519.2436755947803,442.72303594379275,463.8791630594769,485.16003381067264,506.7802480544527,525.9191131970854,540.6536827805925,551.0530758544171,559.9449362639429,564.8007134319215,564.758699892064,560.3759284392062,553.4307245221183,541.0193885671769,523.7295855096199,504.4355486110379,485.32227340111075,465.95441042104494,416.49553356251596,408.78791432406416,407.45818505893305,411.58893356406463,418.97701381935497,426.8174427683482,425.14681800161617,427.1666083649436,433.4746433596633,443.6356536776821,444.85370387146475,455.6345414148589,465.99885762762324,476.2517643668495,491.08755699851827,493.9718455297936,496.3534142953865,496.56744581112923,496.1563164367073,441.75704512987284,436.5774372730485,438.5460186252559,448.4096917041205,449.6175554725267,447.83270867131574,456.4353489217083,450.8864722153459,453.14778578464893,461.54810380798256,463.504524113013,461.7121212866838,512.584878359323,510.40109237657623,509.4276985525115,511.9933224719024,511.63853175342524,515.7155938621521,520.3484063545085,524.6910295928997,526.1048733748734,525.6570932710927,524.175077675226,520.390609341476,513.7202203167335,516.1162307812507,517.8970044695965,517.8901260822179,520.4688364250537,518.9714318947129,518.7121370925332,517.3046762208812,21.592332885257747,10.2217165501131,-5.262690116449665,0.24975982,0.48802748,0.42330304,0.24751937,0.60489553,0.0,0.414759,0.035431094,0.47141364,0.47382948,0.40477124,0.06845991,0.56958896,0.0,0.25635716,0.58429104,0.0008979218,0.07045828,0.12472467,0.5036354,0.0010263514,0.000296394,0.0026425067,0.27753583,0.016728368,0.0010017331,0.7007688,/content/data/frame22.jpg,0
664.5828993055555,96.78120803833008,209.7112087673611,262.8760185241699,0.99969482421875,663.0942469414679,668.5126070698844,674.5889980233886,682.928139953451,696.5540725115105,717.2354254052944,742.4694026536745,768.8685996348144,795.7761277668778,820.2469267033935,839.6897118656841,855.7160709664963,867.6513001897459,873.9884845499228,876.0563490853453,875.5648366436931,873.2040125675726,690.7431567518321,704.0276807931015,722.4967200357827,743.1241947725889,762.4957848061424,802.2357154779271,817.2801778369173,833.7286874805541,849.364013941106,860.7789067078204,785.909289545076,787.7478593241407,789.3733419794823,791.266344585087,765.1908019941534,777.6700586450748,790.7890467261167,801.89119987147,811.8559231692536,713.0818058907696,726.8997622309524,739.566572403372,752.9119784799908,740.9378659803043,728.4163416284979,811.1903761015376,822.2455797588526,833.6459759075144,846.2127199304189,834.4573164595109,823.0149158429767,743.5454710057644,759.9593655082405,779.7567819456165,791.8629246034944,803.6823501035453,819.5949737405438,830.8300971619908,821.728834552704,807.7924891650913,794.1709892629408,780.1414593888575,760.5613794081228,748.604330048362,779.297440338579,791.7393367040652,803.8363226135752,826.3625064716528,806.7701673534727,793.8441478730459,780.445963577395,225.0964645752822,253.00101594621475,279.30228084547775,305.31539960770226,327.808604129769,343.9137451107894,354.1297055167694,361.2874999914588,362.3421430565565,355.40867951570107,340.8830870293186,323.0648444044672,302.1440622833393,278.33183473970513,253.15103996105518,228.14875476968373,203.84069964322595,200.10200116485746,186.84120569944076,179.53151637528543,177.75914969889692,180.28579177061556,176.4208260567964,171.20244780854563,169.38477685044785,172.30139863037624,181.81462090442724,198.74312654541382,210.76175362777172,222.14600795205197,234.29543363814938,253.60111200557648,255.28106509217423,256.35067483427576,253.58112509897475,250.57611343387717,214.8470829778774,210.31141835023777,208.0253430485249,209.49590367475534,213.19045421643438,214.96109107588276,205.8560867973451,202.29595431332925,202.22224906979315,205.12299225835258,207.0721857109746,207.5657382084748,293.23123690637874,278.21497808445594,270.05849636221046,271.09732664419244,269.0111862167503,274.48848233645856,286.77324739576335,303.84599532649156,313.2437711221467,315.6698393806831,315.42386693273943,308.41363336398655,292.7327487898918,278.5712827694072,278.7563167749273,277.2936249355387,287.2639889407358,301.945960638978,304.13399104466566,303.9237994840814,9.785922009057282,-4.555931635265176,0.6162073757859594,0.34694678,0.46710166,0.36196837,0.41013354,0.8289223,1.0,0.40639594,0.9799579,0.48167616,0.85792243,0.36926186,0.5130842,0.42527935,1.0,0.1413461,0.41682798,0.9917434,0.56856257,0.030744677,0.65886277,0.009041326,0.00080479507,0.08674327,0.81796443,0.07584707,0.009403531,0.00019560549,/content/data/frame23.jpg,0
438.05851236979163,361.1630401611328,175.026611328125,202.54078674316406,0.9970418810844421,441.67336529193665,438.0696645692895,436.5877254167899,438.4363049106636,446.1229529511005,461.4864740326523,481.812790157189,503.1545871023676,524.8553753342452,546.3763600772963,565.8854188946756,584.3678239114543,599.207453560278,609.0032559931522,614.6023205548096,618.0589834125155,620.4826037705458,459.47765553544224,472.5914273843633,488.2406471771119,503.6703622796378,516.7907437520353,556.807280324588,570.5733622523879,585.2738457456159,598.6395112506495,607.9497580669588,534.9046323808859,534.1837089777549,533.6559531788629,533.2694441282332,512.9556917208689,521.7556538745326,530.9303545164709,540.1653276810906,549.0550937929572,471.80447293727536,484.383292646566,496.6378387955383,506.9127574419414,494.6383063665986,482.16128572397866,558.4764257442075,570.4964950476412,582.6020802028692,593.0494140466511,581.6782830086955,569.6562145205171,489.49663499292967,506.6231219303507,521.606229301717,529.6384031055186,538.1962466023917,551.5202334515536,565.0826592986283,550.7054642601925,537.7722311075311,528.269425134514,519.0524736062878,505.1675198638348,494.1775812040358,520.6691114526687,529.2893860122738,538.2772280713955,560.7052559712495,537.670055382865,528.8160572937122,520.1615575604898,444.9010066138606,465.8296894157753,486.86043204758823,508.2699767279719,527.1914635594258,541.7309837070185,551.9344170119548,560.5010829980271,565.2573463213605,565.2058166102252,560.838669969797,553.9120163560874,541.5923156173398,524.4725288461825,505.2029955401642,486.0757520353185,466.6234961410097,415.45010346932685,407.88197231581654,406.85773057507083,411.3077999218634,419.14819685863966,427.50010983996924,425.6876025925749,427.18084872835846,432.4466723720385,441.6128185314281,445.0047107007771,455.8625510555474,466.2198201778989,476.4241516672857,491.7961149583298,494.4727480813242,496.707025362453,496.96386265475485,496.61945237853035,441.8443255735416,436.5843980761736,438.65630678760755,448.7994168659014,449.71214610974965,447.80345344850014,456.8782383137444,451.1774181459543,453.2217873631886,461.41143318274516,463.5414051728494,461.8960326674758,513.6800458970313,511.0837423349716,509.7324528029032,512.266825098417,511.9078845156789,516.3287338941387,521.5532410530963,525.7282196816577,526.9721906587387,526.5545638629534,525.0732259145618,521.2837712311036,514.9064298430978,516.881914107718,518.51753696575,518.6186841243518,521.66035679224,519.4079999273338,519.069601692189,517.7334943747031,21.274926905003596,10.246217728323142,-4.446983305966009,0.2747081,0.4416922,0.36746612,0.27077234,0.5876449,1.0,0.42954665,0.03418572,0.47009423,0.43629032,0.379661,0.39192554,0.48748338,0.0,0.2973864,0.46879813,0.012049618,0.0554478,0.0668066,0.4241325,0.0012498475,0.00021038453,0.0009259343,0.3656575,0.011291427,0.0011108309,0.61955404,/content/data/frame23.jpg,0
664.0684678819445,94.4844388961792,211.6242947048611,259.79405307769775,0.9996330738067627,665.2469481496662,670.4269460065142,676.1393158340642,684.1467616674205,697.8531844104252,718.8348371259654,744.4350071520112,771.1913441594556,798.5982805953188,823.6170874220151,843.6121424552366,860.6328269262832,873.2835644132495,879.3684738378191,880.0413436957977,878.3017416311147,874.9112475816135,692.6449327461966,705.0192270286905,722.6489803398656,742.2511299931741,760.925772465624,801.9231433079781,816.6634361344695,832.9866854510187,848.9714837003997,861.1921798429348,786.4600510079662,789.1762072279116,791.4861812870342,793.9779422567809,768.2297393754263,780.8498166965406,793.7397778048268,804.6306589357289,814.4111960967421,715.1244274731976,728.3639795089114,740.8555349893498,753.7863298639752,742.0361836486334,729.6061900648417,813.053322387875,823.6887021366776,835.1655454918073,847.6726447472367,836.368000032683,824.9364036495834,742.0966306301584,760.5863923025211,780.7812679984631,792.9305352455225,804.8918278030313,820.9718026399844,834.0238352431558,823.864617160993,809.6488918993502,796.013702941675,782.0452658540671,761.3048157341882,746.9893891877705,780.5239270064126,793.0442008421991,805.3314202536734,829.5206187381722,808.3881644614371,795.2543528340752,781.7401507490436,220.75509235280072,248.21151243815714,274.4685997449791,300.50248104439896,323.38249044701985,339.6281602530042,350.2219350858417,358.6268713875498,360.0340057628856,352.9576952300137,337.76922510644164,319.54840883435656,298.0021166462951,273.15467227383317,246.95442705630884,221.5558151023819,196.67562938917385,200.38847327329108,187.49086570546066,180.68836903556524,178.94029361595585,181.05000104630923,174.5822669327203,168.6206578296721,166.11939220851139,167.96726182248918,176.6287308027845,198.02695297169979,210.90144463266972,223.26366995896916,236.30514803231998,256.29072628700544,257.5405833024802,258.0559899814106,254.5187731018689,250.94073174694736,215.01802715530093,209.5343542921284,207.24012840910243,209.4610486228642,213.28451066899152,215.14456073067595,203.18524714750842,197.83508537018207,196.98484180727036,199.87052087149897,202.7935403013515,203.90472045758193,294.6150602517531,282.544821904917,275.8218279741716,276.48917900229685,273.7266423132809,276.50062546421486,284.80652013926186,302.17481656339476,311.6865848523579,314.5259577751907,314.87264063234204,309.1595925647596,294.1853533818585,282.3383953700993,282.2767219819401,279.96585599072,285.5819250246168,302.5256803522531,305.27875884465175,305.59344363780485,10.895618814010803,-4.189913229462228,1.923096062521866,0.2589334,0.4594825,0.24362126,0.24481073,0.9062402,0.0,0.40457326,0.97399545,0.47370586,0.925319,0.30705062,0.11344807,0.32764226,1.0,0.2649603,0.32411072,0.9978307,0.54240716,0.026551316,0.3829223,0.0014326954,0.0001936302,0.0071859,0.9842046,0.005879729,0.001058817,4.4634053e-05,/content/data/frame24.jpg,0
435.533935546875,358.5106315612793,178.06236436631946,206.1375389099121,0.9976391792297363,440.82349416971175,436.48727847437505,434.21689629424236,435.6637169601721,443.4784947781502,459.17195874042727,479.9736766347429,501.50324099483726,523.3287343011973,544.9233496558074,564.3159328184594,582.9609750760931,598.2790835944943,608.5984979445691,614.3531076699728,617.8934328515503,620.5762260993047,460.053954831696,473.12318176215683,488.88594302140217,504.4281766911255,517.6119284629056,558.785035409417,572.9392589649726,588.0396707621535,601.4190620729701,610.1500054472644,535.2901554749868,534.3525483029011,533.5962051667574,532.9587879874957,511.7157753224178,520.9128683437223,530.4009215476588,539.9176962695726,549.1171188595837,471.14722094347826,483.83701568482667,496.15047449926755,506.5461822244832,494.26312575607386,481.7196883803329,558.8205981924568,571.0213751787958,583.1747351210814,593.7149129663701,582.1980413246845,570.1087150336186,488.1001632781527,505.5215922005966,520.7030670911245,528.7641488814809,537.3484768683174,550.5365781512903,564.0400558559971,549.7008969821708,536.8459830006634,527.2773974911864,517.9566972594282,503.9274005117899,492.974704704113,519.7040580906933,528.3725454330818,537.3603901057537,559.6504849280213,536.690683334926,527.8389709905323,519.0685945054419,443.37443550879505,464.5744027571711,486.0077470832198,507.7142849444864,526.7268977581664,541.1842896159052,551.4654724998015,560.31578415415,565.3200810826569,565.4055821518311,561.1942969504382,554.4260741878697,542.1395897148764,524.8357597797981,505.37847948116814,486.1060018038572,466.5249005052403,417.4731995650907,409.74164853797674,408.2477462563994,412.05774113192336,419.16931725686356,426.68326739944445,425.0352302364829,426.97490581094047,433.158325735573,443.51028032701134,444.5771564461542,455.3739628238642,465.6881725046134,475.86583702212386,491.2278387433068,493.9315981094205,496.20410712680587,496.46911768333916,496.1570586853961,441.47444369493104,436.2729074919152,438.189840283272,448.16127899382616,449.13298191043083,447.38318830171903,456.12836711010334,450.3222930836214,452.4736424121054,460.8054407279157,462.75794367436526,461.08377258398326,512.8188417920111,510.5105488299998,509.3082849599184,511.8403197265026,511.52196499540946,515.8177044344692,520.5921407545219,524.8224605964225,526.3317852126017,525.9134064681825,524.3990836001582,520.4759424572014,513.9941386926978,516.0810489070542,517.8271196290672,517.8879243211303,520.6950988448898,518.9957374498546,518.7082126438594,517.2839615177879,22.173573411549622,10.233004633304677,-4.748438958599364,0.19246502,0.44606456,0.3265259,0.22875398,0.5922682,1.0,0.47391027,0.12596352,0.46471646,0.47701684,0.54697937,0.25930083,0.58379453,0.0,0.26250646,0.47064018,0.00071809406,0.118261926,0.064014375,0.3526749,0.0011013689,0.0005412733,0.002670982,0.3884285,0.016792785,0.0013662854,0.5890988,/content/data/frame24.jpg,0
876.2475043402777,253.00217628479004,102.53092447916663,145.80459022521973,0.5072211027145386,870.6545280943097,870.1772482100835,870.6977318272405,873.4612012068892,878.5277494538702,886.9607812731157,898.2767386687042,912.7911071820652,930.2576899330671,949.9351900188827,966.9944463802132,980.3293537667196,989.4394674177596,994.3204489704343,995.5136030551884,994.2506805863158,991.5121620077141,870.9815921631633,872.4433102045567,876.860751760311,882.266062534275,887.5693618147634,906.7217218434355,913.8171925801855,923.415830922653,933.8311973671003,943.5447918976304,896.0507882807207,894.894275633575,893.5390951661816,892.0800599225183,890.8956816367531,895.9431530800499,901.465278968006,908.6052857113897,915.3795298759992,876.2394950645682,878.898979308485,883.214810877907,889.3457649904889,885.4012649560619,881.3672601149539,916.7691304557669,921.7321602538905,928.556770100279,937.3506108387385,929.894748333053,923.3874073455356,894.0653823865916,893.8666832800728,897.8296943581186,902.8849456541136,907.5713161730012,919.4299860812249,932.1930690800189,923.9740874975496,915.5176535476671,909.7627317322839,904.5754940880968,898.6436066957169,895.8856593428831,900.7445684314342,905.5039037484512,910.5735050140348,928.6624759809106,912.9803786922846,907.7539341362748,902.8129872310317,308.0714594391978,321.51338672971383,336.45154342562097,351.7853202315026,366.21261905293443,378.78517387629415,388.49622379012396,393.3203269022931,393.01944683499795,387.601665874889,378.89238149792925,366.70386564993066,351.68146024085434,334.15935478775265,316.04366534552383,297.8820789438771,280.8554906637502,287.0961839787212,281.60321428805935,277.9258911855951,276.87065219736957,277.97599093407126,273.7488481210977,268.93742116302366,265.47779575508537,264.270638456912,267.1277528597583,287.40402524129274,295.05693910989595,302.2612130680973,310.13260418080984,328.862557837234,329.0735420194616,328.41338084584834,326.29121223283573,323.0692738393426,301.6149690706583,298.9235311153904,296.5350485500544,294.540517493578,299.47677667256374,301.6578573336908,289.27834401619447,287.56532161094447,286.77299158589216,285.66201610604907,289.45255118697304,290.68792609431364,356.77518843568436,348.02009052936245,341.7909105620845,341.75629751770646,338.9124067786961,341.91583664180894,348.26317442553875,353.5887130302623,357.95014433952855,359.6375276457718,360.3783656832926,358.70936827558467,354.82830636979656,349.4805857990013,348.3758362870683,346.361167300886,348.0613779782003,349.6038224200968,351.4272488609928,352.46962397749775,,,,0.5572639,0.40457022,0.6537364,0.42715177,0.158696,1.0,0.4962614,0.13744824,0.47304076,0.19684549,0.41395164,0.44610423,0.45177418,0.0,0.2526249,0.5731187,0.76205444,0.51046246,0.21756174,0.864124,0.009838382,0.00016576608,0.6917966,0.06251851,0.115872525,0.030932434,0.08887585,/content/data/frame24.jpg,0
662.8431532118055,93.16874027252197,212.07465277777771,263.0670003890991,0.9997193217277527,661.999288346353,666.7245643879476,672.3524589313662,680.797581789656,694.915235490379,715.9161696482952,741.5029531534449,768.1588439928587,795.3787073437543,820.1301254998897,839.8853828093877,856.7659100526018,869.4409443471195,875.6821234815407,876.4585852857915,874.3821436047924,870.5059874214669,689.545675467909,702.7918558808215,721.356125098603,741.5957913869102,760.3347202930055,801.1486393040498,815.7591644877369,831.866899050236,847.3804049440964,858.8014080781451,784.5830922043716,786.8889199624227,788.8822701073493,791.06438254618,764.5097689243639,777.4132108629906,790.7333335231589,801.8984952586616,812.075816042214,711.9853811563223,725.8427481742156,738.6394656579953,751.9415625727928,739.9265095222776,727.2959562946248,810.2673520914562,821.2115196939941,832.6712085613229,845.2431310764752,833.8028603398589,822.3095660641457,741.3797834987504,759.1933030010589,779.3589188500059,791.4973391234062,803.4150286880954,819.5488986997804,832.0418127547947,822.3029804577993,808.1796019835595,794.4761405859801,780.4703245930315,760.1236892416417,746.7015084991234,778.8845294008523,791.4105031997252,803.6422509230621,827.6167933225477,806.8672787989163,793.8289071942623,780.3512568302897,220.79340158169143,248.13444949736868,274.204983420693,300.0128645469074,322.4967831739274,338.31074324532557,348.44651826084174,356.13901450584984,357.52084406147395,350.5114821707802,336.10655961722557,318.70464051156296,297.9589832716489,273.6143674275356,247.75323697000658,222.47325804851437,197.92230574956136,198.38676034114113,185.73597048598702,179.30966995717054,178.12134433201985,180.7783166204575,174.71775244408923,168.8381889541454,166.4063032826164,168.6369610482286,177.85982049599784,197.71063495358112,209.90712145893787,221.4310482121707,233.7490203385992,254.0249168698202,255.26137386935355,255.81426374615552,252.57984667725313,249.28382596498534,213.72444936157243,208.56692234343163,206.25212875274045,208.5930954246538,212.26621736432176,214.12027252701432,202.99374007673742,197.7595283766981,197.1063303072324,200.1545158366695,202.7471467511035,203.78195248431206,291.9689227152227,278.5597626572519,271.1843163177745,272.03560942613797,269.561942786346,273.6024568880578,283.3189733875482,299.8113261766914,308.93897657271077,311.5286063322526,311.7216022302365,305.79175293183386,291.2967957315158,278.79157600064286,278.8455215246284,276.8730383438106,283.8600279889449,299.0145054408212,301.41610673116617,301.49332766958145,10.824800075550145,-4.580356984820125,0.3803129430472503,0.2642743,0.49092695,0.6480689,0.315466,0.897773,1.0,0.37770802,0.9586741,0.48009434,0.8843176,0.47220942,0.23987828,0.32675707,1.0,0.30002335,0.4163117,0.9932111,0.4136952,0.010299523,0.31720167,0.0010123467,0.00046226353,0.0069387527,0.9719558,0.018558368,0.0009338893,0.00013862962,/content/data/frame25.jpg,0
436.9292805989583,359.27098846435547,176.4015028211805,203.28102493286133,0.9972038269042969,440.929966495388,437.261838705978,435.58038446744206,437.3347157781134,445.33664665117783,461.1008671815517,481.8826354162538,503.28213398128855,524.885880273556,546.2316761170721,565.6670741582147,584.4223588917197,599.5970453832745,609.5805899596189,614.934519385354,618.2111341972807,620.705362805086,457.4868419579386,470.52889719726124,486.43641101212063,502.2896477836798,515.9511563186796,555.9564850959006,570.3821105864531,585.7262874326155,599.5153172127974,608.7575068778663,534.3490893158569,533.7510822132865,533.3501474506281,533.1197353678051,512.5710399978504,521.4995700013619,530.6464149808049,539.8470644603102,548.8102500579031,471.18635023916534,483.70149068859286,496.05623542326913,506.18749701579594,494.01764754528455,481.4766844253772,558.1456397892871,570.3904418872329,582.6578388218486,592.9675109313364,581.5397142821137,569.3839829495729,489.0653289825329,506.2741541757395,521.2796265687333,529.3723802521312,538.0351592085169,551.5182426867639,565.352316742366,550.8051095116376,537.7210851628893,528.2292908896407,519.0260533271705,505.04293186442385,493.8100556659063,520.4172496992713,529.0635259918088,538.0967206875775,560.9162698418118,537.5754836864337,528.6936191451437,519.9867409998135,445.67401880405896,466.67306968946525,487.60808733118165,508.764822260143,527.314965069211,541.4998406848733,551.5158962359886,560.3383802670087,565.2206097627288,565.2372578244965,561.12264210429,554.5869329297204,542.4120817707827,525.1372241124949,505.7623988445612,486.550201149441,467.0036318591493,416.2335791041932,408.4501885738355,407.16119239925877,411.2534459194664,418.7616199981477,426.7979374791427,425.0192629218211,426.93161632621,433.152757102226,443.30374919241115,444.77222455865626,455.8684194430715,466.51932592952505,477.06415009400746,491.66210119859545,494.5613647903853,496.9778345909124,497.2033613036448,496.880548843063,441.3007256455041,435.9917750661256,437.9875723364401,448.1654557718124,449.26829899022175,447.4043485531906,456.32772420046035,450.5615335141481,452.81330382151066,461.34417778544537,463.4628290277302,461.6531192845194,513.0339814288461,510.80953866042887,509.88380464760223,512.4031580158744,512.153248072064,516.4120694487001,521.3099292207523,525.2007630032589,526.1317458809748,525.5492672761931,524.0348461674275,520.4729897172839,514.1933117389301,516.5876519761293,518.3111989123224,518.4539651293503,521.3051165496212,519.2065447600012,518.8188702875892,517.4036105598329,20.359503652401653,9.051205507011623,-3.8394640929748602,0.27231792,0.44562674,0.30160967,0.25913388,0.5181734,1.0,0.4629632,0.06458393,0.46991253,0.3354818,0.39293787,0.20366602,0.5756933,0.0,0.4263589,0.5832594,0.0029051544,0.048843753,0.07205354,0.34768102,0.0006689886,0.0001633541,0.00046608824,0.67733103,0.0037518844,0.0014603508,0.3161583,/content/data/frame25.jpg,0
662.7621527777777,92.01011180877686,212.28607855902783,258.41056537628174,0.9996160268783569,663.391620210532,668.4375571620199,674.155308266296,682.6157787357881,697.0722659525127,718.8790767544666,745.0224160064527,771.7635035539522,798.446083279079,822.6177708350305,842.378443596245,859.5193040817474,872.1837940119979,877.9494622003053,878.1672099985597,875.9269453874898,871.9893347483161,690.7407880303913,703.6990923970181,721.4752215948454,740.8829251935726,759.1720490557366,799.7989438251469,814.2904747415142,830.3272184097412,846.2648564252868,858.7095654312488,784.4772875490481,787.5081609429319,790.2087068051628,793.0738249783738,768.2177871993373,780.4508662681112,792.5244003920985,802.6545247889616,811.9179830063707,713.011049911823,726.0916560508841,739.2638175518546,752.1860893802676,740.1626440885755,727.2143574884077,810.1638388300591,820.4307926090185,832.6850901204031,845.3092502233221,834.3176903258021,822.3475499021318,740.616862927562,759.650831753808,779.9664832319639,791.9990036589538,803.8639390518404,819.9607338699298,833.2315574324468,823.2058432989179,809.0734363720321,795.6154173506643,781.8393804516321,760.8329651619017,745.8310179546684,779.6958371908945,792.1088848796161,804.2772735745771,828.7226014117573,807.6094562467175,794.7174964791768,781.3643497952418,223.47185858447523,250.4608673688719,276.15660468296426,301.45669567081677,322.9253051984766,337.436501988483,346.2821528058803,353.37186659946315,354.50764473397885,347.7863518607426,333.51336351007944,316.3878069187249,295.69801404288097,271.41128851932615,245.45954367161008,220.41039588525996,195.89534106659144,197.07310325371174,184.5822515282572,178.2035403917703,176.72932994591122,179.1574923684618,173.02791310301052,166.9703804310229,164.3122899369772,165.8924909395878,174.05481733839906,196.60077111005756,209.08987619541918,221.0510893475033,233.5354997600225,254.80221987249413,255.38018215510286,255.55229551537317,252.41270532755584,249.52550001242867,212.11544497865023,203.96627845016894,201.97348224337946,207.7634740122407,210.96932562580645,212.70118858908046,201.67565700382667,192.8566863448862,191.6231887799851,196.9273558415112,200.27873307171012,201.78856943057616,290.89264672938054,278.97838030572063,272.1920458823565,272.9271318414749,270.15293136791695,273.083737994994,280.9029004436916,298.0181435411639,307.2226965524754,309.9455143862619,310.2994446628744,305.00206084911673,290.52938255597496,279.36750214568747,279.2926831076318,277.02500826102914,281.6212593204383,297.68587529829676,300.2596280278543,300.61559143050096,11.167954874792377,-4.934020812261925,-0.4994065240106065,0.24127237,0.42286193,0.4664701,0.3265027,0.8889327,0.0,0.37397602,0.76214176,0.47156885,0.93696076,0.30646366,0.12676223,0.36123955,1.0,0.3812009,0.4178342,0.9969177,0.4822601,0.023783483,0.10008697,0.0030537907,0.001042718,0.02509833,0.93792635,0.031871744,0.0007993511,0.00020777907,/content/data/frame26.jpg,0
435.3699815538194,356.9626579284668,177.58146158854169,205.85302734375,0.9972746968269348,439.95317225007165,435.97267846536414,433.9308505752066,435.29180046010003,442.946511821475,458.5588610978011,479.48104213984334,501.08085091803804,522.8521399191465,544.3362788711092,563.6575717023574,582.2906467360328,597.465936042671,607.5654608118348,612.9746448013233,616.2416253758478,618.7956227954012,457.09244863044296,469.9219160210458,485.83800901939975,501.655555919616,515.0940825152153,557.5334757458768,571.6286892158212,586.7191107935389,600.1188034829917,608.7408287966158,534.2211469207075,533.5536896189326,533.0783331601881,532.7529676026431,511.6282134461973,520.778689082287,530.2011640227167,539.4769977164106,548.471931595332,469.6736219636805,482.27692142107406,494.796884420159,505.18592976316575,492.7196863874269,480.02084447809614,557.9269092268776,570.2643418242573,582.5720324347494,592.8737290959689,581.3876682351226,569.1549657133525,487.27912607414765,504.8892387202068,520.3511848301684,528.5426359885721,537.342789300892,550.6246919432655,564.0785238831071,549.6807372297277,536.6466942939209,526.9625414020265,517.5520957701549,503.2799248401076,492.1807453888934,519.3343033537327,528.1382185856812,537.3028143036645,559.5951549399063,536.6252123340848,527.588610226009,518.6715871013527,442.5638825954811,463.74691337771947,484.9703976792516,506.46454878521615,525.4353426076239,539.829978377244,549.9187548046117,558.7310552155366,563.7397824924672,564.0360686321394,560.1357015269575,553.7870977407438,541.7660786573309,524.6009915328934,505.25964494613,486.14429328844415,466.7728660684079,416.02342182568975,407.9529704931483,406.56240009235336,410.92655814603205,418.5964128903346,426.6045385642152,424.6398668358335,426.43002524758924,432.8216003153531,443.4644316766702,444.28174000396393,454.9700972184772,465.2149601819808,475.3500722691184,490.39879617016993,493.18476636369013,495.49443777808915,495.7600396104972,495.5260791294859,440.7774272083305,435.5308302932011,437.58003846599604,447.72785715446224,448.89048909040287,447.0182899108564,455.7623015419871,449.97412071414294,452.3121206348645,461.00009365109725,463.074906435376,461.2096126973396,511.8682113662478,509.4792525264085,508.50411289790645,511.09357984538656,510.85180105000035,515.3089469839703,520.5434188861284,524.2240192109718,525.1787958850852,524.5819831640459,523.0858287098002,519.4296698197256,513.0075503203785,515.3593169528525,517.1369160008384,517.278985521372,520.4905900500132,518.1363792740624,517.779092613759,516.3486355582718,21.651549357736705,9.36059457553258,-4.177209765099555,0.3083219,0.42369238,0.18984613,0.2490897,0.58603746,0.0,0.3817544,0.048801214,0.47034326,0.489905,0.344344,0.2797391,0.5031055,0.0,0.22353634,0.5509148,0.013802989,0.075385876,0.061603986,0.46327534,0.0005215993,0.00025391378,0.0012234934,0.46693212,0.0053901267,0.0011244642,0.52455425,/content/data/frame26.jpg,0
901.2103949652777,260.5320339202881,122.37369791666663,150.461763381958,0.5941774249076843,924.601375856579,916.1867390049507,911.7048289299763,909.1590023938714,905.6399213104809,904.080976531889,906.239088085919,913.6035338248802,925.3081128431332,940.7706836340096,957.7911633740728,973.0914398756453,986.9310892972106,999.1555981771011,1010.057958261366,1018.1405916101247,1024.154536422883,943.4208841076374,949.1654648466495,954.5872111908776,959.4343547141344,962.616734741041,977.2837993105684,984.2579714343005,991.8374876433784,997.8717400934111,1001.4963035863115,962.9310457395762,957.1246380921691,951.3512263196341,945.4471009475574,935.955395228046,939.0633838703956,943.5189354500894,949.4817775518793,955.2090263089992,939.3986213133823,945.305098152732,951.4873423748786,955.4379742026799,948.4754464157421,942.7068559582567,975.4614606022566,982.708047788165,989.5346855190012,994.3262332530903,987.1253086559234,980.4145761998329,923.0276254436573,927.2577213545225,933.3322177947977,936.8928558158327,941.2237204397974,947.8757792136303,954.6846652498804,945.7950642946655,937.8737082390674,932.9153139472235,928.9416463496362,925.4580363698261,925.2959949843251,932.4658823658591,936.1190993215274,940.480350068356,951.5006601815172,939.9338572360231,935.769473266439,932.0813932525034,282.74665128441666,295.4348888819295,308.541036561296,322.6731019691895,340.322187563527,359.9565195817254,378.3843497943093,391.5635866726949,398.8953432499067,400.66441073166413,398.067659055346,392.61273926549075,385.7345629681961,376.1923518211654,365.16096774999926,352.51870483528245,339.6520785809279,284.7450083490351,285.36782701097025,286.73233988403643,290.0635753226389,294.97514743490075,305.32632251415043,306.73085337831617,311.0353191500105,316.4831414905904,323.42181022515024,313.61603026811053,323.62620492622807,333.0613140032244,342.62484978367274,346.29666862117926,350.611896256824,353.94244562659964,354.991060126198,354.28550156374627,301.6623921229195,302.0073098625296,304.6728137066948,310.74664291140516,312.41751914647915,309.7144241115352,321.50682263008946,320.56856028343844,324.277475265982,330.50298756214113,332.0416650604485,328.64484413246635,364.5378773509994,362.8968437646598,363.0947221571157,366.1180310729716,365.6102217606084,371.09578057713037,378.4731136481721,378.89575356923194,379.07147328381393,378.26853061447514,376.0913732517189,371.3973818143401,364.9276290158268,369.33884171604507,371.44062298369283,371.67479038138936,377.1990703844049,372.27029812308433,371.70119999552367,370.03386441368934,,,,0.4565374,0.54726297,0.65416574,0.44026154,0.08699478,0.0,0.16121538,0.03445607,0.46366665,0.026866103,0.18330455,0.09807707,0.5402709,0.0,0.23068213,0.5292059,0.30701107,0.18963693,0.24046728,0.030951079,0.012192714,0.0006292284,0.25914416,0.02369482,0.19805978,0.3145481,0.19173113,/content/data/frame26.jpg,0
662.5275607638888,94.30312156677246,211.8987087673612,256.3744297027588,0.9995960593223572,664.7789328205341,669.5432640774711,674.7998058972629,682.6827940627973,696.5331430688083,717.6323570947579,743.1186485251143,769.3963423648177,796.0824360089551,820.4423845621967,840.4782811079665,857.758040554481,870.48106563632,876.5019072944172,877.1522956501035,875.7503885738492,872.839631123428,689.7180750528254,702.430968760848,720.5484873823341,740.5236598658548,759.3899832833389,798.5676940964196,813.9439288544714,830.9283106187542,847.4204268081974,859.2454545920122,784.2149389730887,786.8540105692792,789.1618916813136,791.5901206781559,765.7233480255107,778.4108261966837,791.2102445876969,802.1947442599857,812.1926223271838,712.9831384154352,725.9569998093706,739.1517068151732,752.2042170096481,740.2542478403178,727.2504415894738,810.0330902000796,820.3318838226182,832.6497273011177,845.4351176360774,834.2016887338223,822.0908370157546,740.3687094427819,758.8652056256465,778.8682875226483,790.8295616547982,802.6985623515749,818.8697752979677,831.8815766238957,821.7380818336653,807.6301850534461,794.1004275559064,780.3076394230345,759.8063598255288,745.4004631251488,778.6638079761766,791.0344262851615,803.217307028298,827.5323291275125,806.2203745887487,793.288872422896,779.9652815060201,221.32357330597023,248.3820339046794,273.96330352631463,299.08452625871274,320.38210433218796,334.9832752402962,343.97933005734717,351.27980548743227,352.7956790582899,346.51153170493785,333.13896178450847,316.7439967597327,296.50906685395887,272.4806388567807,246.8207937839185,221.91694173969867,197.54838381087927,197.1484100087412,183.63665976746876,176.82075740305396,175.63392884895615,178.5160892360895,173.20911976381834,168.06365630944242,166.21044924949015,169.1509040028896,178.9664356787224,195.50839272614348,207.67266108118295,219.15718301812888,231.31179676988458,251.6971477786723,252.72444157765358,253.22187827903812,250.212025907163,247.1815623784199,210.3779120947546,202.25908755157045,200.2741359573498,206.08474931659254,209.65698920624564,211.37853424990635,201.90310499972253,193.6662339064162,192.84366720783703,198.2283686142391,201.63590262223053,202.83384359720196,290.15963861230625,277.46058041839115,270.396161413894,271.1915796981111,268.6964928027452,272.14579924431774,280.91619490085566,297.1318025187585,305.81546261303185,308.3144370219707,308.47554878731023,303.2491902096933,289.54040537718794,277.32543430974647,277.3552691426861,275.30550426203337,281.34880914714404,296.5458515342765,298.9628947609325,299.0880470257222,11.304724874908274,-5.4227744209740845,-0.4412001131865114,0.2863917,0.46059385,0.39554986,0.3809142,0.89795035,1.0,0.44762996,0.99848926,0.47544882,0.88273233,0.37245676,0.27926293,0.32557508,1.0,0.26271513,0.41504142,0.9921483,0.41482395,0.04017341,0.120563224,0.0011088067,0.00012326249,0.004943108,0.98405206,0.008958942,0.0007307607,8.3061386e-05,/content/data/frame27.jpg,0
434.984619140625,358.5124168395996,177.20732964409717,203.8937873840332,0.9972419738769531,439.5928162260086,435.99743250133844,434.2800398743516,435.7359518384431,443.1999579944027,458.65790624843635,479.4432655169202,500.96674919658034,522.7189550824352,544.1984910228555,563.7730926274158,582.4742958064464,597.5341586278953,607.442736815116,612.7882898529988,616.1017466793614,618.6724451492539,457.44590168499235,470.778006571452,486.8252388096895,502.6548688520759,516.1042187525122,556.1068627030245,570.1363198447024,585.0789011931242,598.4282949612394,607.4447493546929,533.9346850166855,533.2238502046639,532.7140214287937,532.356124807362,511.327251895974,520.340330181369,529.5844348849382,538.7330606275639,547.6388836787664,469.67937871674707,482.56711340625736,495.1817187662993,505.48136401892083,492.97577121929623,480.18273526705286,557.1401851068199,569.4233995750031,581.7793425567385,592.0869723413772,580.5438328435616,568.3173194904155,488.01858727709157,505.17688719799867,520.0933638664009,528.0440545930959,536.5042897150688,549.3641405229044,562.4401643318192,548.5840626825401,536.0442202510574,526.7150201240721,517.5304749250841,503.7685251273173,492.85381569602,519.0620394185622,527.6063272351124,536.4036335689818,558.1617676964165,535.9909754539892,527.2952586178948,518.6336893283177,443.19184882405955,464.2631163191443,485.34371003929755,506.68274009164554,525.3725680469804,539.4787933649843,549.3233932107266,557.9763362890012,563.0201104756845,563.3442460165322,559.725568604621,553.3403347045692,541.2007397273545,523.9693612860125,504.5479460272212,485.2691585732302,465.74876428466604,415.42638614481314,407.8076623629716,406.5402728562065,410.62567715471516,417.9054192704242,425.8510203136965,424.25425245464965,426.06660996997067,432.03321376258964,441.95374322650093,443.87364035660687,454.5818238515362,464.7921663063363,474.87809589786934,490.24637311767344,492.9231820075788,495.0947122110922,495.49681178511594,495.3629195687692,440.30099614161304,434.89034911531246,437.0146575568685,447.5149661305686,448.66350642514357,446.7173004443363,455.50698683669145,449.32827887300766,451.54843815782027,460.2465904584752,462.55719735528896,460.82161530810407,511.4866574781705,508.88310211214156,507.5631678220743,510.1268224034475,509.8567483423948,514.4933478552518,519.7768038386521,523.1964148358882,524.090638670953,523.5309047470229,521.9829701399569,518.3853368918828,512.5477762619198,514.3829936017831,516.1457303496366,516.3059022494444,519.5907897639868,517.0507460635923,516.6257356223558,515.1700424125662,19.820536660388672,8.707949621821163,-3.0788550084959367,0.295781,0.4509353,0.20535485,0.24201775,0.5738866,1.0,0.4614219,0.030307977,0.47348228,0.41602656,0.39648768,0.38797832,0.54058784,0.0,0.3618143,0.46879813,0.0010534168,0.09702514,0.012010796,0.45827037,0.00064146076,9.015907e-05,0.00046481207,0.22797318,0.0056608934,0.00064849557,0.764521,/content/data/frame27.jpg,0
665.4116753472222,95.38845920562744,200.54248046875,254.52725887298584,0.9996097683906555,664.6355640647943,669.5264706254832,675.2059767419802,684.1417847347269,699.1130197672941,721.1115653017869,747.3654963344861,774.1239392000078,800.5625802753166,824.4297356894184,843.6635927904597,860.2230137778047,872.193866648688,877.9481506579525,878.7329953895652,876.9426405974939,873.4245569296313,690.6512844992246,703.4339531176998,721.139018755784,740.8453192153668,759.4403737651437,799.4886368371555,814.131941454039,830.5627062348866,846.5650296454628,858.5116149737876,785.3367818161961,788.2347232712208,790.8182243698535,793.5477858540428,767.9153078091734,780.7095822478896,793.4699585888983,804.3618797945679,814.1645287767544,713.3617902142175,726.1048442996041,739.358399731318,752.9224085788234,740.7223248286261,727.610296685622,811.2439764531193,821.3935256779557,833.6900333134951,846.6546538855345,835.5136126105696,823.4674812036927,740.6221779782029,759.9309039980527,780.546791275978,792.7548033943553,804.7575699952499,821.3506888230119,835.153477181543,824.6569730984321,810.4516129705114,796.8158573974073,782.7991578422801,761.442254871534,745.6997288848747,780.5733344695641,793.1711018907434,805.5025453208588,830.6609051280303,808.7860730860028,795.7637966195277,782.3027564297199,227.9156535604409,254.77634597793553,280.23427248638257,304.79415427849915,325.1633973954472,338.6792170567918,346.38508118213224,352.2292078939671,352.86600787232715,346.26813092452096,332.98912461171426,316.8356797676961,296.92185813960293,273.6523250957697,248.59826292649586,224.28535298910447,200.63631417469765,197.62601927713746,184.7282118192689,177.84322053261036,176.18255054130088,178.65774885622727,172.30585157929823,167.06013916428958,165.29765654600453,168.15177806484144,177.41654506753633,195.13147792847633,207.09933604260726,218.45168516939253,230.35189272977448,252.24853461125065,253.03219600432897,253.33645964932543,250.3236979460513,247.32994248015984,211.20280818081397,202.65356047682644,200.61152778370484,206.62617357834108,209.93101964231187,211.7830718850439,201.29240257116777,192.41843767074755,191.38380837973955,197.18415156580306,200.26748575874564,201.6342144581199,290.6148640087508,278.0696550237053,270.8045389893937,271.50052409968,268.7957581090876,271.94993786982195,280.28095064026104,296.0774823771078,304.7837773098132,307.50618414717167,307.9538320121162,303.3749854768445,290.05996926217676,277.9545252869161,277.77695168592913,275.597842877508,280.82650611501776,295.4851395172233,298.0507266909666,298.5082417787669,11.008361769228717,-5.166499460279465,0.19607472323121233,0.29453522,0.4194231,0.42460188,0.45511812,0.9152817,1.0,0.40102917,0.9872136,0.47800112,0.8986278,0.4499559,0.12941638,0.28698534,1.0,0.20615585,0.3580502,0.9984414,0.46137533,0.024721885,0.09179396,0.0008707929,0.00015468698,0.0026041777,0.9821248,0.013469257,0.0005519004,0.00022427844,/content/data/frame28.jpg,0
432.41718207465277,358.06953048706055,178.07272677951386,205.0616683959961,0.9973554611206055,438.36243699745626,434.2831349352331,432.1245296225929,433.2980339055463,440.6173505066487,455.96532758592224,476.61005380220496,498.1552809068894,520.048735569547,541.7493978332586,561.6014047385031,580.5261982020666,595.6954083479113,605.5994184038871,610.9828210836688,614.5512955244155,617.430252412813,456.64864459913707,470.03043475230277,486.1410194765157,501.96632806550076,515.3998786033051,555.3718246400292,569.5985968388784,584.6417428005441,598.0448516612962,607.0207389120749,532.5859176894431,531.6561814973631,530.92621193571,530.3418725409811,509.88120810053425,518.6073650625492,527.6253690445519,536.7121839771162,545.4869112178873,468.933471009796,481.47795003854947,493.8545854964299,504.05733613453015,491.7959698358659,479.2296514155775,555.7840156543382,567.9260719930019,580.1548992116659,590.4098649161626,579.1127246209917,567.0337810437617,486.2626468467664,503.37535016549384,518.0781814984899,525.9623925155922,534.4884381690733,547.4752785468485,560.9454456333209,546.7633202496714,533.9716996847437,524.5822720415357,515.4973271710404,501.8535889902602,491.1079483331717,517.0136321651787,525.4958743647854,534.3877921618789,556.5238268759779,534.0005499756431,525.2316162604975,516.6346402527766,440.9699361852574,462.1354160191355,483.39772840030275,504.9784940178744,524.0043001674694,538.4943184370162,548.6253613617422,557.4621306617428,562.5490661681897,563.1129302166576,559.6284692310564,553.3016312378425,541.219358216772,523.9823287715532,504.53544331263913,485.213522001393,465.57022869019943,414.7170661631744,406.8880696453557,405.5176001582905,409.6959275072484,417.34141593427523,425.64763762494266,423.6819310481113,425.3424874967465,431.2053667574364,441.2018825504241,443.1066397709604,454.03889795537907,464.5420025624868,474.9297206731504,489.4858438034413,492.333354314773,494.742214266914,495.1119878733525,494.9127052589905,439.5437828499972,434.4840329125294,436.5812598546352,446.621645103688,447.6758980952548,445.7628319322709,454.8288195068905,449.0949378610761,451.2566196091592,459.6931076234784,461.78993121886344,460.0390251047782,510.2184959380611,508.43565943084525,507.63958500844797,510.299927974194,510.073936473341,514.3917117840305,519.2158119000773,522.9456543634348,523.7366832850341,523.0627275825293,521.4107807529881,517.6216683224093,511.487688730332,514.0396707661519,515.8983951254844,516.1243866263374,519.2294230185087,516.7552942333721,516.2383064074332,514.6813440638425,19.998974165303334,8.521634403960547,-2.6451840169649548,0.25818127,0.4643212,0.31043363,0.23171414,0.56964207,0.0,0.47580022,0.08421261,0.46538177,0.46303603,0.47879887,0.18928862,0.57097816,0.0,0.27180195,0.46985558,0.0021322211,0.11292041,0.02589931,0.3223589,0.0005366889,0.00011966729,0.0010810997,0.14872292,0.011072329,0.00059502496,0.83787227,/content/data/frame28.jpg,0
667.68798828125,95.49728393554688,199.27674696180554,252.35866928100586,0.9995324611663818,665.3212491503659,670.0987086367282,675.5140270201604,683.8090130099763,698.0235378627386,719.507631628549,745.4328980061146,772.1194363174452,798.6137681537678,822.6269875859805,842.1830059188758,859.0459675898275,871.3276878838399,877.2307921320055,877.9820372359948,876.4029424095316,873.0981137555286,691.4625030078531,704.1623312734545,721.7092382557422,740.986499890813,759.0863174936053,799.2524708929475,813.9492041299741,830.4374277037628,846.6434379858438,858.7426717829478,784.8933647503496,787.7106782910982,790.2162846790168,792.8366174936762,768.0421536935906,780.475729467177,792.7676480669019,803.2637262561007,812.7771029268831,713.7892250143711,726.575283113539,739.6997715365234,752.9953478191464,740.8383898067,727.8244311625305,810.6234373615879,820.7989638496394,833.076279919592,845.9771185957966,834.7127199093271,822.7108302940062,739.6194576227751,759.1675970876289,779.7545197272683,791.8207940443174,803.7313682107896,820.0986741740155,833.6937918430082,823.3265372075617,809.1872451657898,795.6679379109431,781.7768888753021,760.3945254652361,744.6446231248348,779.6614353687562,792.1337466539514,804.3261370099619,829.2608320261188,807.6776251688618,794.7585017427693,781.377223591964,224.793205322356,251.50626825358833,276.8855913487113,301.5450043110253,322.075475267274,335.8349390840759,343.9662738548788,350.3682647784207,351.4218129338663,345.22425742713807,331.9535541803943,315.6025474562098,295.37493910447427,271.6202512345979,246.3767190312892,221.96428556820356,198.18439976067293,194.9588651898469,182.39861382424243,176.1471968232733,175.07221417573288,177.99554497064491,171.87857412914394,166.38011699153174,164.28162155262635,166.97385693508346,176.27509982199672,194.96081460049635,207.0926198005352,218.61802291285008,230.61710573783768,252.49120798423183,253.1565346188557,253.3727025997633,250.40324477786316,247.47093405889456,210.32511268437392,201.7854666330006,199.95512345898865,206.20187450946807,209.45152401203197,211.12590530903717,200.9360741178402,191.93019401946918,190.91808889042335,196.65166661247974,199.95593571342593,201.32810420946785,289.5086209572681,277.3176385089489,270.26835299929076,270.9846170121812,268.31674023779317,271.23722814217473,279.1524129821686,295.5010912436329,304.51996741300036,307.1975731905371,307.5990073835386,302.72699696815255,289.02689992566627,277.52138802201546,277.40353892821565,275.20664337675873,279.66577583662706,295.2022718612076,297.7562886135878,298.19136819039124,11.278685820521796,-5.002454674558073,0.6665996498321254,0.26697406,0.4250934,0.31861308,0.34367037,0.9262114,1.0,0.4517099,0.9972548,0.47543707,0.90733373,0.49495685,0.2906388,0.31317735,1.0,0.40406066,0.35292268,0.9989618,0.4116086,0.014613707,0.08821251,0.0012014868,0.00026498095,0.0037301506,0.9776277,0.016503958,0.00050406763,0.00016769486,/content/data/frame29.jpg,0
432.8133409288194,357.18180084228516,177.33932834201386,205.66021728515625,0.9973506927490234,438.3390378228152,434.55374826283514,432.72045267552386,434.0861405393247,441.4938840238403,456.8887229657692,477.684799966617,499.2724532834116,521.1329029017776,542.7791680742536,562.6084510106418,581.6187272237846,596.7690056420266,606.5503968919526,611.8564577996046,615.3601949513264,618.0936742039281,455.84371601721944,468.86268966650897,484.6942233404276,500.2971862226521,513.6081159029709,556.1038515718799,570.3632945076112,585.4357572108187,598.7711054330954,607.5481296903715,532.532015201429,531.7258649876239,531.1280225886774,530.6863558885059,510.26902003490176,518.9858069853602,527.9661744442958,537.0053449884581,545.7796479022029,468.8484504203552,481.4078259220958,493.79786766133765,504.0701377994592,491.8345948229784,479.2227930058536,555.982788559643,568.1838366681171,580.4044637400526,590.7387437357786,579.3143082313196,567.212625936656,486.8142382112157,503.94439701834125,518.66179794052,526.5032684215796,534.9674705624245,547.9166822025363,561.2644897651975,547.2826679995691,534.6338926853292,525.3011553689663,516.2394197384405,502.57598045602646,491.63320804666876,517.6346378570488,526.0788270904638,534.9055268996628,556.8984985930277,534.5660356166234,525.8698131972836,517.3042152674534,442.0564520439599,463.38629851355364,484.7211905011543,506.3127419586832,525.2402599085399,539.6670581164726,549.7276592127251,558.3743090498974,563.3363627152445,563.7271035164653,560.1914016107228,553.7718404798273,541.4825620010743,524.0029459095982,504.4444734295015,485.032100322131,465.2904299374902,415.52455882947544,407.91130610094916,406.70683209894776,410.942610660629,418.49377998172565,426.61157715596494,424.8192414662932,426.6893560960867,433.0024317900949,443.40708425854757,443.77870210522303,454.7439734061016,465.18429753976375,475.4734326527978,490.4217579610762,493.1502505355311,495.4410628103389,495.81113611068577,495.64876751663104,439.94251974371366,434.8688689286297,436.9501303965335,447.0179173107055,448.03600134575026,446.1600468598379,455.19479705950727,449.5021362057916,451.7946548365435,460.27693552441633,462.3138979326177,460.481065709205,511.2008044999049,509.21654789642344,508.2920265939829,510.96650417682974,510.67559990830046,515.0479457853653,519.9517921190694,523.4998651054062,524.3766819912387,523.7367838022576,522.1289846239481,518.3897997718784,512.3668340082877,514.9209546572195,516.7614949023103,516.9468845916447,519.8875978316573,517.2101635458384,516.7545223788838,515.242823402147,19.923250710325703,8.12248422066131,-2.2866114598094254,0.29067656,0.49231452,0.31310493,0.29290435,0.51830953,0.0,0.4720594,0.089263484,0.47066703,0.38888592,0.38351527,0.08620632,0.5970069,0.0,0.3316296,0.5832594,0.011741413,0.09990785,0.03327773,0.52480316,0.00093689346,8.185125e-05,0.00067858136,0.2935254,0.009651262,0.00066341355,0.6944626,/content/data/frame29.jpg,0
666.7857530381945,96.41845321655273,199.72547743055554,250.74182510375977,0.9995507597923279,662.97412527867,667.7322611738844,673.2652192376843,681.9233229732935,696.5838370117808,718.3970995801396,744.6259768950256,771.4981451009376,797.9016950198311,821.8837709772383,841.4657903260081,858.3099360952515,870.5567821428767,876.5364156905734,877.5283702804045,875.963894150686,872.5956783551264,689.6092583042322,702.4527432472805,720.3004292629275,739.8375586760917,757.9553823885265,797.465708469862,812.2074879980469,829.0066362249672,845.4153872811871,857.4855610333066,783.6644295861415,786.7164968460015,789.4930909093364,792.377973199274,766.7299659120999,779.4518059447491,792.0986261609228,802.7841166736339,812.4643093635573,711.9740097828414,724.7852171942852,737.8561244509297,751.3337850993182,739.1850046401435,726.2158485020202,809.2778592481268,819.5061826219953,831.7285481414137,844.7757729530053,833.4645493786561,821.5131017047265,738.3628265486786,758.4352635119653,779.2568046383808,791.3785578770371,803.2786233434117,819.6207299726598,833.3735499646477,822.5590031288771,808.3311891518651,794.7823735616007,780.8989190146981,759.4111577992255,743.3645750848434,779.2013871789236,791.7032790812223,803.9120682197963,828.8992626554623,806.67522937791,793.7519675047547,780.359450671503,226.43401149737156,253.1598614693089,278.488258871374,303.03647170343675,323.27483822494287,336.75591538660865,344.51977591539253,350.4814391412847,351.50768440505817,345.31032659917037,332.46308887185296,316.5352322356607,296.57465245510366,273.1578345841599,248.02029562984353,223.41679087949387,199.43909092859394,194.0580735497524,181.56953384763688,175.42476882487472,174.6550310736859,177.9587635438479,171.97266462588118,166.30949346680973,164.08541506115375,166.95186970073792,176.6533774879315,194.56834460362825,206.49045151261544,217.6940055989869,229.39398534159636,251.28024113325318,252.07717648226298,252.37266452822314,249.4702064744447,246.59954620565577,209.3729036841853,200.89751167109557,199.1208530291317,205.5437814163538,208.4949853131111,210.17794540590535,200.5994769328238,191.53608594699494,190.54528812937588,196.32356260715164,199.36308471720895,200.78059697264848,288.52649497896846,276.67329223801835,269.8682434301086,270.6940891171912,268.1190065666269,271.21709363262516,279.08131535983057,294.94283245475026,303.6037922519836,306.1856898946494,306.481446957403,301.5728230679151,287.9861478475814,276.9115693792314,276.9145823673184,274.81257481531793,279.5584076758437,294.4312521858128,296.8994453971004,297.2794585195725,12.335624125539923,-4.416758985075347,1.1664981821008373,0.28454098,0.46005172,0.28631833,0.4684427,0.9041507,1.0,0.3862474,0.8076765,0.47952005,0.83116496,0.4675595,0.08103546,0.30545294,1.0,0.29272062,0.41869926,0.9825004,0.364004,0.03481397,0.066924974,0.00042914192,0.000115596304,0.0010353106,0.99306446,0.0048429626,0.00039742314,0.000115136194,/content/data/frame30.jpg,0
430.37863498263886,355.7453384399414,178.41753472222223,207.93998336791992,0.9976786971092224,436.19265427437546,432.29283143078044,430.4872943374329,432.0041013651637,439.5879208449319,455.0944454340769,475.9822392737779,497.59209996420316,519.3590346886766,540.9052239521764,560.6734990510034,579.821628432221,595.1980475028219,605.3528146444654,610.949356082202,614.478978138657,617.1341257224391,453.94876132113603,467.0842503173527,483.2721119738452,499.3661917610365,513.0355368927171,555.958169566995,570.2796448600141,585.4139756764531,598.6697986127299,607.114078455846,531.9895286575696,531.1964988786234,530.5906461395879,530.1396216075822,509.13922780165916,518.0434113736683,527.173419545239,536.3497795042457,545.2104743464416,466.9762423980971,479.79629309115876,492.44409182651475,503.01963176403547,490.4557392083105,477.5533514399254,555.3046636506949,567.8678348646292,580.2655287844797,590.569992938972,579.0182321537263,566.6871693930973,485.0438240864206,502.5751588002523,517.6339272049895,525.5805481411583,534.2002850792148,547.1570114503265,560.4258334118622,546.2538022902394,533.5839022373382,524.1683245183057,515.0298833406459,501.14664921325965,490.03659500884737,516.5397260736657,525.0995098414498,534.0337964193213,556.0216922636544,533.6624020717957,524.8821703035702,516.2332599238143,444.12125453563857,465.5178137149093,486.8754948026166,508.37219407006523,527.0880686788613,541.1829385384216,550.8854466868507,559.2332303333088,564.0839787246185,564.5750711903167,561.281424574086,555.172760211022,543.1685768292692,525.937535959245,506.5006765124107,487.2409845585773,467.6315533839652,415.66269229702135,407.43453984011603,405.63646528787103,409.50306550827173,416.9740470533921,425.2136963598684,423.5006583372769,425.6722838259062,432.4295831890548,443.2682567133932,443.2128546892639,454.1655968912022,464.568855124964,474.8267518331345,490.557966953562,493.2109579484853,495.4293591058091,495.769356494157,495.58307183584304,440.6764012943581,435.2266491927676,437.2107927444407,447.3932906442022,448.6497713688883,446.91139714546347,455.2328257887653,449.38907233919906,451.8002427944396,460.64573740343815,462.72790163699693,460.750592241052,511.69891829748076,509.3224317402992,508.14206372929937,510.78937322805695,510.4805050844077,515.0247798893528,520.2175632736563,523.5125782083353,524.2948101699612,523.6831718235737,522.1390988198066,518.6187129128776,512.8064084780823,515.0356669448327,516.8059735563933,516.9830220651813,520.0772511405996,517.0458754756431,516.6032542036731,515.1414439100965,19.7160430640785,8.272024153150728,-2.3011054933523143,0.22454198,0.44233036,0.14966753,0.25634572,0.58126986,1.0,0.4945154,0.29209912,0.46846217,0.3246833,0.45673516,0.37911886,0.53128034,0.0,0.2805286,0.58429104,0.009418896,0.11194003,0.090758696,0.5725882,0.00083698303,7.121524e-05,0.00055443315,0.38766614,0.0063808598,0.0012967448,0.60319364,/content/data/frame30.jpg,0
666.2171223958333,95.60406589508057,200.12603081597229,252.89242458343506,0.9995766282081604,661.2968830218974,666.3756186485292,672.2783385450133,681.4397788935294,696.2216580290813,717.847457879966,743.8569965820778,770.5649416995752,796.911130346002,821.0240319373929,840.9948630858538,858.2166742607977,870.7616712965064,877.0063952669304,878.4123245886849,877.2639180489316,874.2221393322322,689.1320126096122,702.3365895767867,720.1956326184943,739.680332311756,757.7075601414841,798.6922285953033,813.554152873164,830.3774612448301,846.5460825636235,858.3867402294971,783.8730469130644,786.6416926657814,789.1228433635624,791.7277178675447,765.9839502011807,778.8133220642568,791.71523695727,802.7328057229415,812.6417621555327,711.2476067915376,724.3463040365484,737.6901245505265,751.358864761989,739.1493781092225,725.9689489901883,810.0692114003343,820.3868905120079,832.8322211482766,846.1720531974496,834.733045694836,822.5468476971112,738.6884526662956,758.3217656332049,779.1978607186476,791.4703217034739,803.5143639419978,820.2301917790954,833.9091789987763,822.9665499595801,808.4717091500013,794.718162057636,780.6315736319699,759.2561155176094,743.7308760793383,779.1006543247111,791.7682717817995,804.1330191495556,829.4463853383382,806.8902331119921,793.7863083552866,780.2209516839326,226.6209249130537,253.40153967841854,278.7896466226432,303.33435153298683,323.72177376048603,337.43091413585944,345.332524165938,351.3365293625426,352.49879152152835,346.16514558746593,333.17752844389986,317.180094566903,297.2163359342644,273.597316624236,248.28514426165356,223.4460526633091,199.36255356416677,194.48223727848892,182.1695298800956,176.03913285661514,175.29627450354837,178.46785468710456,172.3480212166682,166.99451563709778,165.01410267719245,168.13104722381433,177.7102724775688,195.1090683866905,206.7647010798108,217.6909240528922,229.20465422267202,251.50623205596602,252.3198426996697,252.58172475612903,249.80074279934334,246.95267142776225,210.02437116632024,201.27985652994397,199.4216750934897,206.09883547251823,209.1634415932273,210.8755511587783,201.3610457556946,192.02931333503207,190.97926179472609,197.0668619577574,200.20578375942813,201.6636264326149,289.5293432960832,276.4909161859061,269.01597240446426,269.8817134589094,267.48548721582364,271.3323750866193,280.34020979737795,296.22229473985055,304.9305333391893,307.4466848505667,307.66388886589783,302.58164411376856,288.8620668032813,276.6240458955028,276.6647264276879,274.7336944606086,280.74323466959584,295.3453570427097,297.67872652752806,297.96602261143073,12.638267543696422,-4.304202993010675,1.8048910549546708,0.30187494,0.43186864,0.47764587,0.43701687,0.87986994,1.0,0.42277735,0.98926944,0.47657394,0.92940944,0.43264332,0.29793286,0.3561167,1.0,0.16876613,0.4176656,0.99574184,0.49317965,0.05196392,0.079383716,0.00071426376,7.595351e-05,0.0024321158,0.98747593,0.008194758,0.0009782694,0.00012875514,/content/data/frame31.jpg,0
432.0130479600694,355.21669006347656,177.4703504774306,208.01702499389648,0.9975910186767578,436.45193021826844,432.6395394340137,430.9049586677693,432.39517806100093,439.84958178202044,455.1908078662218,475.99307822977585,497.47534237250966,519.1523219297267,540.5831360913126,560.1712062418737,579.1920321670837,594.6048128556331,604.9868774725355,610.9121209492073,614.6599202844573,617.3394852945257,454.11339720330955,467.33992193686436,483.42746659881755,499.41811478817795,513.1111300137588,556.2954663664586,570.6293001831446,585.6566374906593,598.7551063753867,607.1153563484982,532.2609007803853,531.5052942758748,530.9431682672716,530.539662342248,509.5814128354423,518.4975695886665,527.5748013840848,536.5496688445414,545.204513851409,467.56360586300025,480.37462141175956,493.0074367221705,503.3687755369506,490.85795679114995,477.98156495055605,555.3531937360135,567.972901055276,580.3932062208819,590.6075153324509,579.0885816989166,566.7301861260107,485.60175649038297,502.93818323521214,517.8320154297019,525.6718960084645,534.118039776014,546.7251152173139,559.7161461859428,545.8533519739885,533.5435794601894,524.3477359673416,515.3914741174765,501.6388331546341,490.55829561552537,516.7554863201103,525.1717986208578,533.9085053386207,555.3753032420823,533.7250827337648,525.140018065701,516.632857417675,442.5339421768358,463.9972436240887,485.4274700834608,507.0292609536532,526.1181115502941,540.6632652288204,550.7838841925327,559.4881854565824,564.5096470781791,564.8039296626571,561.0646706076786,554.6221450330977,542.5403563426444,525.2047776744275,505.75048045055837,486.5076369953631,466.87356240821737,415.5754018524358,407.58254015563875,405.97411078547816,409.8648705440537,417.17164570074556,425.1597685834895,423.7104800457055,426.08650058197713,432.872214492347,443.663885234467,443.89370655713947,454.80347568716047,465.12399523552085,475.344449182895,491.0370058822905,493.603196439974,495.76906507956437,496.0375482807831,495.80661850709976,440.8101148732503,435.4535142044133,437.5300818645792,447.87286714364745,449.1285412786906,447.2662394307026,455.57084367521566,449.5716315515581,451.95366301680133,460.7538862092665,463.0131920615836,461.072510080372,512.3130460621264,509.94960532893765,508.6766720909068,511.21044231634005,510.8331970092245,515.2822217960365,520.4046938057227,523.65444899148,524.4530247110151,523.9285562797068,522.5222815925586,519.1627079247733,513.3656430448596,515.4295788270629,517.0887737656667,517.1852015643422,520.2718433483283,517.4217851821077,517.0785075750964,515.7356749699652,19.847662083959058,8.496138339886002,-2.935524692776112,0.28669032,0.53426063,0.37244624,0.24145846,0.57217693,0.0,0.45793775,0.04088088,0.47181997,0.45690182,0.47306985,0.14857805,0.54642427,0.0,0.3089126,0.58429104,0.005183365,0.14152029,0.11748838,0.39455754,0.0014078099,7.6351855e-05,0.00049417716,0.4676128,0.0063747624,0.0012579333,0.5227761,/content/data/frame31.jpg,0
663.0715060763888,95.89674854278564,200.7919921875,254.5218687057495,0.9996156692504883,659.941267306271,664.5071051040375,669.8312192787379,678.667275861082,693.4008712255056,715.1630163910299,741.4412410227137,768.4061606685298,795.1351003002768,819.5671374537148,839.8227880299053,857.1621898551817,869.6869986343029,875.7738721235239,877.1412909699471,875.9358040213169,872.8486119853803,689.0189430977201,702.0470241999993,719.7302241017035,739.1337706448355,757.1701441066505,797.0133646760955,812.0034341337271,828.8305886582613,844.8645408535381,856.5254033624436,782.7509419812287,785.3682493388136,787.7094077410726,790.1832610958907,763.8526429845163,776.9112717792627,790.1823326499338,801.5019821672331,811.6975931126001,710.6046744290045,723.7709028282375,737.3267872522442,750.9150307485756,738.6504690121641,725.3375461517263,808.8050288360009,819.1605327390203,831.7100818721718,844.8994759082728,833.5711426905522,821.2689606880597,738.6215142416818,757.5605920412113,778.1807668844573,790.3775793732425,802.3450293010051,818.849303090378,831.9094610902303,821.1835436600163,806.8205575246313,793.1004564975842,779.0376132738254,758.2944375461004,743.6856498948073,777.9832627631355,790.5715881686085,802.8100168820542,827.441997603054,805.3480786464863,792.3514008633407,778.9092692738882,225.1237947285752,252.02571658548587,277.627286162749,302.4769783582522,323.16018740004904,337.0894254301143,345.1918822726755,351.349426883564,352.78915528569655,346.5578083236385,333.7023089404238,317.54145092620195,297.3818125848582,273.55222762857227,248.15105673943808,223.25755463814065,199.13511780171424,193.57620237521377,181.14407434838768,174.8859207849243,173.98895096635601,176.9192720452062,170.73055167546772,166.0144831296897,164.72693794280184,168.4023186973159,178.28144790269587,194.34632098930513,206.14781575346097,217.12511447773633,228.70005932597465,250.41499028386247,251.5494966288394,252.1154481565058,249.35976594168363,246.5417504139842,208.42443805929761,199.60509350417937,197.92770114187937,205.16069565295095,208.23148514364732,209.76915549183127,200.98739479314852,191.5113203620395,190.5693937338478,196.99209158715973,200.2805379378915,201.62491858120546,289.24973649578675,275.29106126743795,267.4222451192306,268.4262046807253,266.17954751303,270.8811796344179,280.9645942575703,296.71438737553933,305.4205525480179,307.83105311988834,307.7949893661471,302.34060603151045,288.56620001839065,275.4724541206825,275.63569676570904,273.95701186099836,281.283961461953,295.27125467156446,297.4696508543188,297.5351336015208,13.266612931436828,-3.593327855301905,2.1510321509612904,0.36052984,0.4926411,0.37172592,0.50217754,0.8596142,1.0,0.3841426,0.76994973,0.47975773,0.9009124,0.51414835,0.22442068,0.3101949,1.0,0.1281362,0.4211,0.9777029,0.4770392,0.026803939,0.14839128,0.0005990533,0.00015691918,0.0019356376,0.9783335,0.017291889,0.0012561264,0.00042683908,/content/data/frame32.jpg,0
426.8603786892361,355.40352630615234,180.08216688368054,208.83368682861328,0.9979813694953918,434.39055303621683,430.5208413244572,428.7544537179776,430.2352356518048,437.6197347553717,452.74615548722227,473.3236664837199,494.8137317243557,516.7595680979042,538.3873594792349,558.0477007142715,577.0218086261909,592.3561703629923,602.6400358774756,608.4504643305827,612.2096762259196,614.9777468527996,450.86801709481904,464.2508066623947,480.59151548200435,496.8467700148708,510.92370202019936,553.2996179667659,567.9819370573168,583.2918768820704,596.766991733051,605.3724370695115,529.8719391359924,529.0772486242644,528.4604422413292,527.9938119463011,507.0694164427929,516.084059504359,525.2514478091056,534.478703406505,543.3421994784619,464.95008741069466,477.75662441258885,490.3735592489919,501.007098745761,488.4789043249393,475.6576618964941,553.4209508056429,566.1523997635835,578.5752812236148,588.920268734489,577.350212392724,564.9825229602257,482.904539418011,500.3014025777519,515.2811088596876,523.281816868219,531.923349874103,544.9292802117312,558.2303945407277,544.233905475664,531.7540544911374,522.3772650946494,513.2364346856954,499.22581526662725,487.8280118237823,514.2132887621806,522.8471217707187,531.793995893471,553.9562910672885,531.8522051847555,523.0957024803813,514.4131974226642,443.9478513365027,465.17170279886903,486.3299661170142,507.5464984742408,526.2509197671867,540.7010738553168,551.0566964740676,560.0179847528602,565.181508870264,565.780928644255,562.1286055578561,555.5674460347068,543.2798186502672,525.802826226196,506.29197397940004,487.1812975403538,467.69176032015855,415.9466504158051,408.0118965067519,406.5112484304026,410.17213785720486,417.15475834080587,424.39918620264336,423.00548668302906,425.4619874851975,432.24322055033764,443.1549980695343,443.0571759888,454.2971332202907,465.05939187734805,475.7036112928414,491.11582440921006,493.8061631521168,496.0326797464571,496.2816488168006,495.9493016956618,440.9268682846734,435.5266308637979,437.3751604885212,447.2745638658813,448.71289498989836,447.0613239781789,454.71924393803545,448.92780781591836,451.3030889564601,460.1203701073922,462.21832437941157,460.2223446600221,512.5636255519015,510.5471224642224,509.4861808318517,512.062042795594,511.76367723403234,515.9882945945577,520.92474720924,523.9976660336627,524.701345713521,524.0599083012485,522.5652872839275,519.2307627300836,513.7099617232183,516.095541890278,517.7941717606558,517.9437204966937,520.8144079650219,517.7819533361574,517.3459437871218,515.8930864799447,20.996808962514695,8.953159174917966,-3.2201243101531865,0.21875213,0.48191026,0.37904003,0.23207913,0.5890816,0.0,0.4433117,0.0642236,0.47651953,0.43769553,0.462341,0.11048697,0.58722836,0.0,0.3187478,0.47064018,0.0003887222,0.10220399,0.034074206,0.39676362,0.0008856702,6.8128305e-05,0.00039155624,0.41845518,0.00318207,0.0010543203,0.5759631,/content/data/frame32.jpg,0
663.0207248263888,97.01559448242188,201.0641818576389,251.22999572753906,0.999575674533844,659.799277893925,664.7024315246615,670.4021942630542,679.412732484899,694.2168515237279,715.9487555258899,742.111492771649,769.1029683578781,795.788021269298,820.0264366958138,839.8194816587398,856.9911370175698,869.4496783060276,875.533334163843,876.6509750437792,875.0298863362441,871.64620013571,687.3827813151112,700.4052777908953,718.1877569452657,737.7183412960667,755.8652841889985,796.9776654131522,811.6429890413241,828.279893930742,844.2868466306987,855.9445829637028,782.5503820238424,785.4445107194649,788.0463496494551,790.8030306371395,764.760580351367,777.7214553665096,790.699958333213,801.6843644185832,811.5851995487461,709.654327947554,722.77632531506,736.3980867894006,750.2412129276306,737.7469485324424,724.2693283562096,808.554323950599,818.950287090244,831.6321517038759,844.8294317452488,833.5793305612285,821.1638259129213,735.9047736862464,756.3615083300252,777.7228569773372,790.0078860331043,801.9972291123879,818.6900007718384,832.405984635586,821.4560078623363,807.0194163395827,793.2584371744,779.087343087231,757.1428794122752,740.8625946315958,777.6006472948051,790.3168513737095,802.6480796786739,827.9521326295533,805.3969978986985,792.3011190098808,778.672178772392,226.46470093302196,253.07243164712744,278.5172925780571,303.0992284428856,323.53631358102575,337.2932316686827,345.27540533102075,351.4483330169231,352.6375279265376,346.1832538210787,332.8978699606418,316.609678657346,296.4812713498977,272.80928639136835,247.5300491398826,222.8855798689063,198.96935523900868,194.18847867594013,181.7110156413117,175.38727103650163,174.44755386948873,177.54555404771202,170.83504571668837,165.57064037220334,163.74862715867914,167.01745314884047,176.7410024787003,194.9169030107147,206.45220504406697,217.2476003154814,228.62720674608428,251.60397476482794,252.3637915882635,252.5652641600249,249.7496616094788,246.90780580997236,209.83868548157116,200.82571690249026,199.10575173882626,206.37810834859266,209.56747378645923,211.1699821658458,201.47722335076597,191.601239858736,190.42479421684038,196.85302172108914,200.43136111762797,201.94891930231225,289.2415021918696,276.8489264591499,269.65284083857733,270.4604741544725,267.9817254061239,271.44108062197085,279.831698054924,296.07962000098485,305.12976720573243,307.78493922464406,308.040086303349,302.8378459929354,288.7090877405033,276.9535081901213,276.9506869990968,274.91705750468174,280.32754483918944,295.96066277434727,298.45558395532026,298.7602546165952,13.151767458173387,-3.653792228961621,1.9510435889960138,0.25365955,0.45848173,0.40135464,0.34779516,0.913041,1.0,0.40655994,0.29264838,0.47042125,0.90941674,0.39767852,0.040923893,0.31224087,1.0,0.2305567,0.48357648,0.9513039,0.4229525,0.031256396,0.0670799,0.0002908773,4.719552e-05,0.0011161873,0.99029386,0.0071305605,0.0009068677,0.0002143895,/content/data/frame33.jpg,0
427.64279513888886,356.0712890625,178.60324435763886,208.79248809814453,0.9978517293930054,433.9860552022766,430.0121544715454,428.22239267521394,429.78439973289056,437.4972818679979,453.11784900034706,474.1248980255714,495.9066036285707,517.8679802156696,539.4912957881345,558.9332016151568,577.6634872889642,592.7278486986346,602.7330778167694,608.3701410711234,611.9696836941398,614.5684689415036,452.0698441742792,465.0131702771212,480.6050081221575,496.05074662071837,509.4461511137953,554.0548454239058,568.3840506924186,583.310601127002,596.3386366255351,604.7505570167493,529.7151990703853,529.0965132147394,528.6785851547256,528.4035456306494,507.29060706068583,516.3243867830777,525.5176989871954,534.7001691054968,543.4899496280125,465.08925901986805,477.6487476569074,490.09779934544565,500.5792439353589,488.1878748314839,475.50709969312595,552.9850182866821,565.4985773990271,577.7728340552827,588.0541779456738,576.6249767549868,564.4164297097393,482.3870079706886,500.2737390461789,515.6175977796722,523.7331752922415,532.4526465309785,545.6456728891519,558.9954465375844,544.7650595636263,531.963065126961,522.4261663272837,513.1550778381364,498.8450403618349,487.3851945980142,514.602720304654,523.3452197752489,532.4238089721475,554.5960686085748,531.9498037327394,523.0527970722605,514.2535782601637,445.56214771102066,466.94567547231486,488.38116609531426,509.8683731689774,528.5556937175872,542.7183251221944,552.5259923212325,560.748445022706,565.4017905982619,565.790507749382,562.129496772068,555.6098489038582,543.3360253336753,526.0287260882548,506.73508503807057,487.66064527660836,468.2618091128013,416.0706961134394,408.5581013528854,407.16786519198484,410.8290031083202,417.79257166789813,425.67077321070076,424.2633928149281,426.6740768337801,433.3353513147159,443.9314069068294,444.062960534868,455.1649875987448,465.7894999326256,476.2425699177853,491.61470618501585,494.2607874183029,496.5145374718644,496.6790952454321,496.2917818905471,441.45517008399565,436.1212446794251,438.0843939783034,448.01424371881023,449.29116813572807,447.5897670986994,455.61878713276803,449.96776805307604,452.3766599916278,461.0467146160863,463.0718101573422,461.0862449207086,512.6477851766009,510.6761533643015,509.7343404965235,512.3085593097718,511.91144924924555,515.9817414991248,520.7195388588285,524.2799394612878,525.1633006432736,524.6125196970036,523.1600983496853,519.7748138605626,513.9085883378181,516.5435288052388,518.2111341946058,518.2678535361077,520.7754368301928,518.0876747959231,517.7457010726337,516.3761485051982,21.83517994761621,9.31737650055673,-3.9211703293328557,0.25430727,0.5156882,0.29460028,0.2427225,0.56224006,0.0,0.46626887,0.10946688,0.47235233,0.5172038,0.42170042,0.104141,0.574945,0.0,0.2900141,0.46985558,0.00797924,0.11801784,0.03132815,0.46555427,0.000928,6.994634e-05,0.00034997863,0.4950719,0.0027288822,0.0016933144,0.49915802,/content/data/frame33.jpg,0
661.123046875,95.96310424804688,202.40630425347217,254.60286712646484,0.9996567964553833,658.9959586596735,663.415634224092,668.4404166944187,676.572631387743,690.5949059775066,711.822065159969,737.8693103819843,764.8044232994396,791.6415539967287,816.4901218322551,837.2517721395201,855.1049685210919,868.0049319431694,874.4414560088771,876.0778073437863,875.3231594107523,872.8279043653811,686.949869049995,699.8613597920919,717.7067073981054,737.2832745438335,755.4992628202389,796.6536254569864,811.8552286535853,828.8210217104286,844.9477059965591,856.3963925756054,781.364684145358,783.8324047391185,786.0510041040203,788.3703810186665,762.0438213662248,775.0248948726105,788.1176176665789,799.3983841541555,809.6150132873197,709.1816988198492,722.2255443200854,735.6903646337374,749.1670309531914,736.9183155856788,723.6150416478459,807.4588217039457,817.9894200700597,830.5730468790886,843.5840040065675,832.2572557132258,819.9398134803832,735.368382729684,754.9266482061868,775.7241825325648,787.9439430204075,800.051999588819,816.6345502288983,830.0090276758567,818.6969207178952,804.0568418701165,790.2960444122657,776.3624464178183,755.4530989083122,740.5365191703013,775.5206242653,788.102011168543,800.4759427326662,825.454097312678,802.6846719436177,789.5910386188419,776.176443184517,224.94564706329055,251.79055369367342,277.41986527516906,302.3493975100746,323.2715379774223,337.4681519008467,345.89329346016564,352.4234018822408,354.200266331322,348.5159135548525,336.03413872192067,320.2155780609575,300.0813381117239,276.2205505171152,250.72641633926122,225.69271938000838,201.24369246269544,193.71725391542267,180.96660844042327,174.54382428459655,173.6339672701618,176.79234369182404,171.07693270951984,166.15004140627872,164.90946139204107,168.83743666259204,179.26781290275412,194.91716051850125,206.80062555800086,217.892493324309,229.5711799852621,251.18643471369106,252.36739317067114,252.97096583216916,250.15979301792066,247.32002953632508,208.64135463790134,199.8733618084272,198.32351090020512,205.65118057225908,208.57091597465387,210.00533889244315,201.6753386971719,192.15514726253522,191.30106936535148,197.86793591611456,201.0272501845083,202.30993314327233,289.8328586109226,276.51794808937336,269.17708482592263,270.2269086360451,267.9733813093778,272.2733994677639,281.75289928062534,297.44631658744254,305.8049347659851,308.07279384755816,308.0054327784392,302.83190599544304,289.24216085503883,276.7727328198531,276.97354128408006,275.2676800273468,282.0845146006193,296.17454178774915,298.2966066764682,298.34582997190716,13.930714117441967,-3.1643800246650353,2.080362397269693,0.2663381,0.4449521,0.47380212,0.42369694,0.89298534,1.0,0.4325301,0.99610114,0.47986674,0.87877786,0.5260174,0.16682965,0.31193274,1.0,0.18754217,0.41869926,0.9981805,0.6002073,0.016374892,0.08358087,0.00054592453,0.00011560866,0.004121484,0.9817084,0.011571886,0.0015653296,0.00037128266,/content/data/frame34.jpg,0
426.21278211805554,356.41794204711914,178.0016818576389,206.72139358520508,0.9977341890335083,434.3083346210409,430.0741504524532,427.90806909671187,429.09761052115357,436.39690107281695,451.53943941066495,472.14829402935777,493.50836306666486,515.3473167410014,537.0590750006768,556.8486706441415,576.003331617873,591.3845212303897,601.6415653830134,607.260091067796,610.879109269865,613.4574390597849,452.00045163183023,464.5495785961542,480.10634297779563,495.62485632337444,508.99655060050634,550.3397400920649,565.011548198136,580.4242169199599,593.9809045630358,602.6673792136861,527.6216853452044,526.7096931131438,525.948768076851,525.3380378702158,504.43107431208153,513.4042690886722,522.6097646103651,531.9282611150918,540.9419913440852,464.9630949183662,477.29262219672125,489.39266543750017,499.33097067075715,487.41269008414037,475.12748343995526,551.4855855851869,563.7589487504829,575.8263152267862,586.010701632517,574.679715654484,562.6494025590747,481.29255388585807,498.4681192652733,512.9850306362105,520.822197734888,529.3464418607302,542.374786144075,555.8520293276363,541.8772565296682,529.3032967029294,519.9368052762626,510.8881212593867,497.24719853612197,485.9043099357347,511.8719875874273,520.3855563178164,529.2924882346798,551.6804189451393,529.3747420087873,520.6065310893492,511.9690641924791,443.7251766516094,464.94236247013373,486.13642319379846,507.47844608131265,526.3073744209278,541.0063589492189,551.605814193121,560.7346228193601,565.8986605464729,566.5263944993285,563.1925513001738,556.908247628601,544.8720497584128,527.6101275269978,508.24348158843077,489.0376171597767,469.3253959545476,417.75472664998955,409.9764368708331,408.5845841345687,412.3712962390357,419.2367583846868,426.0086259967948,424.6700763084645,427.17449894579113,434.3472113927104,445.7847295372803,444.8376874092064,456.0889775679981,466.81264148157305,477.40696602987646,491.542076761769,494.4227627312189,496.84694986518497,497.07366155283387,496.74037334104924,442.0129881224203,436.94697329580106,438.91451373562063,448.6632567702535,449.8215002122501,448.0630614933417,456.1244340753341,450.55544843551763,452.9943105417651,461.71141411441147,463.4579354250993,461.4313550212296,512.8739713308823,511.88290428596406,511.44156096341584,513.9868591280695,513.6661980460867,517.4180524708021,521.7120011108877,524.7145521902054,525.3544696968745,524.7082090535719,523.1367819713545,519.6676776674838,514.0434298524513,517.3843998391521,519.1623706874145,519.1980637686108,521.6755391646449,519.3794567761161,519.0419398065758,517.5239636309553,21.675696556631937,8.553250099838097,-4.000250246764126,0.28537002,0.48118886,0.25503793,0.2347762,0.5698416,0.0,0.42332917,0.015817901,0.4732546,0.47971338,0.47952068,0.11821516,0.5813959,0.0,0.31950513,0.58429104,0.00068712165,0.05819448,0.2511553,0.4110463,0.00074694725,4.778281e-05,0.0002502477,0.5013856,0.0018699514,0.0048483126,0.4908512,/content/data/frame34.jpg,0
660.1654188368055,96.63333892822266,202.99527994791663,252.0926628112793,0.9996446371078491,658.7540406993834,663.211073854789,668.4447458658265,676.7831701921571,690.9986602683264,712.2930682056754,738.1355256438384,765.0174022781601,791.7813917615177,816.3398926004357,836.6547805639422,854.4471215069681,867.3885089649266,873.7132862409878,875.0609285877406,873.8447507894247,870.9806051034474,686.0746358625978,699.2418985637697,717.087052517682,736.7379282111654,755.022535460168,795.6315125452356,810.5564982714076,827.1999533780936,843.0909718359973,854.585996826137,780.7917777290911,783.4818875048347,785.917182166258,788.4695165182455,762.5594425588044,775.3402633175681,788.1161615935825,799.0102650358199,808.9004164011928,708.7472938919981,721.7159984245529,735.1209286902492,748.6070077970154,736.2695260294317,723.0369998619221,806.3172128533578,816.5510905507638,829.0480301065934,842.0903014142989,830.8819163811611,818.6845991544187,732.8488873577998,753.4227195511927,774.9076257678224,787.2618133239299,799.4116907993435,816.3196617372694,830.2029563521676,818.8356274163455,803.9739127230174,790.080502676536,775.893492679129,753.9215221208929,737.9573155403579,774.7446789670785,787.50052669065,799.9742422253047,825.6853252703925,802.5436880649437,789.2962411850721,775.6331420255999,225.50077599345104,252.0910000326601,277.5568604939128,302.2630358153021,322.94260221690155,337.1823350698331,345.771706845467,352.5148951551969,354.05885981759644,347.7841728604981,334.6690560205357,318.70142353625596,298.75083535832346,275.27816569576953,250.1347008079707,225.57407230251647,201.6047728144794,193.79381144733475,181.12142955762886,174.64898681463256,173.65420353805342,176.95341195300614,171.60759568754503,166.59597633238477,165.22177421607398,168.73705798642288,178.5013254202484,195.0377661125916,206.85084118775112,217.89070781879164,229.5200102046535,251.884345912562,252.79430200931372,253.2305097113828,250.4147233614236,247.53160898734376,208.6454016935434,199.9390262894899,198.42874367022296,205.65392057469526,208.53415899273674,209.93483973878,201.74053777366956,192.23854130257746,191.23579730755986,197.53544828431413,200.72802093744326,202.13180302792915,289.3559795190805,277.18789066060265,270.3368585072023,271.2297391784473,268.7873763366664,272.1307158011733,280.2909300240234,297.03851457347764,305.9691965174509,308.5316463010216,308.6500383220115,303.30840526533336,288.98697362362566,277.60431827631385,277.6471420731233,275.6713512592334,280.93866023572264,296.97131276686343,299.35253224233657,299.55031507484296,13.506409860025524,-3.5631836651074167,1.1816591705734891,0.3263415,0.4345514,0.30925536,0.34554777,0.90361345,1.0,0.3857046,0.9775482,0.48039117,0.90902036,0.39365244,0.17277455,0.27707154,1.0,0.32465366,0.4178342,0.9993388,0.6284476,0.03518597,0.06824225,0.00032834595,5.833185e-05,0.0012974524,0.993619,0.0034141634,0.0011653599,0.000117223164,/content/data/frame35.jpg,0
425.6428493923611,355.9105453491211,178.9592556423611,206.57572174072266,0.9978300929069519,434.26186387769184,430.29296825899615,428.48349683400784,429.94528352139406,437.59420738189345,453.1957127022476,474.1387194243551,495.6728400675198,517.591994084482,539.333133515792,558.9761299198947,577.9503157148049,593.2679034330174,603.5039046379403,609.1842365906712,612.903526889059,615.5027201000357,450.3637877314555,462.97923061774355,478.6430735490594,494.24613029135025,507.81776253743584,551.5569938113925,566.1509244610883,581.4725015499953,595.090425271583,604.0647362803377,528.0773457332518,527.3047671596639,526.6941127099277,526.2278143775405,505.2358565994681,514.29288056062,523.5261829923999,532.8019131202869,541.7801248470539,464.74449759912085,477.15474277110843,489.5957208728899,499.598439932596,487.539281544886,474.94868726661764,552.2200567716957,564.5959859679879,577.0091640662082,587.4183778365029,575.9573738703535,563.6062083232606,481.75376318484615,498.9729139954378,513.5949844839761,521.5112848336823,530.0746463345729,543.1850925529391,556.7646148877313,542.8061762142063,530.1503409496374,520.7380265895317,511.64294107686584,497.8612241373791,486.488503467152,512.6768973081719,521.2264880924433,530.1979622153709,552.448101020945,530.1249567316634,521.2898599846961,512.5957948794994,444.46482781929024,466.0573558045104,487.53871332637993,509.11820936733164,528.1404449159388,542.8799580450861,553.4342814805279,562.5900497540897,567.5804126575009,567.9248135520036,564.0629992916968,557.3758979301698,545.0349422169651,527.5923497088695,508.0153847774827,488.5595194098414,468.5999147270737,418.75614841654834,410.9588864557289,409.57465608973115,413.41894666987673,420.3518449802432,427.4417989046693,425.86200072196397,427.95466944605175,434.57650027038426,445.43565595321917,446.3119360016908,457.652963338068,468.45892741164425,479.10787280977837,493.0237877467905,495.8723609525083,498.30168084913873,498.44219535026366,498.0649043107027,443.3292165125122,438.0953985686136,440.0048665251464,449.9710385166577,451.38251480695345,449.63324224697124,457.3770835791033,451.51994862737547,453.86548435170005,462.61451411979743,464.787228828096,462.8385985492465,514.444299977847,513.26436233002,512.7345886772509,515.2419968113625,514.8289196391281,518.5271105991766,522.8557255570691,526.1677897602409,526.9512726137267,526.3474000941709,524.824627749225,521.3886418719276,515.6108215197831,518.9132078051592,520.5987169235426,520.5878274190916,522.8581782812738,520.6137287777112,520.3443280522631,518.8838194410439,22.055870515047875,8.67979567302121,-4.149135316737738,0.26130953,0.5073755,0.39129916,0.23387754,0.58353835,0.0,0.41516343,0.40368566,0.47267497,0.4702715,0.31163773,0.0870187,0.5814454,0.0,0.22323251,0.47055635,0.0018561188,0.073312566,0.039350234,0.48284495,0.0011060676,6.276876e-05,0.00023099169,0.55102354,0.0014766707,0.004770496,0.44132948,/content/data/frame35.jpg,0
659.7565646701388,95.80378532409668,203.68245442708337,256.0490970611572,0.9996646642684937,656.2685922890151,660.5042265485612,665.3984572468744,673.7412892732117,687.9429259916809,708.9352782726403,734.3900615359677,760.7270970998395,787.167497210283,811.8918059334687,832.7221428952846,850.6699386084015,863.8044334480281,870.6918014546239,872.5200023514209,871.7883190834136,869.5647909183144,686.6790178675571,699.6644637415081,717.4395578823055,736.7277320711072,754.4980462426178,795.6165965614755,810.8918766495799,827.910600171417,844.1101358533971,855.2273920836624,779.0814008140159,781.0690255906687,782.873381583207,784.794269930429,757.7787625957263,770.9931983010131,784.3992173730055,796.0470318800571,806.6862545535162,707.3582180610201,720.8526665648201,734.2932076372177,747.3407839548689,735.0800345355808,721.8500227234799,804.3782436362316,815.2579115846622,827.9717691270423,841.0238690171605,829.2007706555307,816.7237871467009,732.2105786817306,751.3355105094644,772.191175814283,784.4732611118059,796.6483373651014,813.324917644725,826.3016551838257,815.2902725261563,800.3160206187747,786.2779284433398,772.1128465857772,751.4566396928494,737.4598274054324,771.7065308823328,784.4012136053897,796.8238409883822,821.8296734199132,799.346565928347,786.0917477239124,772.4318408579576,222.49177976126757,249.25273083887004,274.8376904305163,299.7970234673369,320.63192062973667,334.8097307580057,343.3929805882268,350.0188970946706,352.01056927826755,346.5439326793343,334.4190552605805,319.1207360867945,299.6899777949925,276.2262989794463,251.00948859318356,226.1800388597448,201.94037506850935,190.98486860353842,178.72230609245173,172.7308618311232,172.08328587710076,175.3125671967142,171.8053242531475,167.12904000885212,165.80758911270001,169.63645439585198,180.24976267643376,195.01395233201202,206.6825349814827,217.35437499325568,228.63804191672156,249.8658855198093,251.18883816876416,251.8995518397083,249.38277896877892,246.76070026106933,207.05378841979393,198.46654612480447,197.21726177644928,205.08787495957637,207.78896967298823,208.82952869581578,202.57611098366598,193.10823718231558,192.64023972960584,199.62937895967772,202.78956133630479,203.75657109991334,287.93920165065754,274.29308527080633,266.9282331291613,268.1477846034273,266.14481264569235,271.2075326828539,281.75417779023917,297.9319746846961,306.63256268817827,308.68527562899055,308.2398410964396,301.87786680211343,287.244109871674,274.636840150174,275.09247561334865,273.6087438442037,281.790000088803,296.4674177348744,298.3442058290588,298.0071722091865,14.771216094846483,-2.2488044439818795,0.25595056702231694,0.4186713,0.4895506,0.5721816,0.4417004,0.8589449,1.0,0.47263652,0.9211674,0.485801,0.82013714,0.50664055,0.10980609,0.35528073,1.0,0.1435564,0.41707888,0.99600935,0.63705957,0.008972178,0.1345747,0.0011335111,0.00037291623,0.0036861908,0.97157055,0.021518622,0.0013461169,0.00037219087,/content/data/frame36.jpg,0
424.4366319444444,356.10548400878906,178.49853515625006,205.13877868652344,0.9978932738304138,434.6443864207072,430.5668260729226,428.61208544389456,430.09809299416247,437.7475348308326,453.0477243716996,473.55856010701245,494.8048266862543,516.4191571633455,537.877876651055,557.1184260815517,575.5058185096823,590.3408257576484,600.5295123274209,606.3401092780623,610.1545629963766,612.7586242440793,450.9312505822163,463.2844345865851,478.4019494003951,493.4941978784627,506.543812772984,549.7883568911857,564.1211627027678,579.3027530614017,592.7985711516794,601.571667977114,526.5315898731569,525.7927769790604,525.2103453894597,524.725619101664,503.9107509953192,512.8823470211546,521.990428212539,531.1265121924043,539.9868820520987,464.13332184231876,476.24505974459225,488.35385577676334,498.1328740961908,486.3105692594536,474.0639381762003,550.4796890289163,562.7413009070551,575.0250391698046,585.3442244562393,573.8329875352429,561.6428315543544,480.71453074525834,497.8071261752757,512.0427695737999,519.6320314592231,527.8656289240826,540.615547221214,553.9864715543263,540.5674942307633,528.273103610436,519.2367937786821,510.431211664436,496.88245458498386,485.4211267470464,511.10968320792836,519.3793974471373,527.9859301359011,549.7872857863604,528.309403793146,519.847440910462,511.4048386143122,446.2416164613114,467.57032143043034,488.65832126723035,509.8051731787473,528.3615213885696,542.7558643732664,553.2265889834798,562.2381313502319,567.2304042143332,567.6959826692928,564.102103181649,557.4055704864531,545.1152441953946,527.8486675946078,508.451487424245,489.0971514468947,469.35947732343266,418.5045573493471,411.245812002212,410.1541727768563,414.11764211990885,421.0019849762557,427.786377612465,426.1307576785748,427.99376845018287,434.426068388575,445.2059608039144,446.57759856874236,457.6950137217409,468.2735531025901,478.6816694348636,493.0289424979219,495.75085462174684,497.9985314159967,498.1639364118291,497.70481393115915,443.75819389681055,438.6455831392186,440.58627835599964,450.36866405292585,451.9024641537726,450.1262862363592,457.32293684896376,451.4842123921562,453.83880158790816,462.54829239392166,464.84070615546443,462.85850195853527,514.8120013303378,513.7871741025447,513.3660831795078,515.8048568127288,515.4157229624252,519.013446689305,523.1133131618935,526.2269708710755,526.8910558627704,526.1931650420684,524.702275161244,521.2623413150686,515.8454267420711,519.2632342036359,520.9321035574885,520.876787595962,522.9671880529168,520.8644918994742,520.5631592995087,519.109053799466,22.710547298831397,8.495105819944447,-6.308567959652146,0.3431762,0.47478083,0.36374524,0.26970956,0.61131275,1.0,0.43852895,0.10101091,0.4777313,0.45996922,0.39072594,0.20129567,0.5566048,0.0,0.23627134,0.46985558,0.0020930553,0.07511937,0.06082741,0.39469725,0.0006818127,3.364973e-05,0.00013902129,0.4057818,0.0023826521,0.00204148,0.5889396,/content/data/frame36.jpg,0
660.1823459201388,95.79331398010254,202.85432942708337,254.5547161102295,0.9997120499610901,656.948296451628,661.5370090737806,666.9413165226437,675.4372291074905,689.6379539651749,710.8102004741223,736.4838971810652,763.0805063389608,789.8116756023767,814.5921284453293,835.4184933055969,853.571699363027,866.8337124961555,873.4107985224994,874.8412267925879,873.7726842754687,871.2033245608623,685.962208126207,699.2781326959697,717.1046019461998,736.5795940777047,754.6819566070021,796.1403793867199,811.2944272245832,828.01707756172,843.8888339172074,855.2697366488703,780.3343327153977,782.6143440507434,784.6700430256252,786.8501880219169,760.5825915677359,773.5549103853333,786.6052469354461,797.8724458772472,808.1501214289108,708.1936932873225,721.5374384160777,734.9980189682988,748.3101655498474,736.0330784958974,722.7567818362443,806.2087452877428,816.7709443180565,829.4344512894016,842.6268766107044,831.0532873765421,818.6695882262693,732.336175922931,752.488365614103,773.7063940573349,786.1227022528668,798.3681361380939,815.2336399476496,828.8945904290026,817.3365683269992,802.3023236816565,788.2750995188544,774.0341231554154,752.6537777727731,737.4445530998136,773.4278607383108,786.2557238523432,798.8131012174266,824.3887523025271,801.0594292843584,787.7196715262965,773.9826514798447,225.6213685938263,252.44459331945853,278.0862454034781,303.001449527258,323.8399039498104,338.02769716349974,346.5150796882104,353.1468054380732,354.8480107718646,348.9635073656253,336.3605756559087,320.74717907274146,300.99325306442574,277.2866046113338,251.80539412799683,226.95642769637337,202.70830704815015,193.13529457528978,180.8563412861979,174.65758208924362,173.66613784244782,176.71369982908402,172.01248053863628,167.60700944844797,166.63156020235573,170.42043630526382,180.3501910049708,196.07105542155028,207.99177349568205,219.04703185047183,230.6654653495547,252.4749446753752,253.57307384718223,254.1625492515963,251.52596865753904,248.89856447822802,208.93952052940043,200.3503963269079,198.97121214273872,206.5319406426269,209.20867715478508,210.38650822252805,203.49632256089853,194.1243172681942,193.4070821370451,200.09237338727195,203.1815114514341,204.29656418972255,290.1063655337748,277.38725385878877,270.3855583715374,271.4835783003117,269.283915215512,273.34611738621925,282.3609252727741,298.60678439372026,307.3653991614367,309.6936412957166,309.55413794296703,303.86974956545004,289.63463591143227,278.00411285006464,278.2796237785176,276.5346848173046,282.7429663652753,297.93581368691684,300.07140573304184,300.0279816275462,14.280431919000659,-2.4319916111822684,0.38486644876075043,0.3466295,0.4396677,0.5409332,0.41322377,0.908534,1.0,0.35984474,0.7255996,0.47900924,0.86726135,0.40418112,0.2211487,0.3289526,1.0,0.2008226,0.35481492,0.99583435,0.50793517,0.020671023,0.079350926,0.0009991591,0.0004967087,0.0039580325,0.9779269,0.014535128,0.0017579758,0.0003260698,/content/data/frame37.jpg,0
425.82606336805554,355.95352935791016,176.65087890625,207.47361373901367,0.9977185726165771,434.02802618274274,429.7696198531948,427.56343590415213,428.9180899519116,436.6342134165975,452.33130021327486,473.2867681622746,494.6784481890726,516.5511560948238,538.3512238195639,558.0303021364635,576.8632373520202,591.9990470483218,602.2368309907768,607.7963350017371,611.4344728356971,614.072476320438,450.71290072381754,463.1214018057919,478.63770062183323,494.01032176013194,507.1383835646904,550.0485485920842,564.6770938741869,580.2139456321486,593.9020565544517,602.6101673899348,526.7472702460062,525.9775217619963,525.3843356628015,524.9058305276219,504.1130276131786,513.060539412944,522.2011078899033,531.3730177483325,540.2177574186611,464.3369487939399,476.4775864259977,488.57569356596605,498.44793935545744,486.5795577154162,474.3148827078769,550.5691241896063,562.8372568400823,575.0472031474031,585.4450922814679,573.8264325956768,561.6715859803058,481.20697417841217,498.1367589109808,512.3497489348905,520.0140967935401,528.3729708527378,541.1623320461833,554.4454683944734,540.9414287296293,528.5918708139423,519.3639115247307,510.43802854290686,497.06460764685954,485.8629871861873,511.3984296776912,519.7109817093044,528.4490093180087,550.3287067079798,528.6158220401223,519.9975208829804,511.4811237346237,443.63330166414187,465.3473067270281,486.8588170830733,508.51072554995534,527.5169139040829,542.4114008989335,553.2794107550478,562.8841789260232,568.303121589785,568.915643778021,565.2225101297961,558.3755015744625,545.8476450326572,528.1924156486441,508.38212497617747,488.768400562684,468.7372956116789,419.2791562041416,411.57334630958906,410.43737704782967,414.66695731984663,421.8902998875281,428.85006024987354,427.2559681386585,429.3803929299319,436.43571334245524,447.75099082996394,447.54783575784086,458.94393008412106,469.75541564003686,480.39755089039613,493.95072470014895,496.9084488590237,499.36757497054543,499.6153380884539,499.242699153751,444.18213941176316,439.32843974998605,441.2775190093232,450.7641188940083,452.22594503313906,450.4611225271267,458.51817997314873,453.1055441688211,455.6586795850835,464.18252624740705,466.2232182048999,464.12006607950593,514.7963642569805,514.0265267349549,513.8675196788703,516.4141108009906,516.0757515022704,519.6889883712176,523.7100490306753,526.9258201982534,527.6668390825826,526.9348427171615,525.2595479357742,521.4657568109817,515.8923628695972,519.6436977006465,521.5004519577036,521.4747941695589,523.5543512208349,521.4316997700378,521.0853122102498,519.440869101247,22.7633347680722,8.381158303961298,-6.314066322436133,0.27089962,0.5510787,0.09380727,0.2544301,0.5830823,0.0,0.43226296,0.05554833,0.4706028,0.27276385,0.37246007,0.07089282,0.5668059,0.0,0.32774258,0.58429104,0.00096568186,0.06499493,0.02853518,0.40925875,0.0013401106,9.574091e-05,0.00049670937,0.6025183,0.0020140496,0.009464961,0.3840701,/content/data/frame37.jpg,0
659.35205078125,96.08635711669922,201.97265625,258.06383514404297,0.9997314810752869,655.7515996024156,659.3394328914578,663.702222961406,671.8193343439428,685.9321926374811,706.8582314725276,732.3415725083609,758.8660647353192,785.6050408264209,810.5664588207294,831.433431531399,849.3793813518314,862.5780944652777,869.6829924430931,871.987272704017,871.6521831971615,869.670164019205,687.2652596901747,700.6875103971416,718.5804391418638,737.8844760561126,755.5482466964165,795.7999277265192,811.1592242951787,828.2389509434608,844.369078893402,855.3589404531209,779.7498159169447,781.5846866125473,783.2708214237036,785.1010960365032,757.3357168272069,770.7119051862417,784.3341224114699,796.128519959693,806.8284960558688,707.6075314056575,721.2967702238896,734.9178707302038,747.921342615339,735.4723262855457,722.0799316586349,804.8776527166849,816.0513022140351,828.8953417087623,841.8421562599053,830.0290605916841,817.3985451365792,731.3744477834275,750.8723877091072,772.0133903205576,784.3598530919016,796.6198393655252,813.1643161779699,825.883320070657,814.7438550927898,799.731608921172,785.633503315105,771.3982166351728,750.7024803107045,736.7857169355564,771.4157703490112,784.1721520235303,796.6355288048128,821.3374434733043,798.8781218820905,785.629460977218,771.9499311531803,222.34383841930867,249.42877587578388,275.37453083283236,300.666589916504,321.8776043435049,336.5952213034656,345.81012736749653,352.94946827908916,355.4685277347782,350.250644765492,338.2159034655468,322.9225394582229,303.48561299320806,279.93508167045985,254.6534883657012,229.78633621426545,205.58090923748895,190.7892750404186,178.91934668564863,173.3149220777256,173.11842569427137,176.92054903673636,174.0304989454691,169.716401511804,168.89664676719087,173.08147245020808,183.83470034914228,196.8426667971791,208.605823903056,219.3835273272788,230.82890868400827,251.95309590817524,253.5401842120171,254.5318675239765,252.14559609915213,249.58995256267718,207.11611164269854,198.67477799728357,197.7307998098404,206.10390285251816,208.51513894397368,209.29609462813679,204.91257604016502,195.46738592371986,195.17919861125247,202.47972543882034,205.5271498352241,206.3035002075022,290.3974642813297,276.57458835669496,269.22919896184646,270.67270120896103,268.7906699046762,274.3145523145622,285.20448137510107,301.28687651328016,309.72371559579335,311.62837660898003,310.9862909206761,304.44687725111345,289.77666085596525,277.3222362841587,277.93045124176535,276.63592483522757,285.1874814061788,299.06093269981125,300.74946707227025,300.2588306185013,14.622711351984087,-1.4771952267488597,0.45028192332473277,0.3634951,0.46366748,0.6458206,0.48035735,0.8214154,1.0,0.49009603,0.5353643,0.47420517,0.8764046,0.42502415,0.1480979,0.39657867,1.0,0.14852504,0.42051187,0.99891925,0.50179344,0.008192414,0.11732688,0.00216377,0.0006597342,0.008428096,0.9390419,0.04659851,0.0022746962,0.0008332865,/content/data/frame38.jpg,0
424.0171440972222,355.3802833557129,179.48838975694446,211.19365310668945,0.9983521699905396,431.1390613138093,427.0932512750736,424.97995724085774,426.33296391241373,434.0985000013711,449.98895678751694,471.26709357182636,493.06894661179166,515.3025672241658,537.341202851596,557.2405927711092,576.0812510804,591.074339624422,601.0773352131974,606.5063407592817,609.9856324076512,612.3733072341295,449.3454406272016,462.27845646085376,478.0879955356502,493.7114846749754,507.2165589317817,549.9297736610044,564.5519405823662,579.8765700660807,593.3745521745734,601.9993447054521,526.9058656720179,526.2586901444417,525.7740524568095,525.4185689077945,504.0775317921164,513.0854513893984,522.2610900979162,531.327755946085,539.9975787093867,463.9498620720323,476.1427453862351,488.33780392803567,498.2586544635011,486.36926826930153,474.05317492800737,550.178384048532,562.3134501153013,574.5008122789001,584.6485964546516,573.3722165878467,561.3329360641151,479.8196730781834,497.37755133468215,512.0379962194656,519.8583095242313,528.4543256066812,541.1489991844694,554.4085521790519,540.6904491222632,528.3258210151939,519.0043665288899,510.0061070569467,496.2039782813208,484.6842750385105,510.9894232242397,519.4631431773043,528.4032530753755,550.1814203037206,528.4951413356337,519.7151523579535,511.1008205570155,446.08817146560926,467.8919655940906,489.53552550907705,511.2789042016053,530.4003632457212,545.1975151427253,555.761961143679,565.1630078120149,570.4137957525547,570.8825572998727,566.6563770866155,559.2835035669857,546.2731198725776,528.2728849148782,508.38189379081194,488.71149189320494,468.74377867907583,420.3190809310039,412.6732087949811,411.51367653364844,415.61747753591055,422.7448297933165,430.0093573411064,428.33824629199836,430.4681037780264,437.2111809322413,448.0016995458903,448.67589170234567,460.2534650627048,471.3031756397997,482.2157940081203,495.50409323963703,498.5328710833143,501.0858783129697,501.0598511105326,500.4783100545694,445.1372722318218,440.0670432876436,442.00860008186663,451.64556075720316,453.0526611095063,451.3368143900456,459.3063271599717,453.76544845007476,456.15431663058223,464.6066166341077,466.7285209442314,464.7551212348967,516.4270939071172,515.6652959697366,515.5803563531933,518.1029255022273,517.7269736657472,521.0924586146616,524.7822035331149,527.985211065074,528.4962233873291,527.8129602296762,526.280814501996,522.9248310680747,517.627638272116,521.1925946128947,522.9626407533331,522.9323386244364,524.7778681836664,522.5637281810988,522.2395739517904,520.7548300588448,22.18608419815397,8.107880694490452,-6.042613759551998,0.23763627,0.50104016,0.41247663,0.30936828,0.58111537,0.0,0.38514552,0.005486732,0.47479233,0.30851343,0.49531105,0.03017828,0.56557727,0.0,0.14485548,0.47064018,0.011288606,0.11975927,0.026078852,0.2746573,0.0022836782,0.00014892587,0.0009958808,0.57439154,0.001857469,0.011555927,0.40876657,/content/data/frame38.jpg,0
658.74365234375,95.46856498718262,202.72309027777771,261.17494010925293,0.9997346997261047,656.786233313932,659.8824171511831,663.7871571826977,671.6687026676806,685.7789404238837,706.7619945645927,732.1802081758552,758.5300556905491,785.0271630642958,809.9276787846629,830.9299273317117,849.171207637193,862.6791006375593,870.1308828975766,872.7224173041059,872.5575228761141,870.8683777568363,687.9471517724406,701.4618538833771,719.1832039558143,738.3253323918334,755.7262526326923,796.4229054590984,811.8536202978711,828.9996145376438,844.9782713002696,855.8741371799902,779.545502143271,781.144195373987,782.6119743471562,784.175174271745,756.9435516083847,770.0658004973359,783.523573213313,795.3386036376019,806.0688465425206,707.4990504276975,721.1935634955428,734.6865679880231,747.6837870359695,735.2625683044041,721.9731739646253,805.0282014875604,816.2375293024459,829.0931487396324,842.1669025640015,830.0287336084564,817.408621597767,731.0741059921216,750.319445226221,771.1674379967725,783.2980599545938,795.2623677521782,812.0212981482907,825.3164367994559,813.7772454058373,798.5126392397397,784.5762299502942,770.4489974386969,749.9686966389351,736.2730720701875,770.6934342337883,783.2446518692161,795.4318949906539,820.8058353726947,797.4740677410847,784.4653974317404,770.937628179943,222.24964813325548,249.36224679662155,275.45965284165806,301.00001946806026,322.37870254761856,337.24324311160115,346.39784475409914,353.32946327247976,355.9315709480973,350.7093474141745,339.2153632841495,324.553022480967,305.61403718046347,282.32198469034097,257.02422415166143,232.03153791948836,207.80054737714735,189.53049881301575,178.06308796086745,172.65343174956223,172.48653848801496,176.2680046631438,173.2409860711221,169.38629160124674,169.0693270371877,173.83099690307972,184.87739176215416,196.77958627401614,208.2504250323088,218.71282424077978,229.82988814042207,251.56602617405548,253.1472903233943,254.1429522830102,252.00123014923648,249.5896468047719,207.11555458992476,198.77249805168,197.88308250185253,206.19018805712798,208.6118216114328,209.28035671302484,205.30460204822478,196.05081529578882,195.94312113272412,203.35716840412223,206.25120852263552,206.9168948193937,289.8313595097216,276.4896312240927,269.35736344196914,270.7090793041026,269.01261135535003,274.5081707078267,285.17949472457445,301.4479823527596,309.97311955143664,311.82196586759915,311.12562456275964,304.26818705418475,289.2485033810517,277.2245668291737,277.87775574603756,276.6535168949629,285.1955040737065,299.5148861362637,301.1292898251128,300.6290023349071,15.028662191373682,-1.5225644280926882,-0.477076985698155,0.41676605,0.47309887,0.33281586,0.51543033,0.8365754,1.0,0.40945068,0.8243734,0.48361897,0.8416555,0.51405436,0.061654538,0.40256992,1.0,0.15317643,0.4155572,0.99815124,0.43654308,0.025239175,0.08351184,0.0043897163,0.001100046,0.020570435,0.58591765,0.3821452,0.002491063,0.003385817,/content/data/frame39.jpg,0
424.21329752604163,355.78214263916016,179.46443684895837,211.49691009521484,0.9983705878257751,431.10182506163426,427.089124682909,425.12215688702474,426.64863260239923,434.53189973579475,450.40384198943246,471.5687839775331,493.1903476767369,515.2557125834774,537.1410004702087,556.8094077242733,575.5339233670741,590.5997774044221,600.7452356286651,606.282997307327,609.6778817792198,612.031151391423,449.2787804007759,462.24782406142714,477.9548167328926,493.4372728445467,506.82897333649817,551.0246301131745,565.4117613970997,580.434124050667,593.5670545909825,602.0570567829951,526.8035296775035,526.0278400475469,525.4344662983991,525.0038940352508,503.3627024854537,512.5803193099777,521.9889200371911,531.3450285551107,540.3250235860945,463.28951455830577,475.79386223790834,488.14686746567287,498.3108643649848,486.12675698066795,473.64112194166944,550.2617382956278,562.6439697332929,574.871704648331,585.1370326899927,573.6656696667936,561.5095782973506,479.288383579113,496.95831258427927,511.9627114054154,520.058628714342,528.8644161711975,541.879352696386,555.3402460890029,541.3586209037305,528.6585922519902,519.0293124616139,509.68026845716395,495.64044801853345,484.12391446595376,510.887173266377,519.6423518799495,528.8166891048224,551.0431763519624,528.7212652269479,519.6939818252864,510.78854993540006,446.8736579985455,468.6570550277272,490.3092290973938,512.0304296659097,531.1200914032146,545.8122977259942,556.3172443829905,565.5960819484399,570.939289649083,571.4480102560962,567.3231361439517,560.1647720498353,547.4417345651452,529.7189124735827,509.92875959980773,490.320332636766,470.42271444459857,420.2985769610929,413.1578363320564,412.2399185315583,416.2245612949558,423.07379619687754,430.1753340707601,428.82180657031404,431.1952713120294,437.94351543895283,448.5117099135447,449.46738579888336,461.05904220776046,472.08966732958487,482.961091295615,496.37840253982415,499.4902072674771,502.0082449325986,502.06677298958914,501.5641941223377,445.62620409221097,440.76903340554475,442.7838719784635,452.5204809402918,453.8491389329341,452.0322428841097,460.33264533399495,454.94556049990626,457.43071111517054,465.91989642553995,468.03981018167303,465.97247939946067,516.9613390483113,515.9743342392127,515.8077811486297,518.4406058120567,518.1056238285989,521.7529549831119,525.7749322630905,529.2225812381579,529.9888616017801,529.3161898234919,527.647709067284,523.9615155249685,518.1915022931984,521.7459358519557,523.6234626716299,523.6481809050553,525.7881838986356,523.622161711976,523.2786478535784,521.695198425451,22.365959011776845,8.275751707819516,-6.426908056743965,0.33999273,0.5327016,0.31435803,0.27090874,0.5974146,0.0,0.46615705,0.11359161,0.46587014,0.55160207,0.39607358,0.09139099,0.5711843,0.0,0.29407024,0.5051034,0.030886626,0.116216496,0.07909476,0.46211433,0.00203488,0.00010297886,0.0006285359,0.6151144,0.0017083219,0.007931528,0.3724794,/content/data/frame39.jpg,0
656.7207573784722,97.50593662261963,210.20269097222217,263.09577083587646,0.9997419714927673,653.0353990097889,656.820443284802,661.112573548058,668.3925720481984,681.6813562680035,702.5926985381165,728.5225676214282,755.6733816998204,782.8884689166373,807.791614366801,828.0443427965616,845.0788226945576,857.2663495868755,863.5283278139971,865.5332244443291,865.4762997645648,864.0793963502662,685.2813294705171,698.8118648075983,716.7461310073872,736.2768474989027,754.3143496633813,793.2700626956967,808.6933012942654,825.6180906275192,841.3041801110288,852.0327415745481,776.7800650073852,778.6453315141304,780.4778545687136,782.4662289283569,755.456070558691,767.9607478941181,780.8284917779849,791.782606699902,801.6457813044743,704.9437913117943,718.4526576344132,731.9126910499285,744.6909173464769,732.3195190340018,719.0900917302781,800.9720941852819,812.1299335974888,824.8701850167598,837.2957041156819,825.6717221439912,813.2125939614134,727.8541307454273,747.9280121813106,768.7979640933603,780.8672570144524,792.6185432699792,808.7386152211652,821.6354894866106,810.6397301626048,796.1244260927175,782.5842370826713,768.5388015513067,747.7951189289157,732.9460386458128,768.1497190128591,780.727062348587,792.8019254201616,817.254283860821,795.1064810920025,782.3405241809769,768.9641088859679,215.4860038042393,242.99934811590649,269.51924856175225,295.78365599035567,317.78921292302965,333.2811939530624,342.78483039843667,349.6272898145451,351.77924970846607,346.63634482224217,334.7547433907262,319.4461068747239,299.85816461422905,276.2080960238392,251.2511496945199,227.02274517580213,203.4949282158546,186.99831597384508,175.22903022866717,169.2611973467997,169.0639368656004,173.0275787949843,171.8289049927966,167.82763632054048,167.5478209401262,172.4750706759047,183.51177813318873,194.54993458232127,206.91285535157868,218.2870085468895,230.31067704282842,251.4990213910004,253.17972020877792,254.32316295803741,252.46484032131977,250.14033748896654,203.37797387379368,195.459440420345,194.89657295045214,203.6550888603084,206.01555303581185,206.33773731423904,203.49096701086606,194.73073865609786,194.55930598414693,202.04511778100814,205.02006740874927,205.59974882950803,287.59647568457206,275.0663092652637,268.31297225687865,269.7376135151352,268.00753606605156,273.36131631142825,283.7239791060767,298.02925463022916,305.6717457274925,307.45620741608644,306.9169942676691,300.94946247501696,287.04838040430394,275.83832083132154,276.5314470229756,275.34182471532233,283.8703649189314,295.7778600229615,297.45376023137044,297.1181963009392,15.249287252297574,-0.6072851350954153,-1.1051188429806917,0.3667065,0.4648107,0.566672,0.46412754,0.8604141,0.0,0.34183383,0.97719425,0.48632228,0.8472241,0.45047694,0.13426843,0.3438928,1.0,0.2086952,0.35830083,0.9381413,0.62032664,0.03184618,0.11992609,0.0017793969,0.0043486953,0.017085036,0.5534293,0.41792706,0.0010131013,0.0044173882,/content/data/frame40.jpg,0
422.173583984375,357.0963134765625,180.01424153645826,211.04894256591797,0.9983481168746948,429.6500981782313,425.65110493470763,423.5994291873199,424.88469654873836,432.5306130984995,448.25516329218965,469.3722986575573,491.0759241494493,513.0805820423773,534.8264520019405,554.2974305830801,572.8344569702524,587.7486787212681,597.7524735928234,603.329347141291,606.8280827119518,609.1903311510912,447.72868868910416,460.59891447580446,476.23130727262753,491.6564931066173,504.93816279968297,550.1682055783571,564.039758088356,578.6001286452747,591.3109055304585,599.3130357039006,525.6839551800247,525.0792184927365,524.6612118626548,524.4007106017643,502.4397161437975,511.6443154277464,521.0710283787719,530.34603259294,539.1923879223514,461.5880554401152,474.0856928715618,486.36395645043314,496.6359210444037,484.4485091105847,471.99559179186855,548.6755576570433,560.9266042356605,572.9588128482853,583.0917488386283,571.7843004124712,559.8271008260597,477.98660000116354,495.8966994678952,511.04450738748136,519.139662943101,527.8853319765085,540.7434399335061,553.8470141362789,540.2050324193275,527.7711202050593,518.219885326637,508.88434857169307,494.6672322403865,482.7816527636288,509.9085485948447,518.6725811783405,527.8064132425492,549.6642306640563,527.891490898363,518.9020463036111,510.01331064795824,447.0623433581468,468.68677085124057,490.2107988608677,511.83314318921657,530.9068864061368,545.5018254215036,555.8004333906536,564.7986484108894,570.046200784901,570.5299931538109,566.4245132081005,559.4021648530137,546.8466592183091,529.3612838331916,509.8776855004089,490.64178753211326,471.1195147929795,421.21821660019515,413.73902115931185,412.4718531785394,416.4261527262769,423.4447347798865,430.85374417380274,429.4502043792222,431.7532033863055,438.326576904976,448.74331390101935,449.7123704400177,461.2242860145067,472.1956052422951,482.9833946369778,496.4856231712598,499.552811540997,502.0660441379523,502.11062084441403,501.5576462724177,445.9788712598438,440.92198884157824,442.9029351077176,452.6549312145813,453.7821271294323,452.01827531096615,460.66906977610006,455.25253198370535,457.66402915458593,466.1306824230476,468.0195241262083,466.01452334542387,517.0759707040603,515.8146295464148,515.356786164436,517.9437295834883,517.567733442429,521.2834804360812,525.5260114884511,528.7251185299692,529.4475389299481,528.8387717717403,527.2778624665391,523.8296662840373,518.3077248841694,521.4629647028707,523.2661249343495,523.2703214546327,525.5391897697722,523.0698243956336,522.7561269567644,521.3019421062479,22.988716245535453,8.508514566489644,-5.385677549483785,0.33735073,0.55315256,0.22422767,0.312857,0.57233804,0.0,0.42678007,0.07411102,0.47138673,0.46138465,0.40990287,0.27647743,0.58189404,0.0,0.36116403,0.58429104,0.0031631074,0.06023002,0.14464442,0.3883255,0.0022163447,0.00011332241,0.00095385144,0.46949318,0.002541579,0.008636899,0.51604474,/content/data/frame40.jpg,0
655.4336480034722,97.5846176147461,204.12706163194446,259.44934844970703,0.9997476935386658,653.7333639153212,656.922174485743,660.9005131104832,668.8780116096127,682.979165819931,703.8290214907079,729.0485931127951,755.492164720938,782.089594600775,806.7684354003131,827.3137385411292,844.8932569436047,857.94524842595,865.4226936241266,868.5087479872227,868.815777911861,867.4373258216792,686.2474432319837,700.0315187594774,718.2886370814599,738.1442873601245,756.1799804140028,793.8970060918409,809.7145494393417,827.2925647034735,843.5420840307706,854.1907799887804,777.937982167402,779.4949365752082,781.0054978242597,782.6206106958807,755.0873287390132,768.2466925479803,781.7880205116062,793.4805810988591,804.0846468381469,705.2431220840767,718.9884686026421,732.6334945547164,745.6177798611752,733.1153617374375,719.6840319532189,803.428165084505,814.7377779821336,827.7077834743277,840.4873543284657,828.6742828720317,815.9902819249282,729.1232397052313,748.6586751235395,769.7107492946961,781.8039612009543,793.6209853545142,809.7339417797011,821.9262865875862,811.1264046038268,796.4985117476399,782.7419009701289,768.7167480324824,748.2289445726269,734.3431010120889,769.0583315817612,781.5770058683265,793.6286495043405,817.4096156666046,795.5123602078875,782.6825733987134,769.2542591698138,221.1399761050052,248.13643354329088,274.43597295076415,300.16161042717886,321.6738397827594,336.8531246093771,346.4835835190397,353.6718694373303,356.3036048753738,351.2493671452703,339.2692432027925,323.9276565495875,304.38238578162327,280.9437269019145,255.84976011783965,231.03550696652837,206.94824389153428,188.48545541816065,176.40320157600036,170.66389462783036,170.69469968524345,174.9308218966039,172.2019670200234,168.05534649053243,167.69899135950618,172.93102623122104,184.88963302666843,196.4412975907835,208.25512061638938,219.1004400598331,230.53806096109747,251.88438838097136,253.650130560437,254.80377996055722,252.6145981425061,250.14850483848022,205.78958403026854,197.51183828631065,196.87183538265845,205.62696673020173,207.93489647740125,208.37514899671942,205.30210327533814,195.83698958347713,195.63797221105142,203.41726057871756,206.39515393149304,207.06336387566807,290.9105547698118,277.0872306300116,269.74371320252794,271.0738607358144,269.4621624006777,275.15983612818127,286.2761565691744,302.19827009650817,310.6221914050702,312.45080559328017,311.76170017040204,305.15967532066225,290.32768968048185,277.5086660841389,278.1686551605826,277.0390745312243,286.28549087271585,300.27837272913257,301.9266288733679,301.44838963566144,15.26460455378139,-0.8665618192177298,-1.3861257566504204,0.46650416,0.4557679,0.50039715,0.49119866,0.8184098,1.0,0.5441492,0.9957248,0.48014402,0.7392699,0.42966926,0.3591361,0.40751436,1.0,0.31085318,0.41682798,0.99930644,0.562096,0.007692276,0.10145216,0.002921311,0.0022162509,0.03811089,0.4086594,0.54210687,0.0016926071,0.004292565,/content/data/frame41.jpg,0
422.87049696180554,357.09796142578125,179.2927517361111,210.87398529052734,0.9982616305351257,429.72409318085147,425.70219346746603,423.61628356870347,424.91187680469557,432.5831064024087,448.3216383289889,469.36202225550096,490.8493685596759,512.7263358918945,534.4033946957106,553.8349742423643,572.4275081026972,587.4554741092206,597.5276422369379,603.021808533791,606.4033757707975,608.7195635824455,447.4508092379242,460.4175786491246,476.248308467435,491.78811210119056,505.17832590507487,549.9260943403906,564.052209536686,578.8292114565875,591.7238846880864,599.8182947280347,525.5309190645321,524.8637579104034,524.3877421297802,524.0620272760871,502.0168707179582,511.2686280610328,520.7286046009231,530.0348036094019,539.0113812975469,461.3202891836713,473.94430762507545,486.23580129121,496.57560009102417,484.3873638404202,471.91075041245176,548.692857512543,560.9995094758742,573.0770373668529,583.3387822482664,571.9152632376299,559.9058798110636,477.79336127249144,495.70331173105023,510.80268764610855,518.864707195281,527.5778321698599,540.4689609239049,553.71218449363,540.0235633953307,527.5330058422296,517.9670192607009,508.6408429739763,494.47811407972586,482.5947858460163,509.64834937809746,518.3856899209841,527.5121311324583,549.5399574582698,527.5909693607637,518.6063675789783,509.7231981839068,446.681444220952,468.2043936699356,489.64116706814,511.16012709462757,530.1398838046416,544.6218042057817,554.9473195156006,564.1876214092017,569.6237638559896,570.1968530702025,566.1225742756333,559.1556248065772,546.6964094838986,529.212316679269,509.73115969690843,490.50532575429406,470.9723289038093,420.76297319845116,413.4789664504192,412.5254793909844,416.6357534853146,423.5994450516896,431.21660251462663,429.95847893018754,432.391853199616,439.2003720679222,449.95596069740805,449.7843250327819,461.24457840443574,472.1394122077718,482.8329196917239,496.40332115477213,499.4806213974025,501.97489280606624,502.1103370934552,501.69932853762566,445.50166867112785,440.63702419441915,442.64103403967147,452.4592893771828,453.4848499919949,451.6663294392047,460.78380387686457,455.4975324948473,458.01161527004615,466.5750501744478,468.2851172585888,466.19935064721267,516.7420003548623,515.721658417493,515.4365617671338,518.1051913007659,517.7631266021363,521.4972260584236,525.5709166205643,528.8131783521894,529.6026315199206,528.9300857766384,527.2855990668368,523.6384675126747,517.9585555143522,521.4586289613826,523.3536574370883,523.3799469017786,525.5988652023607,523.2539294161288,522.8889236527866,521.3371061748021,22.657031358597145,8.208149556241331,-5.150589792077232,0.2610564,0.48675594,0.32726794,0.28593165,0.5865014,0.0,0.43991584,0.047001418,0.47180563,0.485801,0.48775038,0.14054619,0.57939804,0.0,0.378755,0.58429104,0.0003612238,0.09098983,0.031879365,0.39805764,0.001325435,7.155953e-05,0.00036138887,0.62085384,0.0013560461,0.010058979,0.36597276,/content/data/frame41.jpg,0
654.4462348090277,93.81939697265625,202.98725043402783,261.9854736328125,0.9998026490211487,652.1394310707765,654.5145798152262,657.6611055525282,664.6873071509108,678.0433910627034,698.5167277281871,723.7166481066815,750.174738421556,776.748689879314,801.5669786815561,822.1985446031467,839.9598160784808,853.2252891935059,860.739267515135,863.7365163917711,864.0546801221644,862.8259486227034,684.7555045895278,698.4393745342968,716.4095352365912,735.6304734733785,752.9024129165773,791.8386527528492,807.2119816627237,824.1960671601992,839.9947074658412,850.5924510633777,774.8122178808117,776.1222002157156,777.4034561828303,778.7836148043425,751.3012130462448,764.2314889877453,777.5809862600872,789.1793181556277,799.7077099676535,703.4521257135129,717.0746546504815,730.3699878223051,742.9658067674027,730.6357769943352,717.5704702594303,799.5452082967677,810.7007643641991,823.3150502600183,835.8610524740216,824.1311376987578,811.7850957396004,725.5686462199956,745.0278465353476,765.8239004259231,777.7511707821104,789.5523861636611,805.6868045413285,818.1670340541314,807.1533296528214,792.4459165499429,778.7597979658167,764.9219711797195,744.5856703444006,730.9171379939144,765.1004194513807,777.4892605129717,789.530480668589,813.7249781744613,791.5098642014927,778.7426146133948,765.4697022498294,215.37502511295315,242.31263777076674,268.4125947906723,294.23994176583074,316.0123173880129,331.4323055645509,341.20581040567777,348.66827614736394,351.7031147785892,347.08223585403175,335.81557826368953,321.30390921686194,302.48950623720884,279.5240025720559,254.70777502255805,230.18919236931833,206.31117211432138,185.8759217779516,174.2635639944201,169.07684308359603,169.60196595883463,174.29519485471246,172.6690350875142,168.59025626534276,168.2242152553008,172.8572930483715,183.9018975021827,195.36899318323412,207.02815077338892,217.72375702962017,229.09719688144105,249.15732732636388,250.98522752123245,252.30486026671133,250.14845260040602,247.715780850398,203.64749014767585,195.82594480862463,195.31638439160452,203.72723252088326,205.65791427304066,205.9998854726291,203.84430230742146,194.91785054284992,194.83584079162392,202.1407237610183,204.67419077021623,205.2927539800803,286.1665581880952,273.4329819743725,266.7553288456984,268.1983369372465,266.6045013608091,271.96977360593155,282.43492243603396,298.14607193201664,306.2616924523463,307.9667981996463,307.2208683088538,300.52059761597775,285.80119176986045,274.53687651218206,275.24446710193297,274.141753099786,282.5420888400695,295.8238083744509,297.3081726915116,296.7676934833289,14.629193749770035,-0.08139861382284864,-1.3818875196477223,0.33172086,0.46709907,0.45460758,0.4168197,0.84208906,0.0,0.45721492,0.80719596,0.48179218,0.88891697,0.5262528,0.113196574,0.3786498,1.0,0.15502416,0.4211,0.9991985,0.4477127,0.044740215,0.1282911,0.0027096535,0.0017642169,0.026513807,0.51677746,0.4477391,0.0025842162,0.0019115352,/content/data/frame42.jpg,0
422.3191731770833,356.2276039123535,179.8744032118055,212.0998191833496,0.9984782338142395,429.2782905871219,425.24063812376505,423.10856365231643,424.30467896920345,431.67476139276675,447.06894051352674,467.98212051461087,489.63318902986816,511.5095252092042,533.1157116189879,552.5269453735605,570.7867790405458,585.4102595157779,595.3492830632563,601.1971551631113,605.0352464784364,607.6399104814673,447.4993445068985,460.6909743138988,476.6068955847079,492.1616892301172,505.48338384403905,548.3565277433786,562.611727673579,577.5028016787919,590.5523971060402,598.7686972290599,524.5955148129037,523.8735174616454,523.3571874093241,523.0163959212869,501.2801978015459,510.44456697964915,519.8177589334305,529.0425524570132,537.8538875041463,461.1033177540962,473.620434066567,485.89865955095183,496.1236178369686,483.9127724003988,471.4601537291046,547.4785466812941,559.9849905039218,572.0677053801301,582.0463089219234,570.8735091392418,558.8660857585432,477.6623115312334,495.2751586870868,510.2634759899456,518.352555786279,527.1026927893085,539.8209328176204,552.7956008428291,539.1274257803993,526.8072612794244,517.3564112225777,508.14542290973714,494.159720414955,482.519621833929,509.104179625225,517.8361195400289,526.9324639214638,548.5972390388151,526.957085742381,518.0568512062923,509.25153128669695,447.2479384727153,468.725311646881,490.12294835108924,511.5358162987977,530.5022036856835,544.9686081696791,555.1245555725459,563.8050900405365,569.0475960640633,569.8607836590268,566.1182972207321,559.2361114250575,546.7328079086096,529.296993617324,509.9613547694862,490.7089567912558,471.1450920198945,419.95656147669683,412.58483683987765,411.65417600383444,415.8481155892425,423.08409404395,430.43088586334625,428.92464634799944,431.23988638340325,437.90291825118493,448.59610832506337,448.9340780887071,460.5314867103609,471.62895707112966,482.55487113994377,495.9599734996468,499.0842140551076,501.6216876423391,501.64057499110186,501.12257617704245,444.75364030281617,439.7590895177252,441.9048364575051,451.97898419408375,452.86027243852186,450.97552741985737,460.12471845142477,454.5451908243326,456.95384359066543,465.53471505648986,467.464319424786,465.43234410913965,516.5756284533936,514.9027554932195,514.2728737899029,516.9296183297229,516.5783136427358,520.5831142556945,525.1358452000691,528.0303124347583,528.5770291212739,527.879426032514,526.3017786853388,523.0130437341877,517.7082322155857,520.3576797154419,522.1634164510892,522.2693676508957,525.0288775726585,522.2240380138651,521.8140232548203,520.3454522430702,22.82021978009815,7.926412417144275,-4.543695178844589,0.27987856,0.5383564,0.20119078,0.24323633,0.5817981,1.0,0.443112,0.061211873,0.4692415,0.44439784,0.50618863,0.07775947,0.57586396,0.0,0.40758193,0.47753218,0.006303286,0.081514165,0.065684155,0.23426312,0.0015581897,8.592598e-05,0.0005805383,0.585264,0.0015492741,0.005942173,0.40501988,/content/data/frame42.jpg,0
654.5169813368055,95.19583797454834,201.72357855902771,261.769326210022,0.9997945427894592,649.8657435842861,652.9155798770306,656.8710714562618,664.6680069151575,678.6564241768334,699.5960686204957,724.8781195970594,751.1538015019465,777.4089534166716,801.6663397588529,821.7428352636487,839.214708797238,852.4792917796905,860.0663635566625,862.947508487015,862.9496429319566,861.4277649653861,683.1788355664775,697.3430309222156,715.5448939874369,734.9835555571149,752.5568433102328,790.7073879469699,805.8671895287625,822.64087488803,838.3775570232963,849.1917410431745,774.1676115408214,775.8260378140515,777.4517921011138,779.183594600012,751.7098056860352,764.5965170210173,777.8297573645903,789.1742947828552,799.4681048706087,702.2591350643796,716.219359865785,729.6469095918496,742.3782464413233,729.8994668534058,716.7279475427279,798.4434776826288,809.6405324447089,822.4004128144763,835.1380874675704,823.298246483644,810.8376939321358,725.030947727199,744.821839520246,765.8362363448678,777.8207140583903,789.5152630006771,805.5660642831841,817.9004973511247,807.3267379583979,792.9194592809321,779.2890811158106,765.3293805640399,744.5851595333432,730.3167040314879,765.2379926187767,777.6827240652352,789.656398491641,813.5976248576462,791.7605867400455,779.0638035584643,765.707626675535,215.78854966843735,242.89414682998608,269.20558068764524,295.1408467091471,316.7509596276923,331.9052940347222,341.4430799795164,348.75604409030257,351.4935258975236,346.4901622759703,334.9597221925714,320.4545211726089,301.82707038155155,278.9726509548516,254.12295614137298,229.6223366918542,205.7994503193003,184.66463522588924,173.39169532917444,168.27976522521817,168.65110247545493,173.1358240609984,171.919724055515,167.86360463120758,167.28179987580714,171.53832308461054,182.03819136363512,195.1014718479319,206.8263242914293,217.52477084282873,228.91216566873717,250.07737787936495,251.66255898933542,252.72450151739108,250.7362847774808,248.4408390283871,203.07112415748668,195.29045447967013,194.78633228622363,203.40307715391043,205.36291888233816,205.66761089775326,203.62695047116355,194.54826678242893,194.29369677673924,201.48475412423733,204.28329229070923,205.04932398473238,286.8009150102258,274.20791453313024,267.3077033937286,268.6901309574472,266.97929844394025,272.2969497215453,282.6257909188229,298.30946767137254,306.57325211084185,308.41980911015355,307.768653617352,301.114615127883,286.369588623209,275.114566830083,275.77594519076285,274.58996145447753,282.8693610437828,296.0409271624639,297.635507319458,297.193265306117,15.038241487400425,0.11203943370986541,-1.314115954069315,0.40241185,0.48183274,0.44238842,0.42165938,0.8480237,1.0,0.39054015,0.7586213,0.47985333,0.86424464,0.62124515,0.035188578,0.3483367,1.0,0.32934496,0.3612658,0.99859196,0.741852,0.02769947,0.08700198,0.0031687631,0.00229493,0.025318852,0.4167419,0.54651654,0.002032701,0.003926301,/content/data/frame43.jpg,0
422.40668402777777,355.4729461669922,180.04611545138886,213.14822387695312,0.9985007047653198,428.96026612862335,424.8644198019541,422.7744532258581,424.270628536633,432.13164904349594,448.02897194549007,469.29413449823477,491.0884929251773,513.0632519334656,534.6309624061636,553.728787221625,571.739131781194,586.322901992526,596.3822506264071,602.2815767950931,605.9619742886716,608.3100327638298,447.37181255574035,460.6207206102921,476.5585471245984,492.18506715104957,505.61679220646397,549.6276430666774,563.8989252601066,578.786584999704,591.7140635218632,599.8500336935977,525.4602768236342,524.8473905081876,524.4326353475765,524.19172518224,502.0195286915957,511.3966771214906,520.9554610222003,530.2761018247177,539.158021463592,461.16798246005783,473.8632865164589,486.2130273363964,496.6229931062353,484.30452853007625,471.78962505502096,548.4366455330586,561.026831529088,573.1516776329161,583.3260844251184,571.9804383308044,559.9121532137754,477.66848407417126,495.60031405637784,511.03004453630564,519.3120060852874,528.1623217010798,541.1390738376147,554.2502917163511,540.4840030880783,527.9993010455968,518.3885831822103,508.9453529201644,494.52793451677246,482.5079854128555,509.91412370874934,518.8393788206631,528.0771295732542,550.0397912384091,528.0657868847964,519.0369153990875,510.0340756883004,448.86644424691326,470.49249943564354,492.0589750188723,513.6017590189513,532.5846628860323,546.9145489698269,556.8810369647341,565.4194896301327,570.6091050016578,571.2251623912969,567.0673505307072,559.9187735856642,547.3682260170411,529.9420146675002,510.6030510034674,491.40184612022057,471.9918381978365,421.10628143485957,413.754664268202,412.67725369742584,416.6303940626578,423.59546033435873,430.8093034746813,429.5754049661697,432.1579399849852,439.01946611063613,449.7169553118863,449.6188425812812,461.0845092601168,472.04219424619146,482.82674315502004,496.85161153992306,499.8781426823363,502.33933837664154,502.4082939947795,501.93481297941105,445.8593054428311,440.82666586660963,442.8523572081114,452.8483529631128,453.76871913361504,451.93846810754985,460.96547201350586,455.46615855954553,457.9000342300384,466.5124659219713,468.33010125623696,466.2789803389991,517.7516584396086,515.9626237552715,515.2360208898157,517.8595511898988,517.5074552356876,521.5521146315812,526.2479419164665,529.2332186032793,529.95332686486,529.3094768393894,527.7431796259777,524.34290384977,518.8936262876356,521.519306210128,523.3180828002776,523.3877397136697,526.1672167344987,523.4782830291952,523.1213999725973,521.6613337446346,22.863706537956258,8.44636075271071,-5.198789413005588,0.32844773,0.4990978,0.23180619,0.26251546,0.6067532,1.0,0.4290747,0.035411388,0.4752649,0.59041965,0.44383624,0.045207422,0.57122535,0.0,0.30250716,0.58429104,0.0037692776,0.07376008,0.014717021,0.40114486,0.0018041758,8.864396e-05,0.0004297161,0.48997587,0.001461997,0.0036917112,0.5025479,/content/data/frame43.jpg,0
653.9534505208333,94.01108264923096,202.40397135416674,262.0369291305542,0.9997813105583191,649.907852440371,652.6913244612952,656.4057520221189,663.803148123232,677.2358359572152,697.7327044849079,722.9041191970008,749.3731786786633,776.0504093495281,800.8754468447625,821.3553160685382,838.9861806736544,852.2208228685358,859.8058485523538,862.7391937086392,862.7225505092143,861.1950871457851,683.5167882482623,697.6925490178271,715.960653240561,735.4126643322904,752.9878641825736,792.1218548986258,807.3375813529716,824.0432677450157,839.589290487046,850.1239859067654,774.6073240084081,776.0148738696751,777.4045435369653,778.9032936329183,750.6551923352596,763.7884572039147,777.4414097230787,789.1363498054043,799.7048564095408,702.2215702901393,716.126307427629,729.4683432404206,742.0967175373348,729.5467330845584,716.4532956920043,799.1416302992753,810.6404880027917,823.291756070086,835.6113784010937,823.8058022757447,811.4332890564747,723.9860677271777,744.0833776434534,765.2846958260807,777.4365929412631,789.3435463928384,805.4969522021668,818.1083553086766,806.9274801743513,792.2142171584969,778.4184479956199,764.4096158923583,743.6427639325543,729.2924932194708,764.6213106417991,777.2111225706767,789.4203337667614,813.6356641443276,791.2455754550349,778.3407422469539,764.8895510361327,213.72518338015647,240.98167423460643,267.5273149244332,293.6992708055524,315.9028544526418,331.7011678562236,341.6385823308184,348.94022380821355,351.7296090379424,346.9316820181665,335.37061848256565,320.7712339348478,302.0567246176313,279.2073548451116,254.41442298120012,229.9233927573058,206.1075647641315,182.81514477629236,171.61438401742913,166.65251773485028,167.21825531890278,171.90510585062543,171.66607539582293,167.62789731015152,167.12364397802827,171.36840015385792,181.950494955723,194.0212939583928,205.9926929518851,216.97296880305265,228.67522776981002,248.82294521407346,250.85259088086866,252.2786206910465,250.14697920074912,247.66663644322307,201.55166697382924,194.10848333195622,193.7489958470823,202.15354916383984,204.00223752157336,204.15629957030325,202.92867618930478,194.5204493735751,194.59900789878816,201.89350854399765,204.36328062080793,204.7608244304928,285.7848859511346,273.58950660322057,267.17692684645203,268.7079699971449,267.05562641100437,272.35573573414626,282.76562590052106,297.73142322836895,305.44247241774167,307.0917422598443,306.34699657026636,299.8824630423203,285.35056966704485,274.7663194958849,275.546469468924,274.4583078524753,282.9547361282199,295.28551015253595,296.74276470397706,296.17777681359235,15.132585566203053,0.150280306809346,-1.8263104395723793,0.30971822,0.4903084,0.5526203,0.54028875,0.86093366,1.0,0.37999856,0.06508539,0.48906386,0.8767681,0.60410255,0.06745546,0.40583313,1.0,0.27947417,0.49374372,0.9903707,0.44547415,0.038819984,0.1234093,0.0034507278,0.0014021231,0.021559898,0.39894053,0.57006615,0.0026325837,0.0019480871,/content/data/frame44.jpg,0
422.92133246527777,356.73541259765625,179.40869140624994,213.14698791503906,0.9985907673835754,429.25038769717,425.1769416454823,423.0774854549539,424.33228214642514,431.8522770985822,447.5853142076561,468.7269795622653,490.5825822140208,512.809632890554,534.6318022472148,554.101017705863,572.5680728120002,587.6149155508538,597.7799483692849,603.5451412586874,607.197008399781,609.6296350748868,448.34754150125156,462.1659583841059,478.73365778144887,494.87036038491243,508.6749420122727,550.4583435775108,564.6381769720683,579.5107945871903,592.7414151138989,601.2170527069127,527.0848723775434,526.4128067379337,525.9327729200359,525.598013096191,503.3327572953955,512.6426646060678,522.1630126321259,531.4148728515654,540.2880358297123,461.7764673567088,474.612809781392,487.1558600350612,497.6912584505673,485.2498877963668,472.5615025668021,549.8208546425409,562.2316657709696,574.4622450641906,584.699632838627,573.4089666822892,561.301021874131,478.58448857221265,496.54600420486895,511.88314338172876,520.0537421763365,528.8491685508864,541.5384075262446,554.4264015714391,540.7612854176434,528.4363977051537,518.8830585023582,509.52709465521457,495.2914323839415,483.5233393834684,510.61835710219964,519.4412253058287,528.5952096682191,550.1257638545318,528.6113851019152,519.6684436506042,510.77918146606424,445.9835274389428,467.7535420748925,489.6350162732855,511.6859742571636,531.2479126071783,546.1260948154192,556.6391052720348,565.6772393793293,570.9474883903677,571.4654529142372,567.1513229646993,559.8270682925449,547.1287887590512,529.3450656879068,509.5946477084999,490.04264939879613,470.27668104957775,421.23023533649246,413.56837756209154,412.60059572323246,416.8818335915268,424.2029629442583,431.4473695165225,429.5992995371851,431.3661798160996,437.4520838374045,448.05835077650755,449.45604698154347,461.0235173432569,472.0814234298912,482.9734665279327,497.04941735396494,499.9722770601096,502.42293911510455,502.5155552882468,502.081471288596,445.91377183396963,440.90568376340104,442.9254404972802,452.9396042376182,453.9709062880653,452.17757513501056,460.7666008412334,454.9979548550051,457.21235800708894,465.688590173066,467.819234764616,465.96925910270363,517.780865477492,516.0617720948267,515.258016166558,517.8899772390029,517.5233391570443,521.601865758477,526.2865976097291,529.3055189631116,529.9879057795472,529.3976777724358,527.8609505894623,524.4441684508135,519.0193914511383,521.6426626110413,523.4414287707998,523.5431159929988,526.2781211336358,523.3211878230511,522.9729052756545,521.5323921945248,22.435532609564223,8.791366604648648,-5.530294493007976,0.24866873,0.47197235,0.33189544,0.27566928,0.5890816,0.0,0.48113003,0.38486612,0.47058168,0.5100287,0.4747109,0.3586162,0.5777916,0.0,0.468891,0.5051034,0.011396232,0.12989065,0.056999605,0.39000565,0.0013826404,0.00023165284,0.0006824833,0.41019768,0.0018585795,0.010594525,0.5750524,/content/data/frame44.jpg,0
653.7704535590277,94.06503582000732,202.62825520833337,261.32050037384033,0.999784529209137,652.0705571231429,654.9497573333479,658.5828723558432,665.9308712849449,679.4242651606129,699.9506615514836,725.1246650571252,751.3972565809437,777.961980632156,802.8908971058739,823.9452609621973,842.3423486961545,856.2108261953213,863.9275397560342,866.8912003685656,867.2460508777035,866.0553531250503,685.1718714715139,699.171345536037,716.9715143413755,735.842627029889,752.8992358916261,793.687026275761,808.9419720955405,825.7981282690896,841.7058420204536,852.9788548607106,776.4242265585298,778.0224089543074,779.5450793112692,781.176644009355,753.4611463923484,766.4283204202936,779.6861971065808,791.0593942359598,801.3628437124817,704.0084056274012,717.9551334113457,731.5705988527328,744.2030900670555,731.6131865211589,718.2693307807747,801.6703683596687,813.0221641810169,825.9688340736699,838.7218268014196,826.7688504809452,814.1237614660873,724.9584357706875,745.2052880891501,766.62938056919,778.7011014398121,790.5470525290343,806.7093764271182,819.1076868656185,807.740134448052,792.7711250564417,778.9894677108144,764.9568636738157,744.1707544662755,730.2381571529609,765.8223363087972,778.3543254853198,790.4469243132086,814.63060798999,791.97542629297,779.1027544601368,765.6173884113678,217.9315548748752,244.83353176578362,270.8612231686657,296.565465108254,318.2488031274954,333.6685296735619,343.51300052999477,351.3121418360487,354.54224406078765,349.9423272843926,338.38253691652415,323.5867005545248,304.45191253641394,280.92761344016276,255.4379640049417,230.40144287591136,206.05054863000964,186.70577546336523,175.59761811379013,170.91268487488185,171.60648911369907,176.2669089766403,174.9434109676044,170.74126880855033,169.93610300357858,173.73687250878868,183.65328540418238,197.20761226166695,208.79724296863674,219.432450101832,230.7042760573205,251.72931357975722,253.39392414037422,254.50793231499256,252.47766779017934,250.22699782929794,205.28753125264421,197.13574498710096,196.660888278652,205.44434022532857,207.47223098060476,207.76297102114415,205.5420012161237,196.22860989307986,196.03949335626356,203.4317387888027,206.3306067076324,207.02244838108436,288.4849293110191,275.9803412852152,269.40455108127276,270.91867960612103,269.33655286414114,274.759681701319,285.2261736319473,301.28061250823794,309.5643392396229,311.2529491709922,310.3920558551964,303.3208206975685,288.20964680911845,277.20903804155967,277.9947557583166,276.9183353832177,285.31291902109183,299.2320307066823,300.7004221129706,300.10114810591347,14.892499613538758,0.3755334645648925,-1.635690039432917,0.41084853,0.46699703,0.5524603,0.5156525,0.88228595,1.0,0.40092742,0.1381482,0.49245626,0.88025415,0.5184231,0.19058213,0.31405282,1.0,0.16964945,0.41707888,0.99947256,0.63010615,0.016900012,0.06830911,0.004910576,0.0015847944,0.016220639,0.74262774,0.2297863,0.003539709,0.0013301331,/content/data/frame45.jpg,0
423.4234483506944,356.4481544494629,178.99343532986114,212.65600204467773,0.998633086681366,428.9231039261181,424.98372026940945,423.07952987996885,424.55405851295893,432.1823533129625,447.86661211454566,468.9803395836741,490.7132268619555,512.6597966375994,534.2960678199811,553.631500904984,571.9474455699979,586.7433823406018,596.8059974016478,602.6585265369754,606.2730058689849,608.553872786591,447.7510249188962,461.2049949944492,477.3267716944117,493.09005583073144,506.58981283995604,549.4327010534403,563.555580166053,578.2856561534004,591.1264554921809,599.1451959829465,525.7829607755425,525.121462977892,524.6557831302748,524.3629079844077,502.3753159148971,511.59349838840194,521.0280860105863,530.2410513365953,539.0109393840216,461.8020769913858,474.43220548062936,486.75306967990446,497.06626752934767,484.86973267010467,472.3801401408839,548.3174483167345,560.6669535910378,572.7180927858121,582.8232359646377,571.6753629624013,559.7041084867178,478.12914768479254,495.97943531770306,511.1932610396211,519.3233564482207,528.0799962872829,540.8216698236424,553.8707748036927,540.2645910276215,528.0069866430263,518.4980888922969,509.2017556787523,494.927107768141,482.9834524590208,510.10364533528923,518.8760963254358,528.0116562181902,549.6430296702697,528.0324183357757,519.1019547020123,510.24754278101636,447.6823244286197,469.35275804037656,490.9667004398898,512.6150334239164,531.7479560081624,546.2672014373761,556.3220592237199,564.8880222085318,569.9568384437916,570.3996267258658,566.2246766914459,559.132170010474,546.6480227838874,529.2582054562695,509.91871120980477,490.6037208251937,471.02664102804374,420.58017862379097,413.13311885789767,412.0547816225692,416.11973045964237,423.2599976162321,430.43883820153746,428.99828186864056,431.3439296351819,438.0204182369737,448.7273814344412,448.89928872598057,460.4486539302584,471.4616872457582,482.32978120706593,496.2414647133237,499.2338562452387,501.6926689603779,501.7519284549662,501.24957647145266,445.0967487186399,439.9703385213013,442.0166467463903,452.0907988522631,452.9446466418449,451.1567393212256,460.1299135968791,454.466692384972,456.80292494947275,465.37785443121993,467.24071071477147,465.2862273276778,517.1461944705961,515.4899098492633,514.7555849314667,517.3806771114005,516.961982011931,520.8556928125372,525.2653992739274,528.3809489494979,529.1191829253307,528.5565523542778,527.0669122459608,523.7498103212142,518.2994274326579,520.9574956352476,522.6957487926011,522.7270973086038,525.2848076710256,522.6795954088093,522.3637526456864,520.9888137305652,23.091763964284816,8.709025770482471,-6.1126303272155615,0.29247355,0.53112227,0.30045,0.2847593,0.57538414,0.0,0.42094725,0.3319684,0.47059667,0.57273436,0.42299795,0.13735723,0.5761084,0.0,0.3066437,0.47064018,0.001100502,0.077418126,0.04661983,0.2344871,0.0012114239,7.839878e-05,0.000550975,0.5665198,0.00079375325,0.0142348735,0.41661075,/content/data/frame45.jpg,0
654.6177842881945,93.2173547744751,201.89067925347217,260.4985342025757,0.999779999256134,651.5310090383005,654.2906447031481,657.9364841332194,665.3032372168045,678.7072025032617,699.1954550974436,724.3471785232317,750.7154052805441,777.3074339947658,802.1697138456793,823.2571255397514,841.6674473475713,855.358857893965,862.7196812458108,865.3167640053123,865.4471528905015,864.1691443131913,685.5934050959725,699.5848051030678,717.4475140886304,736.4295682402675,753.6317339901503,793.4049275204273,808.8089638398908,825.6686491526968,841.4764848319519,852.5570806085004,776.4005996074892,778.0289700877859,779.589239485578,781.2699667488672,753.5355819692845,766.3709963783643,779.4630987664109,790.5382725415891,800.5894706146601,704.5726271369281,718.3021128029108,731.8896109725254,744.4336067821763,731.859687487299,718.6095551864582,800.3204759968439,811.3952584935728,824.2846041155963,836.8822609697379,825.1219958942561,812.6049051360789,724.4850482797276,744.7098773159207,766.284430679509,778.3893748043072,790.3157282654101,806.349163919211,818.2222476142729,807.1742024782537,792.3018017776965,778.5056962976248,764.4927852919654,743.6825757469935,729.8227570927429,765.4035883606575,777.9647817897754,790.096239687598,813.7743991567526,791.6496337640648,778.7361220397133,765.2299911552691,216.1562578983284,243.05456447690293,269.0925615390664,294.8610795434288,316.6110374461956,332.0942610708969,341.91557373878567,349.73819882247136,352.8412977785962,348.1815813568737,336.53132142259767,321.78640296731976,302.7871698285229,279.4671046698074,254.2784240628571,229.63246529754633,205.6061239053377,185.57276045705606,174.13692111305693,169.14163684019724,169.7324393503464,174.52777101940381,174.05464084483805,169.80732259264073,169.15470740363824,173.1858163640756,183.4037735858239,196.2594972096588,207.9261069934281,218.62278408187657,229.9487487108198,250.5715451946777,252.20479733943844,253.43294586290952,251.38546026637286,249.1643029352193,203.68204939497585,195.58401086367294,195.20497384003684,204.13336113791019,206.06448797651498,206.27604850764982,204.64608496509484,195.33921961279887,195.22377383791567,202.77420886311504,205.5020252054874,206.15663405135118,287.05855871911996,274.34131971791567,267.7724439476768,269.29543009893223,267.6508681437528,273.09001123670095,283.7493678139985,299.61826156366874,307.7742745185593,309.482689390221,308.6437324977636,301.6923913593795,286.79099878895164,275.6920315575878,276.422995598008,275.3438310022267,283.8248286578134,297.6069226429347,299.0700431914304,298.4646422686568,14.672276059199774,0.6582494394683541,-1.5837954499421774,0.2705337,0.46586505,0.44226357,0.40121132,0.8765419,1.0,0.49072027,0.7733319,0.48064572,0.8745309,0.51490617,0.08510768,0.29391584,1.0,0.17230584,0.3525199,0.9986921,0.582848,0.009234671,0.06539666,0.003635498,0.0012408732,0.015254163,0.6455586,0.328991,0.003560621,0.0017591926,/content/data/frame46.jpg,0
424.76139322916663,355.5425033569336,178.66010199652783,213.7909927368164,0.9986042380332947,430.01621433851477,425.9480498037172,423.92100545996965,425.2791718094269,432.9349265269315,448.78277849992185,469.88097885995813,491.3683905425677,513.0495152437846,534.4805241422821,553.5894846273308,571.7664114687784,586.7562484172528,597.078944213045,603.0698878391925,606.7673629091518,609.1486048097356,448.7156601807774,462.39649685045094,478.7009842956274,494.5362054702779,508.0992668266175,550.4786229785757,564.6886839820812,579.4234124454413,592.3739565399135,600.5103009010321,526.6487410529983,525.7949694262295,525.1205062030124,524.6333335585687,502.70915773844933,511.89067007914684,521.2363369236925,530.4095383214146,539.2208199429763,462.38680202460654,475.1854248339616,487.495804592234,497.96022987278803,485.6563872407751,473.1418197703568,549.3731070018439,562.0196097362774,574.0411479087845,584.2064174710306,572.9779282858156,560.9707641453175,478.31051524525327,496.19363840158786,511.42199253227227,519.5643770451394,528.3218172127606,541.0802997731541,554.1677488767511,540.3184302021031,527.9584753249228,518.4920742572625,509.2279800443683,495.0390672177442,483.16649142057366,510.23056113123937,519.0056706541654,528.1448942868617,549.964032632651,528.1602316848459,519.2548307366717,510.4139753088275,445.8031935730889,467.6198088175148,489.43848841760155,511.3353994514739,530.6711332287508,545.1815809181992,555.2620284000683,563.8605743478956,568.9737080724677,569.3471117827119,564.7836165757293,557.4994229398975,545.0747543356296,527.6108865224958,508.21583692589627,488.9938720828188,469.48412076909153,419.66433748658164,412.4030123240153,411.5164709625707,415.50797909049436,422.5405430627886,429.57280885037625,428.139006803233,430.35289827157504,436.7271927439474,447.27354236119146,448.40993956945766,459.9721050870876,470.9997706953078,481.89767243583753,495.92611601575607,498.854320417332,501.3108424876826,501.4345662036245,501.1376965680669,444.53962441035094,439.77791283111554,441.81820727990123,451.70660851921514,452.4191858645415,450.5997927629931,459.611729754792,454.0563881103749,456.3583052332491,464.6599815455189,466.5553964557196,464.61846505945016,516.5226053154629,515.0121086326371,514.1852347955535,516.8327327018203,516.4368810352046,520.5134023875478,524.8533355222191,528.0438660079606,528.7481171187881,528.1359974365294,526.5987252962059,523.2816268711674,517.7368287321442,520.3969574367509,522.2134069200422,522.2984430817469,524.9083391319389,522.1955464206947,521.8329996920744,520.4104598519255,23.566091265117098,8.651708580686856,-5.916698734187078,0.26868004,0.5335141,0.24132957,0.30628303,0.62586474,0.0,0.38455987,0.102679804,0.46956542,0.5896156,0.4512912,0.25767273,0.56639755,0.0,0.38900927,0.46985558,0.0024739124,0.08689344,0.024873596,0.21225913,0.0014375404,6.719841e-05,0.00036156827,0.5239841,0.0011782622,0.010083614,0.46288776,/content/data/frame46.jpg,0
323.8079427083333,501.1750030517578,29.294921875,29.088638305664062,0.5815061926841736,324.27731780457543,325.8667418088997,327.4910599690396,329.2693486637436,331.29187392429446,333.5798740773462,336.30004882423674,339.39428506605327,342.25239054970444,344.77164037548937,346.4593749301974,347.1910893430933,347.3410190219991,347.3231939978432,347.4125998936594,347.1675964348018,346.4643660207745,325.3167980641185,325.96510998102605,327.30150434158276,328.9637737529003,330.62189649408685,334.6974551087245,335.760271388269,337.12107169982045,338.74635057155973,340.4557488061488,333.3483331528958,334.0662057755515,334.7159904518165,335.2980863432167,334.8291983179981,335.91864212863146,336.98206500797534,338.11949201517274,339.0338893531356,327.53052614821354,328.3971136786742,329.63231116337704,331.4933823965024,330.5743763667997,329.34667913764713,336.8366172529757,337.55595137255733,338.8315490324982,340.66626303289087,339.51041068774646,338.241228946927,335.44919464867564,335.60555177105124,336.26706928177737,337.2152905826457,337.8363041989971,339.5272257599048,341.274587293854,340.76221475866623,339.968520304095,339.1846718338318,338.16790580330417,336.82884041306096,335.76023891055956,336.9340220943326,337.85573529826945,338.51972740092316,340.9587677610107,339.23067074711435,338.5596110758139,337.5939817226725,519.8935571086128,522.27033036598,524.6110407938249,526.8144187033643,528.4951359774917,529.5374504410196,529.7755309094209,528.8180649857037,527.6937872601673,526.1123721542302,524.1532664312515,521.5764702949673,518.6246823345311,515.7476894913241,512.953886729409,510.24171197572724,507.73694930369965,515.192027312424,513.2616444566287,511.73608996330296,510.4850056403317,509.5592285320396,506.0974551480613,505.3175207656226,504.51341353832976,503.81086463236716,503.71887518714647,510.3432540582027,511.72359023583124,512.9717924240045,514.2264440566767,518.7908927748911,518.1547990246676,517.4084738331846,516.7925937902648,516.0199909888208,517.1385714955162,515.4904408883303,514.2861265623244,513.7074324490735,515.5870735983365,516.6438731202855,510.14262038881424,508.8272102954099,508.15315953183455,507.8189492340898,509.35295945622494,510.06090123346075,524.3131699099671,521.8221128313337,519.8258421320468,519.3840195631608,518.7408100515604,519.2028505184222,520.5573449159972,521.0876702908427,521.7255304093939,522.243677690858,522.8307824831921,523.5543648967054,523.7394207898993,521.2069787280634,520.6732882434502,520.1050875733606,520.4081758440938,520.5145288182423,521.0202046592719,521.5666452640202,6.678813801761994,-10.316055229203949,5.305324339322485,0.5615182,0.48754412,0.5019032,0.41804034,0.17595083,1.0,0.26675162,0.0049666567,0.48333803,0.090785466,0.17722018,0.33753923,0.39561418,0.0,0.20015429,0.5731187,0.12396892,0.59925026,0.06749587,0.28417918,0.028313685,0.00011350328,0.14507279,0.039965313,0.14272949,0.004920867,0.63888425,/content/data/frame46.jpg,0
653.9713541666666,92.26420497894287,202.41666666666663,260.98861026763916,0.999800980091095,652.0356827360646,654.7859962328504,658.4135403153416,665.772848351687,679.2237453335429,699.7868131715587,724.9347713204226,751.1360632632078,777.5250555116629,802.2645531544738,823.3715505306905,841.8597786298109,855.61562560604,863.0120256868772,865.4652901494464,865.381249694337,863.9531406456388,685.2069889211111,699.1904563525551,717.1545609825265,736.3224956634369,753.7485883083551,794.0556935605913,809.5119690344607,826.38589983538,842.0239207270516,852.8606032676723,776.8059888011305,778.5066599744521,780.1053886943411,781.8242045416666,754.1803923481962,767.012643683105,780.0135826174356,791.0356693784355,801.0791384542601,704.6385907295635,718.3743516263394,732.0315696055513,744.7174968384221,732.0941705976015,718.7588059073212,800.7791166429498,812.0032962442463,824.9774475168527,837.5714566686574,825.7685889046791,813.1348182758902,724.4940816171802,744.9285313442001,766.5834997420762,778.7106195507572,790.638091943313,806.7127423874082,818.7844761387125,807.4219713991749,792.43490002108,778.6839438931936,764.729886887566,743.8570995446747,729.9074947044278,765.8258849329652,778.3782285370569,790.4847022454821,814.2235360508556,791.6902030251488,778.8153621082026,765.3084257113671,217.56781015481434,244.45572493630166,270.38181332301156,295.9524751736743,317.487589786115,332.66015872138956,342.23716780337253,349.9952853206062,353.1413701854262,348.60161755126745,337.1319621648334,322.64876017019355,303.83413327996044,280.58744575590777,255.38083476165215,230.76930187223434,206.83054997401442,186.00973256160398,174.46904787004073,169.28092181799727,169.4894175628035,173.97607089119612,173.17613717676895,169.12840015241042,168.85340193729598,173.31052350203174,183.83317437759712,195.98604580951746,207.5483473040609,218.14174747435416,229.37449539393035,250.787469469325,252.3112487384667,253.44353613187408,251.43162406383024,249.2981874816232,204.2398564064883,196.05723378720737,195.52515802266157,204.38209235666747,206.56508144622413,206.88740141915787,204.53633141938226,195.187773490138,195.14561325738262,202.87984588738556,205.67818583483398,206.2423507913685,287.082511022328,274.58176400151547,268.1173505403573,269.6588451342211,268.07684236896955,273.5163057572178,284.09556540224554,299.8378808347205,307.76340723721,309.3532129589777,308.4850500434343,301.66838349744364,286.7675739903085,275.86628371642837,276.6503688421421,275.6358538235205,284.18352600297317,297.9125853174781,299.28209752286483,298.63527349586724,14.943054364162657,0.5646371351477255,-1.8138467968248664,0.28993583,0.4817057,0.6707549,0.53952223,0.8898465,0.0,0.50131017,0.76295424,0.47857335,0.8826313,0.5583119,0.07476051,0.2790205,1.0,0.17634338,0.4189867,0.98995155,0.6525907,0.010620225,0.08780897,0.007756344,0.0024769106,0.024632344,0.5729796,0.38569218,0.004855437,0.0016071686,/content/data/frame47.jpg,0
424.70423719618054,355.9899215698242,179.07061089409717,212.14177322387695,0.9985818862915039,429.7817329956359,425.7596465580291,423.79648351424936,425.19544800062005,432.9061666763978,448.7053915822854,469.82055635449484,491.3812776025066,513.1174886823155,534.5379606963727,553.6336609228454,571.7547784329201,586.6253244409775,596.8180130070953,602.6771019068832,606.3239461551905,608.7372253301662,448.2686812931536,461.8042648995335,477.95661273465396,493.7086288956383,507.2652506457895,550.7994367896995,565.042707742939,579.7884056825144,592.6028581660655,600.6186716538225,526.4918456052178,525.7450332286328,525.2051730647393,524.837654218519,502.88615305367665,512.0775837813266,521.4115246036753,530.5672822869644,539.3728493318853,462.08026440629715,474.746630511099,487.04192715616284,497.51345268514615,485.2865584577678,472.80370899908337,549.080757764322,561.5246718628066,573.5431496287566,583.7621188043312,572.516385032496,560.5628045913999,478.6816965703947,496.3800331212921,511.5337329706159,519.6737117165628,528.3941247313039,541.0970515338461,553.9380274038466,540.3991132005984,528.1539575913025,518.7207209789507,509.46590269587017,495.30837754173024,483.57418404741884,510.4005865308786,519.1541992993676,528.2331332380379,549.736574289341,528.30537456692,519.4373076199479,510.5986242758703,447.31172463021505,468.93920196443077,490.4891803305168,512.0931462303483,531.0860759211103,545.3595270892514,555.3205912307975,563.9186446412316,569.001833446,569.4769631942222,565.2527042159675,558.1641015839132,545.7867994227931,528.4817464264632,509.23638935757,490.16513373954706,470.80001174545595,420.3875512997374,413.11305735910616,412.0332308163846,415.8124947406327,422.6407266348266,429.95976256683224,428.6534554370713,431.097036215445,437.7206829726261,448.33147904081216,448.6277883603691,460.1922655632403,471.2079984816422,482.0694769683248,495.9089035678155,498.8628774525972,501.3495511471703,501.5150947090489,501.1877858022401,444.68737362045357,439.8198845868937,441.8217857345668,451.6867405341386,452.44016099699286,450.6728127713656,459.67685000779636,454.1757433704851,456.520498739279,464.91470293045927,466.6489196833678,464.6976754725721,516.4086893578481,514.6892820014926,513.89782900538,516.6041855311977,516.2038917909667,520.3382929348087,524.9415267986254,528.0796773794734,528.828553360496,528.1797470211407,526.615489336665,523.156387571504,517.5447036008113,520.2850489056032,522.1188193990695,522.2196628924008,524.9150489328621,522.0419956544506,521.6494707779851,520.1905934818915,24.31278217587168,8.857600055574677,-5.877911705755339,0.30271977,0.4865818,0.30984753,0.28786448,0.61959285,1.0,0.3704009,0.12574448,0.4722442,0.4871712,0.4372014,0.13941254,0.5877091,0.0,0.3883538,0.58429104,0.006633162,0.07824748,0.055383187,0.47576842,0.0013166277,7.921946e-05,0.00031446497,0.6077786,0.0009695311,0.008765321,0.3807762,/content/data/frame47.jpg,0
324.25811089409723,501.1827621459961,28.84174262152777,29.08846664428711,0.591625988483429,324.06411391385075,325.4301270094262,326.8536337758757,328.4250788998186,330.18664540297397,332.2315183417551,334.7534429268929,337.7126261906122,340.54334262445326,343.13756491100395,344.96866976058357,346.00699657774067,346.552734057265,346.9172310674874,347.28997545427893,347.2320482447841,346.74594404155243,325.139771084986,325.8599767808526,327.25865091283174,328.9015355033653,330.46201186613956,334.38612154389233,335.55180624750903,337.0035858697098,338.69203336673473,340.4107042531974,332.91020731820976,333.51105699701253,334.0455479593713,334.5119033991332,333.9208989740956,335.0026847220741,336.07812993521543,337.24931046254744,338.2134764285143,327.1445186850517,328.0290779097754,329.27972578020973,331.10708924610736,330.13960789301564,328.8983662762314,336.4509565044929,337.19789647513875,338.49591474661395,340.3211794382648,339.1413364607952,337.8447308958514,334.25897275464393,334.52307397552056,335.25379382817124,336.19525974316497,336.84564257476023,338.52851726700703,340.3038274905891,339.68603157511745,338.83381375934397,338.0288144630549,337.0267821364528,335.6753400476583,334.60513994963577,335.8565097776053,336.7721038137804,337.46007941115244,339.97293999628437,338.1695348056233,337.48841572426625,336.54062383842023,518.2289401311547,520.598001131205,522.9894761039544,525.2683132177989,527.1270105769798,528.4199720248548,528.9861157277369,528.3945620324132,527.5341342903173,526.1580187306013,524.3935191449236,522.029295468416,519.2541323145376,516.4025685766544,513.5395502646792,510.6902283401798,508.0128311360953,513.7969094008504,512.0457889158356,510.75803825368655,509.7722010782485,509.0833974143087,506.0451696831903,505.27304390144116,504.5457694714945,503.9515443252336,503.9905581198189,509.98749838586025,511.4528568433734,512.7984483713929,514.158940936493,518.4409230919262,517.9431094448673,517.3201682816017,516.7430766232436,516.0151998684945,515.9822623764496,514.4883012929566,513.4332997534198,513.0302560364123,514.7637572206007,515.6773819979659,509.92864532304213,508.6611198747247,508.0707406607514,507.8524223665659,509.3106881634524,509.94008325258017,523.6546112119279,521.4200174035179,519.6126892995064,519.2506182330478,518.6583841915742,519.1593270148087,520.4900736811176,520.9916073860234,521.6059079451287,522.0810995625619,522.58767032566,523.1404983852418,523.1552745881665,521.0033521995281,520.5491535259855,520.0279730055039,520.3436057659527,520.3724861479295,520.8314410028134,521.2895823551145,9.370018631841889,-9.56427685434254,10.313211939979052,0.52946836,0.50325334,0.58042413,0.49689022,0.17750306,1.0,0.2578043,0.0018923952,0.48308268,0.13814907,0.19270383,0.32680586,0.40636864,0.0,0.374753,0.5731187,0.16576236,0.47217232,0.14950316,0.33806756,0.024909435,0.00019471746,0.10785034,0.0358082,0.10219604,0.010427719,0.7186136,/content/data/frame47.jpg,0
653.1266818576388,92.89656257629395,203.04535590277783,261.07053565979004,0.9998012185096741,651.2685854128304,653.5617174980295,656.7997145074962,664.082428970268,677.7727794624177,698.54715668986,723.7622310023819,750.11908867907,776.6883168850801,801.5968983036402,822.501231804609,840.7445381112545,854.4594018727587,862.197472138114,865.255566679268,865.5863814420808,864.3159115833378,685.6564074764818,699.587787222114,717.5885844226041,736.6108907782246,753.8011768712475,794.3548821235254,809.6612083929457,826.5449362357374,842.4579927644324,853.3607443098296,776.8556662813506,778.5290668779563,780.1412006402434,781.8539457110671,753.0925561878765,766.1699348970176,779.5271691520084,790.8931099157148,801.1949945928691,704.1551074109773,718.024594769426,731.4451965959682,744.0079413661207,731.4209120735569,718.2579353246365,800.6995753971034,812.075039502932,824.8338157350404,837.342034703239,825.3925184728682,812.9565088458185,724.0510683669783,744.4874323053568,766.2665501365069,778.4877803888742,790.5986332387247,806.8213477721458,818.7810222341135,807.3345625464258,792.1604986931832,778.1493842988034,764.0248674402917,743.2198381224702,729.4644534738977,765.3310218221628,777.9737626661406,790.282476953492,814.3512303094249,791.5398195386824,778.459210362508,764.8594109817022,215.84218134774662,242.95000123380916,269.30684023727736,295.27910427799276,317.0250024510347,332.5360992492993,342.6401971818322,350.7325917937879,354.12749520132564,349.57313422703635,337.8951266132436,322.95701756598993,303.71118343218865,280.31263060979126,255.0703400793421,230.29441321457645,206.16259105860976,184.471172004472,173.00380764716544,168.23634788798006,169.15154106591055,174.2292750460768,174.61640823994867,170.25121631932132,169.33851601624042,173.1433712923033,183.45710412745063,195.84738303909452,207.7247646211957,218.60598594410897,230.1036849470573,250.5475555198144,252.36511337364038,253.67055817315725,251.62404797078491,249.30317214919785,202.665778553756,194.94386062356853,194.60858296121228,203.1639427128393,204.94555461845943,205.17363866228288,204.26235752391037,195.54610931008,195.64144543400982,202.8512503098882,205.35064211321438,205.85466032671974,286.9721917164326,274.3225417811113,267.9964283612812,269.684842226644,268.15328340799755,273.7657997313674,284.5107812422756,300.46353703636584,308.46187463995125,309.9901469719046,308.95800341807114,301.79615137076036,286.7153602506544,275.86338119002176,276.7719827213462,275.81865882848774,284.54465446307836,298.0134238602164,299.29522836340675,298.5277030080278,14.653582934228984,0.9753667497760533,-2.0111354740583667,0.3867033,0.4339493,0.52311164,0.49725735,0.8730351,1.0,0.44399533,0.7665384,0.47926128,0.9121328,0.61054045,0.08633584,0.28270403,1.0,0.117855504,0.35376862,0.99875796,0.5253101,0.011626777,0.11339924,0.003337232,0.0010632643,0.012134321,0.5898595,0.38949844,0.0024801728,0.0016270279,/content/data/frame48.jpg,0
425.31195746527777,356.75817489624023,179.1947157118055,213.0480079650879,0.9986798167228699,430.5385193303736,426.6373414100935,424.72114547587455,426.11345349044086,433.83581544993194,449.757961655297,471.02101944678145,492.6241064719408,514.4822916142615,535.9925997566912,555.151084748012,573.4181549274874,588.3974986906735,598.5821011100129,604.3902709823868,608.0544463629454,610.5036656262275,448.25884020909837,461.6763870650253,478.01917734916026,494.04900938347004,507.8606664872475,551.657777333627,566.1566549438253,581.2095391337264,594.2692126118252,602.2735684309457,527.4933622761549,526.7627733374029,526.2237765629869,525.8435789569911,503.61421733022775,512.9649831603372,522.4893979611529,531.8228758480157,540.7718741438212,462.49231855657814,475.287057542579,487.70694759431575,498.25894737960937,485.98152095185884,473.3627166937146,550.4834010249585,563.0613130876843,575.2087713638701,585.5495062349544,574.1772091619508,562.0561285232791,479.53323240874073,497.2663420987213,512.5219958054232,520.6912537645552,529.4704507808572,542.3111944391027,555.3046571517485,541.7433514094503,529.4199203094552,519.875573706289,510.50879995693714,496.2219263224269,484.4044247100738,511.3770143337073,520.1904900880729,529.3542581257182,551.093378178081,529.5047523764923,520.5501311180972,511.62653520342184,447.40384152536535,469.2656457831739,491.01502126595096,512.8366571514387,532.0374438884206,546.4945378579118,556.569972515754,565.2942504069254,570.4197408104171,570.8541718143985,566.5728115265035,559.4829109513031,547.0884232806964,529.5996534108898,510.1243015250168,490.86673658042207,471.2849750800133,421.97452655688335,414.21508961641473,412.9462658222968,416.72423381298665,423.61363539015537,430.76540379222325,429.5745090785487,432.1966611086302,439.24721618408387,450.4786801398684,449.4779070867633,461.067899670759,472.09967988189544,482.99330893086926,496.8771045303094,499.8593014075118,502.3735885576718,502.52356470349184,502.1917641955579,445.9171393596832,440.9242838244315,442.8477941815313,452.7446731099845,453.59921865899594,451.8816474019455,460.70056325832877,455.134805550932,457.53794395006463,466.0728544805262,467.81109660140567,465.8101143152925,517.5486693248265,516.0266903071251,515.3170541422506,518.0176914536821,517.6384233889273,521.6886174370245,526.2288625797596,529.4676433162709,530.3521703799036,529.7440827860253,528.1659808110941,524.5508120638374,518.7455984373778,521.72688101172,523.5819253229786,523.6592143914199,526.2362379561645,523.543844608855,523.1984819418294,521.7026367475462,23.86676019407424,8.779958961703127,-5.904919841782052,0.25344557,0.49043453,0.15382984,0.26611185,0.59378934,1.0,0.39968273,0.2729386,0.47197384,0.50583416,0.40807703,0.35449925,0.5693586,0.0,0.28536272,0.58429104,0.0014639678,0.11312594,0.05520512,0.43131423,0.0007736095,7.359389e-05,0.0002448893,0.50946385,0.0008179938,0.013842381,0.47478354,/content/data/frame48.jpg,0
323.65009223090277,501.13785552978516,29.553059895833314,28.841068267822266,0.6405630111694336,323.7092471255484,325.6423255467438,327.606311680947,329.84642873676495,332.4024584220024,335.20765857230873,338.3216362216044,341.6631284594303,344.6812960296636,347.09065339071674,348.403426496475,348.74867972075003,348.59212115600235,348.2598699128488,347.94354192181487,347.2727635646006,346.1566435737302,325.61182817507654,326.03538974646943,327.3144038878323,328.98457663861336,330.7385937775718,334.47904982970795,335.51809434705643,336.8422629462671,338.4991055485443,340.2496518286178,333.7477385943639,334.6854380484903,335.5485002968926,336.3842702222173,335.914823875227,337.0911533328937,338.22277381597087,339.3588776679244,340.23857129130045,328.1512523793848,329.00978634066996,330.1745929484605,332.0043485827162,331.18004284932977,330.00023936207873,337.127689301467,337.79491964611225,338.9709468304412,340.7555305680027,339.7494507548632,338.5443355747266,337.1205668538343,337.19952043826925,337.86686387119113,338.8668569984846,339.484025171143,341.17678968321997,342.90368148926643,342.6922825086163,342.0298684562789,341.24450736606957,340.16932110376655,338.66816195321735,337.4621272702701,338.62577815814876,339.5997662662994,340.2672048202017,342.6250171788735,341.13158607953227,340.43227142819666,339.4002764323959,520.8639404692454,523.400504174293,525.879359037429,528.1291879453463,529.7410573480884,530.5867695296648,530.6977440068032,529.6375720628072,528.238175450894,526.2668438632041,523.7997924568364,520.7487172549824,517.3993553413776,514.1672955639078,511.15686767078006,508.3296586394077,505.80515151862636,515.9050216496223,513.6966327252682,512.0329266158049,510.69918567526616,509.71786796712547,506.47366916720637,505.58721508437304,504.58822601187273,503.6825939540402,503.4282436231384,510.482486342208,511.8846773971454,513.1860951716429,514.5178047508001,519.0137190276058,518.3667589638848,517.5722070731688,516.7978166026994,515.8913601630368,517.3701975901844,515.7769571030046,514.5134862582897,513.7828345284099,515.6921271557803,516.7822992000962,509.9385423002648,508.7359203467145,507.94786838965956,507.2941494518309,508.95874124331164,509.7640999343013,525.0792267158628,522.4261165580247,520.2493574734544,519.7459455381613,519.0023848343408,519.3409647933905,520.6756981628248,521.5386526074493,522.4719373911852,523.079147454095,523.7677261174423,524.4932349729817,524.4854054593947,521.5414512780727,520.956186682242,520.2906230685534,520.5773684346815,521.2319064698414,521.8585846267407,522.4717344664269,,,,0.54897195,0.4457558,0.65446734,0.44542527,0.123078234,1.0,0.28235886,0.0066231405,0.48871708,0.112884864,0.355177,0.3154221,0.40172425,0.0,0.29565275,0.5731187,0.30146417,0.37781784,0.018505324,0.26491287,0.031983346,0.00023345952,0.18157883,0.06470067,0.06552602,0.008258858,0.6477187,/content/data/frame48.jpg,0
265.91465928819446,481.73352813720703,131.88346354166663,120.0182876586914,0.5559141039848328,298.34491893367374,300.66332915336824,307.5070848575793,315.81743308422153,323.1088620195165,327.8458471983438,331.6105783366598,335.95637061377056,342.65814962699073,347.0757650736719,348.4969846718013,350.30588336409994,356.64443372385574,364.56045256284995,370.5156252948567,371.78995358794924,372.1816983225289,342.29246838302345,349.13146983487525,355.1663706243038,360.6157342972699,364.3289563185069,371.5335729830432,372.3792167553678,373.1801384831778,373.67636357317673,373.30759772500016,368.2720898333005,368.252799265692,367.72841655011285,367.65801776964213,358.1185349464416,358.96991400732657,360.53535536006086,361.42472127461804,362.8603922906331,346.09104055375786,350.95501803890795,352.99951634812163,355.5890934635419,353.89956046440636,351.63791356529106,367.49532612194304,367.5108623394742,366.8264292275067,366.9982897904701,366.12083780593235,366.87818832015614,349.89990417156366,354.5916626382153,358.5817632611375,359.64231999278996,360.24747783327473,357.91749798953526,356.0173534974921,352.1751723810099,350.62699349219906,350.5295501849148,350.1190336999483,349.70715885716487,351.21079492922865,356.8896267428528,357.4520623433869,357.35865637739187,354.6069630297366,353.2559818503912,353.58539305403826,353.5060800503939,533.4395231010159,538.8690207909094,544.3282089754473,549.7373690302484,555.3715919958427,561.4697413211222,567.5681453384924,572.7667504986282,574.0955357339233,569.6282741956412,563.4080047294032,559.111613284843,558.3301047541667,557.464774226537,555.3799213705119,553.4784656858537,550.9149992262478,521.0392443849472,519.7702834918397,517.2233767346479,514.9019243594258,512.8399937915616,516.903511767881,516.7699634984834,518.4972946904833,522.3053800824564,528.9240257106721,516.457173312013,516.817694682884,516.0764888172969,515.4897018229822,523.9614352212287,523.8894469734514,524.6777237106114,526.864010050008,529.3068184899166,525.6004354229663,526.3926457379712,525.2741276896093,523.9509645463899,525.2898054027464,525.9207390261115,526.2731621318031,529.9588538246462,532.7418554333736,535.9691438116831,533.240047312295,530.201032987237,532.819569536671,529.2192704420071,526.8329140323447,528.4618303138996,529.8139434580924,536.4908664098707,543.2212794172111,542.2854746447875,540.7294710489688,539.6779936186969,538.5491652571828,536.3764577794354,532.8903456387575,532.5529257838148,533.7531764106825,535.5204801113578,541.8907773685642,534.9555353220785,533.73593752936,533.0098952762083,,,,0.32275006,0.5565862,0.64154863,0.52306336,0.21344952,1.0,0.51492685,0.004959999,0.47536793,0.3575978,0.26562774,0.14152527,0.5356551,1.0,0.2538159,0.4690264,0.80028063,0.5130556,0.065015815,0.61936504,0.09295179,4.6843972e-05,0.06206959,0.14790736,0.013644939,0.07465045,0.60872906,/content/data/frame48.jpg,0
652.8862847222222,91.71840763092041,203.18245442708337,261.37682247161865,0.9998202919960022,652.0893262005274,654.6315643759419,658.0803760064784,665.5406431415935,679.2527711282654,699.9993800545836,725.2508696511121,751.4784037953899,777.8208568864869,802.5602495591056,823.8089815589793,842.4205976129638,856.1183864370832,863.5280318415573,865.9724197212745,865.863277568756,864.4531789055395,685.74539250152,699.5355446015074,717.3490937185641,736.4002602554087,753.6724358793806,794.2161656124372,809.6616123162638,826.634263960007,842.3871707255532,853.1350554308154,776.9258650626575,778.632393662553,780.2415767351852,781.9533960560747,754.1381782354299,767.0560530911202,780.0858276305892,791.1942291685281,801.2952437779884,704.975527490927,718.7059673546787,732.3959883534519,745.147747656521,732.4914924106873,719.1086977845439,800.4037292478158,811.6357803569704,824.7026273336513,837.3818308481071,825.496235482745,812.799140731571,724.3857432929641,744.8985976964981,766.6735694839988,778.8254769361417,790.8023979978129,807.0663734552737,819.1619898794561,807.6145519746547,792.4440732014964,778.620410086026,764.6217979703385,743.7486417280907,729.8020020659833,765.8966747786105,778.4556686252531,790.6024162222923,814.6675317426527,791.7400334067563,778.8033045152978,765.2645177479048,219.53047907216964,246.3844588857973,272.32275136979933,297.73025180270446,318.8801239700127,333.7032846702885,343.03757472355034,350.65011834338634,353.80168679921104,349.35095656489835,338.25915629990163,323.9587861362867,305.0329610796681,281.70155452089375,256.44969102182154,231.7770773435153,207.79281824823917,186.16040615310396,174.47451213635466,169.08975465264578,169.18727778361745,173.73142756848424,173.46662043944215,169.29204527637413,169.00399075667482,173.69657985140742,184.45427015087932,196.3644589560562,208.01233643167046,218.63737545618608,229.84145865506866,251.4024179740947,252.96615319253493,254.06909091606684,252.10683167137853,249.96360359551883,204.3137952921683,195.84863235427252,195.31692424194338,204.4602155282979,206.61668910176968,206.97714050150114,204.76053405143196,195.05089258207053,194.98452488055622,202.86190367212507,205.68966317750508,206.34861967303343,287.5067093296596,274.78979774366735,268.34814863468847,269.93701010406824,268.38471630346646,273.9575280715507,284.66514347285187,300.43223983993306,308.31537673067555,309.852957466181,308.87780093697313,301.95146196054077,287.13505020117947,276.12954664327856,276.9559834357128,275.99359567837377,284.6793143792597,298.48144070821047,299.7720401184468,299.0353773267651,15.035741203460853,0.9329734961175928,-1.7527314837628407,0.37043706,0.49006915,0.66517115,0.5179565,0.8666091,1.0,0.40343648,0.9823185,0.47327498,0.83724064,0.50946325,0.10717657,0.31024784,1.0,0.16155884,0.4155572,0.99714655,0.6034838,0.0029635995,0.13278967,0.0045322464,0.0012715934,0.008834706,0.7744807,0.20544411,0.00401329,0.001423398,/content/data/frame49.jpg,0
425.29050021701386,356.5194282531738,179.48640950520831,213.16466903686523,0.9986299276351929,430.1529414852336,426.22140947672773,424.3114636394627,425.7658906897385,433.64964070123585,449.71870189130715,471.07932966412545,492.7350539925135,514.6508264667984,536.1686822820959,555.2448055417477,573.3371338545189,588.2815317914258,598.5319966586479,604.3836745636124,607.9326700472287,610.1851754957727,448.43671530363065,462.0897079883366,478.4895888112429,494.5717812434374,508.47419510653964,552.3800525939873,566.6628188885868,581.4843892068641,594.3772030405968,602.3794162956203,527.9824563000068,527.1730533965577,526.569069622428,526.152635815622,504.09458852464877,513.3433664129072,522.7602699405187,532.0461354879525,540.9429960873086,462.79527306945744,475.58591097391434,487.9009196607748,498.456227552684,486.2171628043035,473.6977946355288,551.0948603823266,563.6394695047559,575.6639365952155,585.8981332065939,574.647284955417,562.6744432766603,479.55563221749503,497.3845047412756,512.7273834660041,520.9415185786668,529.7250197757749,542.571864732873,555.5678836498361,541.7838377382271,529.4117605587487,519.9222140086745,510.62320578407355,496.30563121572396,484.44591261497396,511.605780992934,520.4129908478087,529.5776296827645,551.2281625012042,529.5383083783397,520.6210934007723,511.7614043175804,448.13076014037796,469.9413683272377,491.67258681571064,513.5028785248707,532.7221990280885,547.1416369678462,557.1287146563415,565.8092242243727,570.8550059726961,571.1875675438911,566.4750182226738,558.9784168704548,546.32846812326,528.76456081427,509.3453862364498,490.19841144455233,470.8060101162745,421.65161230474075,414.05730231374463,412.81974087177093,416.5774487773609,423.4830184485517,430.86690838434595,429.5249144977592,431.9903785812595,438.729682713578,449.5752425141082,449.49795686380617,461.27740145610477,472.52928648459886,483.5987444454536,497.112115243665,500.2357880796536,502.88158280607104,503.0576672360055,502.65617521994653,445.93526982091356,441.1137674010461,442.998697173854,452.6904991577577,453.4706740888988,451.7499744171421,460.5417469626993,455.19705316581195,457.50670334060015,465.8780703074233,467.5314404404676,465.5548549788077,517.3896042195424,515.7732836288603,515.1242762750616,517.864478724239,517.5817129577167,521.7314446629842,526.446082785561,529.7269950990727,530.5441280922245,529.844791298369,528.2284859544122,524.5811643396462,518.6080767615007,521.5965111445047,523.5085572181731,523.7104543539592,526.4640434279078,523.5624238984882,523.1233791981338,521.6205704769523,23.09362350511673,8.609833350518969,-6.140274625465571,0.27694744,0.5364799,0.2682236,0.27955738,0.61920345,1.0,0.44507074,0.12728448,0.4716897,0.55374026,0.3635015,0.12276139,0.5851663,0.0,0.2177189,0.46985558,0.00087402074,0.14953803,0.066374995,0.38272732,0.0008104714,5.159883e-05,0.00018332111,0.56396353,0.000694949,0.010232112,0.42406398,/content/data/frame49.jpg,0
322.0432400173611,501.24339294433594,31.203857421875,29.596240997314453,0.5942979454994202,322.0099792228269,324.0215006847604,325.99497427800816,328.07210278636774,330.4780036031822,333.28427579807465,336.5381547482481,340.0118621088157,343.24660608892447,346.08291149366994,348.0573141043889,349.0569346715347,349.2782093361544,349.05454656656366,348.768668082793,348.26578227711724,347.39848727597854,322.49841699342795,323.17049166677464,324.7494391594388,326.70475645928525,328.6996900771337,333.6468805235665,335.03619072076106,336.7364299533103,338.73889949306033,340.8300447268819,332.05771941840356,332.8551288710325,333.572043563021,334.2473282288673,333.9143371209531,335.15752654015375,336.36140261822146,337.64190673556294,338.71030695774823,325.4791597853502,326.46018716979745,327.8617218977888,329.8799294956727,328.84847794432426,327.4342756585858,336.24613414776684,337.1571113830112,338.6042639376654,340.63185433302425,339.3588180654333,337.90437286312226,334.90112664559564,335.04947371770976,335.7933594886912,336.9085442495707,337.71736862077375,339.80363497845826,342.0686454135401,341.3080830814899,340.21945315513875,339.2362011504767,338.0674424907891,336.504533801254,335.29137536003253,336.5746559283871,337.65409611434734,338.5178123058402,341.65593846894336,339.3678772412066,338.47641551051055,337.33887406972934,521.2721141889458,523.9189134208078,526.4999884328688,528.9020426151808,530.6581501128094,531.5887856925256,531.665932642459,530.5535778975639,529.1416364999895,527.293006673787,525.1596366194542,522.3472680612642,518.9958060086647,515.5905022324005,512.2846541006845,509.0837910808681,506.07088084976715,516.6129158107767,514.447352092748,512.8054540414538,511.5212863032619,510.5966031309828,506.98017078841514,505.90018769915184,504.7975137068846,503.90386641376534,503.7526580794336,510.9635823291319,512.4963529107451,513.9099704455468,515.3324831133971,519.9902352373407,519.3391753297707,518.5457017865963,517.7589283285837,516.8029810680484,518.1309638368373,516.3452795475489,515.079647521305,514.498002236872,516.462553356617,517.591307910229,510.4740632156725,509.07356463509495,508.2617517848674,507.73075441268446,509.5173258718103,510.3448935192253,525.7226066998264,523.1109304660291,521.0768654047628,520.5669023272524,519.8331157852372,520.0604522191104,521.2036001268891,522.0136274780729,522.8792106320034,523.4864343061752,524.1641338594782,524.9546434742399,525.0979364681232,522.3224473926821,521.7242070105742,521.0576021019544,521.0774970250495,521.690266905626,522.3148277755129,522.9182795829547,,,,0.41605103,0.4752017,0.4341848,0.40507913,0.11797366,0.0,0.31857318,0.0033820902,0.47339064,0.054483674,0.26037198,0.11159451,0.54640704,0.0,0.39673698,0.53955233,0.0139834015,0.36385027,0.09113373,0.36399403,0.0580296,0.00032831708,0.28795815,0.066906266,0.08391857,0.0070896344,0.49576935,/content/data/frame49.jpg,0
265.16251627604163,485.6781692504883,130.05034722222223,111.04994201660156,0.5848231315612793,293.13668738007544,298.8752220803251,307.4689410151914,318.1675880655025,329.39863548415406,338.6024258669466,346.9403837037583,355.22599960466226,364.2743362051745,369.8550916417191,370.1532462661465,368.5338926250736,370.0605339727054,373.2050778610011,375.47876616343854,374.1428887080401,371.094842996945,326.1097768696025,330.9695633000384,337.16157618003587,343.86527869080504,349.58176782714827,358.1926999755204,359.3739422181,361.43706282849115,364.04776920092604,365.8655236152311,357.1781482414653,359.8834272924811,362.05405956010026,364.61562385906774,356.1153846265127,358.9251615108301,362.02332599759103,364.0197983103494,365.763853567342,335.2167574606836,339.07609852738676,341.45321494167047,345.5778469293068,343.87147377332053,341.26696248340113,360.121751930813,360.5514264826973,361.0237782696883,362.9863264594227,361.62481289679806,361.22896014675496,352.16296849126616,356.52366474928954,360.79509042638045,363.0808712322265,364.4573143855979,364.68703474265834,365.72364134254553,363.6795803779115,362.3295267877479,361.1838923167437,359.2697420464208,355.82186236108345,353.71061358712615,360.65775679536165,362.4947568939378,363.42459599065285,364.24872800372543,362.54991731333234,361.8047028378894,360.29739089185995,547.1011845561366,554.1798383899034,561.0210884759823,567.0807070475072,571.7214284767707,575.0985112056136,577.6549780492982,578.902450002854,577.3324151718368,570.4893326063951,560.6270123937478,551.2510061585655,544.7867817249149,539.4900047780325,534.1598990313709,529.9463731907929,526.0674794762706,527.5772610835731,522.0791858136033,516.7061656327297,512.6149554641297,509.51720491306236,505.3473702174922,502.6886333517109,501.6142586080047,502.83785949473577,507.65323853188505,510.31400321746867,511.9689599791542,512.7485078623519,513.7466323956227,526.9039086351171,525.6858028609927,524.8230492524182,524.3553344753882,524.1620869689932,531.1048675740758,528.9345469209676,525.7295033079262,522.6938710166762,526.4258547676727,529.0288405417775,516.2977134243275,517.2410356623432,517.6397580564643,518.4622064209854,518.5663089224448,517.8871009117613,540.7204123488938,534.8536133951818,530.1814282022417,530.2662292078758,529.7144994379332,533.5678733193005,538.414418458504,540.9242640505855,542.0713542729616,542.6032290825,543.0602419940134,542.7921325895935,540.3255037443091,535.9550497662276,535.5845168579369,535.4881349548077,537.7988821292296,535.6045253001154,536.1353443410868,536.9791034173841,,,,0.42902792,0.57972574,0.5727335,0.49855122,0.28604499,0.0,0.48824912,0.005740106,0.4749114,0.16772546,0.16616753,0.38094538,0.4990403,0.0,0.4545526,0.47031763,0.77753633,0.429775,0.16924599,0.46796992,0.0949802,2.122327e-05,0.02040001,0.094119385,0.011141423,0.1418585,0.6374792,/content/data/frame49.jpg,0
652.9801432291666,92.73653984069824,203.72428385416663,261.8660144805908,0.9998200535774231,650.664664749142,652.641258670897,655.6217681297811,662.4411602111035,675.4871876808543,695.6242267050624,720.5901801896664,746.9424245484488,773.5974318822853,798.6526718342766,819.8205696688125,838.2312819111048,851.8525908746573,859.5018207863965,862.3925708424408,862.6414191759229,861.5780355175527,684.1309493411427,698.1221781139882,716.4451678536566,735.7791624797109,753.1739344498073,793.4327568179872,808.7660171987145,825.5493257716371,841.0386829468275,851.2072821561977,774.9939494003054,776.1113319857739,777.2283586990206,778.4695473573715,750.1072524054748,763.0368487858829,776.4999444517593,788.0875373194611,798.5759158151129,703.1937693343389,716.7865616948711,730.1211874887506,742.5034336622233,730.0386064032227,716.9545240184071,798.4592646468964,809.8044710714557,822.4539117279396,834.5402688792701,822.8585946342479,810.5412576809831,723.0364926662266,743.0317915305955,764.239378482898,776.1665858307063,788.0622516616107,804.0403899681082,816.2212592894487,804.8238145687819,789.8716371470359,776.0700695381854,762.23062963291,741.8626201718259,728.3980729218877,763.339733506697,775.7056938435023,787.8188912523881,811.691511621657,789.2340639668669,776.3498787549464,763.042392900493,211.31924169237067,238.61402299511508,265.1901859017506,291.4352190712473,313.6715015053725,329.6977949424874,339.91050357721883,347.6534028037061,350.9086783953689,346.6030927669505,335.87867733779433,321.94433193005375,303.47122966828,280.6314628667915,255.72891082798282,231.0707868150615,207.043052982468,182.05356510594618,170.63365361002653,165.92478983406937,167.0870404146346,172.3874481084146,173.433103711114,169.27141220598142,168.81078244041453,173.4228677022138,184.69886634473073,194.03359138348645,205.95096541990844,216.89441083640006,228.49657573507045,247.69378431721242,249.90427525661286,251.5669664662717,249.55435921219694,247.1905248055214,199.78163014168655,192.3909320338802,192.2483864790131,200.94672770002455,202.64387295976923,202.65717134278685,202.64373248389228,194.17021822140487,194.5884149070754,202.25568192141452,204.47357125700086,204.67698032681977,283.91003872391053,272.07449656833927,266.21891884380716,267.99577011613144,266.5206984877227,271.93372100952166,282.203088247955,297.38770642075565,304.99868943373144,306.4068383543628,305.3851292061536,298.40945302919874,283.5943800633527,273.4488938182695,274.43763796068856,273.5239828570268,282.282054420916,295.01111680445337,296.26487337126173,295.4396244194918,14.570514366866837,0.7939955429642439,-2.0638268824799466,0.24511841,0.45126033,0.4420282,0.5348169,0.8688079,1.0,0.46093765,0.9850839,0.4857109,0.8808513,0.47266346,0.118485294,0.35969356,1.0,0.20443079,0.4176656,0.99846435,0.51639223,0.03479957,0.06837981,0.001720229,0.00089044607,0.0052377963,0.85080117,0.13711253,0.0029708976,0.0012668922,/content/data/frame50.jpg,0
425.56903754340277,357.1992416381836,178.6868760850694,212.7223663330078,0.9985355138778687,431.1606213196818,427.2550980856885,425.4290173021809,426.941952529089,434.63807942761343,450.3722048698549,471.25384607033664,492.68176603317534,514.2379568063346,535.5422693837223,554.7140882980169,573.0907210003683,588.1311715026856,598.413041966924,604.3740552970769,608.2566265688653,610.8309436025171,449.5496923575337,462.9409603120581,479.3275810550407,495.4583905016683,509.29993000508387,551.0074186735943,565.7260396070957,580.9922972496737,594.2985470889773,602.3197595854272,527.7383435775267,526.8392535207724,526.1237943767468,525.5730994347214,503.84314473424257,513.0998605193541,522.5147599803447,531.8319024926004,540.7491924581238,463.65883865528195,476.1705869616606,488.45596516947444,498.90160324736405,486.78151416213115,474.30113936988346,550.592822705333,563.0479100191685,575.1561998026515,585.4155215045514,574.3112906788847,562.2464247602562,479.8252514108652,497.48450026039484,512.632970289178,520.8187491914672,529.6645434523828,542.5712450467399,555.6457995062246,541.8982664320323,529.5058957162801,519.9989145348624,510.7562650998061,496.5268701475692,484.774103748151,511.57419787024884,520.3640766779969,529.5740593163318,551.26039996334,529.6204805537778,520.650652884911,511.79450475572867,449.0041418706569,470.68275325230206,492.26964807566327,513.852115308039,532.8716159633786,547.1614604653936,557.1116571980408,565.5812583760813,570.4533277652284,570.9132190543278,566.6849305235268,559.7915213061478,547.5612521517687,530.1678641650749,510.84016666092975,491.60666577462393,472.0489617655719,421.9726642780708,413.69828791080363,412.16449279646895,416.03943370097477,423.40816230800044,430.85531709280895,429.2118972600874,431.65809563431156,438.7657485240854,450.2536962942846,449.36025103565953,461.02139216732957,472.17424281084567,483.1889328359979,497.045421164648,499.98146173125315,502.52836117399124,502.567859545807,502.1720846430064,445.9124585480853,440.77003223721493,442.72482126486045,452.7446194234981,453.40420115207945,451.67841443344713,460.7550063839129,455.00369502199976,457.2964340055716,465.89699906473834,467.5727737848505,465.65827431366415,518.2957886429322,516.2749509126472,515.2877046285045,517.9557009669595,517.5490624904007,521.6819828414864,526.39607395846,529.6180212680501,530.2901478377571,529.6768275881841,528.2151291744846,525.0067080792796,519.4084072628845,521.8212921990922,523.5628569653258,523.6763463163941,526.4055073138243,523.4958344969713,523.118089474988,521.7431627155507,22.85634548825903,8.128275485151667,-5.812541611440535,0.29889676,0.5310717,0.20776759,0.2653483,0.6156047,1.0,0.45145246,0.50656545,0.46798486,0.543356,0.44966593,0.5129455,0.6224363,0.0,0.39238828,0.5064184,0.016590113,0.09841003,0.14785574,0.26522687,0.0007125499,8.066198e-05,0.00029490015,0.59672827,0.0006378527,0.014608759,0.38693702,/content/data/frame50.jpg,0
653.5689561631945,92.31679344177246,202.73773871527771,261.6635913848877,0.9998134970664978,652.770043401503,654.7879401498286,657.7865878234646,664.8298580962132,678.3162629776277,698.8866212509763,724.0905505146078,750.5460506715281,777.1046927122118,802.144102155625,823.3591954595973,841.9135238695605,855.712376977883,863.5331744153095,866.6165571422459,866.9010535630568,865.6173666341052,686.620850312413,700.3934079486455,718.2738049319278,737.2421887702054,754.377132514286,795.6201487410142,810.8417646879682,827.6500737511593,843.4720499498579,854.2404107256397,777.6089294446297,779.2519940640233,780.8451627911808,782.533556687017,754.0016406590971,767.0154101636979,780.2513904441876,791.5465215811391,801.7961222890283,705.1255261334405,718.7780135908879,732.2077381611108,744.811541604409,732.2056420095989,719.0452074039072,801.2906877557465,812.5700977563596,825.3579133573719,837.8371829421031,825.9680431724125,813.5180822775693,724.6483139731306,745.1799589482456,766.9653271150768,779.1220139546534,791.1638990676823,807.2853441979903,819.0854606928997,807.5609881217914,792.364413699148,778.4357302065637,764.4145353128829,743.7028646110539,730.0761953769147,765.9941164864907,778.56587875668,790.7708332279435,814.6592121880803,791.8605512795,778.8577678546976,765.3214015763122,217.55475352441803,244.58249368623933,270.92273358346847,296.85933330520743,318.55521264655954,333.98792228013446,343.93983204207166,351.87481358997564,355.2174453413889,350.74925509069516,339.3622301687176,324.71641955579855,305.58587406775337,282.31151777546495,257.14216565395884,232.4096926819157,208.34162487655794,185.06666032601828,173.53137011585812,168.5859497990993,169.31264996852582,174.31996290179814,174.76808079217926,170.3535857083368,169.5095478433459,173.49412599524675,184.02617376153125,196.43630777765028,208.36353153142005,219.30229819572776,230.81291183652806,251.3620465758197,253.1914628077397,254.51679203234974,252.46106629970976,250.1244562644891,203.3779380966249,195.4731074423415,195.14638854107878,203.89550972147276,205.74436214397315,205.9744428458505,204.76719994234472,195.72436488917955,195.8030267177874,203.32971725403434,205.84911357264744,206.3703347470025,287.64453896552106,275.0295248547624,268.83058721831105,270.50071465097307,268.9784969093622,274.5164169096963,285.23040875564095,301.06078827602516,308.950571556956,310.45422338517676,309.4102463541098,302.36073909483173,287.37531450572476,276.5590604110261,277.43860184224803,276.50246432020765,285.23162527214333,298.8581822124515,300.11424485897976,299.34078366676556,14.5956650447308,0.788615938064563,-1.9881273551861687,0.4372838,0.45346397,0.5230366,0.48891494,0.85390705,1.0,0.48498437,0.84806484,0.48261297,0.85614055,0.6114359,0.3201166,0.27879912,1.0,0.2219279,0.41536832,0.99790037,0.5300222,0.005787927,0.08106721,0.0020759536,0.0009233933,0.003974445,0.8836187,0.105766885,0.0024143881,0.001226208,/content/data/frame51.jpg,0
425.74891493055554,357.5738067626953,178.5661349826389,212.22942352294922,0.9985174536705017,430.38579660745404,426.4373479234753,424.51499306496953,425.9701468712983,433.8235843823013,449.80551415214245,470.9042462700031,492.3432305110464,513.967750239909,535.2998001595006,554.3400143322742,572.5106063306812,587.5566425777452,597.9530357844305,603.9382003808205,607.6048886264962,609.9296797870229,448.7697221597118,462.2309308917379,478.73739593650043,494.8818220052358,508.7283100349787,550.9900684460863,565.5075885074757,580.6138886847211,593.7938227330451,601.8162269460254,527.3148597701193,526.3934895509192,525.6697759148155,525.1484549691677,503.22808791857415,512.5463032489374,522.0062450740461,531.36656925638,540.3601638948212,463.1154748402528,475.77861912256594,488.06339852031033,498.5331786213187,486.3522520392762,473.8464542980955,550.269679193033,562.7970322946312,574.8304640460419,585.0564332869471,573.8857168866707,561.885954001039,479.2007602863214,496.94169475026456,512.2229197132647,520.4662967301874,529.3340809269803,542.2203763190246,555.1747684341908,541.2973666780463,528.8289720411394,519.2783686737112,509.9684187614798,495.75068518803846,484.12502924430146,511.0937755534201,519.9350633547137,529.1610004907261,550.8014135029389,529.0325032189412,520.0133912841184,511.1011453615065,447.9085092848618,469.685039844162,491.39230483333176,513.1322064597534,532.2372385120925,546.5095283991541,556.4626705324645,565.1026206415763,570.0981816771628,570.4102182889537,565.6801828621165,558.2216790215243,545.7030998624059,528.2631586829975,508.96053076688713,489.79449097263387,470.28101520004475,421.3442751196917,413.3444205460778,412.0573150619339,416.0329052842412,423.2644934169448,430.74701934053746,429.16300394647305,431.471704485843,438.2579770881175,449.3360433881767,449.49127993276124,461.15927242593807,472.2629243316196,483.2148386438266,496.7088130416705,499.7749416224169,502.373834996366,502.41993614396324,501.9990753217262,445.67299071209254,440.81773685702683,442.77659541480307,452.6541192185923,453.3749183270902,451.60520046706233,460.42246618535546,454.8779113716978,457.1498539496233,465.478298741039,467.27648637463244,465.3570574286059,517.279169387296,515.4165281900878,514.5865253753618,517.2978861192641,516.9050624454012,521.0025998422961,525.6134128742606,529.182707322444,530.1053071079778,529.5013016213479,527.9391755439892,524.4126275006902,518.420131045792,521.1964918272351,523.0248417855819,523.1610959511509,525.6159782657469,523.101515113377,522.7383072903413,521.2896200921377,22.95555333053178,8.138608279091699,-6.109542367135699,0.27205408,0.47813517,0.12733452,0.28598532,0.61376333,0.0,0.43679202,0.2753913,0.4710199,0.46944255,0.40927634,0.08182799,0.5810381,0.0,0.34263974,0.5051034,0.0025704207,0.11268477,0.05931764,0.39848658,0.0008275709,5.9972677e-05,0.00027105262,0.63658327,0.0007455604,0.015956061,0.3455565,/content/data/frame51.jpg,0
653.3065863715277,92.92416572570801,202.9631076388889,263.4436855316162,0.9998311996459961,651.0688731319048,653.075017212948,656.1577632781123,663.3330543859514,676.7693243277367,697.1937276696789,722.2207597126284,748.5114383896168,775.0386150670203,800.0142246700739,821.1586269638807,839.8107273677284,853.8785992217443,862.0433860168823,865.3715993317801,865.8005216474079,864.6008845510479,686.2258902973184,699.9768141299832,717.8798408935238,736.9658475761186,754.2228340087513,794.8385909540385,810.3935115847848,827.4637265904307,843.2990870060687,853.8749060014367,776.7697555573491,778.2441230214924,779.689604226801,781.2259838747835,752.361535767019,765.5607565517873,779.1153838408044,790.6294126950409,801.0282774459745,704.3646519213635,718.0322710245377,731.4172928238143,743.9892785525066,731.5365310794613,718.4365467475002,800.4828114180874,811.745833192129,824.5358885056194,837.0684736033766,825.1711977703783,812.7293792145699,723.9835186911013,744.2904079083053,766.0890001135458,778.2888373673601,790.3237233427398,806.2531289754975,817.4116100032796,806.1724622605126,791.2359487587294,777.294908873544,763.2576379877914,742.7013527635369,729.3925978479094,765.0904362513845,777.6878222911722,789.897778214911,812.9103658526055,790.6670232447045,777.6763469280735,764.133439960645,215.1781092108745,242.41062501667648,268.9344099611443,295.0936401439176,317.17779741937466,333.09195909688293,343.42713464047034,351.6036417571969,355.05369365632566,350.65847884581046,339.36674039958086,324.86359615216327,305.8887535165328,282.59853369509887,257.2930403781369,232.35131041851764,208.02759188568575,185.20116327875365,173.42072322390635,168.12740579648613,168.57948611087974,173.35863566822417,174.2636348087649,170.14840755208326,169.7797450249446,174.3695134052378,185.4077198145315,195.98973814398738,207.8394637655246,218.68626337948612,230.1660357310731,250.23964909415108,252.21744394074085,253.69490165044775,251.65513230594033,249.32342897048173,203.0389180262448,195.24571441716225,194.8327238248514,203.41297906163928,205.21430015929386,205.47972210446508,204.47497775117668,195.62251710334635,195.80507712860486,203.419875585275,205.65085387402672,206.06979884193564,287.3798219284888,274.11637491199275,267.63313393448084,269.36107112148164,267.9137433060193,273.92822794887087,285.447250187707,300.9281368256535,308.67737980729856,310.1381238108173,309.0611732319221,302.01503648782636,286.96501299046525,275.5410158027081,276.4806765695546,275.64459555796907,285.3872730436292,298.45944516551833,299.69154868325626,298.88704847389334,14.72439239552683,1.0780701568517517,-2.27937285529854,0.39159986,0.47217914,0.38654822,0.414417,0.8765545,1.0,0.42414224,0.9753621,0.48054546,0.9323325,0.52937263,0.06952912,0.250011,1.0,0.15514816,0.35186818,0.9986343,0.5339175,0.011366294,0.07375163,0.0033642917,0.0013126221,0.00898919,0.8046282,0.17699179,0.003246041,0.0014679396,/content/data/frame52.jpg,0
423.51822916666663,359.7082099914551,180.7546657986111,207.25114059448242,0.9983515739440918,431.7153962264083,427.65291233909466,425.81351019028415,427.4058040202228,435.21110118674915,450.86095994545974,471.5296127861217,492.79340981227335,514.2234626821123,535.5994533111303,555.059666090688,573.9701843229126,589.3797611027289,599.8124246193161,605.6682235957439,609.4627495503346,612.1034239280064,450.3502259367715,463.5240281363783,479.7418183691481,495.83564493620213,509.66713645691254,550.1776841656045,565.1615819469522,580.8025723931947,594.4627235216569,602.7498706068689,527.5278140013654,526.5965411318572,525.8538709193177,525.2272707220314,503.738582482418,512.9416672607935,522.2537733580936,531.601916008022,540.6699489506422,463.83946285599166,476.3156182982094,488.46250845577794,498.73726190372076,486.7442942242342,474.3947484883098,550.5571426905664,562.9229723232667,575.0469820123111,585.5564770600678,574.1068593600306,562.0231258180414,479.5639555239355,497.0627258714036,511.97028130555395,520.1162469315998,528.9520064299029,542.1167327844473,555.556543592766,541.6257254900372,528.992238105688,519.3936777331961,510.14563250063634,496.07879901796434,484.48262624694377,510.9514741525119,519.7245588073297,528.9385761062989,551.1784508066974,529.1073297529965,520.0716867188473,511.1913151246432,449.83388636775544,471.30407455896074,492.6776933869007,514.0460794287126,532.7148963073353,546.8746969803854,556.9491592391719,565.5946706435084,570.4498512164108,571.0384581251794,567.4648209697314,561.1242851479933,549.2658134133843,532.1329452653417,512.8976088754891,493.7639782806111,474.21672040149195,422.28802582831617,414.10065744970314,412.527916154901,416.2866427369712,423.4270981197682,430.78359493325473,429.23509048071816,431.7133631914542,438.9980389035485,450.7965263065199,449.05811470642163,460.48212436669496,471.35446050811083,482.07842566834296,496.51104276038654,499.2758512769766,501.73920387655653,501.947522129986,501.7360315926147,446.0237361735636,440.9790931658016,442.89549361304483,452.74361193020945,453.51484752198166,451.80456400029243,460.65815647795057,454.9739647213923,457.39134885132984,466.1147665091993,467.6250108455969,465.6210464673063,517.5277055260921,515.7913840756937,514.9302423993097,517.5798258547804,517.1984995364699,521.3879451942994,526.3003009969376,529.5369348667195,530.1824650013593,529.518286580744,527.9626222537033,524.4657869819113,518.627050149488,521.6119321586002,523.3702520639968,523.4898204858399,526.2386489926671,523.3907088482943,522.9599008299945,521.4752274739687,23.012718514231004,8.24360894970511,-5.454320544184038,0.28054523,0.50415593,0.36574805,0.24767673,0.6229227,1.0,0.436118,0.031910587,0.4699452,0.52432954,0.34575438,0.13191372,0.5774048,0.0,0.33741266,0.5064184,0.0070771254,0.12615928,0.03365784,0.51249075,0.0006931965,0.00010791701,0.00038541408,0.7158154,0.0007335522,0.028443106,0.2538215,/content/data/frame52.jpg,0
267.131591796875,482.76136779785156,123.91715494791663,108.45359802246094,0.5866895318031311,290.7904482712998,296.17566101960836,303.3486546645115,311.5008774100919,319.66779098525876,327.5570323705615,336.63332823943347,346.8326194842811,357.79334329561095,365.6423588407458,368.42035704675357,369.0695277444319,371.5138690697262,374.88566927813224,377.4393210114445,377.8698088503675,377.6470843516173,322.6732200734317,329.3958323246566,337.44415567365934,345.5214529725373,352.12089269962155,365.5594431781326,368.1057118278578,370.96698022630295,373.76616158930113,375.0965613440028,360.2253647095174,362.5441049813758,364.5091131212306,366.84033284289757,355.49123047250316,359.0686845686286,363.05723372229835,365.9728072265512,368.60328557274767,332.06659412211735,337.38938081583467,341.1882387871155,345.4760288388235,342.4208503530826,338.50433279642596,365.4366606367984,367.4421294928295,369.05608220085264,370.69393908226624,368.66835952196266,367.2817490636487,347.9686216731788,354.695443966065,361.0277188809472,364.3932793644489,367.0427161929896,368.5559026617556,369.56286485792367,366.8870953266974,364.0311005593859,361.53607919573545,358.4289089112891,353.38341771949774,349.76029131878164,360.3693481343332,363.42368461174186,365.74131697789994,368.5051694439258,364.4355038665002,362.41837984250157,359.68295180512354,531.4094900023948,540.1453042914392,548.7686484254082,556.7906567982164,563.2926540031447,568.4351977342856,572.0270989207434,572.7740223541739,571.578840274387,567.8026810750947,562.1610302575747,555.7538254643673,550.1104019977269,544.1863149958313,537.9791447926312,532.240525636595,526.1463573832065,511.30139595570506,506.32247217001276,502.50780216857675,500.38765620931514,499.34911870068754,498.88387807575634,497.1636594845797,497.1318670226028,499.76200413384356,505.97472272879094,502.3473286753171,505.59528275291666,508.2976375893282,511.2772214533237,523.0826480235729,522.9881613938254,522.9946448579838,522.9075191537092,523.0265658370218,516.4068248458847,513.6601848028192,511.86988009703924,512.1314034534153,514.4623572777142,515.7520525769854,510.26114784067613,510.2835319674457,511.3878569165594,514.7763643429265,514.3735342619067,512.8831706505676,535.7303754131833,531.1169054018042,527.5115099239163,528.4648672106791,528.5486869243439,533.2379022326436,538.9092183331959,539.205206420098,538.9008248396101,538.4348131123115,538.0693283166387,537.5372410933719,535.65495805635,533.0964714225614,533.5699504342803,534.1578805364668,537.9584225244121,533.2674389986146,532.7813298619119,532.5311425966618,11.903649871433347,-9.337845159384198,8.881770544703649,0.50723124,0.59458363,0.5126484,0.47375044,0.44747812,1.0,0.47848082,0.18177786,0.47735634,0.33377478,0.14892647,0.27963132,0.5216663,0.0,0.42988124,0.47970143,0.95785207,0.4130285,0.048310347,0.40735042,0.1184501,1.5082464e-05,0.072496094,0.28158456,0.003076353,0.040179655,0.4841981,/content/data/frame52.jpg,0
653.2386610243055,93.01112937927246,202.79541015625,263.61273765563965,0.999833345413208,650.9773729559615,653.0668144320239,656.2359763369557,663.537972442524,677.1047623677357,697.6510468701539,722.7354313536565,749.0239183323116,775.5219132246368,800.4511771928387,821.54464474063,840.1566554199173,854.2021044166681,862.3403409469481,865.6133706212568,865.971503484709,864.6844953245782,686.0849241209968,699.8228000770471,717.7854993201595,736.9594376957212,754.2705723239085,794.5486973444961,810.1631695186809,827.3213425350561,843.2084964756539,853.8069590855441,776.7265813713584,778.2005562301306,779.6346526532809,781.1683980278551,752.4041955441224,765.6050041903604,779.154150500379,790.6464368647157,801.0367396971756,704.3435251274338,718.027032540167,731.4462204021839,744.0488053764633,731.589000285752,718.4524967953951,800.5669849240867,811.8362725848301,824.6598764822108,837.2403821902428,825.3505370480873,812.865626455234,724.167425438475,744.4250485176531,766.176877926725,778.3720806409353,790.3803732216613,806.2939430905362,817.5016501504565,806.3686468077626,791.499741111762,777.5784526344296,763.540470238391,742.9504891522595,729.5582451599843,765.2158359108166,777.8044304362868,789.9952964884674,813.00057206457,790.8643069940824,777.8907300106798,764.3436766114669,215.75315126427938,243.04105971780655,269.5856737269521,295.72645022586175,317.76387711217444,333.6008011934357,343.873146818685,352.04937627935647,355.4724921700008,350.999168721105,339.6276112566675,325.0696253731512,306.0776853899488,282.7596610612884,257.39937059742897,232.40611258170907,208.05463340876884,185.41359973306487,173.49946928354245,168.12311138714995,168.56479098735895,173.39460691015665,174.07609449308745,169.93879635881808,169.60239394314556,174.32903501973863,185.5277765022886,196.04221157158838,207.85674020731767,218.66863258175715,230.118183970048,250.4062956688008,252.3416536574391,253.78868464646962,251.74470270151096,249.45107986405424,203.20149378627173,195.33677807223216,194.9026499204707,203.56309597934785,205.34273009101173,205.61831553547938,204.60035011666685,195.67061620079141,195.81565869063593,203.4888730659552,205.71559817783918,206.16052084704438,287.71863409236494,274.41569705532515,267.8330023400822,269.53936571849476,268.04994857188603,274.03787951726804,285.51459160840204,301.1418852181532,309.0184324775132,310.5407894004961,309.49555957605276,302.43130682497895,287.2874379012367,275.7693201152442,276.6843746585844,275.80855747908777,285.47067819158724,298.73631993517074,300.0230829796217,299.2526655425015,14.80740263004124,1.0150817259179261,-2.301601813356561,0.37654096,0.44460845,0.2664639,0.3929237,0.88131255,1.0,0.49903432,0.9949945,0.48074573,0.9479255,0.61809796,0.04040291,0.2883077,1.0,0.1432128,0.3596992,0.9997508,0.5621858,0.0054110866,0.09346751,0.0034198873,0.0014845143,0.009520206,0.777067,0.20359106,0.0034390215,0.0014782727,/content/data/frame53.jpg,0
423.7386338975694,359.7662658691406,180.43975151909723,207.1596794128418,0.9983409643173218,431.6126505928449,427.51805401218803,425.6665244697369,427.2782077542161,435.1021528633538,450.76280440798234,471.442376330342,492.7114956000907,514.1265496196241,535.4771043025942,554.9200018329817,573.8421483448714,589.2822048980178,599.7528639100123,605.6277118207292,609.4031974521791,612.020184317595,450.2646718680658,463.4454513498798,479.6739689521602,495.7777330133894,509.61078852197255,550.0422635833486,565.0287800048916,580.6680095610441,594.3233622110458,602.5991619935892,527.43389034271,526.4994871351839,525.754299762235,525.1295318949719,503.67755337584833,512.8747320339999,522.1734234315945,531.5131733317431,540.573737268297,463.7856175614935,476.26477969084215,488.4026939518876,498.6733205624105,486.6842452252748,474.34221642004616,550.4517076833386,562.8245414783938,574.94140788564,585.4435831137774,573.9985736828222,561.9200690450137,479.4897242931899,496.99385592826224,511.90374512282676,520.0442785503307,528.8740199128013,542.0330551317145,555.4767735009593,541.5489767201532,528.9332739552816,519.348254696499,510.1112695904545,496.02981088228097,484.42113049527717,510.8948483672711,519.6588087040874,528.8610103980981,551.0951156069757,529.0431436039418,520.0223638894583,511.15167515354574,449.95671363303745,471.4148561135694,492.77563467483685,514.1182769650376,532.7573554030225,546.888533275873,556.9353310377567,565.5562830247356,570.4037497042793,570.9969717209696,567.4568871830145,561.1723284624388,549.362711823853,532.2499398779562,513.0277892155038,493.9124558554374,474.3856039852915,422.2167091650461,414.0154251563546,412.4403403927372,416.20440936008833,423.36548783809013,430.76007080607644,429.2252592326221,431.7291907481691,439.03897479514643,450.85665940725823,449.03270470178035,460.4299656576436,471.2715440108261,481.96892122837005,496.4715370449309,499.22284196363125,501.6784841757416,501.8900740048538,501.68930074263596,445.9823068912352,440.9311257323112,442.85117007657016,452.7169607409443,453.46099977973665,451.74531446370713,460.63997004475897,454.9530488709209,457.3753004892004,466.11144891360465,467.5954818915151,465.58801597920564,517.4781249006594,515.72253682484,514.8330001441032,517.4806734616262,517.1033530835911,521.3124200581419,526.2367732659254,529.4591767159138,530.102392015757,529.4391438413368,527.8960198103101,524.41622651988,518.5710723078704,521.5318778283787,523.2807981574823,523.4067741187647,526.1712219071024,523.301883054319,522.8681535390688,521.3963892151153,23.0957613522991,8.216875749639808,-5.388345537061215,0.2308279,0.49711224,0.38731086,0.2568575,0.6298951,0.0,0.43867025,0.09508764,0.47573993,0.5142497,0.37928057,0.048573736,0.5956473,0.0,0.35269806,0.46985558,0.005283291,0.13123347,0.049877554,0.36593515,0.00071072613,0.000108555985,0.00035878268,0.71124494,0.0007469776,0.02445246,0.2623776,/content/data/frame53.jpg,0
264.64488389756946,486.1487274169922,126.61124674479163,108.97936248779297,0.5949332118034363,289.5529767929256,296.68873765353345,305.9392738007591,316.912630478153,328.1077852885821,337.924299702933,347.25486321017956,356.5113400553993,365.1585693423112,370.2269265492388,369.44737294447253,365.9405318276665,364.9099927885923,366.39262256739306,368.3762270611827,367.5550614026316,364.5777031064324,317.03130407093266,320.57242645642253,326.08497762159675,332.21027193871555,337.70843321194985,345.418924907688,346.8698951130325,349.35114173513136,352.7765065411862,355.17250052469313,346.3610236165637,350.2039216874283,353.6015481429407,357.32661029566657,350.4930960294208,353.58349965040685,356.5932601073116,358.37037101015443,359.6389002066745,326.7882711382408,329.65460358473354,331.89652882590303,335.9591602750122,334.61807487067415,332.1281888798461,350.4761976415291,350.66563889356905,351.65548958494907,353.79798963819627,352.6603731401555,351.88208736727825,347.7791479200415,352.06811452916,356.0863175265025,358.6798759420809,360.55483629892694,361.401557825983,362.2438600533118,361.7346263191604,360.951803519309,359.57961095398053,357.30257582542833,353.1359368817124,349.61437985905206,356.4982813869428,358.7885291349666,360.241881053074,361.21996807571264,360.3648879141314,359.22246271085453,357.24955328464273,553.927603273146,560.8787632827472,567.3114977770019,572.3224584231269,575.4444672819168,576.8154282391246,577.3323685799725,576.5238631284271,573.904096816515,567.5618402394233,558.3596175431098,548.998236665019,541.5917620003165,535.4774208451242,529.9905025239626,525.9979368986038,522.2674819323787,527.7903568715061,519.9465526526416,513.8141539489734,509.7771689277899,507.4425334797386,503.31584482443867,500.58729400848097,499.31501112397524,500.2291813075251,504.9171165002219,507.43267155883075,509.51171662603446,510.9289262793638,512.39819854362,526.6749455434066,524.6309605559043,522.9170103209879,521.6615171530691,521.005916755306,529.4476395489561,524.6449836821906,521.3902147127402,520.1577779733168,523.5207609224627,526.4047932077199,513.2815015486441,512.1147837807803,511.91857774001835,513.3919523460296,513.9123067770357,513.8047402971977,541.9344207361398,534.3937868177279,528.6470172949776,528.2551938496879,527.2260448977205,530.6120027718832,536.0511600545985,537.8765436566143,538.7868922326131,539.6768241872282,540.7369535169971,542.0138685158686,541.2702851129811,534.5421412606229,533.4756003238726,532.9196424566412,535.3130419127468,532.7871268564165,533.6513852152798,535.0057828544523,11.683271431992651,-9.441515677582101,8.853609297177867,0.4962672,0.5802547,0.5317655,0.51963794,0.2226194,1.0,0.34564462,0.0030808088,0.47579917,0.19983321,0.17969102,0.33106506,0.5560248,1.0,0.3361054,0.47031763,0.89781666,0.49548683,0.045092456,0.40409994,0.108976334,1.3528538e-05,0.04032118,0.18453863,0.0072762882,0.043450564,0.6154235,/content/data/frame53.jpg,0
651.9733615451388,94.73794841766357,208.83946397569446,271.62996768951416,0.9998406171798706,649.8697829152421,652.6246892669965,656.4492990958497,664.352434537097,678.686259073934,700.1619671278729,725.9218222105153,752.6490509172115,779.2752029084213,803.5990692055428,823.3706073221654,840.4944503480106,853.6997419422047,861.7568335896399,865.0188963684731,864.9997010210631,863.3487068589098,684.8106920358591,699.6681046445849,718.5487299567203,738.4932593419044,756.6352329200511,796.3179125630274,811.6945321193087,828.3465737114449,843.83393565663,854.2788080652363,778.4268967809284,780.0904611756466,781.772055208418,783.5961183530898,754.3378237767723,767.6600748764404,781.1766691543901,792.5462016533651,802.9026161502732,704.493976239921,718.6419381340478,732.4207781603176,745.2988259953008,732.5253325753854,719.1150024195601,801.7514004463942,813.3067081598778,826.3485478737476,838.7871912808985,827.0038125317408,814.3388466529511,725.0281019893271,746.1171345353432,768.6808671317734,781.2190426895128,793.4931656494289,809.595866707134,820.682520402172,810.2232709114976,795.5101925496433,781.512160307301,767.0971732564909,745.5138022291992,730.6176200701126,767.686011909631,780.6989614599395,793.1428505591963,816.255233978688,794.822598885486,781.6729504845937,767.8218559066864,218.90163967467686,246.65086520304158,273.7299438506236,300.3502575808044,322.53901061985925,337.98701044576035,347.8059552151883,355.4890678724462,358.4596450265908,353.9638926068792,342.0998661987145,327.2788820073914,308.39425442646393,285.28317271575406,260.1535875396444,235.5263259539048,211.82186903780763,185.28255267944093,173.93077781966912,168.8726872061972,169.25792500591308,173.83505365297975,174.59050131595234,170.52779049383344,170.0780306812141,174.55242147696083,185.42284580054178,197.427417900168,209.03655224320562,219.61281952482182,230.8620313896772,252.5326654765762,254.26875642178186,255.63007180874968,253.88988145230564,251.96193417544634,204.44770821710227,196.71948260773303,196.39526969284998,205.63910203681513,207.3361611470545,207.38094381484808,206.55534959132507,197.35606677328212,197.43215845155265,205.5377047512556,207.9751835880084,208.38145272737137,291.01411077001876,276.6509006431436,269.2023481369798,270.86513539212683,269.38806506602054,276.0260221423865,288.558544009745,303.5006454032482,311.1787260817822,312.69714023307927,311.82447078002747,305.3380947770348,290.382140870674,277.5342751937894,278.3616762668156,277.6178759831672,288.4216508742684,300.5492441680243,301.8909367808179,301.26448457242907,14.292774363991029,0.6754453805950499,-2.185277659568321,0.35338446,0.4776758,0.33648854,0.4766135,0.82428503,1.0,0.4551427,0.53033626,0.4828684,0.8244217,0.5213467,0.19216679,0.3822719,1.0,0.24165665,0.36567232,0.9954098,0.627881,0.0036283904,0.09371745,0.0028983832,0.00095628825,0.0019292504,0.7752139,0.21439034,0.0018523815,0.0027594694,/content/data/frame54.jpg,0
423.8438313802083,358.7475929260254,179.44571940104169,209.05578231811523,0.9983590245246887,432.33140193737864,428.3651737287383,426.69979801780084,428.57878244987336,436.5648859001072,452.3062060788608,472.83159602589916,493.8004048116831,514.9567894332641,536.1931791972926,555.699032534656,574.7403461541585,590.3567129691401,600.999617410615,606.839835804514,610.5823359610873,613.2063939823864,450.53268399043503,463.6976868111077,480.0851040275235,496.44100066824006,510.5031548841878,550.4833790963477,565.6425629881761,581.5096589366142,595.3346910987478,603.6054927848314,527.9825178126619,526.9499049489789,526.0863488352277,525.3506095531075,504.25244379371117,513.367609630116,522.6161098941825,531.9804572456449,541.0628090861426,464.4892973603534,476.8872608775194,488.96663182061627,499.39808822558064,487.42260957847947,475.1511021849801,551.0144439761091,563.299094911373,575.4378061792625,586.0986988809681,574.5572486923757,562.4740872056641,480.011565986115,497.5447142612639,512.415555163767,520.5248961399827,529.3059782654947,542.579878843603,556.019172727124,542.0075441398708,529.3306504428684,519.7935230856158,510.6002511167796,496.55940469038194,484.790933087864,511.474408790384,520.1836275919819,529.3509713453235,551.71079749144,529.4061473056321,520.4274186101042,511.6032723204489,450.578031370272,472.0751611906368,493.3790330979911,514.6528049489496,533.2552678207293,547.4049559314321,557.4774545848605,566.1776119685866,571.0726168180447,571.6052367926225,567.9591674674936,561.6724873329729,550.0258289989249,532.971537780931,513.7292431092585,494.56404525367014,474.95812754601263,423.2552173114066,414.6440367709912,412.7028074259717,416.2287382001251,423.3796921844659,430.887749768831,429.383217963327,432.0302136331664,439.6661553369188,451.7958500454407,449.20831432307216,460.72794832573226,471.6921891864569,482.5500107221094,497.02792850889193,499.8183816755336,502.28393964824977,502.5647090267632,502.3694100518064,446.6452339619731,441.4346869167394,443.2187395390533,452.9912394684515,453.7742222320338,452.18910959994366,460.9618854257398,455.2545902565463,457.71324749601524,466.5719049283242,467.9048305255676,465.8919098142339,518.0799647730166,516.5419610468756,515.7243549943788,518.3506858465632,518.0142919226981,522.0975073723857,526.7242434131998,529.9338993026738,530.5750469520266,529.896113489205,528.3263499420084,524.8504289237497,519.1673947289738,522.1725556501062,523.9495056759035,524.0861895385541,526.7034589728668,523.9873662535462,523.5439249855484,522.0583159924483,23.027531203011502,8.544375880345727,-5.946571397576907,0.2852249,0.54413307,0.22433272,0.25206265,0.63255066,0.0,0.44280174,0.7008612,0.4738858,0.4496023,0.4052403,0.02505641,0.5487038,0.0,0.23321834,0.46985558,0.0011009062,0.054553133,0.017730352,0.280668,0.0006219488,6.590891e-05,0.00021779073,0.68123645,0.0004936355,0.014480625,0.30288365,/content/data/frame54.jpg,0
263.8626302083333,484.7754707336426,126.73052300347223,109.4135627746582,0.7132420539855957,282.23428981217245,292.3384129519846,304.2592786341382,318.5822569519631,333.85377348856616,346.84184041034507,358.28150492710216,368.79897711692223,378.0475318090447,382.50165086106085,380.32099237421835,374.3627961919449,370.3371185380927,368.903871202725,368.1268282878135,364.9455788438829,359.3724958770792,306.9685681432699,309.51347796012806,314.27348219814985,320.3584178470405,326.6376278213691,336.54157113134477,336.867021983113,338.73369617699643,342.09952549209896,345.5707746324595,338.4678986244563,344.14912075852817,349.3031621860496,354.87741446991765,350.7676638255866,354.0558468618275,357.35376514246457,358.9788892500646,359.83465711616833,319.6177461315141,322.06058997825994,324.35759551300436,329.37290517564395,328.1442339396958,325.56973768176783,343.6937306810442,343.423681890495,344.36936026792586,347.3469763176671,346.38209938564495,345.58526872537334,353.4685686968539,356.4745202903403,359.3849685924322,362.1919549955133,363.7053141464984,365.056210741327,367.3765527627547,367.89094349738446,367.62975069731476,366.3996925969414,364.02175491173983,359.48222132718655,355.17956056065935,361.1744587955958,363.4409034583834,364.7122955573102,366.37420329783345,365.4201946693783,364.3502786199795,362.33977842718207,567.6818049009773,574.2764358872936,580.1975674379695,584.3884632478818,585.6424334289972,584.2017169675751,581.6517809002349,577.6663313791854,572.2283725168634,563.0877394446483,550.8937294542906,538.8497455626299,529.280711882381,522.2349193954065,516.348463987596,512.4527799462996,509.2137263557078,538.5435431200565,529.555990874063,521.4716590122495,515.0768996636752,510.32501266155356,500.1456498605587,495.8886808381561,492.75239118212585,491.48687966029587,493.7890270175577,508.36285783745893,510.1077327027102,511.19300850222936,512.0676395374098,529.9750686712389,526.5710597943146,523.4634455997807,520.8490429978547,518.8966143536828,538.6494252334562,532.2718611908591,527.3103945000194,524.4370788130755,529.6455206775087,534.0453616630034,510.6678038508728,508.0423063335455,506.12165773299836,505.82205422703606,508.2216242779279,509.6778047309141,546.6770270887025,537.8688834318251,530.0086208194067,528.4216128223148,526.0644554423071,527.7190572172966,530.8862703242185,534.1732432532648,536.4791727620391,538.5239411964004,540.9120129628262,544.344466157176,545.2788411363183,535.6124595443447,533.3971022534533,531.5066474136916,530.6724529942013,530.7042375700626,532.7819463006396,535.4195222287284,,,,0.46923894,0.6043811,0.5811297,0.48103943,0.17972921,1.0,0.34876862,0.0042120046,0.4797947,0.17646842,0.11836715,0.2693838,0.60865355,0.0,0.35802248,0.46101314,0.9088113,0.43120253,0.054179776,0.7042205,0.0752981,1.551758e-05,0.012719892,0.09707466,0.0076657664,0.03863192,0.76859415,/content/data/frame54.jpg,0
651.9918077256945,94.86890888214111,208.52555338541663,271.4046277999878,0.9998321533203125,650.1490864760183,652.8139537750511,656.5641619236604,664.4401445233852,678.8033146785862,700.2692726680436,725.9682050783281,752.616975130515,779.1567738340714,803.3906157261682,823.1052380702926,840.1921823665,853.4249943821137,861.5871201940327,864.9166331289879,864.9070628297317,863.2659215124472,684.9012259440312,699.8193230102128,718.6479841215679,738.4915628510049,756.542564351397,796.4592925181904,811.7856511739417,828.3836560637257,843.8306043725798,854.2511460976245,778.4634415658448,780.124053491961,781.8049513465209,783.6286854321708,754.3341450016271,767.6688816749385,781.1902780084897,792.5743916284262,802.9399575167697,704.5371117084734,718.6522548433455,732.3948066216769,745.2954923695931,732.5222876667392,719.1471441417,801.6331748899302,813.1473708127389,826.172140440667,838.6670493825932,826.8392854194478,814.2043356279588,724.9462310631272,746.0562535109768,768.6422956422905,781.1727486368297,793.4440852936971,809.505046919944,820.474725816105,810.0831861744048,795.4054725071886,781.4109772625345,766.9947288299679,745.4074920482115,730.5282391378346,767.6269897767743,780.6298234246626,793.0520136221389,816.0661761992882,794.7546339206496,781.6203979286122,767.7684283171006,218.9587168388695,246.71460356860584,273.8138474126599,300.4167557366666,322.50628763658733,337.8488167979785,347.59586569869094,355.25134802118095,358.2575673175696,353.79584721462135,341.9611336224015,327.1747883230598,308.32061935526923,285.2442595391403,260.14363583753004,235.53736759405209,211.87473473971315,184.7601454158172,173.57396033790212,168.6823047323627,169.16907965933973,173.81035449447978,174.62770269941709,170.63300543522433,170.20542853579673,174.64774597321437,185.45793282335256,197.38784468647015,209.02216436546058,219.61345731212356,230.85661770102655,252.41304704886883,254.19106499912635,255.58830927816476,253.87652634020392,251.96665956124795,204.04260954078885,196.35852308857451,196.06781311593411,205.33859888895398,206.96485091713194,206.9782260412446,206.41608258107823,197.2418539449762,197.3430118139909,205.4418144693706,207.81792759221347,208.21988016097526,290.7443085804606,276.40118655214997,268.9741684323914,270.6661313388297,269.2331294710895,275.8990273205876,288.4402541814294,303.40765867177095,311.12673592400427,312.612287081981,311.69751788958445,305.1276918677113,290.12239442777917,277.28642952716575,278.15226013046504,277.4511823259237,288.2823345375157,300.4427294900232,301.7461731889275,301.0888314578635,14.370582660226193,0.7586441302128573,-2.1237341971313914,0.43101406,0.48564127,0.364781,0.41795492,0.82787484,1.0,0.40524116,0.3460177,0.47546554,0.8690008,0.5066851,0.06219126,0.38472658,1.0,0.16769625,0.35316357,0.98837215,0.48713756,0.0071915337,0.10340318,0.0030464544,0.001010073,0.001929397,0.8185296,0.17046627,0.002079088,0.0029392184,/content/data/frame55.jpg,0
424.40125868055554,358.6153793334961,178.89344618055554,209.02828216552734,0.9983460903167725,432.6339170799265,428.5559669669958,426.7473604882882,428.4936816517086,436.32643382077254,451.8813428520093,472.2726221428961,493.23263244519103,514.4144164451127,535.7134526258169,555.2880407627035,574.3461661220381,589.9500429830623,600.6455798445268,606.620036325724,610.4750876882254,613.1836766054903,451.1114553896814,464.21795424296124,480.4713042769895,496.6692314440543,510.5428742754193,550.5139446051899,565.6082510387214,581.4297527315557,595.2468962334751,603.5024066161059,527.8639031567709,526.7333783366175,525.7772703403098,524.9469738966045,503.75792377492826,512.9197856658025,522.2561466102952,531.7348771934876,540.9204063081015,464.5377084527663,476.9013061601113,488.9508982663233,499.3489726618841,487.35481089806945,475.10220843332945,550.9344826148872,563.2380899651534,575.3580259044011,586.0077682577703,574.4449465056441,562.3824817022496,479.7935141603575,497.24868222768055,512.07262464321,520.1933753788553,529.0097376655594,542.2908178022308,555.7657209891622,541.7540666970635,529.0763288307753,519.5024359739864,510.29209589424545,496.2910193411208,484.57314961439397,511.1146328375585,519.8511948673386,529.057296376056,551.466524196695,529.1662433497713,520.1521408854414,511.308269001971,450.13339236772117,471.60735370177645,492.9323744907306,514.2473632473857,532.9158689916494,547.1878178922816,557.4096813598599,566.148030018343,571.057356775178,571.6181339249124,567.9867475448154,561.6685706127173,549.9577502201619,532.8981970659006,513.6622311339925,494.46800802500366,474.84949423849775,422.95279692294343,414.48002052933,412.6889140413914,416.38256331047387,423.63819703128956,431.0744895632606,429.5234416842777,432.09700931437055,439.6574239508818,451.78008842350437,449.4313668943728,460.97628498229915,471.96113608671203,482.82466089886475,497.0798648275522,499.9523601085939,502.4695330653158,502.67863590247543,502.38706407848804,446.5700100098479,441.41766437223123,443.2790324634325,453.09637030073554,453.8327752946079,452.18537654803777,461.0106196502197,455.29878263750015,457.7377700310212,466.5490714489724,467.9170160499134,465.92200215137836,518.169544006344,516.5455956959304,515.7211300906702,518.3363657893433,517.9793390660934,522.0234292011564,526.7041422383427,529.8547685132125,530.5045631298744,529.8300995813297,528.2741777194415,524.8386925602299,519.2336570716952,522.1884120274153,523.9511791454242,524.0652692176654,526.6558210335879,523.9474563793401,523.5205941525601,522.0443155634839,22.905437885908636,8.519617649793496,-6.004704278147021,0.31093568,0.53060365,0.33565786,0.26711926,0.6203455,1.0,0.45817515,0.2234273,0.47125265,0.4841811,0.40619463,0.076267146,0.54938084,0.0,0.27351165,0.46985558,0.001918129,0.08912136,0.02633767,0.222847,0.00058371515,6.235505e-05,0.00018119004,0.709123,0.000497171,0.016772958,0.27277964,/content/data/frame55.jpg,0
261.37242296006946,474.0535697937012,126.48486328124994,122.55822372436523,0.5766503214836121,282.845658385157,291.66677951773744,302.27330910352754,314.5488248170819,327.3536024156841,338.40722539534323,348.55887220428554,358.40379283376967,366.9487911960342,370.8133565003983,368.16170035583195,362.5822766050114,359.6990288055385,359.16464637372405,359.58360842453544,358.25701588899824,355.4316139835631,314.30160011480325,318.1640213032951,323.921415718412,330.1866308598546,335.75054821993683,341.8122532915673,341.74506194733544,342.7455226977355,344.7296441007521,346.4959160936297,344.20365719437825,349.6593193201697,354.62131007501154,359.8726298159686,352.3092113187653,355.5124118690262,358.47109274083044,359.7065015469328,360.305759315961,325.14465644076694,328.22101037227543,330.0730922345537,333.9124076342792,333.1186052757315,331.03582740188574,347.17100499869554,345.98674737884426,345.6570058796438,346.97747366224644,346.80987979501947,347.39563958564537,350.6491137726232,354.78569229188133,358.73129974807375,361.2335553461685,362.5130768484435,362.1394035911187,362.16943930713455,362.9398825636482,362.95114595715415,362.19709568781536,360.3708427319302,356.40815472397946,352.2362751915003,359.3157658316544,361.3027008213219,362.0099424175685,361.925797178212,361.67592173352597,361.3495456820237,359.836071283312,555.1982109591248,561.5713194587616,567.2456994973239,571.7574621066101,573.8674349691137,573.645948704204,572.6373005071189,570.0769366548163,566.1026776586775,558.891997886612,549.1858748339698,539.6402076425496,532.2153741199813,526.6217557792726,522.397146376071,519.9378952286031,517.4593108506757,529.0448916923021,521.2778771797136,514.6829838673875,509.89806813350293,506.83834693208337,501.8857016274356,499.3809671780793,497.99523504145907,498.481818164367,501.8352425292192,507.0734261678706,509.547423766274,511.35643332615723,513.1496605647786,527.3819896064116,524.9172017546662,522.7233188722689,521.1425038554356,519.9843555959524,530.5802188837959,525.5883959682425,521.7947900429658,519.8766160350991,523.5819196693599,526.8786742374882,511.9648375135264,511.0862702028069,510.48583633646484,510.9407326836663,511.7307760542608,511.97375323585584,541.5171232519555,534.6549437312467,528.429372116184,527.6055204712669,526.3240131739119,528.8132819435908,531.5020756225683,533.458169721905,534.5695952538691,535.7728785094979,537.219166087429,539.6914221571176,540.8141517936484,533.4880471171286,532.0956474134291,531.0657706598286,531.0432031617557,529.6918990122736,530.8100644865364,532.5584688471455,11.080698944259087,-10.323332442539467,7.755147366046447,0.41790614,0.52416325,0.70833474,0.43078732,0.2930618,1.0,0.4904624,0.019902444,0.48029077,0.19992684,0.2202349,0.33908272,0.57620645,0.0,0.3756406,0.47031763,0.84284824,0.43439117,0.037871294,0.43771,0.096847005,1.7621043e-05,0.019447053,0.13206053,0.010163088,0.066313274,0.6751514,/content/data/frame55.jpg,0
653.1266818576388,96.69418430328369,207.75911458333337,272.8655004501343,0.9998273849487305,650.494819722738,653.4974400678897,657.593053447568,665.8416695380798,680.2447571209171,701.5117443521181,726.8871382656914,753.3320171541498,779.7409557422093,803.9911245245366,823.6533475797196,840.4890802060955,853.3796549378727,861.2956353999045,864.7153993837054,864.8618539121834,863.2555771794015,685.7748695771409,700.5033276367756,719.043223814641,738.6277404858774,756.4184526608883,796.2584659423014,811.5390169792264,828.1357461200291,843.5795557031586,854.1582410925332,778.4088128456483,780.1463990224067,781.9014527901817,783.845000406043,754.8368940331593,768.0188164729748,781.4589274731894,792.8210196820079,803.1952854643358,704.4191712054451,718.5767903423468,732.224902293688,745.1757158183954,732.3847356307044,719.1146750444861,802.2931575765642,813.8664222264983,826.8175968131428,839.4875334259909,827.5479763199701,814.9463292054088,725.1657218086616,746.27199744408,768.9173922919587,781.6577847747169,793.9787599044645,810.4386563294944,821.6976995097463,811.1736027819059,796.0527582223976,781.8268788625012,767.159450028686,745.4381688130259,730.552639052273,767.9936592385387,781.2315755539144,793.7929398663996,817.4548704439926,795.2589489157898,781.8985057440996,767.7470246601304,222.29906733094015,250.04252011422943,277.1062006124856,303.74476483418164,325.9920937754989,341.6010160066726,351.4873212185039,358.9424890643452,361.7229392169422,357.0922125294535,345.07183610008144,330.0305422679288,311.0179769805293,287.82019640243834,262.59207672552475,237.8051552190234,214.1090896507177,186.98569731479114,176.04399830205688,171.25704889692395,171.89544543563863,176.54847013735792,177.56050723050316,173.67459276889946,173.16341689168314,177.63416386569452,188.30531038628777,199.41181953571345,210.76377273499776,221.0609566729462,232.05366300313477,254.2829290891607,256.02217419914416,257.2838807426565,255.72485433149575,253.84134058151903,206.26207201869346,198.667280545889,198.35832862880392,207.5277990356688,209.036306050912,209.00652332030734,208.84087395857267,199.92369801994272,199.9795357606111,208.07263174049177,210.2652145087224,210.63291217883506,293.69440088482554,278.868358517836,271.2973190654417,272.9752617135449,271.5607186278536,278.3359775706315,291.3934800185697,306.8395145239068,314.7580126610684,316.2205281922553,315.29021795651965,308.5305139523341,293.0147847346842,279.3495272205407,280.2489032308449,279.5472330272414,291.1730370682553,304.2564969419499,305.56695660541664,304.9266278974163,14.082597828126783,0.6585636736851492,-2.1489122165801553,0.28521287,0.4666195,0.5262323,0.5490447,0.828286,0.0,0.3826068,0.84394395,0.47623947,0.8939968,0.47520924,0.06170592,0.32351923,1.0,0.35614944,0.35456812,0.9936604,0.56935275,0.0057560396,0.113273434,0.0037868181,0.0008317679,0.0036982554,0.7124293,0.2748243,0.0028263095,0.00160326,/content/data/frame56.jpg,0
430.50217013888886,360.59854888916016,173.1634657118056,213.31219482421875,0.9983667731285095,431.2260591392387,427.3066591777773,425.4718838749333,426.796082027645,434.40408130527686,450.27110406086797,471.520203792079,493.2046317826738,514.9677186654532,536.5222080554682,555.8015627961256,574.0941073673123,589.2362683299609,599.5402704319451,605.4461030308084,609.137936889728,611.5947094231815,449.5193589456427,463.2884984688004,480.1488271795955,496.68649499388846,510.93599844416457,553.5131085438436,568.1306175182181,583.202274603302,596.3617066325693,604.3109616131915,529.275901603527,528.5015337606543,527.9343902556051,527.5544993126314,505.43481172039975,514.7843795949586,524.302227607496,533.6543129327795,542.4923653346632,463.74839857298355,476.4834265532838,488.9593783394732,499.6234369241771,487.2124658812354,474.4555894801015,552.076757961353,564.85765694531,577.0638753293213,587.1545654399117,576.1469740036075,563.9656554958535,480.9014381452973,498.9946921627619,514.4457824725062,522.5663766751692,531.2653437388406,543.972397501544,557.0732415866762,543.0832186483545,530.7713436202976,521.3934277248525,512.2815071986915,497.8186307279131,485.99900123153054,513.4609099772293,522.1289963120129,531.1533095529594,552.51720503721,530.8348444076648,522.0644732870787,513.3552075613522,449.1565337297965,471.10613319671097,492.8679079536581,514.7406946589196,534.2867313463314,549.0665014628612,559.3962731058986,568.1766835148286,573.1971668370592,573.4603701246306,568.7396617832244,561.4621541995759,548.9950974059466,531.3942720074817,511.8579542055944,492.64115430112287,473.0481862292945,425.2259141445378,416.7481852277233,415.06025740282564,418.87558366274243,426.38319387125375,434.42805095030053,432.5894498852191,434.7301755518012,441.20195395945996,452.18330287912033,452.0740073744819,463.9159353813731,475.24642420197483,486.46603076111785,499.7068756210894,502.82312870071326,505.51387157877906,505.34707902531954,504.6782305109984,448.21529704707865,443.0957863677104,445.0913085279557,455.2448052198044,455.8730693769903,454.1235021525339,463.02016538446844,457.09702340471415,459.20899673256645,467.50684235215374,469.51955946371163,467.7749508543187,519.7773812094499,518.3504291096644,517.6362512250241,520.3108213893444,519.8472442813757,523.718396918269,527.8232147542324,532.1025910977085,533.375932931465,532.8921551885912,531.3906865473589,527.6471610335618,521.0898274444611,524.1620937941523,525.9258045144976,526.0362214290042,528.1002869067045,525.8790562174065,525.60825480583,524.2528135638989,22.507626061163997,8.47683209751192,-6.020295814047923,0.23292927,0.491682,0.21476558,0.2695017,0.6143474,1.0,0.47691983,0.029288946,0.4686438,0.52636665,0.49575722,0.35357916,0.5576943,0.0,0.27506527,0.46985558,0.004657552,0.19373903,0.030934395,0.39116052,0.00090428494,7.9183e-05,0.00011113526,0.38057992,0.0012510279,0.0028212778,0.6142532,/content/data/frame56.jpg,0
653.2759331597222,97.18496417999268,207.29047309027783,272.48331356048584,0.99982750415802,651.0117512741034,653.8718147550189,657.8902040675147,666.0365722934616,680.2444703689034,701.2311225709084,726.429129875745,752.7609598064354,779.000487345142,803.0991879734922,822.8490348977767,839.8010825022077,852.6824893767214,860.6788467261695,864.3174241689487,864.7196879718506,863.2608385319952,686.11587502638,701.069856493529,719.4025323278858,738.824906502739,756.5435453519104,796.7937613315814,811.9868013164821,828.4150874170766,843.6053209103292,853.9220816565648,778.6024917482885,780.0629198396958,781.562853198956,783.2336902058735,754.6940868453032,767.7939712988154,781.1016725609683,792.3608493047484,802.6022830355666,704.9836065445045,718.971394793201,732.5181058492922,745.3702199672282,732.7363495539867,719.5629018870998,802.132663433109,813.6678898137255,826.6120334702906,839.2501526000551,827.3720275107053,814.8185513894681,724.9598048160226,745.789001142851,768.3830616915727,781.0850674853834,793.3880837165483,809.7618965938332,820.6699695387142,810.1790503940905,795.2067292836018,781.0568856317499,766.4947215819234,744.9518188373495,730.2861166841841,767.4816321658064,780.62967523642,793.1355189577398,816.3842813862573,794.5633800523135,781.2701205284334,767.2315230871902,223.22282823203193,250.7461697835657,277.6723327893283,304.1097764578057,326.10929929143913,341.5838654697951,351.27477857849266,358.4265768371002,361.11231138628085,356.5907999772777,344.84309879146565,329.96684155135017,311.0091658738075,287.8849999807529,262.8585004988589,238.29733292384887,214.781983023045,186.55292575915288,175.93770242194643,171.1297826933917,171.4901732511126,175.8989962246323,176.25674595167044,172.44581289159657,172.1205424585282,176.79712227585446,187.54827530750566,198.83540977537803,210.11172755668977,220.3367998309897,231.19805893601753,253.62126456089536,255.24380652403423,256.4739658736158,254.9993883868156,253.20935344295296,206.08824173331902,198.42721141201181,198.08788903117738,207.13186683592508,208.58897196326296,208.6159357215631,208.32159516520042,199.25498027677682,199.3139555804387,207.5300475832694,209.6192077619643,209.98802753939236,293.30875947558644,277.8648892996321,269.91897084174946,271.5663424601643,270.19991234944473,277.2236254475546,290.74417181588433,306.16586291200815,314.0867763088868,315.53960348541375,314.62151041548657,307.9911544072007,292.58037744526416,278.17976207093454,279.00227850862194,278.384129233591,290.4834994145368,303.4088941477303,304.6821448378262,304.09196303165004,14.080824009375052,0.6509976821520831,-2.161373040522902,0.32483196,0.43904555,0.38198978,0.43068126,0.7971145,1.0,0.48540965,0.5200219,0.48091212,0.8406048,0.56474036,0.12013336,0.31692976,1.0,0.18444875,0.3627631,0.98901784,0.70397127,0.010772965,0.14966801,0.0034868522,0.0009357062,0.004139284,0.7911314,0.19554433,0.0030421698,0.0017203379,/content/data/frame57.jpg,0
430.3394639756944,360.6612739562988,173.38579644097223,213.8478126525879,0.9983639121055603,430.6304134550684,426.80845912193416,425.0245118094797,426.54409018774004,434.2202381285425,449.934760289212,471.0413785496244,492.6737979256268,514.3630174657769,535.8668085987739,555.1344919097016,573.3050992078388,588.2292945389524,598.4282393220644,604.3326573009208,607.8433770197885,610.014325639146,449.1066839497284,462.5787659151075,479.2837270764775,495.75159898394344,509.89242315391266,552.7452140744979,567.1805930205746,582.1987491456454,595.2853325955923,603.0286931717271,528.700550538674,527.9842275852963,527.4548625978208,527.1147346187838,505.03082009122267,514.3605013416346,523.9024624030402,533.2687154031431,542.067547994093,463.32001302830173,476.0522359550514,488.43475586499477,499.2575694228952,486.8740017652087,474.1963993813893,551.5392793655338,564.3520565038048,576.4669418716246,586.5852177263092,575.5857630762691,563.4542514048466,479.95321494095776,498.3416390527602,514.0492284883994,522.1924769038984,530.913133747182,543.6373647294675,556.5647975915709,542.5759427311184,530.2216661234771,520.7747747861217,511.5758937521389,496.95862732741307,485.00309903786797,512.9627370221525,521.6956915177788,530.7641547250198,552.0805596156647,530.3234888494046,521.499433834682,512.7240493793557,450.6157870009194,472.3244778239456,493.86481011545845,515.527843609824,534.796215222189,549.3198955948512,559.287525208337,567.6484298338327,572.5670930856578,572.8373049342734,568.0620072240014,560.6070296544216,548.022585046216,530.4662179505418,511.06976108852746,491.95693030535836,472.5290868978125,425.3368995670669,416.7914154395238,414.9451539036311,418.64962282924705,426.05565451885565,433.540542609774,431.6891876432468,433.8897332243994,440.59240497102894,451.81021178029647,451.41505027746695,462.9930452287659,474.0951868054266,485.0900986659818,498.95005761064783,502.0025521194607,504.6000029004168,504.49824135683934,503.90602680036346,448.2517468850757,442.9406370972007,444.77780540633006,454.8177984442358,455.3831233579025,453.78445149672626,462.35852307729,456.3992398261034,458.5071859205856,466.95746266379103,468.7413640894831,466.9816449876143,518.8256640464048,517.2982160883803,516.5657562901996,519.2759049597893,518.9230663475473,522.9375462404305,527.182943617665,531.3779420341168,532.6245018234569,532.068736651972,530.5109269527779,526.7071590731705,520.1389431883805,523.1562731415515,524.9774422661653,525.1720939125755,527.4100219095561,525.136531671659,524.7890924018013,523.3992741400208,22.384875630998902,8.540973447942845,-6.095430407567789,0.24669538,0.4982494,0.29076383,0.26019984,0.6541336,1.0,0.4539372,0.16220713,0.47704297,0.46206027,0.4672972,0.42225245,0.6078302,0.0,0.41496947,0.46985558,0.0013378226,0.09415801,0.022523431,0.40543756,0.0008544832,7.041185e-05,0.00010888672,0.33255625,0.0013266578,0.0028311159,0.66225225,/content/data/frame57.jpg,0
654.2475043402777,100.74986457824707,204.68310546875,271.5735340118408,0.9998170733451843,652.0169071521328,654.708980918777,658.6655768524413,666.6301463975058,680.3789974919345,700.8513412789736,725.7094351482812,751.9930313374392,778.5383234673523,803.01303691115,823.2319110132078,840.7941998239421,854.0592169350496,862.270438182152,866.0383741177029,866.4558444579297,864.9461565595132,687.1604916006959,701.9859429932388,720.1967657228417,739.5059247132759,757.176417438501,797.3827232871445,812.5510648332727,828.9474785606851,844.143422254285,854.3814686075027,779.2508318216171,780.5936248213166,781.969827879884,783.5257654004893,755.63279502099,768.4588000736819,781.5970337811666,792.791617889555,802.8880794060933,706.4724185756584,720.423934698691,733.7909496116099,746.7494682815095,734.08191820278,721.038553522918,802.7083255196026,814.342776362331,827.1162576945701,839.806349850809,827.829329357967,815.3777112091245,725.5389855746961,746.1328098897353,768.6800251669652,781.3974281038834,793.7288088897069,810.1111204643646,821.0620636609037,810.3202441235346,795.3190305695575,781.0729037704491,766.4866742267366,745.1269243121494,730.771486404739,767.7264787775302,780.8640909025244,793.4449982094047,816.7827790045976,794.7501271950664,781.3955633564117,767.3969235108129,223.86357732452552,251.82455271338335,279.27777290525955,306.253909111173,329.0702016212333,345.52012971619297,356.07481407499586,363.6433384513052,366.503627979459,361.7507168897939,349.6369870979329,334.40973118637066,315.1657315229554,291.68296661183786,266.25616361256743,241.30366690250503,217.41146366240594,188.10119779437696,177.78106370349883,173.12876156726782,173.5735329759475,178.02852152032926,178.42917028440513,174.7597163247034,174.66497355602405,179.56361660304776,190.46990298253024,200.70714322095546,212.44963287032556,223.1555268821852,234.48694654853603,256.85121261678455,258.68903779686184,260.0047142604103,258.56223496878624,256.66963283172777,207.60248404775473,200.19742615423797,199.85114643363386,208.6752285919822,209.95363924277592,209.97538491771934,210.1164355819459,201.42059366118258,201.58544899235255,209.74288392956817,211.51549150926803,211.7308795544758,296.0031008924459,280.69931263673266,272.9176825884231,274.6671265081229,273.3254407022348,280.39308613786443,293.95791967840614,309.4368193763837,317.48751694529733,318.97137032144974,317.94395273790155,311.06254895600796,295.39476587870945,281.1155203875255,282.04534952005474,281.442880691073,293.85831108429284,306.7966088987962,308.0784285410616,307.39729067811754,12.887837443684095,0.4778362435125721,-1.6953723879540137,0.30046898,0.43016014,0.4909051,0.4040068,0.8577893,1.0,0.4061291,0.69916266,0.48341897,0.8233634,0.5431666,0.08796855,0.27821234,1.0,0.23740256,0.35277575,0.9988372,0.71176106,0.017762618,0.20390569,0.0028051147,0.00043308258,0.005122637,0.7108375,0.27343222,0.005566125,0.0018033185,/content/data/frame58.jpg,0
428.8354763454861,360.14038467407227,174.3188747829861,214.54551315307617,0.9982641339302063,431.53103406303205,427.5988594333283,425.7364078914017,427.1702790538083,434.7502878755944,450.5501933086491,471.65012439550543,493.23247551677304,514.9349204499772,536.3293813804256,555.5764326753165,573.8376589425523,588.8921226268342,599.1691053141077,605.1696679738786,608.9896824104513,611.4489661307127,450.68883214636196,464.22168682390463,480.67208378066726,496.9135672240508,510.8945370910541,552.8338558471888,567.3474677040105,582.417261533721,595.4874458236659,603.4908866127685,529.2550026480667,528.4382082028907,527.8084292555515,527.3424020418149,504.92053747606485,514.327852829199,523.9159994473293,533.2655927363695,542.1928167333393,464.34881654342786,477.0540543683235,489.3363014087666,499.90085092312745,487.72587653695757,475.25865494897,552.0886634626435,564.6098781604317,576.6119549004106,586.7775600145899,575.6762329006079,563.7356455427437,480.6638048883161,498.7142148012988,514.1207654292393,522.3161246005276,531.1598077449313,543.8049679728767,556.3009546835931,542.7214842410095,530.4213059944269,520.9148050607341,511.59393085794994,497.3702720520536,485.62321435292154,512.8271942539377,521.6557620897856,530.8391637121669,552.0183043867772,530.6224393439097,521.6696957955406,512.7679606589882,450.60544596166085,472.3932732063415,494.0641601374697,515.8774992608041,535.168254513834,549.7781132897031,560.0731115833162,568.9038431333838,574.1076985955925,574.7265975898697,570.4705256833265,563.288283495294,550.7982661805453,533.1660515861029,513.5934150103715,494.1727141402347,474.4104379877192,425.93522912108426,417.8535263282919,416.1325525398983,419.6287847908135,426.65131878210065,434.0682472355117,432.60370427312967,435.1686570438633,442.2064137621427,453.4331519006649,452.4956268056791,464.3482231186106,475.6923696081584,486.9155859565146,500.3440874594314,503.45848553254035,506.1224781016689,506.16170117645936,505.7421861457001,448.9192987649093,443.9728562401309,445.9004800819929,455.7420344644236,456.29731872609375,454.60566249810205,463.7159735472333,458.14101807811664,460.435475880411,468.9112892437453,470.4127841482616,468.4965159696801,520.9370457264051,519.0242763197533,518.2293185081559,521.019711885989,520.6822338496856,524.9118347843926,529.601754410214,532.9813072209221,533.7866999663449,533.1438313152513,531.5096899872261,527.9474184161386,522.1815650399824,524.8087898128676,526.6992008392497,526.9247642102765,529.6509367086112,526.7385466779675,526.3179574628439,524.8087744673768,21.45685513309354,7.967864347276767,-6.20285298573308,0.267506,0.48028126,0.40388477,0.25154027,0.6072043,0.0,0.43188536,0.7834459,0.46745756,0.45151865,0.43601117,0.07606021,0.5795213,0.0,0.48593935,0.5064184,0.028178537,0.06316387,0.019824717,0.4424332,0.0010060701,0.0001194527,0.000275977,0.4391671,0.00096525723,0.0063932575,0.55207276,/content/data/frame58.jpg,0
654.2726779513888,101.34604454040527,204.51182725694446,271.8178081512451,0.9998212456703186,651.4268720428554,654.1213721283343,658.0231671315164,665.9343633304929,679.7884309716218,700.3632560427201,725.2058849305106,751.4152811231769,777.7446339911075,801.9393315761108,821.9065770590914,839.365775374738,852.4789064059003,860.4244321833773,863.9000456161702,864.1248137073746,862.5521758620816,686.9367406276702,701.5176689252985,719.3518630841377,738.3002156205091,755.7253030793078,795.7287448311401,810.8958374368531,827.1224371698279,841.9940125204325,852.1729293953151,777.7686447680851,779.1454441060948,780.5577832824163,782.1916631904455,754.8131268572571,767.4090152033189,780.3052132389221,791.2093916719994,801.0466361625877,705.8465398274049,719.4331108873678,732.712285676244,745.544947501999,733.0318331502546,720.128830441014,801.1356218518397,812.4754160492562,825.194634244514,837.7538453996704,826.0564947654975,813.6824679429008,724.9356130145969,745.3155230698342,767.5925858561302,780.1742718762146,792.3211003670222,808.4489545645565,819.0996686256044,808.7367728174922,794.0108369246518,780.0002860922696,765.6066710179532,744.4396740840447,730.1660934526914,766.6798458182639,779.6541809491487,792.0296659160963,814.7917075134894,793.3986301584607,780.2842354021943,766.4788940847902,223.8812968905031,251.61218894559647,278.9084373325845,305.7436399177543,328.3530040806497,344.55143246476587,354.8068144294077,362.1777341230213,364.9381569146028,360.1291968454559,348.06731012356727,332.99616341614114,314.039878574501,290.85933010648546,265.6984077488262,241.01525124820841,217.44614619453716,187.21505178871735,176.8630531793873,172.10560448967522,172.38679304629568,176.83300568479717,177.41984073928325,173.91913750269316,174.17475020739948,179.31329950465317,190.0027904844717,199.9826317716121,211.6526470596874,222.32060610792485,233.6606141665128,256.0984713908597,257.8369682955822,259.1671458982137,257.8161071104025,256.0979464588934,206.79155346951597,199.36998756211574,199.09749926678876,208.031471936829,209.22552690382622,209.19797769655725,209.81530740990104,201.181780522875,201.26955109183461,209.45948130444106,211.1804221511792,211.43387680224623,294.9609346300663,279.5600139962489,271.7441658563753,273.5020658019266,272.1550320505992,279.2560589458303,292.85869875653975,308.2854577082544,316.342774552631,317.8313843994649,316.83055300088176,309.98899803240556,294.3819541131502,280.21557625447235,281.1039750026416,280.5391093230419,292.7850527458588,305.4890284721689,306.77940845498415,306.1317201762554,13.186486213155362,0.5251559415910312,-1.5134589998903174,0.3574342,0.43267787,0.38024753,0.4040426,0.8344924,1.0,0.39044812,0.931167,0.4823251,0.8467874,0.6564948,0.3065048,0.29497212,1.0,0.21155706,0.35820737,0.9931415,0.66152555,0.01570376,0.13624668,0.0042378465,0.00049893145,0.013327866,0.5482484,0.41706958,0.014655704,0.0019617649,/content/data/frame59.jpg,0
428.5877278645833,360.2552604675293,174.48052300347223,214.6395149230957,0.998290479183197,431.598083188158,427.6405624808349,425.74598791413734,427.17504879622527,434.7760222837584,450.5947060938215,471.6912125680775,493.26752180054257,515.0169963358976,536.4762833137167,555.7516487010436,573.9558286773288,588.9732266824905,599.2368728920352,605.2075486704684,608.9753351974563,611.3785708474755,450.9429019936571,464.55280897803317,480.97429748847964,497.1520772706379,511.0698422113819,552.7816707023842,567.2267228006315,582.2542379151157,595.3324977130848,603.4052908073129,529.3045116855651,528.4952043486135,527.8732247323819,527.4093729249864,504.9503036855332,514.3705836703687,523.9746219860647,533.3509716092512,542.2945883637327,464.38335891104015,477.09476219250945,489.35970004944807,499.9057732721241,487.72060552146826,475.28732295697705,552.2555503131791,564.7204584394376,576.6983329144809,586.8509365569081,575.766161805285,563.8720797167105,480.33594473553705,498.55087893804466,514.0987420091008,522.3580184522543,531.26187297131,544.0485635124426,556.6922635281869,543.007115340791,530.5969839156904,521.0187526724851,511.6151605447568,497.2252536008143,485.30345308905,512.8143450437761,521.7188136514098,530.9707028720493,552.3875640052356,530.7760214406076,521.7538474047849,512.7754809128957,450.9776935280792,472.71787997369194,494.37544847724143,516.1788783702813,535.4302328942082,550.0008814588717,560.2875866945205,569.1693954336258,574.4015989925803,575.0385470179006,570.6956358331829,563.3951051824383,550.806458207712,533.130517226226,513.5683417685423,494.1919895145627,474.5123849685501,425.5029120431198,417.5736084212495,416.012733425893,419.6193677577981,426.6776865211634,434.206773264534,432.65021991754514,435.09378583492486,441.9949209506428,453.0898128115884,452.520261007704,464.4275306484913,475.84340660915973,487.11730529059355,500.480486836542,503.6265700871584,506.3145893152271,506.3283141949455,505.8618832155224,448.8543824802359,443.89666116343494,445.85937269591574,455.7079717878019,456.24704176989565,454.52542908924653,463.6871394022061,458.08524684318604,460.35444230884144,468.82847320383036,470.31742307448815,468.4231286857042,521.1438152278738,519.2645199526077,518.5008086925728,521.2769035749418,520.9474143484136,525.1265941660209,529.7981962621153,533.2635595166505,534.079545066888,533.4381448993771,531.8033950480867,528.2342354716543,522.4152395719881,525.1235237231309,527.0116311694914,527.2284504941701,529.8826948504486,527.0806854300879,526.6580696707055,525.1632706063422,21.039048667705377,7.882656880829979,-6.1486513300917895,0.3181797,0.4607743,0.549394,0.27960217,0.63018495,0.0,0.433657,0.33148745,0.4698344,0.57724386,0.43793875,0.21590142,0.6032965,0.0,0.30760264,0.46985558,0.022965988,0.09592876,0.028518504,0.41376856,0.0009156988,9.6428936e-05,0.00024218534,0.46446028,0.00090569415,0.006522369,0.5268574,/content/data/frame59.jpg,0
654.1048177083333,103.36044788360596,204.1467013888889,270.31859493255615,0.9997532963752747,652.7201091158225,655.3060130755957,659.169920881045,667.12838003988,680.8507044074846,701.173825154767,725.6531314217473,751.5932703875587,777.9099331569178,802.2329764383649,822.2080533842885,839.6867701655083,853.0719651657226,861.5235653264774,865.4493006451644,865.7162740804825,863.9896473625813,687.3634699317884,701.8344335965772,719.763590711126,738.886877774884,756.4362048534518,796.3767880724657,811.4988958470407,827.775458781625,842.7658199608743,852.7161681526343,778.8084549910795,780.2654980901626,781.7221931647791,783.3606730191508,755.404418650596,768.2166203684833,781.3226417423537,792.4776379560935,802.5469718460681,706.480734238804,720.0846819510107,733.3994696681492,746.2518585445903,733.7285461360747,720.7832347270337,802.2440552172204,813.6577689525413,826.3229013312234,838.7698417039984,827.1522629699815,814.7678123236657,726.1778073072853,746.1954205769126,768.5075688226162,781.0624547841355,793.233991795622,809.198608799918,819.4244183570443,809.0086647798887,794.2770404569131,780.215034542496,765.8563571049385,744.9468054639774,731.4357899517169,767.5445077845806,780.4761495659586,792.8345757160448,815.0695302015727,793.7409861047843,780.6003943005585,766.8253538936001,225.9831933872028,253.95892745854474,281.45518048828364,308.38123409877517,331.2072114674726,347.7023724365085,358.47889204274884,366.3201926318192,369.2453769435336,364.39020361722936,351.81037590226566,336.2002604866544,316.7912646704559,293.21287773951883,267.6240694728069,242.4306170002277,218.4638540991838,189.0919425410401,178.4637200269848,173.61524617166384,173.9368111115171,178.4522932236626,178.42448026836817,174.80064650716776,174.8449616225899,179.8520862979791,190.86997053919873,201.6221864368502,213.47661515512604,224.34834845503843,235.8914402858425,257.83400588263925,259.8675128413697,261.345998114538,259.8589282378586,257.9567231765243,208.47174297142385,201.00383396570106,200.7036725305478,209.6354014451074,210.9377380014111,210.95554525328885,211.00904434769248,202.2863814641363,202.36701679959359,210.5562645165598,212.4811975090367,212.70522859210675,297.74595442192356,282.0622124969198,274.2107998636235,276.04092519097276,274.85017881296704,282.2459500806269,296.3054231503145,312.26174557148823,320.49569509772846,321.9043821306376,320.7045871164985,313.4366568362607,297.22964079093174,282.36748795826384,283.388089041455,282.96549066545924,296.26857122623306,309.59970642595863,310.7886160081681,309.9543820268767,12.20532657765418,0.8230937869420477,-1.7517893931126842,0.29857236,0.43948117,0.5381271,0.36435983,0.84431016,1.0,0.3656509,0.971916,0.48160812,0.8532691,0.523298,0.17552622,0.29395813,1.0,0.14609408,0.34400594,0.9941011,0.63276684,0.007726218,0.1965516,0.0037088466,0.00042757706,0.008293925,0.78203505,0.19567804,0.008347695,0.0015087674,/content/data/frame60.jpg,0
427.8907335069444,362.66583251953125,174.1136610243056,214.84877014160156,0.9981665015220642,431.39419328225995,427.46404044272884,425.6091409519813,427.02891485535474,434.4375483343092,449.89663715502604,470.7561300682426,492.34844929340414,514.2758806466193,535.9643753775093,555.7661413428672,574.6043696578796,589.9650969912924,600.2386418101414,606.007758373153,609.6765039291382,612.1446269578297,450.9432459470336,464.65666520345786,481.4216840048328,497.89717742222126,511.95664255637166,552.210175532275,567.0737438081931,582.5599902805036,596.1952751023385,604.540745753696,529.7256531135215,529.0623594562934,528.5716853494126,528.2167802915232,505.96497078656705,515.2958542712058,524.795430991306,534.0294167126834,542.8321993197773,464.3577504715446,476.9794697834992,489.4369753934141,500.1235055328196,487.7393705312135,475.05863355851744,552.3091094470917,564.9026837660382,577.0972799504107,587.234010751923,576.1070187713503,563.9770876869388,481.0677624465625,499.28094601922385,514.7922563646418,522.828677627854,531.57337228869,544.1869854123772,556.763210183354,542.8495181333838,530.4559630494878,521.0587624928714,511.924417576662,497.69264791938605,486.1739387975216,513.5000377517214,522.1574084034015,531.1839986425846,552.3060513779634,530.7350618007928,521.9427442443342,513.2566292795655,452.85252410406594,474.4975604455336,496.10739825766177,517.8782072965226,537.1283221786107,551.8151832338892,562.0920166295898,570.7353493609244,575.7369366742565,576.2874505860916,572.1825075818193,565.0991589183174,552.6032584053006,534.8999886508202,515.3016073332722,495.8143922070543,476.0063410644427,427.09788081872557,418.768522657223,417.29371119312947,421.36980999763307,429.0362433142647,436.9051622985855,434.9117084571908,436.9354740641922,443.6356036377994,454.90770023015483,454.04912811338437,465.70123205469065,476.8843757166458,487.98859353416196,501.91003064363326,504.8941528943993,507.43596155862144,507.4249125550872,506.95542979156346,450.7302548633312,445.5605275330734,447.5381224431088,457.4960023021555,458.43638929349635,456.7718161880368,465.5042478379963,459.79695344635894,462.1229454128976,470.58571376102356,472.59324394071774,470.68994935347496,522.5348782199726,520.6484491144805,519.8310687278539,522.5754014777191,522.2398898029453,526.4277848532226,531.0218806134023,534.6914559971913,535.5268006190494,534.8823932279458,533.3024625584618,529.7292547701709,523.8689032502989,526.5425930665803,528.363511877126,528.6179924035885,531.0927233203463,528.2252840790868,527.7903006381421,526.3124234213294,21.007930081428444,8.65431178743803,-6.434564953177685,0.19771637,0.5147202,0.24829426,0.249047,0.5738675,1.0,0.40884477,0.26629123,0.47127208,0.53604037,0.3096703,0.20917794,0.5969859,0.0,0.29098603,0.46985558,0.0017089319,0.092889644,0.041448973,0.4019275,0.0014611349,9.961679e-05,0.00018605845,0.35972396,0.0017504563,0.0034339405,0.6333448,/content/data/frame60.jpg,0
654.0794270833333,103.62723541259766,204.22515190972229,270.1970672607422,0.9997472167015076,652.6254845864246,655.214946371741,659.0480362735384,666.9816734261776,680.7200728472435,701.108365359436,725.649853978668,751.6065372816547,777.9091946412263,802.2289753855202,822.2148425943797,839.7239475884162,853.1303939660829,861.5968634402834,865.492675875912,865.7580798374292,864.0597109349219,687.4185804920144,701.8613256554145,719.821064660423,738.9599988970585,756.5278356058734,796.4298804666687,811.7089776171524,828.1265694427238,843.2422652610421,853.2652894478706,778.7803527547712,780.2325857180167,781.6853404832691,783.3149088248647,755.2954842105419,768.1584931240068,781.2904136680354,792.4601460800604,802.5760123721193,706.3359324727135,719.9785812255104,733.2946398999793,746.1561607114245,733.6004641910322,720.6524595284409,802.2494609457917,813.7086388636526,826.4062655299258,838.9042932655539,827.1878283062833,814.7698102117156,726.1547167463586,746.140806204221,768.4719221961604,781.0422098467461,793.2091638719867,809.1750877455725,819.3373557642462,808.9647435587849,794.2254022694542,780.1618718830796,765.8125679309178,744.9125325949435,731.433207870311,767.5209863535583,780.4519358209236,792.7978872605363,814.9822995845316,793.6985175244718,780.5633115603996,766.7816315617602,225.9953882637892,253.97906944063834,281.46340542287,308.3620862933403,331.1638676955172,347.5752558750064,358.28166675689135,366.0882499523468,369.0559892036763,364.30339719869335,351.8474228396226,336.3358918840586,316.9654418273549,293.36534200659844,267.74861271111695,242.55375067522618,218.58435997857578,189.24456370075495,178.51059394250478,173.62239139372468,173.9246113857298,178.43143464545574,178.58583972450197,174.99847991596107,175.07591919898732,180.1124777887335,191.1745740423321,201.69002471568638,213.51393257338077,224.33817407882725,235.83311476016206,257.83462581773347,259.83859676229076,261.30275386769426,259.8154635399842,257.9490743912502,208.55060986160515,201.09082207774554,200.7898679387572,209.73511974330268,211.03299594250257,211.04195354362128,211.11954743464958,202.40271929013124,202.5055722634943,210.66672958564868,212.58917379812556,212.81444732011096,297.7982239893445,282.0341215364333,274.16254500211653,275.99238868436623,274.8049412506298,282.2669998395195,296.4391230213332,312.4073466889495,320.6818316766057,322.07137109502037,320.83912599269024,313.4982220994061,297.26001420821194,282.32973203635083,283.36143123402326,282.94655998652524,296.3621475623131,309.79880047838014,310.9794258340262,310.1070308564649,12.228771979471071,0.8525066262413268,-1.7881549944647641,0.27960858,0.46784073,0.26281115,0.4037263,0.8203724,1.0,0.40915915,0.9712506,0.4811892,0.8134918,0.557298,0.22799203,0.2844328,1.0,0.19083425,0.34372327,0.98351663,0.53710765,0.008969808,0.184851,0.0039860173,0.00041535508,0.009359864,0.7620907,0.2135148,0.009120961,0.0015122262,/content/data/frame61.jpg,0
428.02313910590277,362.65151596069336,173.83417426215277,214.9734992980957,0.9981870055198669,431.5612033521986,427.565484690758,425.64696605086834,427.004172367286,434.4126401257969,449.8972675340254,470.72288806428185,492.21805715016706,514.069575108212,535.7397011806507,555.5074804293976,574.3333964965889,589.7374069974483,600.0978558662514,605.9734184248275,609.7522033388682,612.2973327671107,451.04768833094016,464.7008835019324,481.4061505248762,497.8242611385939,511.80873444600957,552.2421035903245,567.063959460266,582.5351942828911,596.1600974245949,604.478830473255,529.567825743587,528.8254059924119,528.2594885261291,527.8297572030026,505.53261671951066,514.8857309607201,524.4173848204526,533.7254778324466,542.5865567816835,464.3429970194853,476.99126392298365,489.4188606860837,500.062668066703,487.6775554758442,475.01395859778034,552.1940993971514,564.8190945689497,576.9969834213737,587.1474408532247,575.9729195938529,563.8505846011133,480.8273632604877,499.0111655836033,514.4902575947972,522.5417462874532,531.3195636396266,543.9773252866497,556.6587353798933,542.69449702386,530.2623028060005,520.8121038512438,511.64058138497796,497.43029463075266,485.9137473390484,513.1970043342587,521.8760071613115,530.9427722386957,552.2134425345671,530.5237734353753,521.6894642812424,512.9714369050951,452.09639464226643,473.8208983025195,495.5079227120169,517.354658702068,536.6829428023632,551.4639289908653,561.8983522905959,570.7263572425504,575.8504589014615,576.4254021401314,572.2908449577887,565.1793973784977,552.6674165628244,534.9435519169316,515.2928924437771,495.77394466784244,475.9128478507524,427.00966775898746,418.72535411661113,417.27686372145536,421.387234293977,429.0941445212235,437.01914170358543,435.0268831183371,437.05811243631996,443.7626314530468,455.0432247580959,454.1452911024517,465.9254001735216,477.2178638299895,488.41566450911273,502.11923179312066,505.14043611855243,507.7112897669033,507.6724958593519,507.15916466489864,450.55500183354513,445.4596150467516,447.4865774961869,457.4406744062837,458.3027202378196,456.6019618108593,465.5065858834357,459.7890665982515,462.1294401525705,470.5432205811471,472.52736827212937,470.62726635945717,522.5677264922087,520.7980139319093,520.0316535885592,522.7891116213907,522.4281268542144,526.5533661182153,531.0553352787356,534.8420081335507,535.7470147965171,535.1264352845167,533.5297653859627,529.8745889629273,523.9280503134842,526.7381099942481,528.5785680038715,528.8011678451805,531.1448241974631,528.3665776735457,527.9477172551512,526.4657684601414,21.066653744600533,8.51620288202771,-6.453470345381088,0.26071745,0.49152502,0.32166642,0.25128987,0.5827316,1.0,0.38083592,0.16548167,0.47176388,0.43091166,0.3724152,0.17995809,0.57907385,0.0,0.20854294,0.58429104,0.010514213,0.10029671,0.05891063,0.4144944,0.0015083051,9.367842e-05,0.00019638978,0.3670931,0.0015159198,0.0032707853,0.6263218,/content/data/frame61.jpg,0
655.9556749131945,111.23718166351318,204.6779513888888,264.4532175064087,0.9997329115867615,652.6938185670161,655.1063347680572,659.0122791518195,666.8546780855006,680.466023597724,700.4167025827568,724.7569205969598,750.7712728523945,777.4731914685191,802.0466618782337,821.9437163616832,839.467219890392,852.8083716837909,860.8029431448929,864.2896895730676,864.4323099405945,862.561486323802,688.6240599416069,702.6861633674046,720.4161827015057,739.2463082127109,756.5528547632323,797.9512442555435,812.9985820425313,829.2066302052378,843.8973792430721,853.4334234138871,779.4435466998906,781.071348236844,782.753341730424,784.6601987424602,756.8403085729547,769.2714989166452,782.0802265581679,792.7979580261324,802.3509691027394,707.434542050733,720.9138975199056,734.3438654851509,746.8237813018852,734.5740725385973,721.4660029041972,801.9287447202546,812.9563255569802,825.7598704424415,837.9035029429851,826.6972683434889,814.2627583877954,726.7680096428498,746.944639768505,769.4219123334323,781.6006703011507,793.3695933214944,809.0216301176953,818.8569689934677,808.7340439017962,794.131326056332,780.1785523021929,765.9173478169008,745.0400620342257,731.7639122160266,768.2744614905564,780.8996552559366,792.9136053639387,814.5868697933092,793.680785667191,780.6832279024561,767.0818412262411,224.5220724485431,252.51755212358614,280.0650922451029,307.28657269879096,330.7372765600095,348.44936431474525,360.52085436412887,369.4266829639544,372.32774012686343,366.70148011893633,353.3171828270854,337.0244325415957,317.078558009262,293.2074834520332,267.55350297937343,242.48476726552872,218.39352015153423,193.09293176461782,181.97090749353393,176.52453073430456,176.853021001235,181.28578118952976,182.5057906172641,178.60928490238723,178.40600359074114,183.58868399139067,194.77899201934088,203.71300421964588,215.35581981422018,225.93278460113234,237.24065039886764,260.0077317119465,261.74346319811855,262.92157552849585,261.5521362727161,259.6482489420727,210.8131719568077,203.02695107240447,202.62887190200829,211.81246974548534,213.4550534863144,213.60921210638656,212.59299469983722,203.54096130812852,203.59646786893853,211.94604866265706,214.0984340143064,214.4286644767027,300.17297519227316,284.9705141116398,277.2655906197605,279.1037666564001,277.59827059642663,284.74218911742,298.27459217554883,315.4259586869203,324.8403404964711,326.60648757295917,325.51695497482706,317.1930326066457,299.57031902121554,285.2482644401232,286.1727621965216,285.45587732526576,298.36211265838,313.51605633281883,315.1451819315398,314.36254793594395,11.356448824813283,1.1971084281852722,-1.639530626013183,0.416453,0.42628178,0.44817317,0.51423126,0.8588884,1.0,0.42315254,0.9676817,0.49190596,0.90647453,0.48954877,0.10530594,0.27179697,1.0,0.15344957,0.34400594,0.9873339,0.58375645,0.045750003,0.084894896,0.004031406,0.00020455543,0.003992742,0.72800845,0.25523278,0.007209562,0.0013205335,/content/data/frame62.jpg,0
423.3746202256944,363.99119567871094,177.17361111111114,209.26301193237305,0.9977309107780457,431.5908208697603,427.4373222487045,425.4891881437262,427.01207988790344,434.6234852067639,450.06576285700066,470.52729086002415,491.66577605334743,513.0590930907374,534.4531734786339,554.030359919946,573.0715246291671,588.569889832056,599.1354690946696,605.1869826212759,609.1656552667855,612.0070104959839,450.3054025292235,463.6068599422337,480.164089587326,496.61885813649985,510.6348116235383,550.00031827565,565.0918026909492,580.8666354860824,594.6910778019462,602.967189283861,527.6162171838712,526.5896753969357,525.7414882106814,524.9967125665643,503.1605998486393,512.4554175490559,521.8709568869174,531.3539853901425,540.5153888799873,463.49059118274295,475.97567516442905,488.1432502384069,498.59042785040873,486.45186757950415,474.0652034263494,550.6700011846531,563.1726048088449,575.2484056939945,585.6726004686897,574.2177927043579,562.1447758034083,478.618334747098,496.3443064043501,511.40181423828415,519.5464198858933,528.4411895341356,541.6135509056154,554.9735767604236,540.8040102097068,528.0729552368914,518.423905482344,509.1370505754457,495.06767752061336,483.51677739841205,510.25130283233693,519.059701615924,528.3135453553331,550.6437030113234,528.2527617003007,519.1837385893921,510.2978746970583,454.7587724412988,476.1628736755494,497.56002243312855,519.001909517448,537.7126182956653,552.0058775637395,562.2535587595631,570.8735072578297,575.8114570397663,576.3908400741547,572.8166533911165,566.4071733799606,554.5206534850943,537.4310916353586,518.2190112509799,498.98831110130664,479.2961431190048,427.19068322199786,418.75717185918654,417.14635261402725,421.0241956382303,428.39631302480717,435.591789607428,433.85577339538395,436.1494246362112,443.34868803605025,455.2781725903036,453.6129908149602,465.07722071936655,476.01934881268164,486.86338636591904,501.3117554633706,504.1117101533373,506.56790266523694,506.7489813794902,506.50454457320234,450.9338176330665,445.91436147499616,447.8710832731719,457.58362582866675,458.4108657789649,456.7353189011566,465.3741640663719,459.8669568700001,462.3547161704896,470.95501213512966,472.5347136214088,470.48884445820636,522.9158470464802,521.156084646623,520.3172821813008,522.9805522276437,522.6367900495767,526.8034414992115,531.5923134175374,534.8765017464132,535.5419338408313,534.8629111138671,533.2847512962578,529.8101743704817,524.1108947157982,526.9254578389862,528.693647029728,528.8421261870592,531.5595791517023,528.7766127524183,528.344541398116,526.8407409004283,20.862697416472386,8.982643810687321,-6.6359677173648475,0.22848228,0.5447678,0.33358768,0.26070353,0.6014607,0.0,0.44510117,0.4038753,0.46820468,0.5000349,0.36060703,0.16111204,0.5972053,0.0,0.2571475,0.5244717,0.0086387815,0.055909246,0.026118787,0.50045615,0.0007918532,9.294918e-05,0.0002757519,0.69066334,0.00063022284,0.011757052,0.29578882,/content/data/frame62.jpg,0
656.5681966145833,111.69095134735107,203.69173177083337,263.731484413147,0.999738872051239,652.6377057376906,655.0051703290793,658.8718057858603,666.7251243044698,680.3214021627603,700.211530350331,724.4578265858977,750.3518252459617,776.9430960105163,801.4531989331651,821.320681434083,838.8698718914527,852.2933973979164,860.3998741320414,863.9652163204814,864.1137101524951,862.2287326179897,688.4792443319175,702.5091007888909,720.1741228488369,738.9060576236932,756.0981140014646,797.2066375176535,812.2731589939539,828.5070132708767,843.2159196471625,852.7741914515702,778.8131524803465,780.4251933716347,782.090372871254,783.9829901417813,756.3000105314495,768.7156473576027,781.5222028737628,792.2506936012901,801.8285834932606,707.1137488930606,720.5974679739595,733.9385503537952,746.3599216978514,734.1450967478036,721.1286371264946,801.3634273190197,812.3747580512742,825.1248172479626,837.3179302568713,826.0495271233615,813.6626666362247,726.3463693305466,746.4095233913574,768.8464849108099,781.0386547424318,792.789304422617,808.4904521680274,818.3210569821888,808.2363413434523,793.6154711351044,779.6327358153729,765.3360356404542,744.4852908181808,731.2795638107555,767.727310742445,780.3671879685044,792.3811727471283,814.1076765436222,793.1291311990049,780.1159066757892,766.4792231025377,224.23296287125368,252.1333731414819,279.601412079954,306.76001341421477,330.15905349316404,347.8333847129294,359.874778223504,368.7562260069959,371.65664707187796,366.04713788648814,352.7300593685983,336.55794547686105,316.75778697066585,292.9841357369962,267.3817014715612,242.3351193082534,218.28079737761595,192.7047249173434,181.64179295573513,176.2974957915846,176.70344872754106,181.15779209930656,182.30356386715562,178.4793383770699,178.3298164818138,183.5955375462117,194.87658868713572,203.44685398843598,215.0166682874475,225.50189472919635,236.71316018267953,259.5059824923933,261.22660195292315,262.3915390832374,261.04519123360467,259.15687485150454,210.43945721054723,202.7107701385986,202.3385263588678,211.49093011327483,213.02879954273914,213.1478945387272,212.31743636958544,203.31961937246393,203.38865994984832,211.7086437263573,213.74928324025495,214.07697132496338,299.67294155507045,284.3844715996704,276.6548130551165,278.4750320371189,276.9837555656162,284.1631078904885,297.8290676867183,315.07336665439846,324.58012211540813,326.3526917808879,325.2454205098808,316.8035122055237,299.0529533974495,284.6032321395411,285.53186563245254,284.809806828868,297.909973434369,313.30058948991564,314.9351345912638,314.13754615056257,11.28987227322116,1.1785347784653128,-1.6440452742039287,0.39712456,0.4267878,0.42245364,0.5110949,0.841475,1.0,0.460293,0.6508232,0.49854964,0.8434657,0.7360538,0.07327179,0.28954172,1.0,0.17578506,0.34400594,0.9943506,0.60768414,0.022454336,0.13075204,0.004372635,0.000198575,0.0050677033,0.7456967,0.23371956,0.009728919,0.0012158713,/content/data/frame63.jpg,0
423.5684136284722,363.79632568359375,177.26497395833337,209.616943359375,0.9977679252624512,431.7907733531101,427.4146658763173,425.2240502138069,426.5252752726403,434.0621936389551,449.555286347949,470.2452767933981,491.6263345553336,513.2669281614537,534.9497344806266,554.7694990890334,573.8861532760842,589.4131450950808,599.9848096929433,605.979944510723,609.8123430976818,612.4755747243937,450.5475174957595,463.94190146144535,480.30367947959456,496.4968465330865,510.3535387946293,550.507581836282,565.4207014040846,581.0563023132447,594.7829080520372,603.1969790085219,527.7420730271784,526.6793411761348,525.8028370320098,525.0132921262818,502.91990326512604,512.2817174728465,521.7876291357795,531.4073449537216,540.7002139790682,463.5543406281795,476.1214723632118,488.3423938821332,498.78426432020206,486.5977591688221,474.1696272784757,550.7142149782798,563.2122815871611,575.389723486884,585.9313421685831,574.3310097523732,562.1954282308579,478.2761273820506,496.0366372533288,511.2078308505326,519.408229464601,528.3433511817769,541.6797198417771,555.2238311237131,540.9733559454675,528.1482026564365,518.4268794663192,509.0478833125293,494.8634746660071,483.1407546182396,510.0635072451172,518.9298187166685,528.2243969408388,550.874309934763,528.3362145270396,519.211056888022,510.2544652347453,454.6648228076694,476.1496769157122,497.6609936195775,519.2631077627069,538.0986437221815,552.4793478564127,562.6842393768777,571.2604743200005,576.2477665577317,576.9375632198295,573.4686842353142,567.0277183980564,555.0149443113187,537.8146168580104,518.4888556885592,499.18819275446583,479.4775919761916,427.0292668029491,419.1351371272176,417.7563684164896,421.5621394849324,428.66389058320203,435.829301841167,434.23627606210937,436.5530650816421,443.63234171467775,455.25929415291756,454.2197639262566,465.79984833359487,476.8255151207501,487.71870400609913,501.85949060018754,504.814455478749,507.3756449370936,507.60433274110545,507.295492508047,451.27547404385695,446.22326973325687,448.18866096831914,458.03788170725454,458.9031036398461,457.19301273433956,465.74573120066486,460.03263667824797,462.5023090346658,471.20889287755125,472.86527146037554,470.84652773396226,522.9933442375216,521.3530531138007,520.6109009929991,523.3198461917578,523.0031346483272,527.2353658162465,532.1521161200711,535.2963522788953,535.9153971054766,535.1649388781109,533.5094898595592,529.932511545933,524.1688082460663,527.2557412653812,529.0966533492726,529.2922366708051,532.0720836348016,529.090581195557,528.59116529366,527.0422113562003,20.811130375837504,9.020905878621559,-6.649982881716828,0.2973381,0.5467866,0.2134738,0.26933575,0.6597121,1.0,0.49854517,0.16966543,0.47456884,0.52852315,0.47076598,0.2322874,0.58351386,0.0,0.23502563,0.46985558,0.007876218,0.12289485,0.020025944,0.4359156,0.0006455348,7.3080715e-05,0.00023584807,0.67806715,0.00062401,0.014942544,0.30541188,/content/data/frame63.jpg,0
655.1725802951388,114.76809310913086,204.87266710069446,262.24852752685547,0.9997581839561462,650.2704259463967,652.920636960144,657.2618204024621,665.6011786950685,679.541200561027,699.2390267588061,722.8676040579846,747.8827902844395,773.7740069307986,797.8413122240321,817.4692105498243,835.2747637717697,849.3705758578965,858.0400375987756,861.5475356241429,861.2155282920164,859.1108831684801,687.533029709793,701.4590303621491,718.8172271508995,737.2375003891415,754.095191435342,795.2138399610403,809.9671391096359,825.710514134595,839.7036102800027,848.8276782187022,776.5248096010633,778.0985431128195,779.718701378644,781.6196215510942,754.539856170675,766.7530460025713,779.3467218643276,789.8698724521034,799.274308390424,705.5701533565276,718.9651017160305,732.0175479353659,744.2398257645739,732.3009640249007,719.5868370284975,799.2059936614069,810.0382299451591,822.4477261462289,834.3921682351286,823.4307492114692,811.3257806396126,724.3120235274989,744.1090580179118,766.4834072794459,778.4582739950523,789.8360152072171,805.3490296646144,814.8692930196514,804.8920412672924,790.4159213473315,776.6600697633212,762.5486514568369,741.8790473009141,729.0395547110494,765.4438116654094,777.8122289931822,789.4950418013756,810.649085921319,789.8829464131483,777.1396609196947,763.6960087727417,224.799372634331,252.48249100035372,279.7073923543509,306.50338525318386,329.6922028971059,347.43947663990343,359.8381122621427,369.06228885234265,372.0454403826668,366.04820624344916,352.5298805829823,336.5394133215202,317.21266627919084,293.79067444624815,268.2950248407676,243.23618058801202,219.19680517712513,192.63659375653114,181.95344189513725,176.857795237407,177.22158711327864,181.56984212419638,182.75766869541548,179.09107913403506,179.09630309121002,184.38141901796905,195.31781556812228,203.66491131974007,215.04065486066918,225.34859154306912,236.44009366550225,259.0507402358762,260.81623142878084,261.9835466995661,260.8348951177902,259.19147758124035,210.3243594054772,202.74919945852997,202.39338888886286,211.48383405113083,212.76241867186934,212.8071177381099,212.43163057570825,203.69950948494386,203.714327891293,211.99337151856307,213.77222741339654,214.1204036901724,298.30038443520425,283.42741258723197,275.8804732635155,277.7411398916298,276.49579351905663,283.9493956402499,297.9706280002447,315.62220109849363,325.5525966748271,327.2828613270689,325.98606319675434,316.6849059234444,297.7040842607239,283.5289092919854,284.63623815327117,284.1215705160459,298.0956465803929,314.4442315811182,316.03756665570324,315.03854346310106,11.058962609895996,1.2766464492660319,-1.5490369142407974,0.31138414,0.41651744,0.42795968,0.42097682,0.8751911,1.0,0.512309,0.14339489,0.51173615,0.87615955,0.6484697,0.13576856,0.22335131,1.0,0.107529074,0.34372327,0.99798644,0.65406907,0.011169402,0.18270819,0.0037086192,0.0001997248,0.004441526,0.8498527,0.13031614,0.01039126,0.0010898558,/content/data/frame64.jpg,0
427.3594292534722,364.7399482727051,172.59505208333337,212.17026901245117,0.9979783892631531,429.6528644292656,425.32854679547205,423.0396868923413,424.0978473505579,431.3799425817647,446.81634307900316,467.6206758554413,489.0448901679521,510.78286760280446,532.3502257643872,551.8842431915378,570.4697704293592,585.7293372450381,596.1044246716152,602.0471593664349,605.8224541354815,608.3558840117523,448.2666827797965,461.9010831862514,478.3038962566785,494.44062794065417,508.25616810523104,549.2838889182983,563.7006939513783,578.7098481878326,591.8473045955943,599.9550511201521,525.9574282938529,525.0107440009499,524.2423426594274,523.6104458418808,501.6109700518433,510.8983387448759,520.3519864895154,529.7215538211378,538.669755437061,461.44330361782517,474.05001617130455,486.3699022928322,496.8443974886482,484.62383567055826,472.1276242500784,548.6281208816062,561.0219728786044,573.0814912271633,583.2469125611055,572.122423644481,560.1394661990304,476.6850922178467,494.63250064203146,510.03111389472303,518.248238557864,527.1383783273469,540.0963225601103,553.248696582888,539.1046274369558,526.5016860201309,516.9264589543316,507.5964923514824,493.292616547437,481.6406010037766,508.8148123005173,517.6624300381847,526.8982396294709,548.78106058062,526.7491545329129,517.7403567453126,508.8316875679616,454.47263698654183,475.91989544798616,497.3645361183926,518.9770189272285,538.0916282911082,552.5841292180841,562.7495050252256,571.474777073922,576.6280011673138,577.3090062271712,573.286895496152,566.3843040874385,554.099033510012,536.6706457889399,517.30248249659,498.08417825640925,478.5585984629808,428.087169923418,420.0877923600288,418.6478934721866,422.3920554973825,429.48562424706034,436.8835927737443,435.2832498525797,437.6620100114117,444.46129352162984,455.584651856038,455.16281569673197,466.74203388613864,477.85627168481477,488.829717852453,502.7697510534319,505.8140978622981,508.4452586039836,508.59963998501826,508.23087289968043,452.18298036439955,446.9967721039303,448.9336643111664,458.8675894515578,459.6368937412933,457.93330362403424,466.60764635839337,460.84267864454677,463.13477853832444,471.76772982308444,473.41252207729246,471.50733169891527,523.3539807181841,521.5877381354181,520.8068472749148,523.5504592142281,523.2965562469528,527.5649366183368,532.4479136230168,535.7277098692911,536.409094319154,535.6922293159776,534.0903384835905,530.5524659799805,524.6126601760031,527.456628359569,529.3163071128874,529.5878441276179,532.4846385755484,529.5515592674926,529.0551653843074,527.5698079860073,20.914404991711557,8.373038206057096,-5.8037482207924835,0.25123644,0.54325175,0.24284142,0.27835494,0.58211124,0.0,0.47255233,0.24535015,0.4689707,0.42987183,0.51061714,0.32472488,0.5657644,0.0,0.30534282,0.46985558,0.0016879129,0.0949513,0.09410922,0.4110463,0.0006696628,5.2727784e-05,0.00019319053,0.6573147,0.00068869727,0.01242324,0.3286577,/content/data/frame64.jpg,0
652.9920789930555,108.24540710449219,202.7800021701388,268.0001106262207,0.9997583031654358,651.6317768526908,653.6215622008679,656.920882710839,664.5646867446055,678.1745545709108,698.1913604237884,722.5231153768398,748.623332001199,775.1557681185467,799.547262829,819.2887942438316,836.7900991327367,850.4353766387662,859.3057098710702,863.8689148987628,864.5070271349744,862.7645392712326,688.8145954505313,702.7830216266336,720.3107795446466,738.9048437309085,755.91805189505,799.1779172022968,813.888695884385,829.6658766790305,844.2967978833916,853.7647203783317,779.9995286056761,781.4113536055695,782.8212808881573,784.4299509285642,755.7287210483121,768.6015701043918,781.7130139817075,792.8153502982806,802.7895032611262,707.2020288923959,720.9293970485373,734.6301204869542,747.2620169518123,734.7998415882014,721.4645629131373,803.036187341988,814.2635621432498,827.1674264175156,839.3216156806365,828.2262759985739,815.6429342603319,726.0749425094057,745.9153469127433,768.6361890685721,781.0722947803085,793.0151665123533,808.6124283713419,817.475094058977,807.6751093732864,792.9713848322937,778.897664099025,764.5558093286832,743.744032444529,731.3871324692227,767.4637831509666,780.2790297777209,792.3839934040673,813.3125565779603,792.6779862355363,779.6109757795772,765.798104915946,228.2344438986582,256.07536568262356,283.64534519128085,310.77281152823144,334.1686372256985,351.48544182100704,363.39214191107607,372.28764385875587,375.56003691029275,370.1906470672453,356.5934067285667,340.07243576330995,320.13457686722995,296.4061330820239,270.90974518477526,245.6637026209677,221.459046805235,194.08227025337357,183.0236772791369,177.82115237694745,178.14978334145854,182.732185984116,183.04580772993762,179.2534784743994,178.91867513642978,183.34857031562188,193.87612831494891,206.2271913718759,217.87638655866914,228.51485559163248,239.84569432377097,261.754965214115,263.75314652370446,265.1327103294032,263.4913573798449,261.37823957566786,212.57703973617254,204.3237234078096,203.96297501556649,213.69463229382586,215.30689649579637,215.42976889911625,214.7664304409439,205.10066612468327,204.86847370324585,213.37672630742045,215.9251977134695,216.42266801159082,302.0701483289757,285.76898670051594,277.82420278520067,279.6670396397973,278.43041803558935,285.9396279071234,300.5290101882405,318.3603453685588,327.78617304326633,329.40034454697326,328.0702364043892,319.5674085880679,301.60923305006355,286.11856923083496,287.0662585830553,286.5799062247039,300.596963802869,316.5084033046678,317.8699483803946,316.87385765245153,10.780767300110886,1.1379833324570872,-1.7431315438178752,0.4155219,0.48707595,0.27603456,0.5418653,0.800566,1.0,0.46328935,0.82979727,0.47921988,0.8741263,0.61373556,0.14948931,0.22816856,1.0,0.1761315,0.34400594,0.99924564,0.54462916,0.011651776,0.13030021,0.0067253383,0.0004042803,0.008527194,0.8687065,0.097690485,0.016932001,0.0010141941,/content/data/frame65.jpg,0
427.6133626302083,365.5763854980469,172.73076714409723,211.32394409179688,0.9979609251022339,429.30277423967107,425.04386245614495,422.9384886438347,424.17141704799394,431.64927114783643,447.32144104976726,468.31611705112994,489.85591036266123,511.67265703481644,533.327309735497,553.0271686935542,571.70151574536,587.0804155725484,597.4980820585297,603.3193929048517,606.8907052053161,609.2471289333029,447.4753010888509,461.2211049091853,477.7638875174729,494.0281750283695,508.04279652486804,550.0179101350972,564.5040536837347,579.5023712554437,592.6282344084393,600.7523860725581,526.1735906758717,525.2398121072627,524.5074871428885,523.9163217831025,502.03632611583015,511.2953094035347,520.7604621961734,530.1982491611961,539.2385401115004,461.35591618590877,474.01251698918384,486.29957709294393,496.8101181040769,484.60548045709146,472.1280158625941,549.327741090757,561.7697381820777,573.825832514566,584.0471089435378,572.8810501776585,560.9302322822572,477.1483264406073,495.14121828382014,510.59146122415297,518.8416498689825,527.720285184736,540.827239389735,554.0752776239904,539.8839383293292,527.1902753833783,517.6068698691961,508.2978632694256,493.90185841893145,482.21980151819554,509.5181328055216,518.375244266801,527.6211908097837,549.5459270734348,527.3004642170272,518.3013315923781,509.3974238856972,456.2857642435905,477.8322157418464,499.33243025215563,520.9330239180563,540.0002871194781,554.2630602176818,564.1445650703033,572.5293458233944,577.3790450900481,577.9509387402453,573.9099408682029,567.135050716361,554.9452938521914,537.5902502511686,518.2386424216805,499.07978191821314,479.6684091164003,429.28371092920935,421.08030341471493,419.4796859066679,423.2277537929607,430.48525289810493,438.4599316711465,436.7375018434319,438.93708408549867,445.44331149060633,456.3105000496627,456.2737477658469,467.9285899896302,479.0871138949369,490.06996294165873,503.72113511037895,506.80468421991753,509.4927173884287,509.53012717763045,509.05805342556994,452.9598299301571,447.8000753075859,449.7062589968464,459.6235563265709,460.2606488154437,458.53246770498515,467.5533811402362,461.90562148567767,464.10242255553715,472.5802743296423,474.18836623799655,472.3389925255906,524.3237262907744,522.4185930986248,521.5505348384802,524.225901581395,523.9032100300137,528.0423500278288,532.855047612072,536.336531073253,537.1239655695178,536.4838576249094,534.9492853992531,531.4921674250188,525.6004959448649,528.3233542262329,530.0973188726479,530.3202509861578,532.9771773481327,530.119462444842,529.6823044960365,528.2874559436656,21.13189525040249,8.703019766062306,-5.715776219269669,0.2616615,0.4851639,0.2626507,0.28570163,0.66776234,0.0,0.423185,0.07068726,0.47384346,0.55457306,0.39880505,0.13980915,0.5810526,0.0,0.35501692,0.5509148,0.0010105824,0.06332156,0.07746112,0.38725471,0.0010389244,8.298489e-05,0.00017015576,0.52077127,0.0013909426,0.0061174347,0.4704283,/content/data/frame65.jpg,0
652.4886067708333,108.63840866088867,202.64019097222229,268.7198181152344,0.9998053908348083,649.450127123932,651.3813627776505,654.5168583918237,662.0578815812426,675.9078129230926,696.2655925378851,720.9141879387109,747.0683701672264,773.4149383805983,797.5480923359086,816.928729127971,834.0973547467307,847.5072508386882,856.4250461427232,861.1793315771741,862.0635825007273,860.5392174016749,686.7553014486282,700.9073909373819,718.8084268003037,737.69890650302,754.944999698778,797.2144272480313,812.4496789503406,828.7228866284931,843.6452504295609,852.9297505844952,778.7684178884695,780.3044881740723,781.8393860189863,783.5626047470236,753.8139596203662,767.0747443210937,780.5284435660047,791.8058238074394,801.9465131907484,705.5388295740697,719.2299576686667,732.6226131163945,745.1380234541942,732.896329966421,719.8294112166656,801.6622828151994,812.995267497834,825.6115750060723,837.6692625768643,826.4775089464026,814.1324773051172,724.9031002473345,744.8317473496248,767.5210021557905,780.0268888155348,792.1507135733882,807.424117648937,815.8593863382739,806.193804518746,791.6403174669031,777.4812125543547,763.1173341483591,742.4789568021195,730.3083689590815,766.2597634998856,779.1144608747679,791.336674548799,811.6532841971035,791.4516121769964,778.2822394093303,764.4124006011916,227.83985466627053,256.21293855967883,284.21049546651193,311.59482745233544,334.9970126889209,352.17005898568823,364.0581270633629,373.10942684322725,376.5998019946295,371.3950879118834,357.610645070648,340.8914678628862,320.7378659110269,296.8829648057857,271.3514350746394,246.07980276966117,221.77702932123356,193.37112669870368,182.34411059521187,177.4556191425523,177.99453823235598,182.72554783607993,183.50557647051937,179.73765962159706,179.58179228115114,184.3562206310453,195.49623310847892,206.63680297574828,218.50738054478424,229.36850590095636,240.95895663685477,262.1235772592197,264.21955524499276,265.7811693613439,264.0058058531562,261.8846107824007,212.46992604744298,204.88876117968138,204.6230111602381,213.70948416077152,214.99320100332807,215.0492282919895,215.15061558107664,206.22340231085144,206.25869085355552,214.3798223196052,216.3955553893709,216.68882893449626,302.9600900831603,286.61444094670077,278.8317412126409,280.7794919427855,279.5780285416789,287.1132664090095,301.6434968504647,319.6876473587974,329.07351558247973,330.58261973223637,329.13502066780273,320.5257886886975,302.4361820782433,287.06625345941575,288.1428807576558,287.672270753239,301.5803195956345,317.59072757640536,318.89219440217926,317.77045696792266,9.954565675720396,1.3626924928202473,-1.4991995686966464,0.3355748,0.41566217,0.4264418,0.5606316,0.8354567,1.0,0.43713027,0.9953661,0.48646644,0.7658157,0.6914415,0.4230512,0.34715214,1.0,0.29622927,0.34400594,0.99913627,0.60886693,0.07256591,0.12238411,0.006395333,0.00019834418,0.008014177,0.9189523,0.04141673,0.024218746,0.0008044047,/content/data/frame66.jpg,0
427.9758843315972,365.98116302490234,171.09507921006946,210.71770477294922,0.9979871511459351,428.3036074097937,424.34957581753616,422.3385055045721,423.4051978709184,430.68793979415125,446.2608842073781,467.3190662868844,488.9483943850243,510.77131099455653,532.3557404843086,551.9110211512741,570.5196480442079,585.6742019341561,595.839463905713,601.5858829111685,605.3367780670878,607.8772344728075,445.841819225313,459.22785928235425,475.6146682150976,491.82647958423183,505.7945361269426,547.9877961234828,562.4221033878391,577.5229869372473,590.8162907950907,599.0019295656008,524.3205173269946,523.295083752344,522.4342633367442,521.7340168633276,500.06801930758195,509.2689182520504,518.6805648437452,528.1345629257287,537.1182936767561,459.84743445620853,472.3652388189233,484.5798984485702,495.1200087884434,482.98124272795957,470.53256473898466,547.6910493290725,560.1928927564792,572.1778671419077,582.4463702908586,571.3055771590091,559.3451244371747,475.2397143448482,493.01826709982936,508.3557764134836,516.6796151805067,525.6566239512251,538.8152771990192,552.2028545699428,537.9813145612464,525.2623180121036,515.5886799771037,506.18534543056694,491.7988079343493,480.10070837673356,507.3115861022978,516.2307195268565,525.5824711639582,547.7487287430706,525.364368524824,516.2297247943445,507.2333187396398,454.95553142057577,476.751055206763,498.4113255147116,520.243051535658,539.5443287628248,554.0691717574886,564.0834001759556,572.3905470299912,577.0797160921131,577.4145189409643,573.2355421556256,566.2396486847223,553.8023121535559,536.254989492528,516.8164241069842,497.612736167938,478.0363701860566,429.97718763726436,421.72277667807566,420.06693137387066,423.80870061257656,431.0213779484502,438.21740858645063,436.37765080528936,438.47546631482146,445.1540024350975,456.26393625151434,456.4534478667774,468.1257522017494,479.3394999203399,490.4082050884705,503.8220524407368,506.90132229052017,509.5801972324714,509.6377108577175,509.13672739252377,453.4659119478275,448.52725342147335,450.3860618374121,459.9998049178188,460.69063157577966,459.03791365030594,467.29584385254884,461.68589159756266,463.80474720689654,472.018675567183,473.7146492852291,471.9343795226334,524.4160448542192,522.5930920238309,521.7621889421182,524.4305287624638,524.0416637087495,528.0580921585854,532.7009308003701,536.3516443349554,537.2956153455455,536.7193939303443,535.2193523737758,531.7815568118979,525.567899888137,528.391417980373,530.201770865608,530.3260521428037,532.7781883588111,530.3389384503471,530.0097121322457,528.6320829614866,19.831963522719846,8.168837000191772,-5.052187556787254,0.27914426,0.5461898,0.41954648,0.27046013,0.6848457,0.0,0.43703696,0.25256687,0.49645466,0.5186567,0.46019685,0.09253028,0.6211569,0.0,0.33160555,0.58429104,0.025321124,0.08860419,0.025925692,0.36029997,0.00077107205,5.473176e-05,0.00020498855,0.6975955,0.00053184945,0.013937207,0.28690472,/content/data/frame66.jpg,0
652.5096028645833,109.69968795776367,202.15348307291674,268.1084976196289,0.9998127818107605,650.3319924208035,652.2414078881602,655.5071229478225,663.190324481617,676.9008508912075,696.90365107135,721.2448725456318,747.4230698274534,773.9482487650587,798.322818371285,817.976930176988,835.1935025626277,848.4621662239509,857.193182747102,861.8791226422197,862.7457713638854,861.1187698925894,687.9310187986664,702.0530609646883,719.8257743362554,738.6317620295272,755.756219549269,798.4115869180199,813.2868864864498,829.2255868373577,843.8437855403578,853.0032843292778,779.5064944830058,780.9359192990826,782.3630812746939,783.9722293182494,754.6782445400643,767.6941412507474,780.9626514991578,792.1239970354652,802.0935351811856,706.4750347665232,720.1376915531309,733.7070253471517,746.2055561856463,733.8541866838644,720.6297251180746,802.2939307986796,813.5332676245898,826.292370295669,838.275203627403,827.277568845789,814.8348419543669,725.0011781300256,744.8182623907785,767.6336582098311,780.120146134662,792.2326709076508,807.7246136795387,816.2509773768625,806.6054664798306,791.9270723851259,777.7386791342688,763.3608401125769,742.5858456235884,730.3536491902196,766.4062398468338,779.2794241952788,791.5219088821199,812.1086369620416,791.7172226968736,778.4960978619396,764.6283375990728,228.93054326573437,257.07604062461667,284.9058717385642,312.1895720591517,335.737361124456,353.25732672199734,365.43748741296713,374.5139898160007,377.8436445012734,372.5190274730803,358.7197852524437,341.87663907345103,321.56649529889927,297.6960405245085,272.2198511438744,246.9848268623413,222.72365816367954,194.95214313325351,183.7855719695999,178.61808811745902,179.16738305214784,184.02391810642604,184.35591323827913,180.4669438374429,180.2178396200987,185.02627013787122,195.99678918712772,207.33194196545975,219.15517792622785,230.02361985855413,241.57512319732322,262.8782895805536,265.01088248297197,266.52570076169957,264.76005237035747,262.5182678271725,213.22300740966685,205.22610043973071,204.958951028505,214.49730300586634,215.90992910797902,215.97555148147802,215.57858598100583,206.1239878657885,205.96692180788568,214.39568612767488,216.6644809318398,217.10124749490615,303.9996045266204,287.3529035826141,279.4892069626227,281.3991401985604,280.1618267026803,287.7316800645989,302.58897279237556,320.50658466019013,329.89980802193475,331.45792709533237,330.0909796880398,321.54426960314083,303.44497849320777,287.7162428902369,288.6993895426467,288.23008026542846,302.5525755787867,318.658189178945,320.0051929075587,318.9303245098405,9.983686607142163,1.2815991734542065,-1.5908153284731528,0.30691555,0.4323672,0.48720568,0.57181203,0.84606844,1.0,0.48862413,0.977539,0.5016645,0.83088464,0.44821656,0.13134672,0.24134001,1.0,0.15873916,0.3451372,0.99936324,0.5636264,0.005079671,0.14581048,0.009603734,0.0002820595,0.008169497,0.87863886,0.07599751,0.026197148,0.0011112163,/content/data/frame67.jpg,0
427.99308268229163,366.06822967529297,170.43400065104163,210.57330322265625,0.997922956943512,428.12931653769084,424.2215633778607,422.26139679065784,423.356283542627,430.60843037687084,446.1368901047921,467.18107435575513,488.8185262201725,510.62555412063665,532.1948457264938,551.7061508712592,570.2488438431668,585.3557808318714,595.5193933740899,601.2908826592,604.9990236332466,607.4741349116681,445.81124432191825,459.1928441723961,475.5227347959641,491.6549147325095,505.55479536906205,547.8885889982091,562.2326522146599,577.2157997513466,590.3706920000317,598.4943766713725,524.1193423980178,523.12072796352,522.2961627938378,521.641535133234,500.0257415279724,509.20918982169167,518.6053574639416,528.017979659827,536.9679916818801,459.7405360610901,472.29789079613255,484.5343177244351,495.04855157681885,482.8992923639991,470.43503199602344,547.466539110821,559.9782955290386,571.9826643016088,582.2092936423724,571.0728517419251,559.0978677145656,475.300647271359,493.04606628748587,508.33799463090617,516.6604970004294,525.5947397614698,538.6935434447194,552.0109027598257,537.887262785896,525.2412191363619,515.6044535380031,506.2150635150996,491.8570534641716,480.16450789635275,507.3176240383065,516.2242743579191,525.537386040423,547.5612751679073,525.3169025523966,516.2217591080728,507.2376255379546,455.2729285928646,477.0456316166834,498.70001999877854,520.4974161490827,539.7856020649648,554.2920871637077,564.2601427957183,572.5172260771724,577.2117516481405,577.5836170296127,573.4185741433612,566.4064341062053,553.9728462311163,536.4487390787137,517.0363419922767,497.85220006404995,478.32675228691517,429.64183230477795,421.4739424939224,419.8515159747825,423.55280402260104,430.6790942309264,438.0187438962763,436.28609822518774,438.4669553943415,445.1596662317017,456.16688152327765,456.42762407022167,468.09544638880254,479.27668835312943,490.3120684184338,503.9188320796311,506.9750715021888,509.6107671749909,509.6856523380804,509.2040196459493,453.46074379340206,448.47025464695326,450.3499897192349,460.0561957931415,460.7715961072179,459.09372866182457,467.45355312188184,461.80509268928506,463.932022600506,472.23659440151386,473.96750801432495,472.15740168479533,524.5285935225547,522.6042918377265,521.7006243195835,524.3635660221582,523.963686480721,528.0301225361706,532.7974698616715,536.4273368629554,537.3715345447897,536.8043984192598,535.3049781605689,531.8759395512068,525.6559526018813,528.4050604384131,530.203976165333,530.3327358715381,532.8590558294658,530.3828149478198,530.0527750084032,528.6821596400463,19.54223470755558,8.120347409991712,-5.20670812912793,0.27901396,0.474406,0.2973916,0.2929756,0.68354255,0.0,0.4040549,0.2111628,0.49876055,0.5161786,0.4593076,0.05535224,0.57373494,0.0,0.18312287,0.46985558,0.013217297,0.0726983,0.041058313,0.51169676,0.00085895165,5.6735862e-05,0.00023010348,0.7099746,0.0005279566,0.014536901,0.27381477,/content/data/frame67.jpg,0
651.2859157986111,108.56973552703857,203.71240234375,271.22903537750244,0.9998339414596558,649.6345554948084,651.6460783896413,654.8841010719403,662.471823584553,676.2926330616235,696.6372065917636,721.3565542097027,747.6659783486449,774.1745803611666,798.5255934415857,818.1941902096781,835.5301923382985,849.03046356557,857.9110380738996,862.502488666034,863.2254808733547,861.7273109634439,687.5216227564111,701.9152165435921,719.8967377288428,738.749785784808,755.8818570858188,797.9576833343325,813.2394393313332,829.5331283410599,844.5262733294658,854.0247706613327,779.345231751352,780.8734519706205,782.3956194484304,784.0965173975841,754.391233702919,767.6108478446663,781.054374620762,792.3032782229452,802.4315128640811,705.9769746588377,719.8919556750942,733.306625230293,745.8486330257538,733.4908264487246,720.4110655543363,802.5779814474575,813.976515802433,826.6129715844062,838.7700192031479,827.4642159512902,815.1000947353352,724.9047216923248,745.0931267329046,767.9149205037182,780.445530909413,792.5791823544391,808.0412790072103,816.8700172168934,807.0822686826236,792.3938171472654,778.1844439783284,763.7551933360155,742.8830516084411,730.385876779362,766.5582722250299,779.4751716945912,791.7434772372617,812.7339966199042,792.2021858006968,778.9932221559394,765.0434184764828,230.7860170625245,259.08668644242215,287.085135845349,314.4793586922703,337.8089134520909,354.75115758908333,366.3463284422182,375.1541924537936,378.5970577548836,373.6607560981005,360.3074772491394,343.8522460018266,323.7657384757083,299.8564979225274,274.28420845412217,248.96314655587912,224.6218042819254,194.90684008088877,184.14005091576252,179.4827088609212,180.1690063231485,184.97810341023637,185.8777794086964,182.1069020800927,181.83922346904265,186.44929788104994,197.3512261391299,208.88697536698234,220.66431045825024,231.4519835213904,242.9587106299407,264.6541609945897,266.71432406898157,268.1658762297727,266.51737717382423,264.54808282056285,214.36531748122627,206.74261710691448,206.55814429110967,215.85332188945648,216.96742401401707,216.9227947456651,217.65220829087966,208.65135494586997,208.64974476144346,216.8442546052943,218.7972046166359,219.1171075225799,305.3409800773857,289.1749806326635,281.4296055448443,283.37839429643304,282.21783932115784,289.74938967705987,304.09023537441294,321.9171691548114,331.128141867576,332.59420508801827,331.143176722161,322.6684462885644,304.86147491509234,289.54976560779585,290.63644609757466,290.1810743018667,304.01350911649854,319.937903297993,321.18618422479506,320.05017001216504,9.626502961057495,1.4632299343310005,-1.46495040353293,0.39037198,0.4191281,0.49353868,0.56116784,0.8016893,1.0,0.44478062,0.87034047,0.51355475,0.6478638,0.429996,0.3063322,0.27771837,1.0,0.25190508,0.34400594,0.9994179,0.50085706,0.013359119,0.08464897,0.007347887,0.00018337833,0.0044997614,0.90721923,0.056221973,0.023519287,0.0010085213,/content/data/frame68.jpg,0
428.87074110243054,368.37470626831055,169.90345594618054,207.77992630004883,0.9976056814193726,428.17103382925006,424.4602686013622,422.73241690739184,423.89688845513444,431.17288318865866,446.64779153830295,467.54909687693464,489.2140309850662,511.0666073825595,532.7453627586385,552.4210820235947,571.0937636365942,586.2208738968366,596.2651905769793,601.8302126542444,605.4374892806773,608.0050498795677,444.93633588074465,458.46380528420366,474.8454631191031,490.9580000608529,504.92494120031046,547.1859126797674,561.6226431752377,576.6373553177513,589.8794081073031,598.3905894941738,523.4247009173912,522.5109070439564,521.7933751753775,521.2427091095037,499.96028973800605,509.04525437601137,518.2970699551433,527.6665966662957,536.6947826438776,459.015846046083,471.56359561415496,483.848116904928,494.26708654671074,482.0739342401763,469.5806820802375,547.1759851453706,559.6100733615466,571.6703185721075,581.9193832183945,570.7315423853179,558.7513564978041,475.18874328865985,492.90425008076306,508.15613072278404,516.5324804392735,525.5144320463339,538.958319932656,552.7010592997937,538.3964185134829,525.4385191036711,515.7212017339059,506.2869156947087,491.8520206041756,480.1049905899908,507.23316725545277,516.1813162023552,525.5256673996332,548.2298939803217,525.3704233512669,516.2138333359783,507.1565112338681,458.5699132263784,480.0010301209403,501.2793328352106,522.7597381546632,541.6906991393415,555.9402034696462,565.8949791396983,574.1972067337268,578.8308536902646,579.2642024559466,575.443721625238,568.7085583080561,556.362658698333,538.900081109671,519.4600962019028,500.24168256707105,480.7022291148155,430.68023671252786,422.68157171967977,421.3219007699395,425.17393273167244,432.40223294459355,439.9433322296945,437.9921704581104,439.79879594859295,445.94016489927316,456.4092849374959,457.8566169076544,469.3129544475863,480.3017244374821,491.1215480036915,505.0565664726637,507.97922962675847,510.5272175268457,510.6050624747054,510.18877480107056,454.6914945321282,449.67126076646457,451.6465131566971,461.4331077743524,462.14918320824427,460.38319670400125,468.93995855194225,463.2057968504711,465.29130729113723,473.5302840073324,475.3785739329666,473.6431131108358,525.9396552315246,524.1086493216142,523.2002502011524,525.821936668715,525.3763568239783,529.3473259979529,533.934263013459,537.9958580927503,539.0313385704378,538.4920118889124,536.9962237422559,533.524544157494,527.1515575068531,529.9299593190474,531.6724793909364,531.7574430348681,534.053482595691,531.923967021269,531.5880210406716,530.2261208541656,18.92263965949546,7.567685148081725,-4.3132550793132705,0.24302126,0.55103457,0.26772594,0.26758817,0.627697,0.0,0.44007298,0.12455833,0.4738302,0.62848717,0.34843248,0.15918143,0.6010922,0.0,0.24604526,0.58429104,0.0036790823,0.076268636,0.12808703,0.50960714,0.0007461357,8.776984e-05,0.00016015745,0.6816644,0.000638986,0.00970022,0.30700228,/content/data/frame68.jpg,0
651.3133138020833,108.61150932312012,203.46299913194446,271.3318347930908,0.9998378753662109,649.5873593422502,651.6287844895221,654.915184133273,662.5592880480742,676.3964755087475,696.7255489336006,721.4544304743075,747.8157554156028,774.4007770460562,798.7993874501567,818.4964956524877,835.816788931131,849.2670799990672,858.0355089163706,862.5170697154394,863.1533724393737,861.5771807069868,687.3912847090404,701.8066941001306,719.8403074376254,738.7219168565642,755.8856622374853,798.095508977153,813.3171308231088,829.5649841552913,844.5366223068866,854.0031851763079,779.4116682747253,780.9808540204913,782.539618118569,784.2725033024167,754.5228328788116,767.7427803035241,781.199301071475,792.4320518201498,802.5372850876543,705.9252923928896,719.8255968064379,733.2607308783881,745.8450645335294,733.4766841086495,720.3968467127729,802.4935413373951,813.8672851409203,826.4926164324513,838.6583278316184,827.3604660438489,815.0033999962543,725.0245531690408,745.1450966043044,768.0208655730289,780.5613875528329,792.6846748889714,808.1919896131726,816.9407202578439,807.2393500972132,792.5358801537286,778.3038878805176,763.8330322185798,742.924800467591,730.493773713591,766.6621311262029,779.5955705717333,791.8613453144392,812.8169693627362,792.3203635846833,779.096185397967,765.117883587661,230.72500529834383,259.05735104352016,287.0822872926426,314.5414270488386,337.92428583589594,354.96036118084544,366.62882219441326,375.4208502245451,378.77103151657775,373.72128714326846,360.27664356039236,343.7002463293022,323.5195891999713,299.54551053363457,273.9212794285056,248.54676031742497,224.18440249783384,195.12576300389992,184.356950241836,179.71351427821003,180.42093455885447,185.19630043120355,186.00417219868984,182.09462788897963,181.6288268145139,186.0816358984057,196.92340989786953,208.81029855525594,220.56713979893925,231.32755896207368,242.81648429079337,264.57975692417745,266.6154909202676,268.0362118525984,266.38701036489874,264.3697908043664,214.58129081438256,206.94454221517515,206.6890371823281,215.85763214154338,217.10334896208974,217.12908286308516,217.3792509255146,208.36190570793417,208.32407143946466,216.45868174997372,218.48795316006726,218.84485092726618,305.3995266452939,289.077712606706,281.24269070469336,283.17766269929916,281.99916259526685,289.5732939761019,304.07353208608424,322.0030356861055,331.3158549931695,332.8052966973139,331.3682931534181,322.82589948867394,304.89899644878346,289.4292734034873,290.4995009331203,290.034563477504,304.0086733401365,320.0499179920798,321.32362964836216,320.19001831733317,9.797651971601473,1.4197858368435372,-1.596016610051659,0.44221088,0.41138673,0.5831272,0.55792814,0.80253696,1.0,0.4506895,0.8830141,0.5103399,0.8570505,0.506395,0.10236886,0.27818036,1.0,0.16232866,0.3451372,0.99745125,0.538653,0.027800165,0.108211204,0.0066653076,0.00021159426,0.0049597444,0.9094796,0.054487575,0.02316831,0.0010276717,/content/data/frame69.jpg,0
428.50526258680554,369.11995697021484,170.0791015625,207.0062484741211,0.9976043105125427,428.06835373497034,424.32448102866863,422.5470880746503,423.6697527670097,430.9110371986825,446.3310816989835,467.20762936283575,488.8761924535653,510.7378289228651,532.3953021393194,551.9649621626131,570.5058549704299,585.4992169281471,595.4387055268995,600.9725379840035,604.5391688845905,607.0279646880608,444.77447200298286,457.98864945155844,474.11633231461667,490.0144592220496,503.8122172442186,546.5372608387601,560.8312500175841,575.752949770372,588.8888244150696,597.3268565643837,522.770253674056,521.9216932139916,521.2654214017409,520.7692642762893,499.3998168599368,508.5574767254051,517.9144433967733,527.3516006677071,536.4349480111629,458.65547071029926,471.11547008007545,483.37485229165094,493.8063374622217,481.6615481504502,469.19678117117246,546.5048351716536,558.8412024316858,570.8590874545213,581.1311982503273,570.003212711557,558.059314473439,474.9179569917004,492.5618729324034,507.80421663352837,516.2009467744435,525.1961821795655,538.6496358807781,552.3822020251982,538.1016865254002,525.1529331505162,515.392244714311,505.9175240107519,491.51400566643906,479.7750702181637,506.89671252928537,515.8736844365188,525.2458126983514,547.9340519727755,525.0427303010762,515.8431835807017,506.7420391359392,457.9218417980499,479.3141352437839,500.55131851207136,522.0141340822017,540.9855775629821,555.2592377733417,565.22468171202,573.5030285555151,578.1270915535508,578.540629855964,574.6842852438367,567.855158432633,555.4180643172009,537.9514383024949,518.5318839472951,499.30621731390346,479.76174270601985,430.7482591945951,422.7209151463617,421.30623807359524,425.13345881028937,432.27792893566414,439.7155404172983,437.80627568059316,439.63115965161796,445.8082862510096,456.27312247872976,457.66372460413766,469.039211262247,479.92709880202233,490.6428341813195,504.4976554550996,507.4287136679177,509.95692368409925,510.01873973897125,509.5669717231019,454.46047586563355,449.45404170183275,451.4074808576303,461.19164458844614,461.9263080420189,460.177357876362,468.60124266269884,462.8468712505486,464.8971802360467,473.08560877984416,474.95541488511606,473.25725752813906,525.4960584798133,523.5717357963285,522.6509208817072,525.2781550356094,524.8047551020951,528.754719574092,533.3713350330615,537.3591590624974,538.4392447081985,537.924105982185,536.4396619032972,532.9764525939152,526.6506787411374,529.3603836556713,531.103626015543,531.1599341488791,533.4662726483524,531.3817760531059,531.084599996259,529.7244987266682,19.24629322117837,7.713990804511794,-4.513698985112569,0.2504688,0.45819822,0.3514976,0.26947287,0.60284346,0.0,0.43624604,0.057327177,0.47253624,0.54208463,0.32055777,0.08774006,0.5648404,0.0,0.30595866,0.5509148,0.01141052,0.09954466,0.041803714,0.4144944,0.00080232776,9.6126205e-05,0.00018256706,0.68815285,0.00086706236,0.0069253915,0.30297354,/content/data/frame69.jpg,0
651.3397352430555,111.73506832122803,203.99625651041663,269.3720369338989,0.9998279809951782,649.709561051045,651.8191133636511,655.1647586538905,662.7661592000971,676.4573011977158,696.6335866217796,721.2195657310775,747.4362739302098,773.920725848771,798.2226228315535,817.8747979740526,835.2205410718558,848.760495002957,857.6649075980384,862.3207563409793,863.1210685503586,861.6320385347183,686.6571105640766,700.9305684185051,718.8607274749726,737.7382829385755,754.9574997164068,797.8295955129747,812.9506371354929,829.1272593111253,844.0120683755232,853.406132241469,778.9556333429114,780.4842762889402,782.0027462645191,783.7170459212606,754.1510220703913,767.3336504144361,780.7598713065859,792.0020248042821,802.0866368404902,705.4883096509698,719.3426526830519,732.9095803994372,745.5222815609134,733.1103616968984,719.8865116288425,802.0440375267308,813.4487851487218,826.1950932488069,838.2965930116754,827.0512989946926,814.5937259990843,724.7882842256165,744.8622330350114,767.7492393777061,780.2688135454888,792.4017955691819,807.9246695244752,816.6734819124463,806.8787995340633,792.1290327989911,777.9288184051037,763.4978432781107,742.6197192279442,730.2353318919085,766.4302212773136,779.336156385312,791.5942967727235,812.5061284210004,791.9431834183838,778.7298049591151,764.8042607673776,232.88845969851846,261.15523338021075,289.00160135126083,316.28361993319913,339.6785041188144,356.8883186057752,368.7896150808674,377.8354666457849,381.3221751995655,376.1907208210975,362.63429361398346,346.089633405139,326.0238152653083,302.1384705952702,276.5171316383264,251.1724088494711,226.84845116372404,197.9071209130449,186.9786051037395,182.1496713607274,182.76953858005075,187.5131484601124,188.14869900887948,184.33098357568403,184.07922182403593,188.7341553849761,199.6831423706132,211.00240236024302,222.71004632398487,233.44554543259306,244.90398052079408,266.4850799494433,268.57470056142347,270.08182228019353,268.3619544634899,266.30223621919606,216.87203290698938,208.99975293881457,208.72705760308708,218.13396291752696,219.41579572820632,219.4505437437491,219.58475759252698,210.40498118367395,210.43168523110518,218.85849805724735,220.89102094587793,221.1772320747317,307.21961886418336,290.9194567519498,283.07929485525256,285.03348779811705,283.847797264986,291.4660997777215,306.02668394300457,324.11241430609806,333.5181732346634,335.02685557958205,333.5687298150816,324.9206645151466,306.7625673395338,291.38357926174166,292.45256963954,292.005517682435,306.0155476230801,322.1325384662452,323.41082615085867,322.2622438394827,9.450343637029524,1.3636230785895884,-1.7067881321831575,0.38311714,0.43121764,0.4914781,0.47472155,0.8103412,1.0,0.4606582,0.9798164,0.4897166,0.71985763,0.6688775,0.076961495,0.28590137,1.0,0.19328734,0.34372327,0.9959643,0.61219096,0.052641626,0.08960582,0.010669567,0.00033635326,0.009055438,0.8605665,0.088125914,0.030067874,0.0011782628,/content/data/frame70.jpg,0
427.0833604600694,368.7607727050781,171.85929361979169,208.8402099609375,0.9979584217071533,428.259991609057,424.5292076925798,422.7774371878935,423.9785958731154,431.279384830725,446.81868143113826,467.845252676119,489.59503384618876,511.52917260249956,533.228427963506,552.7713777241704,571.2249716227874,586.1214738762617,595.9313528527069,601.4232580961834,605.0568591852352,607.5892142292345,445.1155994333676,458.3086985346308,474.48631572594024,490.49280241273084,504.37696612020517,547.3044627773867,561.6828458251927,576.6194401027693,589.7282324290572,598.0168849768204,523.3644904791523,522.4099597324355,521.6487340840453,521.0749879418057,499.7884085680853,508.94805436450554,518.3213500196201,527.7951072649361,536.8796552032436,459.3505982265691,471.78235964882333,483.9899702090508,494.42675012198595,482.3302291233267,469.9058990654506,547.0827915263886,559.4666411873507,571.4671370083117,581.7292014369275,570.5914758172061,558.6485936091224,475.50676528873885,493.1482044196746,508.33877210999344,516.7366993233009,525.7512505310035,539.2088912667125,552.9591111663904,538.7076961531857,525.8458939977369,516.1139883319527,506.6659458479975,492.23221967452116,480.3799403621873,507.4521543243725,516.4279130631505,525.8365133005922,548.4940038874425,525.7275299146568,516.5324152243353,507.485883009329,458.06591539843646,479.62338480833273,501.0004251723527,522.5777015956468,541.7262886408396,556.2730462399428,566.4741062622867,575.0044013860199,579.7350959185219,580.0209831201967,575.8261982556228,568.7783520290627,556.1961782980536,538.565606137138,519.1147156702675,500.01135912022437,480.5607375268388,431.69232437487517,423.4081381144468,421.78305930216885,425.5248520941168,432.68262276380995,440.31740487079225,438.63259880129624,440.7959697993283,447.30021358880475,457.981989527565,458.4939395804933,470.08782400499763,481.19385989702425,492.1462121862278,505.8101535720401,508.81832506006174,511.4195266536466,511.42211082658616,510.90275181540346,455.49927898509486,450.4661316567566,452.37961462527744,462.0856860303742,462.8114054413236,461.1088462531072,469.55231764729683,463.9496664028163,466.0660891028776,474.27583475149004,475.9885737885983,474.23438342254667,526.8427968765579,524.8901928159642,523.9361251291382,526.541240325672,526.0795845518617,530.0260796904186,534.6904371591954,538.54382738485,539.5811861023743,539.0659498179623,537.6326300814719,534.2619573859556,528.0136811542354,530.6811600618821,532.3892386252497,532.4435660066432,534.800047916596,532.4943382830679,532.2204906385566,530.9116892004706,19.079117659884997,7.456671184698981,-4.475451342148288,0.2252356,0.5314815,0.2811689,0.26214647,0.5921606,1.0,0.46061298,0.24389328,0.46943474,0.50122005,0.3903022,0.077976204,0.5904027,0.0,0.27497643,0.58429104,0.0011369805,0.10531819,0.046026856,0.4771526,0.00067095616,6.574395e-05,0.00020477179,0.7194648,0.00061656954,0.014593573,0.26438367,/content/data/frame70.jpg,0
651.0791558159722,111.85153198242188,204.3952907986111,268.87561798095703,0.9998282194137573,649.9678576983072,651.9635711747487,655.1976142547555,662.6953588137983,676.3146574435928,696.3850848734082,720.853588960721,746.9663367519947,773.4244242805944,797.7046136879553,817.3319573689196,834.6986402422508,848.2999141647551,857.2752856683192,862.0079420484944,862.915379566216,861.5397708302808,686.6267900877588,700.8875211725272,718.7214713843787,737.4811482541309,754.6156302036734,797.6308417197879,812.7277672941036,828.8278454762267,843.6166250010256,852.9943191255652,778.6215209713127,780.1054414185928,781.5819385134973,783.2520197146514,753.8484286588082,766.9672231398672,780.3302382214888,791.561501124942,801.6491062069717,705.2938577519035,719.1291499733247,732.6763161188637,745.2160025729568,732.8508322098792,719.6467941811397,801.9494442744563,813.3312896885327,826.0611274291887,838.1263635859214,826.9109474243269,814.4705435003862,724.6041992855039,744.5678150596359,767.351929722563,779.8339121124,791.9284378174953,807.4501291532588,816.2276471613832,806.4355915076112,791.6634664469502,777.4800940018986,763.0667707165503,742.2861919357092,730.0388047892743,766.0665743355876,778.9345325859877,791.1601593095911,812.0638195805968,791.4323232547176,778.2449108428918,764.3468374457452,231.9243556522424,260.2130591849882,288.1289988858807,315.4794176024325,338.95288476769565,356.25369981230597,368.26127998348966,377.3551558843028,380.8426314451517,375.71692201872884,362.18863157359556,345.6909809467579,325.6672187100494,301.78350555288125,276.14161177167716,250.7783244823504,226.4423926219829,197.44770135424596,186.64096381870513,181.91757701325787,182.5918616487902,187.30910399547065,187.82285382801092,184.11975488157987,183.92471879837603,188.5734970661524,199.41655325703323,210.62706539050396,222.30383520964597,233.02892548479713,244.47143661148675,266.11079725846866,268.1659119775268,269.6488900821478,267.95457721261755,265.92009787464485,216.40120272378317,208.6015575392753,208.34793274360482,217.70690501960144,219.00473202319745,219.00925142166443,219.18480601275314,210.0572654012317,210.08687226906113,218.4817799261191,220.52790392695033,220.8025583491044,306.9316004253278,290.61939898749915,282.7672807020672,284.7036025516336,283.50932746738,291.1055131792009,305.61759012892344,323.8278619969533,333.3305415284585,334.8518095154104,333.4044481170058,324.7065292163488,306.4675447444415,291.0527419902928,292.10991583339273,291.63535976287676,305.6108783414129,321.906386852138,323.2059158419652,322.05796939986885,9.467149547262503,1.3893932425985913,-1.6959544102699289,0.24959855,0.4445496,0.3213372,0.46765676,0.82619995,1.0,0.4357889,0.9876181,0.50107443,0.7878116,0.61479187,0.3034618,0.25979513,1.0,0.21747585,0.3451372,0.99865735,0.40598246,0.09994472,0.10048207,0.0077323276,0.00022283017,0.008587862,0.88723683,0.06558472,0.029786952,0.00084845856,/content/data/frame71.jpg,0
426.9942491319444,368.69622802734375,171.98855251736114,209.3646011352539,0.9979971051216125,428.5411108700928,424.64922566350225,422.8210271377161,424.0796806651334,431.37971238996795,446.88951739987453,467.8944977703909,489.64672680933825,511.5372268017918,533.2798269651119,553.0291001243535,571.6330612062617,586.6371106469647,596.515019247308,602.0661484085109,605.6981812600122,608.1211238362073,445.98490475083815,459.1514188011305,475.26467577929554,491.1329355262007,504.8087616899601,547.2604901532984,561.6232235323938,576.6221814992037,589.8153584002805,598.238408285512,523.5567890206587,522.6000112266026,521.814621428743,521.1918293471523,499.8572209668262,509.02804364280126,518.4024953246546,527.8673655928803,536.9768959081363,459.6556993403973,472.17501967172,484.40819168278796,494.84246360533996,482.70154460873835,470.2586338231205,547.3018658661416,559.7220971305503,571.777224792053,582.1390929608602,570.8699840439924,558.8689008803728,475.637289306194,493.21768443650706,508.3809697232174,516.7558527679278,525.7547483504708,539.2208731769882,552.8824207514621,538.6303820047724,525.6965857487036,515.9672882863464,506.5273737276585,492.2232971227965,480.5471173807124,507.4115755563527,516.3840553743445,525.7580578085013,548.4115226513001,525.6535028946139,516.4761062273474,507.4344647264869,459.1619623218817,480.57808669672886,501.8526606098858,523.3931442345723,542.4739068716477,556.9286611538995,567.0439372621246,575.4819920204176,580.2390758781424,580.6616382614247,576.7195046999861,569.7988888609204,557.3214833396767,539.7439034949281,520.3082651275024,501.10833205148174,481.56123533056655,431.88360475603895,423.7561898049189,422.22868773729095,425.9866297431845,433.05532511046215,440.3127269726342,438.5889485864266,440.7058561443373,447.246064008971,458.0210828218199,458.99209428039177,470.53460785785836,481.5538976181912,492.39632604789256,506.43923999188405,509.3831002470379,511.90737812862915,511.95122470380284,511.4679839316532,456.35955519141726,451.23050921595376,453.130819484482,462.93295497335714,463.73953428756613,462.0535376326301,470.0795049664298,464.28912894448166,466.4121163212177,474.760673450916,476.5487990821786,474.79502592477127,527.4486080149024,525.1664297169289,524.0548411666757,526.6695825594092,526.214509617827,530.3877960940132,535.3651460973082,539.1748863626026,540.1601314856904,539.6158229766697,538.1502571914592,534.7645468519222,528.5975290487307,531.1331279722726,532.8413324383366,532.9280671935982,535.4147580179197,532.923739440789,532.6082327835711,531.2908139137271,19.191565436070913,7.508230339370578,-4.373435191607202,0.30505803,0.5524657,0.3194035,0.270683,0.6246085,1.0,0.4026369,0.6894739,0.4721101,0.5575429,0.56412995,0.13111155,0.57384205,0.0,0.4138284,0.46985558,0.0008799423,0.11704328,0.10184295,0.40082598,0.0006344227,7.584201e-05,0.00018706082,0.6340828,0.0006459353,0.013801575,0.3505724,/content/data/frame71.jpg,0
651.2664930555555,114.35977935791016,204.54063585069446,267.1739044189453,0.9998125433921814,649.6615430394112,651.8106369685522,654.9795092706169,662.3182186822555,676.047377434856,696.3160369320118,720.9144822868524,747.0415274428584,773.2942861997541,797.3154350544689,816.6961019079914,834.1559696614415,847.9844657593069,857.2234838235672,861.9503610804597,862.624610982442,861.0755350661511,686.5785692654399,700.4146997151416,717.9543889645126,736.5766273933016,753.6258835875335,797.4198699300275,812.2937849304195,828.3950438132681,843.2929033514596,852.6966858250642,778.00149950661,779.5980249738637,781.2103924377941,782.9910978374603,752.800714302253,766.3117876186974,780.0424990398503,791.57627523068,801.9622423884721,704.9562026791967,718.7976743087189,732.424686580335,744.8713076665206,732.5308126702554,719.276010881474,800.9365447652824,812.296785163807,825.1997188165114,837.2497835769598,825.9331707760382,813.3755314996317,723.9444600263774,744.2522181064047,767.186995828342,779.621816633529,791.5452982986983,806.7007766031122,815.1121315575249,805.5396098430817,791.0928936794899,777.046125825242,762.6296222029599,741.720374658039,729.2238484158568,765.791657985952,778.6320262621554,790.6350236669768,810.9124545470935,790.8645892955377,777.8900322368693,764.0006715317479,235.2849012922148,263.55339647064216,291.52352130514737,318.8774517092068,342.12089038448755,359.1896003213213,370.82777316817595,379.68524562852,383.1590954763775,377.5928217128225,363.91414618666425,347.7066943297115,328.0598475344407,304.5557325302496,279.00213325635923,253.44713896949253,228.95928183511987,200.42317348243415,189.53140901699626,184.54925394031434,184.98007407792284,189.47455746076812,189.97182225753807,186.13497283444303,185.7418562667297,190.2359287895888,201.16299854918853,213.58471005435115,225.32815860650354,235.99258373121265,247.41525573787075,268.80460750897583,271.0020587030027,272.49143570781234,270.6811674989076,268.41444340023304,219.44403209177455,211.3217601346194,211.08577362441395,220.75233450127672,222.26728992894732,222.27618552539244,221.8526175442843,212.23978377677795,212.262447960202,220.8988395284441,223.33184726292347,223.65683751199705,309.17009148022737,293.50367534089855,285.955661430948,287.81410536195403,286.53050232604005,293.71827802205553,307.75279651578495,325.7693891054012,335.5177015646317,337.2022083982298,335.77394442764455,326.9893757276401,308.68508559885925,294.2567339211615,295.3053823742772,294.7173175205601,307.7222782182064,323.95340707622347,325.3739698107886,324.334551375037,8.905332195790555,1.2616810544465544,-1.4857023525343847,0.31502244,0.46559995,0.36831608,0.47669175,0.84581465,1.0,0.43144566,0.98293155,0.51122624,0.8533551,0.48297954,0.13600345,0.22472794,1.0,0.14032933,0.34372327,0.9992047,0.68495226,0.03959652,0.20308253,0.0062999115,0.00013052592,0.008421944,0.9061484,0.05736985,0.020955391,0.0006739624,/content/data/frame72.jpg,0
425.26266818576386,367.489070892334,173.19365776909723,213.3515739440918,0.9982802867889404,426.7307895692793,422.6736800091421,420.64581574831493,422.0962228022049,429.60650082286907,445.14131057791735,466.0582333117213,487.5614374016634,509.3941755857152,531.0048107355351,550.5834194339623,569.0847570754268,584.2185887925325,594.4609653246685,600.3343312408656,603.9697586308885,606.2785345121697,445.1435461816492,458.7088424592805,475.08384627008445,491.15921051040095,504.91344582355964,546.1861318643369,560.7603912043601,575.9073771222634,589.2288285471172,597.5348365254235,523.0642362218446,522.0751685066566,521.2391137513259,520.5793435987948,498.9021439201131,508.211793003122,517.7389060518681,527.2456545055279,536.2513377814762,459.24489140187416,471.91057844880174,484.061489123799,494.7422576286865,482.5824121688088,470.21973717308356,546.3045807118897,558.8597617900523,570.7909728955806,581.1894296664141,570.0081453471894,558.0859529570571,474.5925170321743,492.43197099812573,507.77915408570766,516.0770055439139,525.0165820938123,538.0790697280231,551.2820112649492,537.2402376356331,524.6950061385842,515.0693662946533,505.6510806043616,491.2799636321074,479.5137293999228,506.6373480923496,515.5569873297864,524.8572209349622,546.9324420084258,524.8379016562967,515.7870637629935,506.7954579235136,458.57256695872684,480.1643635228338,501.6331484713619,523.2240446899386,542.3068376828983,556.7342186207447,566.8416806641903,575.3719051997105,580.4481601197826,580.9453950139673,576.5983741930972,569.3379267969772,556.8464566101484,539.1906960225037,519.7066236047503,500.4638437890976,480.90897979651845,432.3322177516395,424.49943291002955,423.22098803738936,426.98077756128646,434.08578564264576,441.10285743387067,439.5777484061359,441.9893544290346,448.74359399585524,459.74761706628146,459.33803615049715,470.9732777380807,482.0896379885198,493.08575633039254,506.99553014892126,510.03775191527484,512.6318762892629,512.6769240859617,512.222783696478,456.0806470625132,451.1682168787079,453.0169924945121,462.6882218684693,463.1523728794416,461.4918305198296,470.37464715108945,464.8181799713914,466.989828650391,475.2472103400182,476.72066395046795,474.8970674893226,527.5209666230844,525.443259081103,524.3885729628646,527.1239752846295,526.7664770687547,531.0272173196604,535.7412891750819,539.3552150930354,540.3426347181003,539.7328413725436,538.1566262908982,534.5856727968958,528.6691208154352,531.1850829893247,533.0077485847523,533.2056872605585,535.7692151466126,533.1516207484638,532.724200783106,531.281297880309,19.175038414855806,7.7176641545906515,-4.587410548290282,0.2376914,0.5434933,0.35494524,0.27334148,0.62726784,0.0,0.4401843,0.36477754,0.49923965,0.47310314,0.51953804,0.023790464,0.57058275,0.0,0.19031402,0.46985558,0.009747397,0.055266708,0.025248544,0.40517232,0.00093940535,8.21424e-05,0.00020545934,0.66137236,0.0005843416,0.011060608,0.32575566,/content/data/frame72.jpg,0
650.7668185763888,114.58201217651367,205.86116536458337,267.4331474304199,0.9997993111610413,648.3453432414606,650.8707821877746,654.4128907736231,661.9958260075845,675.964833380247,696.3181387409227,720.953947373619,747.0602352199446,773.3474960006001,797.3522617093408,816.70133083153,833.9066138167259,847.5600184320961,856.7492008370527,861.481640200534,862.2054745529258,860.834242572123,685.8509557347134,700.008123503927,718.0052132886283,737.2086298996182,754.6245155702568,796.4530207606267,811.5341241258666,827.9037677907859,842.9840486387257,852.1988247215318,777.6894309296299,778.8870926318036,780.1402264309604,781.5704883742769,751.3063564476681,764.9864546186727,779.0026276200028,790.8520605131744,801.5008859445393,704.7735878934225,718.7090681219515,732.3610189858146,744.6624633920062,732.3638786680556,719.0696941372694,799.9688422674135,811.3515635418644,824.3479298609341,836.5253176171313,825.0684358875069,812.3919905415551,723.6613395801148,743.301637211465,766.0778585626599,778.502231048597,790.4479558508074,805.7454769075184,814.1671550299411,805.3263373940381,791.1205072059538,776.8827901262589,762.270617263619,741.1836838561876,728.7823801112718,764.7953436804114,777.6344561686888,789.7078624355067,809.9453267550343,790.8331234869629,777.7212030513847,763.6986985796748,236.10855742139415,264.8434575323449,293.14736814220123,320.74247925077907,344.04963551918445,361.3976348201013,373.3250920869259,382.3860191779959,385.9258275846505,380.061527903003,365.9294756039062,349.17912119889934,329.1303576506607,305.6052725543491,280.07288180793194,254.46820518065306,229.77812953445982,203.32548539155755,192.14706402463344,186.9218985417774,187.36685170866417,191.9202214045913,191.98367000655435,188.05753670103127,187.57853514358249,192.28573470293645,203.73802563832783,216.0446155597224,227.9867155473196,238.8081261493844,250.38413898935733,270.46461727442284,272.90527477182195,274.6497574520836,272.7773255108841,270.3907054872702,221.66847239341223,213.63627534089323,213.42628476134837,222.98950212644536,224.55865472362188,224.53642762821005,224.1632630061431,214.45832399740902,214.55634701843996,223.11092863391036,225.7041343980129,226.05403899596558,310.7882983718073,295.41437884773404,288.0133490531812,289.87822531220536,288.6149917657358,295.7520508918865,310.06262770172225,329.21125127070945,339.73516884231594,341.526477623755,339.90026527992313,330.0656937190324,310.39469515124847,296.1821509265983,297.3013291756956,296.6772680846361,310.0667785448413,327.94828552057015,329.49781247240026,328.23737165908915,8.190861039021247,1.2435843809595981,-1.4758577764914618,0.33649182,0.46822858,0.1534469,0.47306862,0.7912611,1.0,0.47569552,0.99734604,0.48057997,0.75990963,0.6846697,0.07884879,0.24227944,1.0,0.16223712,0.34400594,0.9960247,0.66735524,0.012860388,0.103087455,0.0035688502,4.941854e-05,0.003993806,0.93609434,0.03464827,0.021040777,0.00060459226,/content/data/frame73.jpg,0
420.63324652777777,369.0912208557129,177.2425672743055,211.41289901733398,0.9981403350830078,427.7208925713179,423.3526708971315,420.9715561941995,422.06513415161805,429.4504627066833,445.0721954190234,466.01571467246106,487.5380141776167,509.38561342190246,531.1886876188034,550.9270516713543,569.6692008667924,584.9405889733928,595.2559590021095,601.1174633637288,604.8417200865829,607.3143761396955,445.99727907460846,459.11196582416875,475.29541047536014,491.2745116971622,505.0266649639867,545.631723850468,560.5266942275545,576.1090847622638,589.7601815197747,598.1383906568813,522.8162397461062,521.7406827515748,520.828543039125,520.0618109869413,498.1458326411866,507.55013657890504,517.1616267746454,526.8370579324734,536.1458246824254,459.2312814588745,471.7341098310063,483.8486577126551,494.4403113687349,482.40171086371754,470.10150207808084,546.3811418665655,558.835407769797,570.8617523566941,581.4373016909994,570.0104915169804,558.0319760096822,473.8177671257632,491.6754488236315,507.012993181653,515.4903308458888,524.6654997715426,538.2953358000254,551.9803348011217,537.6622469364268,524.6234621992111,514.651182270721,504.97789079508186,490.57653678216974,478.6172330502842,505.87708656439656,515.027176600226,524.6197272062738,547.7100281593956,524.681906521895,515.261362169542,505.9776365058421,460.50436095587645,482.08010715146577,503.6268277642887,525.3819972744463,544.4927161778012,559.0236835184975,569.4055727129287,578.2901833823414,583.4601545576779,584.2458640031264,580.2506766387385,573.0783258489622,560.4734051496374,542.7329296471439,523.1180169401018,503.68702617272464,483.94150968430574,433.7454501382386,425.77886141711645,424.4319579417564,428.153742310986,435.0426797196745,442.1250277646603,440.657130175987,443.0702909671073,450.252773114244,461.8532755812796,460.77473966525554,472.340447724401,483.36917872201207,494.2902678280254,508.50203692615094,511.53640869847203,514.1264524041061,514.3105104366311,514.0306883949063,457.8301211341481,452.9769212120444,454.83244150904375,464.38864776073933,465.0310514245382,463.3812506069577,472.2232868933129,466.7031261068829,469.0257624639159,477.5210417035371,478.8759822183555,476.9379896481561,529.6480094303658,527.7967080120286,526.8941855283567,529.6778137667204,529.3200861233221,533.6384637875093,538.563876093307,542.1187879339521,542.9594335305807,542.223307250483,540.52497420686,536.841938499177,530.7790469475177,533.7245652036445,535.6478899878146,535.8268067345149,538.5262388567843,535.8036558268748,535.3296292738355,533.7535529828385,19.186484507625313,7.904596419655381,-3.884832552732553,0.3017399,0.4835714,0.26721975,0.24599092,0.6640744,0.0,0.5033553,0.57045186,0.4961933,0.5376247,0.5110587,0.1222552,0.6019926,0.0,0.3962823,0.46985558,0.003379147,0.05657089,0.06515194,0.46781495,0.0011664398,0.00010168694,0.00029168214,0.7186821,0.000536292,0.010342002,0.26887977,/content/data/frame73.jpg,0
