FaceRectX,FaceRectY,FaceRectWidth,FaceRectHeight,FaceScore,x_0,x_1,x_2,x_3,x_4,x_5,x_6,x_7,x_8,x_9,x_10,x_11,x_12,x_13,x_14,x_15,x_16,x_17,x_18,x_19,x_20,x_21,x_22,x_23,x_24,x_25,x_26,x_27,x_28,x_29,x_30,x_31,x_32,x_33,x_34,x_35,x_36,x_37,x_38,x_39,x_40,x_41,x_42,x_43,x_44,x_45,x_46,x_47,x_48,x_49,x_50,x_51,x_52,x_53,x_54,x_55,x_56,x_57,x_58,x_59,x_60,x_61,x_62,x_63,x_64,x_65,x_66,x_67,y_0,y_1,y_2,y_3,y_4,y_5,y_6,y_7,y_8,y_9,y_10,y_11,y_12,y_13,y_14,y_15,y_16,y_17,y_18,y_19,y_20,y_21,y_22,y_23,y_24,y_25,y_26,y_27,y_28,y_29,y_30,y_31,y_32,y_33,y_34,y_35,y_36,y_37,y_38,y_39,y_40,y_41,y_42,y_43,y_44,y_45,y_46,y_47,y_48,y_49,y_50,y_51,y_52,y_53,y_54,y_55,y_56,y_57,y_58,y_59,y_60,y_61,y_62,y_63,y_64,y_65,y_66,y_67,Pitch,Roll,Yaw,AU01,AU02,AU04,AU05,AU06,AU07,AU09,AU10,AU11,AU12,AU14,AU15,AU17,AU20,AU23,AU24,AU25,AU26,AU28,AU43,anger,disgust,fear,happiness,sadness,surprise,neutral,input,frame
412.4709743923611,123.23745346069336,60.487575954861086,84.4152717590332,0.9932687878608704,420.272740270152,416.7620757293674,414.30392027353184,413.67761854422633,413.9916094248639,415.501454004968,417.62672463572477,420.0929572263933,425.5489885971611,434.0333040086715,443.92258804232233,453.83195094862293,463.0478546212532,470.3267916237481,474.9964835028478,478.077550434796,480.5999350373854,420.0776663693837,422.11757839470727,424.0024384129204,425.78740520949646,427.1555610556496,437.43840125758214,442.48690487344624,448.1241472396737,453.57850612578534,457.99089499542185,429.5461454143444,427.08720050952405,424.52833521273834,421.86346337043705,420.9210031720768,422.39840487066976,424.6038264605928,427.9883316195404,431.61134093965927,420.0448838587682,421.66849211313144,424.2339809321835,426.3449614796915,423.54066660693104,421.1543087437572,439.8369646360353,442.47754620479276,446.23519959650673,450.49167908422714,445.90447632199437,442.32020283332486,420.5907810391762,421.11037432281717,422.6897824908077,424.28177353974905,426.4691540316485,431.6684197616693,437.3168412085496,431.40600269262586,425.999608492826,423.3547883528461,421.5210447790332,420.50337409287806,421.3472965670934,422.7350693903144,424.2428535538521,426.5289800757472,435.7086143789571,426.5640992346007,424.24394942376216,422.6429015987045,154.86552539921303,160.93819944755836,167.68187796265647,175.06294521048912,182.33797572355252,190.03301724793317,196.93405724805143,203.55271300671518,207.70666375094868,209.20813232260798,209.230907095615,207.53048530408432,203.75310323506375,197.385145077149,189.04379993340999,179.4842217964211,169.96631690526857,146.80994569334524,146.7214308014356,148.03781207745746,150.29817207130176,152.82323446069623,154.3146318973142,154.03872626970823,154.86363555193012,157.00228455047326,160.43800577835842,159.40997715925164,164.3925715963923,169.08606468312556,173.95664793218558,177.08927207163833,179.16457194017357,180.56197815425693,180.78982852779,180.47154926366136,155.89711031240813,154.96001776335942,155.94504782839152,158.47818282423094,158.90046104850268,158.06294473392694,162.32060462146782,161.13309221280434,162.40286128108113,165.16530177248296,165.55585712894475,164.58741907775766,186.27678577006947,184.7398689766911,184.32346860011884,185.49699734645884,185.52805001283613,188.1474387254815,191.2603734336575,193.16937881699658,193.48795393581167,192.6759354649286,191.39469749916324,188.97481748865775,186.5499381377361,187.06721288669132,187.81090703855324,188.2712629685431,190.8818786840572,189.55534476200899,188.79712957910732,187.86120233525224,-8.852488617917556,12.497093416134119,36.59836208836748,0.538628,0.43252805,0.2301309,0.4983821,0.23985857,0.0,0.28513128,0.47271848,0.47491795,0.26066014,0.7864298,0.071800694,0.46544164,1.0,0.4696199,0.54493177,0.853859,0.16698866,0.07678858,0.054044053,0.077358276,0.32663733,0.0020551097,0.009489249,0.09727901,0.022698464,0.46448252,/content/data/frame0.jpg,0
412.64225260416663,122.9377670288086,60.53846571180554,84.64440536499023,0.9923789501190186,420.61732531153905,416.95432869198214,414.34213012421895,413.51084669390167,413.57619918387707,414.88756868337987,416.80134865077406,419.13125769961925,424.6215752035914,433.29252686382404,443.39879949917304,453.4818268813598,462.8745498578775,470.31612458627944,475.0910004815276,478.26506276064055,480.9389177050686,420.23066221449767,422.26536502411716,424.07114189671364,425.75591873552924,427.0571655463259,437.1050510944247,442.229459434899,447.8970026963449,453.3475741169701,457.76402086181645,429.22672049006104,426.7222419813916,424.12514571445234,421.415749356119,420.4765551581588,421.9179031288536,424.1183619389169,427.50159517105266,431.1469648718488,420.0125733664604,421.58022488487546,424.07860677421047,426.14725267846586,423.3467006607398,421.02624076643895,439.4848667543209,442.0731843737577,445.7896429566041,449.99862907113067,445.3857767375779,441.86229704379224,420.0421907068615,420.6615000711949,422.22632728681003,423.76569642466836,425.96318260306015,431.0854204986175,436.7054440329971,430.66647014148646,425.2185868032688,422.595744882189,420.8351508001512,419.9083920104461,420.8331740909033,422.222764366772,423.6752430570758,425.9530175346764,435.0268606813504,425.86412010667567,423.55745479743285,422.034519893123,153.98678482612885,160.0506113714307,166.81206795238623,174.23150232636317,181.62177948215293,189.49838160109456,196.6701370307116,203.6381067534806,208.02162448883354,209.65950821438736,209.68340429831278,207.99542779383853,204.2196346352357,197.82244651883101,189.43487262709468,179.83025126258872,170.26935967112385,145.87818121641862,145.882355614662,147.31486439545785,149.67916909335327,152.33724063499602,154.36453910951522,154.22746809656533,155.22122310231265,157.42594409709437,160.871169716196,159.18644736553728,164.25575001665538,169.0334653503026,173.98210397794074,176.93042787721004,179.10551639599151,180.59635474876086,180.79181587608082,180.47529417258338,155.0928126791918,154.35379888836405,155.42991577040257,157.9066416444852,158.2522236983353,157.3235578231383,162.25210848359515,161.35049597830456,162.73566665922385,165.422556381633,165.68861599759097,164.61937067756293,186.071748551979,184.73018353218785,184.44328522333115,185.65129977053283,185.67034640849315,188.25275206290516,191.20737842565723,193.12924231655313,193.4101469281496,192.59654187763016,191.27783161254348,188.81315064825804,186.42233746202527,187.15703760709755,187.92424296488724,188.3879916683589,190.86196589051752,189.485831162286,188.73017123952184,187.77071955566998,-7.997420049765117,12.220423440689725,36.65654657238478,0.43487552,0.4332588,0.111018315,0.4955928,0.2375419,1.0,0.37846538,0.3086223,0.47485155,0.2763609,0.7034716,0.34487888,0.43035695,1.0,0.36528593,0.53278595,0.46146476,0.08731049,0.06453946,0.08188149,0.09746688,0.085374445,0.0031527793,0.0055393213,0.19480972,0.017407857,0.596249,/content/data/frame1.jpg,0
412.64100477430554,123.18032455444336,60.26323784722223,84.1761474609375,0.9943619966506958,420.32580653701297,416.7601107995921,414.2726556337948,413.544300251807,413.71636869241047,415.1190131461568,417.0702771196753,419.38657598807623,424.8262097370054,433.4635646986324,443.4975343356433,453.42688445821113,462.70596377495383,470.06406347680314,474.84374806871637,478.0335760817805,480.6913928063383,419.9888915421223,422.0050471294104,423.8903477961503,425.63267979889207,426.9463135254191,436.52242038657715,441.61502428524983,447.2753244413296,452.7178029933304,457.11064253347865,428.8222097849677,426.2576303521928,423.59419326008504,420.8124575158014,419.9128976704393,421.3974724526488,423.655493498125,427.09294280374013,430.7933873799877,419.6774533391843,421.296971129319,423.74319170244564,425.79147098664106,423.006309437177,420.75083817815755,439.28856841625236,441.91202473630256,445.56537201725297,449.78279708651826,445.14639423745973,441.6624406801508,419.9039719126537,420.24779872537766,421.7144256600601,423.27313089268137,425.4163423090082,430.58557827857146,436.3159238080596,430.40224351469226,425.05173789755355,422.45991458351057,420.71895832151347,419.79705548313797,420.644659290179,421.82765484305855,423.27236324740807,425.512493642456,434.631032744376,425.5878402838105,423.32377440810376,421.7979906213994,153.66345664414112,159.72718600026275,166.466696068272,173.84988422387687,181.24131478245545,189.08223024710023,196.24181387090067,203.16014013198435,207.51347754948074,209.0675588482205,208.95807155963266,207.15751291031773,203.38681524488203,197.03174795048835,188.71703580241592,179.15601693384525,169.5823424545728,145.53423769783404,145.52032977170603,146.9795903221384,149.35667766506376,152.0367350299319,154.00472463928745,153.89909966005507,154.86907214440726,157.0653504269212,160.50811304197705,158.75255044717196,163.85357436086196,168.64086014616768,173.60338279031276,176.48069187630898,178.67953499714787,180.1554971004283,180.34843194578423,179.97656049240902,154.6338897156573,153.98343226666765,155.07039991141792,157.50368791946966,157.77664752678683,156.8167206592072,161.72764248911844,160.85551617856254,162.23914109177275,164.8516848074476,165.07666206962313,164.00697697982977,185.69451833444765,184.302720256857,183.95945337362645,185.14338515270208,185.14604030223563,187.7406692844932,190.7724165579828,192.65828919571067,193.0022364233795,192.2096953602362,190.90395182296925,188.41346972649626,185.98271946340682,186.66119747005868,187.40993157627236,187.85107172666176,190.41705399354396,189.12623588868883,188.38859199889413,187.44572491862345,-8.105314728626345,11.972400978615083,36.782882024595125,0.6758854,0.44336775,0.26784948,0.49047828,0.24282722,0.0,0.32445666,0.9451143,0.47392848,0.33405384,0.6661019,0.3524557,0.46542826,1.0,0.3918707,0.53278595,0.3092942,0.24229887,0.059642475,0.07104462,0.09384368,0.26318613,0.004416511,0.0014345027,0.1724286,0.010125395,0.45456514,/content/data/frame2.jpg,0
412.6011284722222,124.55833625793457,59.82112630208337,82.80826377868652,0.9953546524047852,419.78193850840063,416.4356076980007,414.1246486900231,413.58278547600304,413.8233503307419,415.2954655657704,417.17958276355444,419.32308781953304,424.8036262001739,433.53254825208677,443.71303304626815,453.7383494815652,463.1269236303569,470.5725290810224,475.31395954623207,478.39977122289935,480.9935846528512,419.1741237073825,421.30936778662414,423.3800995456518,425.27712128049654,426.7722025935301,435.2599586154837,440.52624466273625,446.34885766675245,451.95125989135255,456.6048476994657,428.0699740531582,425.5420707498444,422.9078690063101,420.16450509625855,419.55047124123513,420.94007739834024,423.1229831228962,426.50802606375146,430.2060976843235,419.3345308789027,420.93349704691184,423.41310199223943,425.40983589296786,422.6362769949938,420.3773714690399,438.5130036158054,441.0853435407136,444.7595339939056,448.92012850666254,444.3136633591832,440.8457085826212,419.97826812043667,420.15948543124006,421.5624299784592,423.15829254237434,425.46925155035194,430.8464973668747,436.7700396944869,430.7148755310358,425.17347334186394,422.46220271193357,420.7058559786867,419.89288939330794,420.75268841680025,421.68709239672086,423.1601997189359,425.5534841946711,435.1046451453392,425.6516712115963,423.24944906681935,421.69755817617533,153.14539971723258,159.19825690779322,165.89160854744233,173.21703226018423,180.62614667111058,188.49688073066395,195.76602496611292,202.98029345360163,207.47702487388614,209.0805694502249,208.77785551579393,206.79559424217194,202.8959986187424,196.45886311974527,188.02232544970605,178.3436590846597,168.6595317979059,145.80226946930156,145.66354606607953,147.09751184696754,149.46216794409872,152.12933363531496,153.98602924711741,153.77455179639725,154.71177508080018,156.86702378375864,160.30176881193273,158.38736926332479,163.47007475925201,168.25181061732405,173.22550794235704,176.0074388716038,178.22556221055498,179.7296552289875,179.868630355824,179.5110051359813,154.31659269767457,153.5174264892788,154.58637822187504,157.15143296923424,157.37686775401468,156.44496028005906,161.3379787059187,160.37143702406257,161.76840831798242,164.4842958551481,164.62197978791497,163.56455107395408,185.15293685242028,183.66312988947402,183.3322999080309,184.53254179358584,184.49758478716794,187.05782717130882,190.137893626657,192.20540332341903,192.58651287576714,191.77706449808272,190.4305208477823,187.93030121915461,185.46531697364787,185.83684918282796,186.6076742736857,187.04557859637282,189.82235067224957,188.817280470104,188.0564947092833,187.04971278655916,-8.765925969866363,11.144720648972093,37.11459822126583,0.43223885,0.37314683,0.13962531,0.48926175,0.32654068,0.0,0.28984553,0.84650356,0.4756686,0.28975868,0.6798606,0.16296238,0.35863784,1.0,0.36979645,0.5306593,0.12399027,0.2048916,0.1448166,0.059468772,0.039444398,0.056699675,0.004101134,0.002247011,0.23563825,0.014571092,0.64729846,/content/data/frame3.jpg,0
412.39889865451386,124.86003971099854,59.75051540798614,82.16979503631592,0.996327817440033,419.9122131450189,416.5294388354175,414.2019467879949,413.60250486396046,413.7992440616718,415.2460240888091,417.11751711256073,419.2715791029862,424.7561593774519,433.4701723167662,443.56537820409517,453.45244451406063,462.6733372280414,469.9136523730799,474.4307945789335,477.3249599891067,479.73229583478644,419.00040904665406,420.96170338546943,422.8617950674952,424.5855430499346,425.95596301385217,434.60645472451307,439.7190584924373,445.3972321709766,450.92015850913117,455.533746251828,427.4819770754168,425.05851113980003,422.52863186536035,419.8828739542863,419.3377333359361,420.70855295229154,422.8621477019992,426.1899124982874,429.8359857682296,419.0803718590563,420.5243278715408,422.90806071441966,424.8969575190354,422.22714993478877,420.06331996860257,437.85790059827366,440.29878961700877,443.89861193313084,448.0181058405519,443.51005572765973,440.1244559340951,419.8044157157678,419.97439436255706,421.3044876323217,422.8698557045324,425.1305073510328,430.40737414816067,436.2312005699552,430.245138767355,424.8239533608454,422.1829648314379,420.4922733951274,419.72644234969226,420.55186274906123,421.45962330511355,422.89574495436756,425.24162836048407,434.548061389272,425.26012110159786,422.92079375863483,421.4379362831177,153.1564511895997,159.10720840110804,165.70607844475467,172.9558970896759,180.2877443974686,188.07307380016005,195.27742022579082,202.41014658365975,206.78920299498975,208.35031006694385,208.0340850754843,206.073825131214,202.20379662640403,195.8011471138858,187.4156984350501,177.84250034260913,168.298900039537,145.66095502436445,145.55556432560314,147.00813637446862,149.31830378257195,151.8907195940563,153.6950827627303,153.47461860945208,154.3557552604526,156.38774106283597,159.72795385711527,158.07074800558019,163.18305497279687,167.98684201246635,172.9610396761925,175.70360163585553,177.89043512618582,179.37339839205413,179.46936199507525,179.09675074642655,154.1551650000955,153.36501980560973,154.35830892198572,156.79120783058443,157.05277741254525,156.19373037459928,160.89593222952976,160.00520685864137,161.36276741764652,163.97220397480885,164.10873523889398,163.07242177440946,184.75678725697696,183.37149787147416,183.050482928002,184.22775909683855,184.1269702783544,186.5821586262266,189.49600104172282,191.28820713587152,191.5846140682064,190.8232879285598,189.5501480698116,187.2419612921724,185.05837203927888,185.67232046522156,186.39975842903402,186.78295459004437,189.19708452716782,187.82444884311678,187.1267203362661,186.20080204187877,-8.757388604251254,10.89630484604274,36.98631924566079,0.58641577,0.42695504,0.3330478,0.5091812,0.3339961,0.0,0.32040384,0.026085101,0.4746101,0.30599922,0.79846615,0.17179751,0.48762575,1.0,0.37279588,0.54493177,0.65060496,0.22875573,0.10828413,0.0577764,0.03443022,0.032439195,0.004322788,0.0012525691,0.20802952,0.008121944,0.7114038,/content/data/frame4.jpg,0
412.6368272569444,124.83751773834229,59.76638454861114,82.1867208480835,0.9962432384490967,419.8276664573667,416.4744870092798,414.22372900329384,413.7135219570792,413.9429520743034,415.3825056985732,417.23014295540423,419.3712781121364,424.8326601572123,433.4794844210736,443.47042857433905,453.2898718191784,462.46227381256716,469.6600742654041,474.1316307449147,476.991051056495,479.34913343686134,418.78429700846505,420.7233162768716,422.65805015350645,424.41951664678066,425.82022251861827,434.35406292808807,439.4656241515724,445.16861352793967,450.7484522665559,455.42680094324584,427.47731709021076,425.0986454304476,422.60505002701353,419.9999227469212,419.3498158825639,420.7422977995475,422.9028053960376,426.21228589888085,429.8340797580219,419.0316887368804,420.46064351154206,422.8576206719595,424.8319988313216,422.1751470488988,420.00818197248935,437.7761128544314,440.1961541226899,443.8156700815408,447.94489488776867,443.4632980116243,440.06024724331394,419.7363505783803,419.92611583829404,421.28084045575855,422.8563332908923,425.13571495104037,430.35146880340943,436.08291282843345,430.1816785246207,424.8248006664047,422.1814134791163,420.4795427358849,419.6933261855451,420.4710131015081,421.4316374549667,422.88567558585567,425.2501066947726,434.3970696855661,425.2378119116581,422.88253061384216,421.3877371727296,153.34810632865853,159.31947644759856,165.9085602191568,173.10700730175353,180.37613101709474,188.10488504414377,195.27877783122574,202.3782846821229,206.69939393034093,208.2820026320585,207.99392319562173,206.03772708941437,202.197293012359,195.81074249924404,187.41212706867628,177.84779689942928,168.33010049276754,145.88068771902675,145.71897737300915,147.1461891865456,149.4770866639653,152.0784958229389,153.901527347797,153.59696179171192,154.36705668644976,156.32297356616996,159.6868150572279,158.14062924634334,163.2333441515561,168.02837128994696,172.99836174520485,175.7052068257376,177.8716692944701,179.3519988035467,179.44883454930076,179.10245850079318,154.24393544096046,153.42746543554128,154.41162417302988,156.88716684926123,157.12049144117503,156.2716341024692,160.9371295430703,159.98524938749975,161.31518163212883,163.96135226661045,164.09553969867062,163.07649234641545,184.768204942223,183.39780837076228,183.0626013817419,184.25937198424793,184.14759909104282,186.6345900532486,189.58301013358476,191.2804955513544,191.55108071356275,190.78555337630996,189.51877628462864,187.2329283268827,185.0649433389885,185.70251440368452,186.44264094828247,186.824464064531,189.2615528446384,187.76302952550236,187.0770317702508,186.1431044081928,-8.729735537291972,10.73983174465736,37.02190714401833,0.5861441,0.42554885,0.18228108,0.49541122,0.2404736,0.0,0.33103868,0.0979884,0.47214237,0.23836295,0.7598159,0.14438124,0.4755341,1.0,0.4244948,0.54358256,0.4982979,0.17992589,0.020715943,0.054393098,0.018810598,0.025292832,0.002347977,0.0010658377,0.14871247,0.010163247,0.793607,/content/data/frame5.jpg,0
413.24283854166663,125.48971939086914,58.87136501736114,81.23847198486328,0.9964591860771179,418.34738245557105,415.2398366414068,413.25813638022464,412.9835522337574,413.4310287205038,415.0897699018167,417.0810678683226,419.3244323439076,424.83027867977717,433.55143038461995,443.66570637645964,453.6016135108308,462.8734413666565,470.12937050833625,474.6131186071792,477.4613026684116,479.91578760797785,418.20391804240694,420.2501584049709,422.35832118085955,424.23761783388466,425.83606067248763,434.81396370549066,440.11006088566194,445.83530202023724,451.30796676309853,455.773434625254,427.51209283101696,424.9599457560009,422.2728003532796,419.4904216577453,418.78841350285603,420.1712006820758,422.3746141826624,425.8015048658823,429.5094527355153,418.8421966785647,420.5835838790974,423.11349367954165,425.0371254266308,422.2722396276469,419.96850272384097,438.0512245335623,440.75714407637804,444.48463308904354,448.631643655619,444.07629699464525,440.48754544900737,419.3484011857181,419.5202272757009,420.7944864445168,422.3612206843901,424.6320200415771,430.0003811008215,435.9512867020573,430.1022356046025,424.72926381178803,422.0896173902498,420.3539187948401,419.50160421194266,420.1102588122797,421.000008368114,422.45444349980517,424.8396454126253,434.2276073913228,425.0766406045053,422.711096047284,421.1835835485552,152.4376155200892,158.70242288430399,165.62202704832671,173.07984066027674,180.69075270714166,188.6623188324298,195.93760898766413,203.09910379792456,207.48109036303958,208.98181877053793,208.57965937404134,206.71372716614695,203.08588461850178,196.80148091028548,188.39799916088577,178.76551141600848,169.17793982802704,145.6157577456269,145.3384222666512,146.79623046808084,149.06900834421003,151.62034193126163,153.41249659140612,153.27138257739654,154.25153098328346,156.46648148639488,160.10372853597227,158.14778679012252,163.2824908634554,168.09908627890727,173.1122872088028,175.9466826490372,178.19059622899823,179.7202441336338,179.90706164467628,179.6373206569118,154.00135438106471,153.1951645657532,154.27730983581495,157.03041458588467,157.17229269751806,156.16702204009954,161.33236555655168,160.17733467018678,161.5105455685999,164.3609115207655,164.5472496549718,163.5217260525519,185.30378147542524,183.92647081339493,183.5589427616718,184.76117919248972,184.72038277107112,187.36553185762622,190.53671712578307,192.44516570107805,192.70864864214434,191.9023426142665,190.5603896255494,188.13139010178458,185.61495224309493,186.08768753113836,186.88840373457458,187.33915741569217,190.2347445827403,188.92089179256763,188.18566718090023,187.171915911452,-9.046728425363924,10.830430993844555,37.08851001425727,0.4271528,0.40977743,0.33078423,0.5075882,0.22905552,0.0,0.34471512,0.06957429,0.47300056,0.26873073,0.72783625,0.3975354,0.41349974,1.0,0.33786103,0.5306593,0.39164147,0.21447363,0.12444697,0.029506775,0.11556787,0.32394236,0.022748662,0.001439034,0.17673168,0.067551084,0.2920194,/content/data/frame6.jpg,0
412.736328125,124.56918525695801,58.99945746527777,82.49081039428711,0.9961438179016113,419.55344852133476,416.2157806465565,413.86506915181445,413.21594951896884,413.4071721332195,414.9084742446105,416.85316625159885,419.01824999914965,424.53845884574673,433.3103076639739,443.44237147538234,453.3403624515865,462.64566038194533,470.03250745611666,474.70154423385355,477.7706643899808,480.4146395518179,418.3389095288893,420.30075047456296,422.3315824885478,424.1601614596317,425.6327753112179,434.3093948604343,439.5903357434898,445.39484879962345,450.99613527943694,455.4849267697506,427.1048050427527,424.60920227421263,421.99654833756415,419.24987130019815,418.6272671775715,420.06945663475545,422.275303406611,425.64707150197466,429.3166818216051,418.6269161155204,420.1065895594469,422.5198166502115,424.36463002858676,421.7152974828425,419.5352434463947,437.55625566800614,440.06815184586293,443.76265807011487,447.87801394120714,443.3309402501941,439.83175138075626,419.35113942650963,419.357458543431,420.67785306966346,422.2623229610209,424.52323337308985,429.89956873082735,435.79194760320075,429.89421134692014,424.4180062108734,421.78227068188477,420.11692081409603,419.30199663954613,420.1191628910616,420.9341018161179,422.3530090740752,424.705549631605,434.0844348880545,424.8178393362629,422.4569352416314,420.97231742797555,151.89539850987794,158.0806368854723,164.89383086739795,172.32453119695484,179.8697161065149,187.8203983359038,195.18036998750114,202.49219598636438,207.0375350178304,208.62932116033863,208.25761430046177,206.29907746821107,202.50516463154935,196.08173212927585,187.6332321109,177.96221602624337,168.28326416916917,144.9712394187648,144.76451107223653,146.26987694812755,148.71558760398133,151.4377729005999,153.32420040749645,153.16000367098454,154.09009389893112,156.2429716024754,159.8641058580294,157.7365901751074,162.86365967609768,167.68911967349877,172.7348607826647,175.3084701289985,177.53285238713642,179.07458711148985,179.1800119304914,178.81018133502258,153.45773969160558,152.59164306041808,153.68680620495388,156.41120112742402,156.62599505082576,155.63450436513685,160.64313025021897,159.5090198687104,160.90897567610622,163.7819760498738,163.9253450714162,162.8657365473921,184.75805751249607,183.19729463494815,182.81287283859555,183.97345447880406,183.91892480692067,186.52419464008915,189.70908267027227,191.82560332575923,192.1987557352586,191.37311679289434,190.04000142998356,187.5956006190939,185.01206123188365,185.27125122930474,186.01642320941562,186.43468266734052,189.3804354885392,188.53778036204685,187.7953224751048,186.78668875093317,-9.580665544827301,10.309029543076406,37.39722385512969,0.5601837,0.42074472,0.2418977,0.5063603,0.33689237,0.0,0.35395277,0.18220416,0.47254598,0.2578746,0.67935747,0.19038957,0.43655646,1.0,0.30903137,0.5352605,0.90927577,0.29418635,0.046162937,0.05882035,0.061721046,0.50956047,0.0077599604,0.0032369716,0.11059871,0.08110275,0.22602004,/content/data/frame7.jpg,0
413.3440483940972,124.65479278564453,57.799723307291686,81.45284271240234,0.9951900243759155,419.7738576523855,416.4331596800713,414.0532428342465,413.39214041844633,413.56620849037637,415.057909470771,416.99201210546295,419.0605415148619,424.5730573645865,433.4868451628243,443.9603447572641,454.1814753598081,463.631673980483,471.0190453513882,475.60421089709325,478.53890490837546,481.0434740223245,418.9568918372494,420.8394609312004,422.74352490939356,424.4733693406627,425.86305045612045,434.88436510922054,440.087988490449,445.77603472839166,451.21132454801153,455.6652428373929,427.29177133829626,424.66333354801884,421.9076480238549,419.03254485780116,418.57144332419875,419.9267425290033,422.1281169646144,425.56978030286893,429.3112272191162,419.1999946376865,420.7404195889817,423.1945358780123,425.04113257387337,422.3700429208675,420.15430457765405,437.8670038690786,440.4382365452828,444.1534753745906,448.2826953624499,443.71532230257634,440.17322230437014,419.79540788326005,419.7019944196639,420.83239986609635,422.3507152942316,424.59068963648207,430.07212106965324,436.22159218205087,430.0804026736511,424.49945799539535,421.86820626580663,420.23740608973685,419.627526982238,420.51787660599695,421.0802275211534,422.4520345873213,424.7981025979526,434.5169071646859,424.86822969420473,422.51514140019856,421.079432277435,152.10112557650245,158.21431260188018,164.97653793368164,172.40855073310158,180.01640560966953,187.9887501034862,195.26231714622082,202.5476176750277,207.13754885708187,208.7544045947634,208.52916710467417,206.7383248585209,203.06285404109457,196.703560932226,188.1482124904196,178.33563907645038,168.55907592931962,145.36063690633736,145.16464574200918,146.57184552311702,148.83998838828674,151.39999443705238,153.03150829338227,152.91743597099156,153.95203639671135,156.17899554140203,159.7214072285382,157.73596039684782,162.89753781532372,167.69931551540304,172.69624835436298,175.42758136026367,177.70920841287844,179.22742479967147,179.38154478008636,179.01732898301907,153.6126887154829,152.68141753950377,153.76656983148422,156.5931631307154,156.7902932704791,155.78953294101092,160.71533953135457,159.44141152812463,160.76429508421717,163.67450840608745,163.88449061649436,162.8760429310816,184.67716882929398,183.27095654862768,182.95970456580216,184.13503399987275,184.0901566199251,186.67050983855535,189.79674397972724,191.73291483068317,191.98499835047497,191.14782518854554,189.7834724398699,187.34857017122977,184.94350265044267,185.28774122618836,186.08031082835151,186.52045637913272,189.47397407139778,188.41535612018998,187.6430317335686,186.61322316102377,-9.340129961719756,10.743478776272285,37.485600326173525,0.51038694,0.42816776,0.09704931,0.5329453,0.32344168,0.0,0.3244406,0.25152612,0.47515512,0.24368303,0.64161223,0.16808857,0.40598837,1.0,0.47665438,0.5306593,0.253633,0.23707686,0.04961684,0.032076158,0.044357065,0.030385887,0.004985224,0.0013325568,0.17997521,0.046032395,0.69293165,/content/data/frame8.jpg,0
413.3787434895833,124.95659065246582,57.098904079861086,80.89084053039551,0.9942504167556763,419.68183942119964,416.655533479907,414.6575588173408,414.363203745788,414.74675359819076,416.2385129840457,418.0095569732515,420.04032534491404,425.40487973455356,434.0350522733321,444.085383924766,453.90075860203785,463.0109238896425,470.07892863670486,474.32519903171294,477.04140683821157,479.34959101152447,418.8713840955201,420.50254133453086,422.31655763776035,424.0249866449145,425.49386767434845,434.22470382422676,439.4088870280723,445.0609504842738,450.5577732196531,455.1443333112922,427.15446577234593,424.74376943640596,422.1739067389201,419.4665800798214,419.01647658667486,420.39087898648813,422.50457760326947,425.8715681195712,429.53235972054387,419.11311330618486,420.4183902932548,422.84603023842004,424.7879003496263,422.1964451817192,420.03043458173477,437.7338563423294,440.0491656837355,443.66185444465395,447.7537838051074,443.436898163183,440.01434695731666,419.8732700944562,419.47098883182065,420.6571976932114,422.28271091965627,424.5982256556765,430.13592191926887,436.04837946008445,430.38586691449905,424.9125517373517,422.20731373897706,420.43712459636953,419.63561984725527,420.6207242383519,420.93382084522415,422.4116727013966,424.82172971043906,434.39860363323453,425.2421609140477,422.8174630297638,421.23182528728023,153.57505865722902,159.5505983805213,166.17549172996337,173.4419366030999,180.80194884806193,188.56125979443172,195.71005116113292,202.7469979282324,206.92758254706342,208.4419541442056,208.0984417771499,206.05143855232495,202.10837689389172,195.55899644040446,186.93487002477445,177.06593074644147,167.31995051992868,146.54017162203468,146.06931459421472,147.16405631603158,149.12716307318672,151.33735955114736,152.26005869412933,151.83232874951415,152.55676133933528,154.56958227175699,158.0092477668801,157.32559902593343,162.51439348351042,167.4368808058917,172.54307191400335,175.30049750165986,177.42326530316396,178.84059228444977,178.8040262573698,178.32458894186635,154.49551292386494,153.32325932470783,154.17787738530848,156.7154902354931,157.1101805760513,156.3782438506095,159.8938793170259,158.44779708976105,159.5822927944998,162.3485098502177,162.68319603462936,161.84351103034095,184.85381179434938,182.92112369025958,182.3720778507373,183.44480474137703,183.33112605465755,185.88621191145316,189.26384823310724,191.4993863564176,191.9782450955432,191.2714330493094,190.03886286276168,187.67376413115988,185.09343498699877,184.96217914992025,185.5961773590019,185.96552316132852,188.9613569312409,188.30799377079268,187.63484329822208,186.71199083249996,-10.168964677635593,10.207251473243444,37.79122428828806,0.57942307,0.42149422,0.41288587,0.4988429,0.22360358,0.0,0.29129124,0.06697136,0.4747048,0.24871506,0.7628996,0.13555254,0.3903954,1.0,0.34306714,0.5433973,0.96269405,0.4478373,0.107779,0.059433583,0.0075576943,0.008024821,0.0015580797,0.0010862957,0.12958537,0.010451035,0.8417367,/content/data/frame9.jpg,0
413.3134765625,125.09886360168457,57.15549045138886,80.66460800170898,0.9941067695617676,419.785929447536,416.70375940883025,414.63451888642044,414.24648850911467,414.55137631971985,415.9986515357732,417.77858500476003,419.84642063386343,425.2504047598664,433.92587478838993,444.082266794936,454.01347777127785,463.19677201579464,470.2437918451698,474.43447607124665,477.0852818418831,479.354695139727,418.9568808484652,420.57638819494457,422.3798846383185,424.07407057416606,425.5142996877536,434.269190902351,439.38678161402635,444.98471602088057,450.44274670970697,454.99457217446786,427.08690609917113,424.652638524353,422.0663222606244,419.33387978428516,418.93987500443825,420.2885466154429,422.3899871770433,425.75125643556896,429.4264429011044,419.082276951631,420.38512653947635,422.7876700656492,424.7369234683623,422.1546026404229,420.01309232928327,437.73007777002647,440.0165574925122,443.6075744056857,447.6825438878086,443.37698150722116,439.9777974381703,419.83628347764454,419.4396477682382,420.59662500509705,422.2085251572255,424.4864803217639,430.03227501276695,435.97737961460336,430.2422906957193,424.7424016868198,422.0796413415188,420.34811755338285,419.59114834682384,420.5787335301768,420.8796836008165,422.33523384037983,424.7182790629431,434.32583666203084,425.0504252654415,422.6603873090493,421.1143555940145,153.59953037211636,159.52991099975208,166.0988863125217,173.33595041548568,180.68371549532657,188.41762141424806,195.5316087861578,202.52107703142156,206.68796173023418,208.1968748371105,207.95427543774014,206.03221984630534,202.18000816979247,195.69052616287627,187.0957985547886,177.23168205179337,167.49089037189415,146.4596519993344,146.00335880825264,147.1182382873702,149.09099408385555,151.30950812605724,152.14031933254114,151.71267211791186,152.42465877554605,154.39696742939796,157.7999305748993,157.21413910758875,162.40622378199646,167.32042229127683,172.41125944951608,175.169442917586,177.2995554187595,178.70404485437427,178.67444689683123,178.185059381292,154.45859810824294,153.2936155758498,154.1381439644114,156.66209681233437,157.0578324668914,156.32752738524178,159.72421322512773,158.2734690476762,159.38632051859173,162.15184001064137,162.46196083245349,161.63941455271043,184.6350716752351,182.74633542197017,182.22631719364415,183.29324567370904,183.1719748219357,185.67901413914961,189.00999597503943,191.12042266117652,191.55885899483218,190.86199729737325,189.64033438780606,187.33904991696645,184.8665992460431,184.81026504381106,185.440482295348,185.80065424419445,188.71061811559474,187.98972033799464,187.32307394339205,186.41079911867638,-10.267087619228636,10.227165499245546,38.091115972890606,0.54570484,0.41116273,0.29863963,0.49347505,0.22808315,0.0,0.30447805,0.013725799,0.47289303,0.3693768,0.70786035,0.03733593,0.40822217,1.0,0.27988267,0.5420473,0.8282324,0.31245422,0.08381882,0.05274128,0.008101479,0.008888469,0.0017635307,0.0012054994,0.12726198,0.01129107,0.841488,/content/data/frame10.jpg,0
413.80970594618054,126.1095027923584,56.948486328125,78.79636573791504,0.993202269077301,418.4262693561065,415.541129452535,413.5896517614629,413.25644422313957,413.5700978146631,415.0245687904901,416.8557892860466,418.87050803117285,424.1760751467522,432.71442056768825,442.7708866252623,452.67274152198905,461.85100739386024,469.02346496588274,473.50492297643694,476.4849512318772,479.0812160212578,418.17446614667494,420.11616968232477,422.19066055103815,424.14355004890473,425.8076729247193,434.36794502962266,439.70307554855657,445.48077790878654,450.9495312911523,455.36670559592795,427.09536189429934,424.46065707201825,421.67541024859287,418.80166765556066,418.2237596204314,419.53338936386695,421.66597565947546,425.04732901758814,428.70353946015325,419.01792207714385,420.7364403752206,423.26429593956686,425.0697150319098,422.4143910672834,420.1249335927654,437.5370116786604,440.32134547733244,444.06091169830063,448.05381692651065,443.5339273369888,439.93585177300577,419.135682544476,419.105338561317,420.24169649601527,421.725629428002,423.9476724235904,429.2710435218591,435.1995020495335,429.39294359833514,424.09762546740933,421.54157885481607,419.8694360146561,419.1734941683642,419.85036394203166,420.38561624972056,421.7727741938128,424.0818166128846,433.5483559607219,424.4487454805609,422.1589554846821,420.69645327259923,151.85965823903453,157.9148130411174,164.55082911888965,171.73808952742166,179.0671083008139,186.74633406260443,193.79766931997784,200.7930902651445,205.08921552268947,206.65729044883903,206.39684731998278,204.6601727920125,201.110512901753,194.8634679127074,186.46742754429255,176.94191356053844,167.47025112936316,145.21126560349535,144.70131591697893,145.75520010027347,147.63966628321762,149.89555882614133,151.34873353225686,151.22032956340243,152.34173812675425,154.79366610173977,158.5951686531177,156.28027893045606,161.30695643558934,166.0068020767954,170.89337818791697,174.11061816460173,176.2764537783096,177.69651724722985,177.8807622608725,177.63132615265323,153.0018719312555,151.88372658600343,152.82050125479915,155.63252450169938,155.87017864543242,154.98184783013662,159.53295497588388,158.14118118442772,159.45153796609276,162.48093437169672,162.7051044924528,161.6750406740954,183.2951399468196,181.9114283893733,181.43547760300675,182.5877599293127,182.54998212115615,185.2086425713008,188.35937827583166,190.1008602736449,190.35109668751215,189.58945932864717,188.28443134268736,185.93991903914093,183.59049218260142,183.7855356865362,184.5617081740355,185.01739206526088,188.03269012876376,186.7833961044421,186.0627884999229,185.07644560455145,-9.37255685576663,11.01366751311722,39.71850094644228,0.5771863,0.4332272,0.15864913,0.5531153,0.22083256,0.0,0.28842854,0.026795648,0.47407633,0.34172678,0.69333863,0.027071288,0.3927645,1.0,0.49153575,0.5420473,0.83218783,0.22994135,0.20191483,0.040547073,0.032724947,0.04118739,0.016453365,0.004328538,0.39739606,0.030839236,0.47707054,/content/data/frame11.jpg,0
414.25192599826386,126.50403213500977,55.92852105034723,77.54486846923828,0.9934760928153992,418.56286597952555,415.69681874931496,413.80320271035225,413.4764355132453,413.6836408504711,414.9141216054903,416.5005479981969,418.41749375548704,423.67036044290006,432.2134828233676,442.38216728569904,452.57672866948235,462.02222930214157,469.3204751394367,473.8419506508013,476.75667206243526,479.3040582193631,418.8374148192778,420.6930918137735,422.762283222368,424.699463783792,426.35862066004745,434.4264185755063,439.7209293301127,445.4644716451854,450.94464951919997,455.3726064853714,427.3473542286134,424.65663971123183,421.80303453525914,418.8775876929409,418.2111855551265,419.49689915829657,421.65178862998226,425.09142523745766,428.8299235097167,419.4904181417461,421.2948252203335,423.7423837551951,425.4962932598123,422.8680399900847,420.63820423158785,437.83369169853825,440.693872180562,444.3322655086944,448.1754889106056,443.6964159422694,440.1757818806259,418.99923085488507,419.0935550206636,420.2044309308823,421.674811907433,423.93330890086764,429.16248535127477,435.12981824939277,429.16200003766915,423.87610013303686,421.31583236640546,419.6645625295465,419.04332090265075,419.70296331524395,420.2358182416734,421.6206259500601,423.9618730730843,433.45921074526524,424.2922912151158,421.9915774844332,420.56593687587974,152.73192460390638,158.650950772331,165.26916963898648,172.41769206911613,179.70749622289404,187.28328597819325,194.17643638904428,200.8714679199771,204.9768105868954,206.5924778176459,206.59103574293204,205.15894462325468,201.84688170998413,195.73862483367574,187.3292271507118,177.7445441224012,168.19645096673395,145.07982413725904,144.42346105802955,145.40663154606472,147.25864095631223,149.5104628077541,151.09254911021608,150.9761320824993,152.05588829771523,154.45002905731107,158.26967453765081,155.70895750928167,160.68609812479627,165.32807839104726,170.14559242862106,173.81006512330933,175.9365706821176,177.3154658841775,177.5423486081958,177.40248954671716,152.7237602424495,151.62074502603156,152.5213456438164,155.25130677917952,155.3794489836081,154.527285436885,159.2471294180221,158.03727865107265,159.3931228434758,162.35273992346075,162.44929791843543,161.3613496095566,183.06760795634182,181.83281484328398,181.36808962742217,182.57595476841942,182.50518772505785,185.2136092559931,188.29746939223804,189.59208642015582,189.69945442904316,188.9656269786945,187.70753326612555,185.49738737391397,183.3755352792785,183.8733561098232,184.65644705097347,185.11792759872912,187.9431793672511,186.0544608358743,185.34841550953206,184.39204819863025,-9.487683973092084,10.805593777294865,40.67761975806199,0.43402922,0.43253613,0.28663954,0.5299065,0.19662522,1.0,0.28298953,0.93240154,0.46970826,0.16168936,0.7130667,0.11837549,0.42888895,1.0,0.46263078,0.5314316,0.0810267,0.13999084,0.09296058,0.14505985,0.04511824,0.027851602,0.008612814,0.005056389,0.37802362,0.027329983,0.50800735,/content/data/frame12.jpg,0
414.4070095486111,126.98480415344238,56.210720486111086,76.26430892944336,0.9950365424156189,419.00903706660375,416.0001508431194,414.0264489385026,413.8300130272094,414.1940723402758,415.43524128265057,416.94109856385376,418.6947464270952,423.83161130652127,432.2557465090093,442.2644442735806,452.3915422512124,461.9008486400638,469.4558628388005,474.2676282965117,477.3547779581516,479.93684138228843,419.60383374173745,421.321527335124,423.0822569553674,424.74475020985074,426.1261005751522,434.83651167921477,440.01699761799404,445.64578754932216,450.9985212376493,455.45362142936995,427.428183810183,424.6538751620757,421.7043676914084,418.66797403089606,418.45856376256137,419.66697497627376,421.76377099104343,425.22223764161424,428.92957084308034,419.9846994428824,421.76873763055835,424.14689336473583,425.87468115518163,423.2773523376537,421.1213125775662,438.11595293103693,440.95879084023835,444.5689677359377,448.5081647256763,443.99764327369013,440.49543146596386,419.38386425051306,419.2671782235784,420.37323738837415,421.8547442260906,424.1317370683138,429.6252440306246,435.7795049681184,429.7477626542658,424.30447302679806,421.64465892026004,419.9287108783779,419.2949284013625,420.0061533618415,420.4813333927101,421.8950828303882,424.27210668351205,434.19447056164404,424.65067862088324,422.2845971937528,420.80084841332285,153.13481960840303,158.91235507472643,165.43492465223022,172.49088840327522,179.68684811239956,187.1743694712478,194.00190871596885,200.77017557741772,205.02347365068118,206.73711429166843,206.81496588876587,205.3996290901884,202.1283946578613,196.07033815507947,187.6851178414433,178.1302143743871,168.6407527242016,145.08767989208377,144.64533804889226,145.61324908552155,147.40163751483746,149.55571625690672,151.12732355391807,151.09777191243296,152.1949792219043,154.56520360643353,158.17935435922968,155.82013785887526,160.57511561678385,165.00855733272843,169.61418679488787,173.5442905522581,175.61430735226804,176.95227803526024,177.23833574289674,177.08840923321176,152.87890812073283,151.9000492032617,152.78963134355405,155.32996244961396,155.48884582045602,154.63089361890874,159.40813261334725,158.32073584881564,159.63950819268334,162.41991808878348,162.53900834017304,161.4867271625469,182.83795587213135,181.35240426428828,180.8238621784445,182.01635205323956,182.02970006739997,184.88436408804392,188.31446552666773,189.72258010589564,189.84609423937928,189.04556795490345,187.7204379851657,185.3366255731442,183.12423722855436,183.41615889827608,184.2106357558194,184.73285567230806,187.94896340618595,186.1686863365172,185.3842409452759,184.35300730039927,-8.815213000831505,11.201806037891883,40.83540589776764,0.526122,0.41494846,0.09183625,0.51380575,0.23152167,0.0,0.31077525,0.1665528,0.47344974,0.21532455,0.6844265,0.18637346,0.3804717,1.0,0.44750068,0.5314316,0.075623095,0.12598982,0.18306503,0.085628934,0.029014535,0.011706574,0.011929703,0.0034128327,0.3685841,0.013937808,0.5614144,/content/data/frame13.jpg,0
413.9900716145833,125.24586582183838,56.94232855902777,77.59359455108643,0.9958648681640625,418.1131307834061,415.4156348590954,413.7240991635198,413.68257877687864,414.1451387775075,415.5069450226662,417.1638769273368,419.09476290990676,424.33327042213557,432.7745363802615,442.6924129729145,452.54365437462917,461.76466833769064,469.0885010210155,473.7231612821001,476.66371761918225,479.1720290409396,419.00984348654885,420.85104682145555,422.7225569167767,424.49395744027044,426.06373191377526,434.8583727836093,440.0103805309468,445.55437680269836,450.83806765297123,455.2799900711453,427.40669754639583,424.74101241254533,421.91280323493214,419.0213443214651,418.45572357566266,419.7436256138224,421.9050000384586,425.3651182824146,429.04408399787974,419.6267857889585,421.40954423676453,423.8946652911929,425.68149460998995,423.0607860794263,420.83176637725285,437.84070619142716,440.59533999517885,444.2704901362659,448.1866069804021,443.75723294574624,440.2183612466273,419.38869672273125,419.39438539725853,420.5158923180138,422.01705860175645,424.2835597316567,429.5682856431972,435.50944019577463,429.76685090879425,424.54746705534825,421.9403752691287,420.21019404877063,419.5037522462678,420.0937676934211,420.61217521561036,422.0461873902993,424.4110332154419,433.88607285829653,424.8562094592043,422.52415537400753,421.01542176566204,151.62309394104514,157.58193055903126,164.24952884874205,171.43781013045296,178.81758607156797,186.46380287776157,193.42113507351775,200.25472056104493,204.43779441341195,206.01708701063797,205.72804129546222,203.98045273105066,200.47882658778784,194.2881723203704,185.80811792685796,176.2075056499992,166.7297243435187,144.62412897263886,144.17210689470136,145.12326437551494,146.8231457728665,148.83373702297163,150.27293837881467,150.20277343470627,151.2870015000472,153.55802304497428,157.04796104330595,155.11223552494297,160.00761745198386,164.57577017043664,169.31687246933456,172.95550409491972,175.06524755455368,176.40789684137133,176.5981982666063,176.3452825720867,152.23343876848475,151.0224254102283,151.86939967326035,154.6488249980982,154.8696787679894,154.04267868995606,158.43155768686725,156.9979506568032,158.23885869344127,161.24887790894633,161.4651113651361,160.479869011533,182.276860726716,180.75381663323043,180.19970643471535,181.3478030527001,181.30168871450775,184.03507185019606,187.36672594851018,188.85962839189074,189.06200645690262,188.33851805556026,187.07855712170058,184.79118826865636,182.5340665143181,182.6250908566809,183.38170121858798,183.8364233357035,187.01482731721597,185.43763259215706,184.736554793489,183.76696600720703,-8.541860276025417,10.741943485611166,40.397733694128235,0.4898135,0.41125903,0.32125708,0.5666177,0.21787216,0.0,0.26085335,0.033620223,0.47703353,0.25381458,0.5710338,0.14300126,0.4325152,1.0,0.36477435,0.54493177,0.96242875,0.2541954,0.13218382,0.038543664,0.024041845,0.016455807,0.0051845,0.0056702215,0.23009615,0.013506587,0.7050449,/content/data/frame14.jpg,0
414.08786349826386,125.24481010437012,56.71156141493054,77.57770729064941,0.9958958625793457,418.10753637298944,415.40837740557765,413.72682075080365,413.6940412737448,414.15482250760886,415.5101574737658,417.1750122705716,419.10823429682324,424.34918715940677,432.7718952912403,442.6736361780083,452.52072980623814,461.735988263378,469.05562468265714,473.6866614819377,476.6289795257224,479.13501840518563,419.0150950818979,420.87249289248996,422.74057351107314,424.5097441731074,426.07309634122623,434.8822610517678,440.01779106551334,445.54352586562726,450.81275120057376,455.2587857917088,427.4431397625357,424.77967338694464,421.95115825212963,419.05707167841933,418.5379171735169,419.8124825649065,421.9587573200656,425.4009603082016,429.05569305178545,419.65637568080405,421.4302489423825,423.9185372425633,425.7142283465108,423.0963868968811,420.864416628612,437.87534774986483,440.6136673028616,444.281281562483,448.1915249890302,443.78513650260703,440.2538088491271,419.48039580523545,419.46373001440236,420.5775053429104,422.07226891755914,424.3319775871515,429.6194750876426,435.563103136338,429.8297159672061,424.61904701336874,422.01858992288,420.29914751702876,419.594642617407,420.1847841802668,420.6876710200203,422.11200380291143,424.4684056874386,433.943891299061,424.9198857620272,422.5962300618187,421.0943085480407,151.60528683155468,157.5691152503275,164.2274219051512,171.40261499695558,178.78261670289123,186.44525157742106,193.41473715111042,200.2577658001834,204.42677704943725,205.99227382489983,205.70851425193115,203.9797054885217,200.49906048310874,194.32412834792385,185.86061996305375,176.27363696471602,166.79673641163782,144.68680573575358,144.26583290870957,145.22051610408295,146.9138431296925,148.92116231070924,150.32682064077915,150.2493761784329,151.33575435620406,153.60561453714286,157.0768765386275,155.11124264265598,160.00198501015694,164.57189356415284,169.31540988598263,172.9469597848518,175.05449566246773,176.3959489431855,176.58398079068328,176.31880411550046,152.26950474121696,151.05632838824303,151.89043637642405,154.64429809027425,154.87535248121273,154.06015476942895,158.3954521580818,156.9719877608292,158.2125196486148,161.2221278690043,161.42206741989077,160.4360196889143,182.2779826482343,180.74785386037615,180.1847626488768,181.3264040008786,181.2715708578747,183.9862220470298,187.31546276788447,188.8117605829745,189.03018870221644,188.31710814761465,187.06757612241228,184.7945420335805,182.53082436319676,182.60392967174528,183.35120741925675,183.7976575156898,186.96872997694862,185.4173271281436,184.72201379919431,183.7604639761679,-8.467904390149295,10.79892986207166,40.43197908380468,0.4711621,0.42014524,0.28500766,0.56517553,0.2235579,0.0,0.2523202,0.080454476,0.47870544,0.25775445,0.71533257,0.08696061,0.46778026,1.0,0.4157698,0.53278595,0.93168247,0.2270109,0.1557732,0.041992538,0.01774258,0.014521398,0.004970997,0.0046393927,0.20852862,0.01133704,0.73826003,/content/data/frame15.jpg,0
414.7637803819444,125.70539474487305,55.52110460069446,76.61209487915039,0.9953408241271973,419.6304068219981,416.5186742889467,414.5093663377586,414.2974763685441,414.67600063605005,415.94979810756917,417.4579962546629,419.1677386519818,424.3043442923596,432.74191103623207,442.6615486029711,452.5830547556081,461.91980859639,469.48015097730905,474.35203662899386,477.3857926889429,479.90747949671567,419.9505336704,421.79655954447867,423.532338850578,425.13250046638854,426.4787207106946,435.3129098806491,440.50095917032314,446.10345094866034,451.40837727240324,455.8301529116425,427.7843882572357,424.9944169002813,422.0530736464204,419.0298852342843,418.68703397028474,419.9368905274691,422.07746663798855,425.58754223047094,429.30496784079986,420.17753397865727,421.9955009257844,424.4129387235406,426.16052135522415,423.48127330224065,421.28894256808564,438.3600200280859,441.31038838744223,444.97718682735706,448.89630190059825,444.3218556698548,440.7683203860039,419.66790046381715,419.58056188219086,420.72065134724943,422.19699585849327,424.5022390463736,430.01896766374625,436.19763598581454,430.193806478858,424.782946129956,422.08990287169945,420.32921274011005,419.63443715903026,420.31375991831464,420.8215275871188,422.25168076455964,424.65344655155883,434.5831887294293,425.13869803427883,422.7454230796811,421.2139936425159,151.45900014372825,157.34032767988788,163.9998993236497,171.19148367523476,178.5313712782634,186.15245092045205,193.14596516685387,200.12302380196078,204.50784418226803,206.2162029492666,206.01680675086544,204.3260598169344,200.89465114278354,194.77726257466492,186.35122791003658,176.81895751547455,167.4016681704632,143.30095686304534,143.15482906204602,144.34909381883517,146.1963800294433,148.37649371884908,150.19848826314632,150.2543211713993,151.4331413259791,153.77354242330597,157.2645047383336,154.80658273936305,159.64348035304656,164.15258087460197,168.8143410282135,172.60376747257814,174.75367144334632,176.14561998477384,176.44170591387712,176.26221755291664,151.37985648940517,150.3892621157691,151.369124449871,154.06849952925683,154.13779611947834,153.18389123815828,158.38814955154535,157.26164706224625,158.66572223297635,161.57739004129363,161.67739774490252,160.53272449068373,181.8209756536832,180.39784748246285,179.94966085315565,181.165776009558,181.2049834350708,184.06763511184198,187.52507247518724,189.12413814618958,189.3095774874585,188.49270406522982,187.11938658554146,184.57612610421955,182.1339336531085,182.3763292460588,183.20947744868897,183.7478986937781,187.1771319174847,185.67567657082336,184.8731216675136,183.78786232120854,-8.17003401876091,10.773014047343686,40.807008525410524,0.46942648,0.41776407,0.08177241,0.552259,0.23531625,0.0,0.315735,0.3485837,0.4718146,0.33672434,0.6385592,0.13101533,0.4368597,1.0,0.30411497,0.5306593,0.4282507,0.2321365,0.062498264,0.029639767,0.021379014,0.026797127,0.005861941,0.010491745,0.29049835,0.025477491,0.6194943,/content/data/frame16.jpg,0
413.8445638020833,124.27320671081543,57.622884114583314,78.19220352172852,0.9964469075202942,418.91687783866314,416.15481261035865,414.3556805698337,414.1308047943555,414.46116528081006,415.71615566177763,417.28796929666066,419.1648390558322,424.38778356576773,432.87839118238327,442.84767230316646,452.82980554556696,462.2047683217972,469.74485304561523,474.4954681042598,477.4116021951897,479.87034504929335,419.3346389041317,421.0759461846777,422.94169617413405,424.6928257082007,426.21801404939663,435.01586175613687,440.2276823018005,445.8189116831717,451.15945478372805,455.53911443652777,427.508136638793,424.82932776751886,421.9968890638835,419.09282411066033,418.56337458491,419.8697343031512,422.03479387426694,425.5383420694815,429.258172791756,419.73928079454197,421.46832738596027,423.9040644949496,425.7085683643751,423.04777651215664,420.8358469648818,437.91734006608414,440.7379025816193,444.42416007235835,448.32934825359763,443.8174370255655,440.2569099726325,419.43413518637794,419.3742313244794,420.51863781175325,422.071406761198,424.3749845752015,429.7457536510758,435.63153878322095,429.88603920050457,424.6001875260994,421.94009197028714,420.15891542865353,419.4063784067493,420.15396025904823,420.64907174576473,422.11393956576694,424.517031838429,433.9544627488647,424.9639394799673,422.58076296234407,421.0293921984539,151.14413306838733,157.15619952344701,163.97364322888788,171.3125626078616,178.72656455111382,186.37317982870297,193.26814173765842,199.94535582109273,204.0244782853162,205.60286758686226,205.36078014720778,203.67266683608403,200.22000420594122,194.0611478422531,185.60926716912707,175.92859951051105,166.34918285701224,143.24050332216348,142.72817178215732,143.66013236353282,145.3247030262893,147.33239401687098,149.031667645091,149.00600255105195,150.1575369882828,152.50318061288007,156.09282907454295,154.08451169683286,159.15538115674377,163.89815798716964,168.80786419095148,172.39979728781046,174.5590711671015,175.9542310480968,176.1261687221091,175.83055314668482,151.21587956193275,150.0162475416259,150.8845431419612,153.58298813116326,153.8412833377659,153.01339809632776,157.42327813170323,156.13230264911857,157.48248849356668,160.4514712020869,160.67244883623897,159.60149742525823,181.85727538272712,180.24845037803,179.7182863794613,180.87051990946938,180.79823930904212,183.54745800847158,187.02306206719322,188.64171911270986,188.91442681600864,188.19936116696599,186.93046862702965,184.56146132181613,182.08822767262527,182.3024352923223,183.0446145556385,183.48130705351542,186.65783362937972,185.16238469492873,184.46923140989674,183.49296792104025,-7.372260001226982,10.64112081696971,40.101224341577115,0.55176026,0.42511177,0.22441117,0.5708324,0.19365506,0.0,0.24274871,0.89763236,0.47584042,0.20871304,0.60949934,0.096954666,0.49503106,1.0,0.38337272,0.5314316,0.39693213,0.21772839,0.038253978,0.111590505,0.051753763,0.16470085,0.019507075,0.008356665,0.32280114,0.04229953,0.39058098,/content/data/frame17.jpg,0
414.0627712673611,124.15954971313477,56.96229383680554,77.72897529602051,0.9956662654876709,418.72064260932825,415.863951212243,413.9445738484208,413.58267801404577,413.8395347552236,415.0959133908612,416.74303945465186,418.7364986157749,423.97344510964604,432.428927408589,442.3749882855144,452.3481494792085,461.6747392010462,469.0689031554395,473.7406152652224,476.71990439237726,479.28659265612646,419.1948425566846,420.96427586094575,422.79340408288556,424.52401046392725,426.01895333540915,434.93013181121194,440.0524530551132,445.59876124278566,450.86958243766645,455.1479243734894,427.23134850996644,424.5280995567539,421.6788469172513,418.7379719123066,418.46112420507666,419.7085296308949,421.796151899026,425.17864058983145,428.8096577267035,419.3619352319135,421.0995522806022,423.5729336172145,425.45890050742486,422.78219313022083,420.54072256671964,437.6382398631743,440.45877989913765,444.17349417803337,448.10100251259036,443.5824298479594,440.01089219389576,419.17444434923266,419.09655004968056,420.24366706866505,421.79384744086605,424.00283598555075,429.25604433736595,435.0830738902248,429.35658709633674,424.1921629292866,421.636724535469,419.9058624123878,419.179334025835,419.8679792328901,420.4305199861496,421.87101482146903,424.17061388265716,433.3876125809757,424.51078137299464,422.24154055977357,420.730952947008,151.01972620466262,156.97851850394008,163.69091309839368,170.95398701912436,178.33232832472837,185.90557842206,192.69765890024433,199.2629962623975,203.30527161696804,204.81931452707113,204.646477385271,203.0693273471258,199.69109175762884,193.54357017264246,185.1396032158225,175.5828623372973,166.1386701945738,143.03621861935216,142.5115360273474,143.36664289394707,144.9511816531889,146.94231689751854,148.3553305828149,148.3069591998944,149.46797246295793,151.84883633699,155.4633414334881,153.61323402489805,158.52263612192297,163.09238499249415,167.8421568002134,171.87825542856996,173.8931858017887,175.19229976616188,175.39856684020737,175.15227057737647,151.17139513308766,149.94075609978051,150.7551749638627,153.40466805230216,153.74217526946828,152.96218984715588,157.04485854493757,155.69345645271343,157.0050767587773,159.9806492869456,160.23471510412756,159.193605940305,181.3702157365774,179.49868993218237,178.72706060302895,179.82200346615832,179.7095937205955,182.52076581446119,186.07639742559218,187.52097301432389,187.79980967187163,187.14656666855103,185.9634094806358,183.77677612596585,181.49642443305206,181.4248666984886,182.1072976519652,182.50649429673726,185.69345707915463,184.05557942585625,183.40394870930618,182.53225752740832,-5.852088112125201,11.938749366722556,40.998845133747054,0.51435477,0.4493812,0.15084606,0.53954583,0.18431368,1.0,0.35784286,0.12914819,0.47291526,0.20782347,0.59090585,0.11052664,0.4182387,1.0,0.3499672,0.5314316,0.4446113,0.26606542,0.18164851,0.07616203,0.047681946,0.5957222,0.036198676,0.0012273313,0.17263383,0.015336012,0.13119993,/content/data/frame18.jpg,0
414.3482530381944,123.96500587463379,56.06624348958337,78.19055557250977,0.9953354001045227,418.5739304993125,415.59042200333477,413.5924052233695,413.1886345233438,413.48109522097866,414.7425997264196,416.43944949079685,418.5642986020298,423.78456881690477,432.0961229915606,441.9551619158294,452.1193567950022,461.54403056775163,468.9680827957459,473.62695698966945,476.56306799430104,479.1611384128646,418.98454796969577,420.65228532803144,422.6168148715592,424.4596265387852,426.0078355332512,435.2676639070421,440.490442413937,446.1264515449416,451.4403562729567,455.60287946340395,427.4336779069911,424.78349261844414,421.9837437769686,419.0879234362934,418.51240464070816,419.7790865181389,421.80368643978454,425.1404167006219,428.7223919280393,419.08144717729886,420.9369694815109,423.46834505841684,425.4155961890226,422.66896329728866,420.3469643907092,437.81243102294843,440.7318088955319,444.44056612059785,448.33835125230144,443.84206024078776,440.2275750880376,418.8673545264912,418.84445552609986,420.0558878676004,421.5887534971687,423.761840391556,428.9044933694224,434.5215602817616,428.99929394473907,423.9665052758696,421.4552575539908,419.6898561966725,418.89255489180164,419.6081339733928,420.1672677777956,421.62581302240824,423.88978845138104,432.88671873983867,424.28362665056534,422.0338369132503,420.473958908083,151.73584015673578,157.6552023966251,164.39232935387327,171.63153416192972,178.8635077067047,186.28880149730412,192.8986906580194,199.22051492383707,203.0301547031977,204.36463876190692,204.40953635016967,203.23556620286172,200.19207681075568,194.25991864635898,186.04991814091954,176.60298572326656,167.23979726259495,142.99688085156117,142.15190522043895,142.8975446578986,144.49494357981416,146.6069142753306,148.21517687004143,148.10351173600452,149.23641803904002,151.72951769491078,155.56560499481134,153.53778651785365,158.2131813241001,162.56324478310853,167.09267768650625,171.58255955051754,173.43384124731801,174.60435515277914,174.8796856420372,174.71740446134208,151.1903523557412,149.84319261394808,150.64750147712653,153.37387788347337,153.66136114543883,152.89154758923655,156.97850323949865,155.53322369983857,156.85391914321872,159.92299758802733,160.0858604016546,159.05043074468608,181.3426453758916,179.19658204235202,178.23364398217745,179.24350975325297,179.1067980510752,181.95997043663147,185.70256583531273,187.09195827986696,187.3829369320497,186.8114042794682,185.73169222291517,183.71994694833256,181.39192198901856,180.90654371451228,181.5064141946632,181.86062865034455,185.22939066713298,183.84079796786045,183.24165452887473,182.43567347101634,-2.7003237203181847,14.0563746487323,42.38665450651843,0.5644321,0.45112082,0.22732857,0.5332211,0.17379482,0.0,0.28184998,0.014333924,0.47189948,0.32193962,0.6714776,0.015741246,0.4580323,1.0,0.3159242,0.54358256,0.75715756,0.39430714,0.060428046,0.08355782,0.062033895,0.5578149,0.011950827,0.004876294,0.15052308,0.04731975,0.16548127,/content/data/frame19.jpg,0
414.42816840277777,124.16097450256348,56.0380859375,77.84565353393555,0.9954645037651062,418.49381727683306,415.5503763129912,413.5814722464818,413.2106032897365,413.5441460679398,414.8657405623256,416.6026822302365,418.73650773278837,423.95413538558086,432.27408281505984,442.1121415357929,452.18650148408267,461.49404544942035,468.82201993038586,473.4316909252282,476.33036831459486,478.8670562435026,418.8116973975329,420.4611233402485,422.42329574912486,424.2646435338191,425.80515192418716,434.96913452097175,440.1554285068248,445.78514051149403,451.1095754616771,455.2632253714896,427.25874732049203,424.6471954522091,421.8810688003208,419.0185970385461,418.41133776696364,419.69539310852747,421.73568392649497,425.0684335221575,428.6360700847987,418.944894017795,420.78768390284233,423.312409080365,425.24680017761204,422.5120712241461,420.19200458573647,437.5398621429642,440.4567801530138,444.16773309418676,448.0746724845113,443.56948973378894,439.9506335528135,418.82140651911897,418.79141472934214,419.99443126940093,421.5157775425283,423.6862638529959,428.8103804850129,434.43361139002553,428.92611043034134,423.9123952106877,421.39733878707705,419.6423917445832,418.8546458186679,419.5478951957672,420.10978537776475,421.5589264100444,423.82023998696235,432.799068591109,424.23994965325466,421.98818511921564,420.4376098661507,151.50000984703297,157.43344266275707,164.17361926696375,171.41051313952502,178.63938915684102,186.03998647528158,192.60986717485173,198.89579330372862,202.6689180307826,203.9449708289775,203.84847260032765,202.5358717453064,199.4058124166533,193.45448140948065,185.26994386238874,175.86978253305816,166.54253914281927,142.92957960853224,142.06934726004016,142.80797825462315,144.42179712491264,146.5483689740473,148.15232699597613,148.0159844811213,149.09682755989152,151.55742381533963,155.39571032012654,153.40948434551433,158.07215948827843,162.40265878579947,166.90977918487278,171.37884817926124,173.2309894447839,174.3986564303368,174.66497728744554,174.48821141906245,151.0538607462739,149.6976321796038,150.49721557791594,153.23108706630705,153.5292009466453,152.76497684676028,156.81608451273632,155.35334375029234,156.67053816821453,159.72657710267967,159.92545053651506,158.89406481831162,181.06890508730368,178.98985295038483,178.04667477578943,179.0530046963514,178.90347726398213,181.71836249808064,185.39068496724548,186.8228465206568,187.140080758573,186.57330191205784,185.49032352253306,183.45219585509528,181.12271380472748,180.67679855807972,181.28069339283445,181.6218475655657,184.92274289049337,183.59056510558156,183.0029454033837,182.1983759013409,-2.4596300619531437,14.284083144805416,42.51134037985465,0.53428656,0.4622117,0.112074025,0.5230948,0.17320712,0.0,0.31253105,0.1343034,0.47103375,0.25159672,0.60017115,0.051654052,0.38910913,1.0,0.37773407,0.54358256,0.8633576,0.39596465,0.04816089,0.035503317,0.056508716,0.5935575,0.022986852,0.0052025993,0.14449155,0.03638202,0.14087081,/content/data/frame20.jpg,0
414.28187391493054,123.62084197998047,55.88815646701386,78.78426361083984,0.9956146478652954,418.30828750948353,415.50316805432544,413.6240178015709,413.16763189035595,413.40422535586765,414.62022557898797,416.27817320485286,418.4346952494126,423.68000293608094,432.00282467677414,441.74103724419246,451.6423377588811,460.764973132311,467.94851216922905,472.5104666210751,475.40884117494534,477.9457190923129,418.61882743900213,420.09981352686435,421.92211417762735,423.6422140248498,425.12549922929156,434.55802508815725,439.4776555857194,444.84658868679924,449.95039081957856,453.96249576318024,426.7734333008383,424.1936526283771,421.4485891412246,418.59428098846195,418.19727342572145,419.4380934012303,421.4132233185454,424.7074939137216,428.2371478389058,418.74137936883426,420.4771278600306,422.86945164000537,424.7667553340857,422.16525420854657,419.97925360122554,436.86268096081346,439.6210319893741,443.21592898259206,447.0603900089367,442.63614024300693,439.1573909002274,418.4968037988252,418.40981351103784,419.5451178415161,421.07030839018245,423.16900173592296,428.18217753931447,433.708941049016,428.2713725559297,423.39974456959965,420.96063827530327,419.2524369198888,418.4684494364502,419.07998063606584,419.7630323935916,421.19838270787716,423.38594141748797,432.0636808275109,423.75345632974296,421.5436643738955,420.00682327736604,150.95243813710712,156.94165654958277,163.77010886448153,171.09112154863996,178.43399838066253,185.93096110423048,192.49440924034587,198.59117615644536,202.23984599270278,203.35685600461383,203.15771757127112,201.6983307820592,198.4749918779242,192.49247640459396,184.3873748053831,175.02454937046878,165.69943959062002,142.54711868385448,141.64724558164644,142.29992138838315,143.78001713207976,145.721643623847,147.1797230722588,147.1280718404747,148.1568250781982,150.41272897269818,154.0470518706922,152.6377582109746,157.25532536263273,161.50855015751205,165.97471372030085,170.63488214975604,172.4145110841013,173.5497900566761,173.8076799347691,173.57542971460953,150.79584744820977,149.57115087297834,150.28863584584525,152.6995554216838,153.1817218680736,152.49265183479557,155.8760188325179,154.58366737088016,155.87851799478022,158.68408543956593,158.9568942175224,157.9701674784511,180.77087569597006,178.6462947483513,177.64466319714066,178.58442709902138,178.41548711114356,181.19979618020315,184.95538057249814,186.07040139776072,186.29352277267807,185.7449186192476,184.74132605683678,182.91326352690083,180.68501946997583,180.14011193535953,180.69566415433547,181.006867615661,184.44311147716763,183.06350628730104,182.52325333674034,181.80450328624573,-1.5259700881751026,15.210253675491588,42.01166409793154,0.55873656,0.4534158,0.19440779,0.5521128,0.17080052,0.0,0.281953,0.024898825,0.47676763,0.28018016,0.49861956,0.027771994,0.4434484,0.0,0.37537217,0.548043,0.4657717,0.32225204,0.122653835,0.03781976,0.02610892,0.73555285,0.022902347,0.0018831112,0.13803473,0.016690124,0.05882795,/content/data/frame21.jpg,0
413.78317599826386,123.08307838439941,56.90448676215277,78.88166427612305,0.995965838432312,418.47878253683007,415.5288996975879,413.56862083771546,413.11708566197944,413.2992422704647,414.493872933508,416.14214325928504,418.32574175985087,423.6377659710877,431.953575816887,441.64347179976403,451.47767747750504,460.5786640874817,467.63348563564796,472.0506684345178,474.8891192514361,477.3978877929176,418.8811711707017,420.4672519309763,422.24846602921275,423.9125482177542,425.32366034926235,433.9984714160312,439.0292504051165,444.48590026636975,449.7149354715757,453.9343472711662,426.53279250749574,423.93511080087455,421.1674198329695,418.29728604893126,418.12271377461946,419.34214973816006,421.2385859100359,424.37947633357476,427.77878139847076,418.8081742463678,420.4201858973704,422.9574947806159,424.79624938996835,422.16294091887767,419.8633911088964,436.52525786428805,439.26406432499516,443.0292567405677,446.8816414941102,442.55425202116203,438.94136691525046,418.0948406060122,418.1182029506123,419.29966223323686,420.8033407613352,422.87136597025733,427.72229030982544,433.199736790579,427.68965665622,422.86892860193825,420.5029322949806,418.82748982609087,418.0440367101114,418.77289164733224,419.47031750996643,420.8780556918107,423.0145670010595,431.4306756816002,423.2481001741594,421.13054617405896,419.66042377577014,151.50631873033603,157.34613191863855,163.9863469600282,171.12585577316986,178.2851230674537,185.61770304698166,192.0670755342212,198.06793839841248,201.63208177999877,202.8621403250272,202.90398745656103,201.67114173572327,198.62823408281702,192.69687571011355,184.56230563865165,175.23246594127113,166.01431639028988,143.13320533978504,142.231745795385,142.8579971178683,144.28451770511583,146.19262447043616,147.21601449340938,147.02860795154243,147.99873978412688,150.19265337411252,153.85260733465816,152.67706515857208,157.216043026664,161.4440110046246,165.85901879079302,170.71189246081076,172.3491551347579,173.41734872676307,173.65981045394847,173.54574500184935,150.98255818146436,149.35302794566837,150.10425081506742,153.0203871051001,153.4761665176834,152.77850368868485,156.01694808657794,154.1689856413534,155.34029063316257,158.48097230061853,158.94940684546964,158.05596748409175,180.7111959898316,178.4428975296637,177.27609771980542,178.23627414405883,178.02133436747636,180.91654991277028,184.6153353257605,185.68482094865703,185.8896106659663,185.37900457134447,184.43346928317442,182.71230923213307,180.67875980819645,180.1079304046907,180.6142372524164,180.91299541730496,184.1251026964169,182.27469441978883,181.7812063239635,181.13730664939203,-0.5293417085796444,17.634859498291377,43.966407764417774,0.5504048,0.4721904,0.24757712,0.5177327,0.10688968,0.0,0.2706059,0.21600372,0.46887296,0.2404546,0.5030293,0.02394418,0.42035544,1.0,0.27898052,0.5466953,0.24712569,0.24356249,0.081964485,0.051785186,0.016818102,0.32958508,0.053460736,0.004767273,0.37282437,0.012257051,0.21028739,/content/data/frame22.jpg,0
413.6963161892361,123.3541488647461,55.507568359375,78.69149780273438,0.9960808157920837,417.52244279208315,414.9559449185419,413.29862537605294,412.9089182200989,413.14296624473883,414.3502978832783,416.079796726635,418.4471556576329,423.68316056526055,431.804088940013,441.2683521142935,450.9404909996585,459.83799131678245,466.7643618305468,471.2133005423355,474.1778694552595,476.83186024732566,417.9413180065152,419.52710411329355,421.341216920684,423.09393173185526,424.61227206802397,433.63924372465664,438.56351949247545,444.0000943772102,449.23163029194257,453.46255081758716,426.1995722290703,423.7463287104289,421.1319537955584,418.42859864305393,418.05499027416374,419.32727990641143,421.2273870563087,424.32491695054887,427.673422446422,417.8670111498359,419.5621693850033,422.157370969524,424.1398027095758,421.4147470506385,419.04436001110446,436.0707388950017,438.7963292571192,442.5928118915617,446.53273006119707,442.0913953914758,438.4619230740169,417.8656349927038,417.87040229368904,419.03706553403606,420.5840181187981,422.598309725706,427.3020232459341,432.59060354730826,427.30285062874975,422.72449967622487,420.3903204846698,418.67603394678883,417.85587243832487,418.4416313295136,419.25305747655,420.69957310448626,422.7839361560411,430.89972012335494,423.05828391510187,420.9555073745585,419.421756329892,151.05446415037767,157.0825445783743,163.89872965207033,171.14297839221544,178.36818044223764,185.7729189347956,192.1951881756642,198.02608695617965,201.4184972115989,202.43915552726105,202.24615019303965,200.80210264241396,197.54960450965302,191.48580028076685,183.32880195517137,174.04140733598032,164.7839110672423,142.65806232565882,141.75910808225672,142.31795733234685,143.75077893041635,145.6597593388771,146.9298848303588,146.8481343425661,147.8489833125168,150.10649451071805,153.6400635914735,152.491515532025,157.05751484108805,161.2687976888843,165.66665536160363,170.72715942859213,172.27549098471354,173.25542743186526,173.50337773918946,173.35390287228802,150.6914316475457,149.09178547149205,149.8339675566971,152.71417719315468,153.2168122536459,152.52670462973438,155.7913855523213,154.01822256584964,155.2325334880039,158.2752534920499,158.7758960796382,157.87329178347463,180.9021950975839,178.4493146142595,177.15003091409525,178.06851026625517,177.80245884916877,180.70255381547395,184.51799871322146,185.3277813515357,185.5274170051911,185.09568077216244,184.23001320883924,182.64993716917962,180.6983268461234,179.95551718823845,180.4297538814084,180.6613085006924,183.93422666648112,182.05476750201996,181.63229007668997,181.07157780815106,1.2359417723456558,18.87999485683136,44.24287859374209,0.5165937,0.41457868,0.3682734,0.41002676,0.11511221,0.0,0.2515441,0.006607538,0.47582057,0.11548294,0.39880052,0.10830985,0.45896134,0.0,0.4861028,0.54482055,0.37594986,0.44588262,0.059421673,0.046419367,0.03036267,0.45683536,0.08105017,0.0017415265,0.34086373,0.0054972665,0.08364925,/content/data/frame23.jpg,0
413.33197699652777,123.32076930999756,55.1802842881944,78.86330509185791,0.9952309727668762,417.2522482265052,414.6234362921526,412.9216170349878,412.6241735981297,413.0016746922302,414.3081610560338,416.0389596310956,418.2523237820391,423.31718935569097,431.3474302644358,440.7211720934884,450.33388400579315,459.17693343846827,466.17313023647216,470.69648728876984,473.7171447270356,476.39136464368914,417.77313701130015,419.25629991145644,420.92208751160973,422.47447361161665,423.84216485889306,433.1867158421807,438.09850856916165,443.48021186478286,448.6628194904296,452.8356382008502,425.7085711296694,423.303775668497,420.7442828266284,418.08889735132925,417.79670967689464,419.01803774146873,420.8791417136907,423.93831414613663,427.255305205047,417.51502788656387,419.1363156640622,421.63326394596146,423.56878906284027,420.8713772307544,418.59424588876533,435.555325936091,438.2028792395361,441.8989705432281,445.7948287653286,441.3599016432833,437.80319592302584,417.99999923939595,417.6957375542638,418.7437453246552,420.257069278397,422.21727264652634,426.99394419188883,432.21484682273325,427.20227657875995,422.6674462549094,420.38350935631837,418.72592621706656,417.9562778392947,418.6400402619716,419.106600229185,420.4780143669358,422.48758551905246,430.5419857306787,422.9266863486459,420.8883615083579,419.40419173555057,151.2003349741218,157.2366662540864,164.0764903706807,171.30409865612518,178.46415340168934,185.7318448079078,192.00883557369593,197.78294844754458,201.1826074175869,202.2621779662348,202.15287728635334,200.75017112601688,197.52042262092732,191.5349962274565,183.4621677079822,174.16322777374862,164.91847281814645,141.64339026890005,140.9326115069399,141.73399752600568,143.31127622550252,145.27693137187956,146.83212656197165,146.72944529416847,147.6533764580154,149.82259756330774,153.23014793300703,152.2705503502671,156.86322649504882,161.12897644874994,165.58074682982016,170.39682460677946,171.97270722234842,172.9563400116206,173.17530801968778,172.9537170660591,150.40354898108913,149.04169026222255,149.81521947127672,152.35312800950868,152.9460660064689,152.25313455581315,155.55040275632413,154.1262674127875,155.4354218480977,158.2575617925611,158.7236197336348,157.75015720424938,180.94537529170597,178.21033688248485,176.79295350849037,177.6301413242846,177.3649305039313,180.26300895295702,184.24831807981877,185.3558441514833,185.70518101507093,185.27448771313215,184.43547793730272,182.8072379438807,180.71971172152809,179.52384597150143,179.9141515525365,180.13747985505321,183.6670507804214,182.17578495274023,181.72712588389103,181.1785241280346,3.343561451131476,19.457923472228657,45.565751713747936,0.47394305,0.4054239,0.5452918,0.56282794,0.112194814,0.0,0.2607357,0.0006060344,0.4748189,0.10186378,0.34701082,0.20518433,0.42587763,0.0,0.451943,0.5111386,0.24916872,0.36093596,0.017943257,0.21459997,0.045022115,0.047634486,0.032145653,0.00060982356,0.31319502,0.029666724,0.5317262,/content/data/frame24.jpg,0
413.35926649305554,122.6445951461792,55.04975043402777,79.62094974517822,0.9951336979866028,417.43848851473984,414.7294097816382,412.9477923568648,412.6936018202656,413.0836179591573,414.3814550023604,416.0876586858959,418.2300473391651,423.33088022920913,431.4726171544954,441.03472474906107,450.8127500755297,459.7814569255465,466.86940609030995,471.4736122511617,474.5633190242723,477.2473756406216,417.886526066093,419.41555607821954,421.1607971113558,422.81272095414124,424.2492652362972,433.4566638597288,438.4072501505765,443.87431001599515,449.142266442475,453.3917009879174,425.9660657684807,423.4793898735015,420.82660414035837,418.0701165045121,417.9702302076637,419.15081852364585,420.99563832718854,424.08850009379694,427.4397040039718,417.8003816452556,419.4510896196082,421.9721686115549,423.95071685790356,421.25120988530983,418.9674530351241,436.1108562415974,438.79182335619123,442.4903556028917,446.4311304144255,442.00389433108836,438.4337145093926,418.26659457882556,417.87185876328886,418.9214322725692,420.45607179479555,422.46189877553826,427.4585912529526,432.97638443890344,427.7045412198925,422.95505444238967,420.6027533652381,418.924333841499,418.1631176260198,418.8961182904436,419.3108233924422,420.69530458695095,422.763007026815,431.2981984074629,423.1885923004336,421.09783676728625,419.5954561993344,151.62675517801034,157.6526190632506,164.48040085806483,171.70261378944076,178.92241206875346,186.2798455156726,192.6422486847642,198.49412948543142,201.97158154245687,203.07472444945688,202.99677219133883,201.59272035575597,198.36500254938753,192.33791140584626,184.18306758970238,174.772889447363,165.42783857152264,142.35587797150507,141.6262003011353,142.406597054702,143.99704693122092,145.9960684657004,147.1989239740585,146.95664154468636,147.8403159283649,150.0705347029685,153.61264988936284,152.594515263845,157.2377260284263,161.56515839145965,166.09108768294897,171.01624894045594,172.60436674145623,173.56811474620935,173.77337725638972,173.51879092186977,150.9824815870435,149.63390979957478,150.36564334115877,152.84853210495385,153.4506660309627,152.78547209953734,155.87528992386314,154.41853716801256,155.66188650537038,158.49207797848752,158.94195784102573,158.0064624043997,181.48168698378592,178.7893442383044,177.38575938731867,178.2162060693242,177.9586925386709,180.81762919171578,184.77005583844172,186.02623870981978,186.4443664672194,186.01048082713328,185.16026133389272,183.45006123034443,181.27748942628438,180.06025420929478,180.4516157763704,180.6754209920178,184.23749976993997,182.92674803990562,182.45881238876694,181.89997989427476,4.29951389763729,20.007622002160065,46.03559034112986,0.4757395,0.4248985,0.5541323,0.51418597,0.12298133,0.0,0.3157479,0.41928634,0.47461537,0.109856606,0.43825218,0.09593691,0.4905746,0.0,0.41631246,0.52886397,0.12074042,0.36608183,0.054590847,0.054446224,0.03980221,0.069603674,0.027618969,0.0010207661,0.3383638,0.0292323,0.49435818,/content/data/frame25.jpg,0
413.01535373263886,122.80605125427246,55.070529513888914,78.70227813720703,0.9959624409675598,416.05740937407063,413.4688507948729,411.7915526627305,411.56402358599235,412.0245730490392,413.3603066595924,415.14683850715096,417.45186988067144,422.6315595951651,430.7194733155643,440.1141610954296,449.7261735733309,458.5841090632339,465.58615642429595,470.14296388257026,473.15123330041024,475.7916834884736,416.868682108754,418.4581812092497,420.3166953718319,422.0467224601475,423.5545105364804,433.0831288517652,437.98703436039114,443.3351448755411,448.46238428052857,452.54683216045214,425.4086451615476,422.97591621265065,420.3723853006695,417.6762423691557,417.30974037816895,418.55975214132104,420.43118256203707,423.495347375449,426.78330768172145,416.9011852573549,418.6851572145729,421.2811843688323,423.23509983223084,420.4704970736111,418.0849691813505,435.2721489222499,438.0960217971874,441.8645040589272,445.73625727886883,441.34144767484395,437.6879592336131,417.23234978465234,417.13904818498395,418.3083087069376,419.85688615195113,421.8534486284775,426.67876733314733,432.01765436215555,426.7988753051118,422.14956278259115,419.8069830670279,418.07866163406834,417.22125458099936,417.8691052673571,418.58955607624785,420.0223628676199,422.09068671206524,430.3604891553632,422.4444750970397,420.3423167921396,418.7952367211351,150.5498853318427,156.55159678729842,163.38254665093245,170.60448845151586,177.8126499078362,185.20045684065462,191.59557798545393,197.47976809810734,200.95626524270938,201.95081430440132,201.73058774056972,200.30905065884417,197.1612890306942,191.1951036179853,183.1347336984354,173.87027805277194,164.64318357740012,141.59954891836696,140.72690073699232,141.4102690222585,142.9326199052125,144.8993024522665,146.1428152744661,145.97928627085412,146.92618112324908,149.17905631430085,152.75849792202007,151.76345348847553,156.25516176732572,160.42145858743925,164.79887669898017,169.94839094965755,171.4780879720165,172.41309671456202,172.6672956548755,172.4732562485242,150.05042666146483,148.51543816704407,149.31004839395837,152.12522974457306,152.65533110449178,151.92322779861388,155.11886036124633,153.35844108392894,154.575811782453,157.61708534997206,158.12680609861445,157.22851960925527,180.32805247847318,177.61795188208998,176.2154697290125,177.0935050792841,176.85366629347027,179.822609941285,183.87922692985376,185.08976374850226,185.44008734512136,184.98263395615322,184.11685343000772,182.39793561840906,180.10290034224363,178.9294263449301,179.36838772780993,179.61867435633303,183.30359920791398,181.85576238419617,181.38264848961535,180.8023653981063,3.9946779596192914,19.687254534643237,45.88769051082999,0.5421725,0.4563563,0.5073602,0.55334175,0.1245185,0.0,0.27643856,0.14759436,0.47456187,0.13763501,0.39123774,0.12854339,0.46945673,1.0,0.3353258,0.47177464,0.8330172,0.3157048,0.03306943,0.07002202,0.075048566,0.3808256,0.069062956,0.0014668384,0.24278669,0.058407664,0.17240162,/content/data/frame26.jpg,0
412.3677571614583,123.05173301696777,54.879964192708314,78.23860359191895,0.9958635568618774,416.9350720326804,414.330795347146,412.65735625785686,412.35184070604305,412.64416914008734,413.78248349630076,415.44108462982246,417.72567513805103,422.79981951775636,430.85406224730633,440.3709474429832,450.0568896417656,458.89360160200846,465.93194101190346,470.6296271753587,473.6965596038921,476.26586790319163,417.223129273159,418.7930090564164,420.59405652392684,422.3221453460223,423.81601942864484,433.38264241457665,438.2026444815532,443.52048332808204,448.6051818788518,452.7006087643122,425.46499393821443,423.0611247885777,420.52710525000583,417.8631199925123,417.7761711945728,418.917781630721,420.6814697949302,423.6057838105988,426.8089495463849,417.12013936633497,418.77033101917425,421.2340024747921,423.2762429698547,420.606443404972,418.37092615475353,435.5875240287971,438.3310013329346,441.9798597517838,445.87556321980503,441.4601087973172,437.94584403984476,417.637581945635,417.49912700216146,418.5476077909849,420.03711414798926,421.92748314330737,426.5398237803024,431.6097543260674,426.5680335238527,422.1436030195052,419.9476023541073,418.35995787517436,417.63137311594465,418.2394522973897,418.8619749123009,420.2074890234626,422.1594118918578,429.9821735577381,422.4090157991077,420.4392722744268,418.99573196255676,152.37964007275383,158.2059817911196,164.89081522899613,172.02275995140178,179.15778810342385,186.49565667886748,192.7423940865017,198.39414149939273,201.7502503806067,202.75533651432974,202.68938133926844,201.3401374534438,198.13344340119102,192.26060680992543,184.29483780494013,175.05348026914095,165.86222986362333,142.40832954080804,141.59701261560974,142.27941028529517,143.72855505226647,145.60069208081475,146.53924384716197,146.39275575810888,147.33028344529131,149.5096666075207,152.97999389197483,152.43682342218227,156.87556865059284,160.94378748742366,165.19835795391077,170.67187082364026,172.10855875880378,172.95890261348433,173.18427837459228,172.99336875324354,151.2594625502731,149.85956032215736,150.52467175938358,152.90857136530695,153.5055143853425,152.9158602347722,155.700686833711,154.18651583780598,155.37707222157627,158.1513670336946,158.52611565330625,157.64718991701824,181.284694203534,178.4220683664067,176.9182276991258,177.6698906139598,177.3672388463677,180.17820184825268,184.18280466352428,185.02167099707376,185.29922443103698,184.94306872413034,184.21334236845468,182.84273272169466,180.93398346398988,179.67804270338132,179.9917466914677,180.16909705698976,183.54651014246798,181.84319788049334,181.45908984884284,181.0481487046505,4.277036573301353,20.339047590932093,46.894513692085596,0.51747966,0.45688805,0.5447457,0.5267098,0.11165445,0.0,0.27555892,0.2624833,0.47004178,0.15465423,0.36535797,0.11213648,0.48761734,1.0,0.3679172,0.51141447,0.06822754,0.3819406,0.053288683,0.056447264,0.09021997,0.20292942,0.12002199,0.0013533322,0.3503067,0.077158146,0.1580104,/content/data/frame27.jpg,0
412.4304470486111,123.60361576080322,53.946072048611086,77.73827075958252,0.9935059547424316,415.86119476130125,413.1671194802791,411.4870019412357,411.21407448141383,411.59018534365856,412.7850438336537,414.43238355500955,416.6483920019416,421.71018781736075,429.71620175913205,439.14048323683204,448.8030474945308,457.78022174609396,464.93908061811896,469.6874715660299,472.8006803325975,475.40378396388485,416.53363627838854,418.1540114489597,420.05052652789703,421.8369954357124,423.3188836315192,432.47193770330034,437.2195835744394,442.46563020321116,447.4886208634748,451.600021213912,424.7858035685957,422.29815347530075,419.6396973121932,416.84114169474043,416.8761241612343,418.0168617201926,419.78043897823363,422.716497401879,425.92511491716607,416.6017857817792,418.30173959980493,420.6763020518719,422.7254272025925,420.12843153275213,417.96452007696917,434.88172727393555,437.6113160276584,441.1676953460757,445.04336786260865,440.69543899875123,437.25702090208836,416.88505952222226,416.6395456053443,417.6553020960969,419.0924634444942,420.97007081027687,425.57352486509984,430.7574354272628,425.54452525387853,421.1039371970008,418.9285882567423,417.39899568657574,416.74948891138956,417.4323184111562,417.97698343207463,419.27269695958057,421.20420840569784,429.0922527853031,421.3652395130855,419.43258821071277,418.059720315398,151.97519232800425,157.78526763335128,164.41932000453778,171.47994550843953,178.56726032954236,185.84401926030318,192.1071123634922,197.81343850849441,201.25453665742623,202.3073301360697,202.2895873004054,201.0359177879028,197.9980785410562,192.15593157287253,184.17576456672816,174.91050693735133,165.6706264004132,142.22539570511606,141.2914225106244,141.87769228486724,143.310992022682,145.30033588300938,146.33201977982912,146.13682356628686,147.0497872638943,149.16314748481608,152.5528381166265,151.77560627780986,156.13956263267397,160.15135900734413,164.38427915516252,169.903685555092,171.31739644613606,172.16873562238106,172.45465605344657,172.31362525313648,150.72145331207145,149.50517108474804,150.11838872895237,152.27256970450577,152.85853088351848,152.3010800115784,155.2060175793124,153.98384980151872,155.18680961133924,157.74571740142392,158.04388711702984,157.16818837856442,180.51455183445478,177.7049118099519,176.2243664204168,177.05225791944576,176.7788925880136,179.71109774148806,183.72826256110773,184.48220797066642,184.71467748376233,184.31345920238812,183.5412705324676,182.07377510698893,180.15669813325792,179.0690361737461,179.4390112731718,179.66183371015438,183.11009349253516,181.144719975219,180.7113521871663,180.24152011948763,5.494847960079299,20.907573653474206,48.58402226339692,0.5510927,0.44047678,0.6074024,0.4417849,0.11271388,0.0,0.39079446,0.5418239,0.4717717,0.17239578,0.44742006,0.22951058,0.4894871,1.0,0.27316085,0.52314526,0.76624674,0.34553912,0.062197413,0.13549162,0.3502282,0.2839461,0.098791726,0.0020465462,0.16784704,0.052615806,0.044524614,/content/data/frame28.jpg,0
411.60934787326386,125.49895477294922,54.308675130208314,76.11238861083984,0.9898467659950256,417.6087106682824,414.6941903818532,412.7356932646797,412.4200266751283,412.8475643782011,414.0499794627065,415.5623789802758,417.47478598261193,422.2283488054003,430.1396635981637,439.43610168616505,448.8300523844682,457.6130086214047,464.77909668213306,469.57387317264636,472.7844834884078,475.334918407035,418.34378165140504,419.23564748968664,420.1266341248327,421.0913812756654,421.9418102429492,431.5690655231409,435.9163058417369,440.9563282892335,445.59954975751646,449.54934942898274,423.45945095444256,420.89257248738875,418.1806636108472,415.25174126934024,416.2742409060141,417.30677652399044,419.0273471183338,421.9878690548886,425.2506163887864,417.2892496230935,418.497930731184,420.06374524172605,421.9371638040874,419.98216988950037,418.6279929114386,434.06252916738185,436.3015410806321,439.24469126978437,443.3729011279864,438.8392615786832,435.9949169456202,417.37034590488,416.45330981460364,417.174008684551,418.57135916395254,420.1971282511613,425.0520661896673,430.48247116128914,425.40018163549956,420.9632081572562,418.93668848170165,417.56280156585524,417.0607547995346,417.6903377383396,417.8358036664084,418.99398367303263,420.72010440729355,428.8681779886916,421.0173921127237,419.27530145649314,418.03429942570494,154.58101302625946,159.87101769530855,165.97661801112918,172.64204479902293,179.3988923810657,186.33903340193444,192.1966331057465,197.60767927643974,201.01391365085362,202.10262844379702,202.23528195960898,200.95344733985422,197.84100291226622,192.178744180029,184.5026148650262,175.45346967133918,166.46247709618964,143.7979622036749,143.32706862585647,143.7267576376609,144.58453870299144,145.89283924251967,146.0250626837328,145.9953957023885,147.05966429297814,149.30338525088618,152.49990109656764,152.62700991644434,156.76094956597854,160.53464729918878,164.53490996424551,170.2029284297174,171.55943815417905,172.3482385202502,172.58017938458178,172.27066177299693,153.60868513012502,153.70944779783804,153.85420600821263,153.67493839427044,154.69275892818888,154.4674760541654,155.95651680483806,156.4122679459909,157.68631222712673,158.84195261602508,158.6998646789507,157.79000375729748,181.25871459772424,178.35711015921498,176.73050269873767,177.3376700405732,177.10146109414708,179.78446786885235,183.70243657602458,184.5175912602328,184.91894885260098,184.5362532314317,183.83555283032894,182.47889611834614,180.86173941107808,179.45815557198495,179.71313536925518,179.8640969974189,183.2048021573284,181.7258246078696,181.3252890568232,180.9961839970547,6.034076093245368,20.814972458562842,51.10705736224256,0.49373963,0.4649275,0.2574562,0.4336854,0.1555565,1.0,0.34463882,0.009292556,0.47392687,0.23920551,0.45851624,0.102496,0.4328707,1.0,0.2905809,0.44129768,0.37959874,0.30461574,0.091682956,0.54887414,0.086512096,0.5405521,0.057484947,0.00074752606,0.232378,0.037390552,0.04493475,/content/data/frame29.jpg,0
411.5097927517361,124.93438625335693,54.700927734375,76.63522624969482,0.9895943403244019,417.85211528008017,414.85774233780586,412.83859022623585,412.47579970714884,412.85593330789044,414.0044095510279,415.44468286893505,417.2616529632483,421.9435998376743,429.86359433672453,439.2609162725141,448.83821653149835,457.8384427406993,465.2066104194545,470.13140428807304,473.4163779942539,476.0343391918054,418.55816890725714,419.4816770426075,420.3728313412112,421.3278354775689,422.15225125193575,431.86332729452346,436.25687143783165,441.3429466474945,446.014144538632,449.98162112915514,423.6503722981115,421.0458377372581,418.3028599989869,415.3412081458204,416.326691487469,417.3558066021804,419.078283212093,422.0646231941383,425.3744933215818,417.46317858542665,418.69414820502783,420.2712312495523,422.12649973562304,420.1342899698504,418.7645016984023,434.3011457275245,436.5784611752319,439.54976847667103,443.6830732117253,439.09876065159506,436.2305854871127,417.3247244452517,416.4871149927741,417.2405249897219,418.6367581718661,420.2936473470322,425.19817655924214,430.70896542119425,425.4553409141432,420.90795366044983,418.85392764835615,417.47459081551665,416.9992511511661,417.6421976673793,417.8534719212652,419.0173933187428,420.7731336742373,429.08037112197667,421.01614236909637,419.2431630781393,418.00532803193494,154.6352044783929,159.91057909543298,166.01184397766323,172.6808453813587,179.4464889698368,186.40735733587815,192.2906195720825,197.768720233198,201.2673032605165,202.4410253627977,202.70312843975023,201.58422560410236,198.6134664405158,193.02178613497398,185.32853982138704,176.22249011837334,167.15867991827696,143.64863905982008,143.21815625663277,143.66973962645392,144.59094284213427,145.96520391845917,146.24273707596095,146.2273974381574,147.32977939892953,149.62354720428112,152.87315779690485,152.8629733956045,157.02990090653407,160.821003180243,164.83407661803028,170.47169635699407,171.862804450217,172.6830817837971,172.9515597039748,172.6839697671182,153.5812916072323,153.64925521956962,153.86441303014078,153.83844499937635,154.75500000606712,154.47152229355447,156.29441775805378,156.69130793294775,158.0067538176943,159.26153728629941,159.07916085999986,158.13525651515624,181.3762247238654,178.5711073379401,177.02299063823352,177.6685435499356,177.45236346226946,180.16827141269263,184.05820294121588,184.83785229716517,185.18372728212256,184.77023949305345,184.03183751050835,182.63527544565258,181.01297925036076,179.77303113273484,180.06539690052654,180.24327859643523,183.55336797901975,181.95364410049584,181.51864738209275,181.15992404587166,6.761349390760784,21.221140703695188,50.758266442918604,0.5228771,0.45218194,0.39849013,0.41764227,0.18780851,0.0,0.42563897,0.0019578806,0.4821548,0.1787329,0.27401152,0.1465037,0.33706453,1.0,0.5096472,0.4561881,0.22107495,0.46806446,0.2377047,0.577559,0.11837579,0.24348992,0.086634845,0.00054976525,0.47230548,0.029258866,0.049385346,/content/data/frame30.jpg,0
412.09681532118054,125.54916572570801,53.64325629340277,74.65829658508301,0.9879811406135559,418.18745477249263,415.2847097548489,413.18082937573763,412.7298549261733,412.860732434647,413.7344822476084,414.89814477885886,416.4672050517368,421.16461504654563,429.13700921035814,438.4321051202195,447.75185036620695,456.4757822829905,463.5951097016818,468.47403888155696,471.85849525923766,474.52956802316334,419.3151298603965,419.93950939922047,420.48630173500203,421.1096052683604,421.67432123861056,432.07155379399643,436.32738502964685,441.2706876382482,445.7649355191953,449.6043846795069,423.42739313105164,420.6939307400399,417.7850287283421,414.6552745923296,415.8756223197049,416.7960622259113,418.51495025240536,421.5625368196774,424.89255746675383,417.63571494756013,418.8764747389177,420.3126803766537,422.2222750194977,420.3138151218718,419.05496081676574,433.9718702259394,436.3734770454121,439.21547981902756,443.30713611652186,438.76524762633534,435.9897409225011,417.195046654565,416.0319154510755,416.79850259562744,418.2822447130417,420.05782728062127,425.40921096954236,431.27643915466126,425.91300046654067,421.0196186375699,418.7595879714861,417.25718530270865,416.70552023746114,417.3843915766532,417.47954730566073,418.70852176668245,420.5977524053417,429.77150800653897,421.0600182373234,419.12365428728697,417.7602405528011,154.08129879106045,159.14346395876723,164.91948799822632,171.40744851753874,178.14301311343152,185.20921843598273,191.37147770782144,197.15005959650156,200.94269317409703,202.26326426912453,202.4253966658881,200.95713781322638,197.685525840012,191.86104684474526,184.1512407343696,175.18190481173446,166.3367126859493,144.38897797513067,144.07836216408592,144.41716237635978,145.1300253423089,146.22944126929866,146.5003409977096,146.5577777956672,147.74131171817828,150.0365648758322,153.24406774920652,152.91783784396054,156.95970419127292,160.6313098488879,164.5316400926426,170.05044809602677,171.49923739073446,172.33455939063325,172.58501501519694,172.21912509708085,153.9440747193316,154.26814460368004,154.38606198676854,153.95182836665725,154.93671779626914,154.7430581723634,156.2767264093857,157.01499698826547,158.2713922337342,159.2225089756664,158.963949935251,158.0527708850188,180.13770830765625,177.3744301522901,175.89330729383815,176.58039685839805,176.45646132067046,179.24842049517292,183.30988989987674,184.69630825741962,185.3268421203089,184.83272866253515,183.91227140140188,182.02113439077624,179.82318897306118,178.46593223262934,178.87163702296297,179.12586801161706,182.91076930179688,182.11903219822852,181.57247482145686,181.04456998608217,7.734104527897378,22.063445857087924,51.49104382481894,0.48079526,0.45453116,0.3443044,0.3779924,0.17170088,1.0,0.40960136,0.82010853,0.47992158,0.2416806,0.33513346,0.5198258,0.40077308,0.0,0.516313,0.4036725,0.7560859,0.370308,0.31932,0.78991735,0.23314205,0.46103665,0.082507625,0.0016588409,0.15896548,0.03116338,0.031525914,/content/data/frame31.jpg,0
411.4722493489583,123.75095272064209,55.452392578125,76.83193302154541,0.9920883774757385,417.23483815055516,414.53464286213165,412.6392889192046,412.12489986548087,412.0837897921802,412.79747401861863,414.0095225721498,415.7039698022097,420.4312517935922,428.27887256623717,437.3321589294566,446.6344742706069,455.43204369556975,462.5225126212449,467.2652986455518,470.6180055799978,473.28143494683593,417.5590668401521,418.1729798326512,418.888209653865,419.79718424522235,420.5846901997183,430.94137869779615,435.10887099105776,439.9985558382634,444.44787943910626,448.21088202341366,422.7095299333055,420.14131470007794,417.38295696292994,414.41027125481656,415.51762053133353,416.4581554810728,418.1144230855262,421.00447923615553,424.21135896008036,416.5630003874615,417.7433457009604,419.23355735047255,421.1716562625071,419.29872512165,417.97204701640567,433.0852436726716,435.2370468223133,438.0461715089184,442.05771122855265,437.6436601612767,434.9419577462145,416.4384405610493,415.5994106591218,416.42891420178495,417.7976269894712,419.35440225397576,424.02922332402727,429.2865426575703,424.27831275188714,419.9086236893192,417.93130101654094,416.5844271395651,416.0445927873218,416.5914146018118,417.0894588190533,418.2041774914592,419.83943599786375,427.7781355794315,419.93911518304765,418.25952214917544,417.0628306253323,154.10269482875952,159.1810493997975,164.86064995548665,171.2324406662715,177.8491470120917,184.78625996336214,190.73389000875397,196.12507296232585,199.54597291212298,200.52628941058714,200.66997339635319,199.37675157908183,196.24504408958273,190.438300846879,182.76962835039478,173.82684170964876,164.90253076538198,144.8484674061224,144.24484738789627,144.1336992025482,144.5408404652059,145.48825296823009,145.5394760398787,145.49596033417657,146.64365719057167,149.028753102538,152.44096474890452,151.91308849170542,155.82853480603467,159.44219584076723,163.3136373545143,168.8782951179491,170.13870361467394,170.88193549163128,171.0586031568346,170.68992453536015,153.52835181023386,153.41965734245807,153.3883882428249,153.1193585815698,154.12785024239236,154.08920075597408,154.8301767514904,155.1487396341064,156.36645674234262,157.5679815127811,157.30667020836867,156.45472188184317,179.5094207982028,176.7967027574438,175.09287754521796,175.69493685618647,175.4588139380954,178.1647670822554,181.83895772997732,182.7425577731025,183.28906359932733,182.94003120477527,182.23375621622444,180.85980077106018,179.1377911211039,177.71794868438656,178.00591565976043,178.12763983495807,181.3962224500395,180.2079307186022,179.84386827352347,179.53631002570808,8.46993896873291,21.21462686651046,52.10966844274921,0.48230547,0.439728,0.48809117,0.39804655,0.17862165,0.0,0.4458093,0.17564948,0.47870845,0.16399327,0.24918543,0.50756586,0.39133632,1.0,0.37248144,0.454209,0.9021257,0.2585548,0.28009772,0.67581046,0.1254573,0.36858243,0.111913614,0.0021653506,0.284226,0.03172529,0.07593,/content/data/frame32.jpg,0
410.3149685329861,123.47833728790283,56.06768120659723,75.5187406539917,0.9921838641166687,416.5908199798014,414.007557294891,412.2286905053099,411.7272996965512,411.6561387051881,412.3028668959123,413.5296779577649,415.46477699767814,420.3718362429856,428.34461935073205,437.5253365539333,446.79367453413494,455.4923977913959,462.4472993289631,467.08269581476856,470.2737471236926,472.8023828737944,416.6032164710763,417.4127451619759,418.35560500347674,419.51127127853,420.5163404402979,430.14444404277356,434.39304569395654,439.38733545635375,443.97218990779794,447.85021749268026,422.0447737992804,419.4139385663173,416.6282363175187,413.642402304787,414.9118124639989,415.8220970812051,417.4753568955764,420.36470623493204,423.5984862777254,415.6954179040266,416.8676884554106,418.4812146794472,420.5009839153765,418.5566037115708,417.1419236894091,432.56062822267637,434.83887645511015,437.8218098509291,441.8161835028335,437.3497114919237,434.52337359874116,415.691288441029,414.8727905240892,415.65604621561585,417.06241059580907,418.6557729410094,423.3729943715111,428.7828474707226,423.77085422241964,419.5113144907,417.5494549641206,416.1657796739493,415.48841000353895,415.84940987341923,416.3642882807459,417.52750588251035,419.20985829034856,427.1315187001991,419.4758454013943,417.7808777406704,416.55444613568585,153.92438860177228,159.0505889146812,164.82489075509284,171.22892895074807,177.81322131212647,184.8314988985514,190.89901151712223,196.28922198429834,199.6205940123245,200.51381117275253,200.46372286617645,198.96399589189133,195.67312987173898,189.8360083391587,182.16846789816174,173.28825892833203,164.46135217022376,144.1959112306187,143.52182298436935,143.42382588504262,143.86735829890324,144.82987427624252,144.86573497583908,144.85906949861325,146.00659027961746,148.3456704443989,151.6347512617772,151.03950091897133,155.06662669499136,158.74828737625376,162.68625564247705,168.6341299668223,169.89655190791345,170.6193024591282,170.78831605912453,170.44400148839375,152.77184980752435,152.4522390942427,152.41415026712943,152.33427797236607,153.43275294039591,153.42302209985922,154.17683679979814,154.36863131567765,155.56049048388445,156.87862641593637,156.75986586891435,155.89694584119258,179.14942803352926,176.57670506696314,174.9169688286099,175.53145128783595,175.1915713660536,177.74151611749716,181.3119486731244,181.7881035745906,182.3091829283153,182.05203270603897,181.43910588493372,180.2253138396804,178.6847783723313,177.8265414635356,178.07528151722147,178.1354112518063,180.82307318910816,179.11477727469332,178.8695698159067,178.641847081415,10.658572193685647,22.648614362890697,53.13223805889952,0.53426725,0.3976923,0.57847583,0.4115679,0.192954,0.0,0.45986858,0.009504468,0.48517165,0.2803586,0.23066838,0.37044963,0.3807971,1.0,0.68597466,0.4775829,0.6045141,0.16924714,0.35105348,0.77241075,0.3204689,0.14947744,0.21190867,0.001744557,0.2128628,0.039838806,0.06369888,/content/data/frame33.jpg,0
409.42494032118054,123.62750244140625,55.50263129340277,75.78611183166504,0.9871572852134705,415.4158453500353,412.66093933422525,410.6972455883001,410.2053179773086,410.1019977708166,410.60815322011194,411.5270907960234,413.0304836849654,417.89901849098425,426.0344799001386,435.37032691129895,444.8837488362586,453.86590417336015,461.10706754903947,465.7151308704539,468.9232041742565,471.5500217008163,415.8801398673176,416.6705268439815,417.61205495847037,418.7225391610026,419.6671597535379,429.48137598705944,433.9473154138219,439.03885691563215,443.62324285912064,447.35905391080195,421.22137254573084,418.5118847603001,415.6482555099652,412.58223834275043,413.7180220512636,414.58396604522716,416.2033078886518,419.16820563129716,422.42272844321496,415.0042395034123,416.21094557763934,417.8734574388758,419.76619494005496,417.8406516945517,416.3821837572822,431.87489707821055,434.1853494930738,437.201450649613,441.05626925479123,436.7712194663248,433.88710288772273,414.18948537172975,413.561354565729,414.48399444226396,415.86236557193774,417.56792548647064,422.45451239593217,427.86828956811433,422.7621611102604,418.19798333181495,416.09817989700906,414.68495537431346,414.010866983743,414.4819874484047,415.0484367334762,416.2194126253317,417.99689094912105,426.286572422534,418.24083895220923,416.4317582673146,415.1756782469249,152.74699511587417,157.8680195065441,163.6804607351024,170.118420018709,176.83874070711445,184.0443880159049,190.504165396158,196.5357118111757,200.29525444723424,201.33375248244587,201.13670119069604,199.5242652491665,196.2622294230991,190.30623053925206,182.416833895109,173.39096647568263,164.4753278749659,143.264782555248,142.39259533325645,142.30268038216985,142.8823289381318,144.06283703444765,144.63703242140926,144.5075603124897,145.59993956028913,148.075117249672,151.66345422995846,150.52317274114907,154.4861792921457,158.15354656809862,162.1109617236441,167.85623302807943,169.20619591179053,169.99364760911675,170.17930470480422,169.8826056936377,151.76849278095654,151.27938797091622,151.348140723417,151.63204430175523,152.54802762607105,152.42378372937895,153.88226521826127,153.80471746903777,154.96500113837524,156.62344751576452,156.44633877744636,155.56424803680312,178.47032778788676,176.05005310269866,174.48000118543715,175.16372341756409,174.92107907962955,177.56653278414473,181.15598641732788,182.24839818899812,182.8727318330856,182.49716243528394,181.72882393268455,180.14667313549384,178.207675848779,177.26397405559314,177.6299543321606,177.7858737686673,180.72520774888164,179.50088999862868,179.10885810156856,178.69783226397445,14.773359957309024,26.534035147328638,56.285744496241364,0.541844,0.40497956,0.7550527,0.39058763,0.15941338,0.0,0.40884504,0.49402717,0.4811218,0.14491661,0.29964715,0.34992215,0.37154466,1.0,0.40066677,0.4561881,0.72633636,0.33628452,0.24575596,0.8014052,0.23558605,0.04167216,0.17523977,0.0030415577,0.42355746,0.07298096,0.047922146,/content/data/frame34.jpg,0
409.5237087673611,122.99965953826904,55.88764105902777,76.65268421173096,0.9900368452072144,415.27806461917856,412.53129579698617,410.56058737462314,410.07503631375664,409.9733637333454,410.50937689511,411.4978164547574,413.1306141139029,418.11589713811884,426.38733944465696,435.8922659636149,445.5160339101117,454.5121808473448,461.77660159994286,466.49555915384667,469.7980251401667,472.48296637524174,416.07427641534116,416.92901799835056,417.9356667336399,419.0702498337062,420.06645142283503,430.0193497050626,434.4858432409137,439.57713149169854,444.206217820274,448.063805294864,421.61046067552735,418.8979390842411,416.0271916128082,412.94656780088144,413.90152906808987,414.811128448368,416.4876363529948,419.54983990813184,422.87766578664053,415.1471997901545,416.468586964732,418.1726587776884,420.10842367548884,418.1342913524293,416.636533542933,432.32378016345,434.70489338739714,437.75039686003356,441.6761169430396,437.32914468050217,434.4086971933542,414.30132909798095,413.63604106908497,414.633108913314,416.11285766306173,417.9178673843824,423.04395661142223,428.67780839283824,423.4213450319102,418.64539008546654,416.41087134802683,414.8823395519659,414.14063192361664,414.6523488228725,415.20695768549774,416.47852422656143,418.37048841553144,427.1185821083073,418.70091265128525,416.7638483708346,415.3869276651839,153.25826784278797,158.4895549795391,164.42630820808347,170.99275762029288,177.8348899768157,185.11514455681424,191.60947000799422,197.56187613724092,201.3012526864219,202.39515743385743,202.28907956247792,200.6399710873642,197.2358078488104,191.14142360517235,183.11831689839312,173.9245815589145,164.86795576085922,143.76161734961295,142.92400075271343,142.83879250183247,143.37577745927115,144.4568775308432,145.01454295814148,144.81919146780018,145.78076752474493,148.041424687438,151.45574449290984,150.95977232836213,154.94175787317465,158.62424668236008,162.5877859279036,168.5355976155431,169.8805299327007,170.6514640760829,170.81073439671422,170.4451254008003,152.41528375384377,151.9246653747727,151.95962260590335,152.21521720409652,153.1551752619277,153.0481242242173,154.24455135928264,154.1022771830216,155.20552158592,156.8116736767946,156.66533139113915,155.84296198052795,179.3015366181735,176.67237563239632,175.0229710954129,175.68753130554592,175.43961238545546,178.1227608014308,181.89527434950662,183.20879121271525,183.91166950446245,183.54539162802814,182.75424303809973,181.12086422046934,179.03288788457849,177.80712046996553,178.15825533002862,178.31279962599956,181.4882057265836,180.5705455136408,180.1639867750489,179.73035482326327,15.66188532802424,26.633574821244665,56.174711222582545,0.5653389,0.39903653,0.5942239,0.40280586,0.192954,0.0,0.49070936,0.01791451,0.48369047,0.23928073,0.22440344,0.4066691,0.38299718,1.0,0.675106,0.4536938,0.9430936,0.4000731,0.2625499,0.79125047,0.41214228,0.106498495,0.14805079,0.0014985425,0.23063116,0.059627563,0.041551113,/content/data/frame35.jpg,0
410.81608072916663,125.06105518341064,53.82215711805554,74.08435535430908,0.9802312254905701,414.59071252492356,411.81039783517235,409.9480134506053,409.63832566768707,409.7745901997844,410.3780451423902,411.2329579698675,412.71768259797994,417.53300743475285,425.56140230103676,434.83982706302953,444.30418584017906,453.3902383918993,460.8073623996962,465.5286471963715,468.61947365203713,471.1700481052145,415.4722127137121,416.5494525802596,417.6626006189896,418.80434166252974,419.7642898015987,428.6346681158683,432.9557833183509,437.8518849833905,442.3252701240174,446.0759665381732,420.8192264885231,418.20478143054953,415.4434872357513,412.4365295316857,413.6392373685625,414.53300854528453,416.1168350125763,419.03037265088875,422.2413522540844,414.85549853346987,416.03884541939675,417.6291432000919,419.43313341990574,417.63158335552464,416.27589022549074,431.2365017299114,433.4128686769369,436.3371949286284,440.10229647317277,435.9834412769182,433.2364939243223,414.0388558744489,413.2260416894783,414.172049678917,415.57159937016513,417.28755323306325,422.28124786809775,427.76436190829946,422.60690661404374,418.0402338808142,415.9699196391764,414.560278143321,413.8243593233065,414.42798383154496,414.82846341290985,416.0003275261489,417.77474973876457,426.1133039923826,417.98412885210206,416.19231026535886,414.93880294944864,153.4120151928478,158.46950889717718,164.32040814519317,170.71853278234127,177.39272616626624,184.4812796682686,190.90674146475993,196.84839011981444,200.34146334867305,201.14373134613004,200.65975923691263,198.99400474967604,195.77138870493786,189.9231442188585,182.06075145750273,172.9381999033487,163.988695376268,142.37069868126144,141.53817646568655,141.52475428607494,142.0735614046244,143.29902282983602,143.67527572143214,143.22699187896728,143.92131280498404,145.79966550311593,148.87050440982975,150.13505336283654,154.12089226864472,157.8194419518262,161.77506108253567,167.61647260351074,168.9060934249867,169.64552675768468,169.77196973040182,169.37374484205893,151.53168864477303,150.88215159202417,150.9276216762118,151.29610369279789,152.1361530327858,152.0225281621139,153.0409949906976,152.64110623958408,153.58571928674775,155.08541867979596,155.01150131126366,154.358260309226,178.57189617375695,175.86607378601138,174.16293007676944,174.7529654892266,174.48721905033892,177.0545858000774,180.6916626424873,182.1329864170233,182.95082795805655,182.70359066776084,182.05515049269837,180.50588229618512,178.28432345858812,176.90014330226444,177.16275807587357,177.28941830455756,180.35134441770376,179.69264022293828,179.36481686571264,179.04516445241165,15.046178648351683,26.536917463403,57.95827384999733,0.5268178,0.4325357,0.6812388,0.3893805,0.20761858,0.0,0.49237114,0.05745856,0.4802551,0.16651306,0.3804994,0.58907294,0.3603419,1.0,0.55708057,0.4536938,0.9646006,0.31207633,0.25673273,0.8179458,0.08056769,0.017993603,0.10066854,0.0011317715,0.47897574,0.16450414,0.1561585,/content/data/frame36.jpg,0
411.20279947916663,124.17370319366455,53.39431423611114,75.52770137786865,0.985584557056427,410.0545162303737,407.3996600947548,405.45073690333265,405.01908118647316,405.1264032412949,406.11041113283693,407.7568524082135,410.1542604022064,415.4318757268897,423.6959170454612,433.2398116153901,442.7397217809016,451.4788103334515,458.58104374740196,463.37687264079534,466.63362553093134,469.17418136874073,412.3788950950228,413.7330537365375,415.3764333365021,417.1941231527816,418.7446679463335,428.26537373513224,432.72075296618345,437.8002331888258,442.3934539898985,446.17407615465675,420.31500896317056,418.05106273621686,415.6075351332074,412.9360835553913,412.6341756190766,413.7900370936851,415.5741740807044,418.6971613321789,421.99052467536535,412.15582091130744,414.0755062505055,415.9389604836386,417.95094176357253,415.9092269830351,414.18655714776753,430.70921466354775,433.3295658388233,436.3024351067369,440.09025295151037,435.8609163922889,432.9669348985964,411.72517539877435,411.91110701646517,413.45887104703826,415.07149208612697,417.0782818882121,422.14517507298996,427.62192760079745,422.20855594069167,417.32060667683305,414.92259229013615,413.15083840935927,412.00753155964225,412.39799714046865,413.7942656361265,415.2981938217419,417.3415049412016,426.0370952839297,417.4616841419965,415.33742972560873,413.7391770873612,151.97691988371093,157.48182037752395,163.62751454404452,170.34180248582254,177.22895421499345,184.3032368418577,190.6033139989753,196.2202121189713,199.76327420214568,200.85928107041127,200.85754697635355,199.2433593102345,195.70102651895354,189.5209962096576,181.4497391514941,172.29927054726272,163.31347065040688,142.39832452505993,141.17385694138733,140.7884477843554,141.1693407338102,142.22755407550932,142.74096746524458,142.30963722865602,143.1237187584871,145.20169555261475,148.45558799787983,148.98351159521337,152.77394678755996,156.2707393517175,160.03334530562682,166.72985743277263,167.87199876600073,168.5575115371813,168.67639151797346,168.34509311835336,151.16187676901296,150.7481845919212,150.66765996256157,150.73026291891028,151.71277035990863,151.6566364927628,152.32388725471554,152.2478491210411,153.2223262479684,154.56519572108078,154.47967679279168,153.75782367666932,177.93952761649734,175.05297949795568,173.25276837738886,173.93107466422987,173.70128289185163,176.51355668266854,180.52603424575534,182.3863660291521,183.15296525455835,182.85398799122288,182.094184685831,180.3223511231621,177.7529045220483,176.2619347729468,176.63119416616075,176.84263479363528,180.2006350072288,179.6377999368484,179.23299971869437,178.79411185722495,15.166013035098803,27.22363294912264,57.022607055511095,0.42205453,0.4324342,0.5260753,0.40214175,0.17061113,0.0,0.43734565,0.81571734,0.47820702,0.13840844,0.32243443,0.3570875,0.38686246,0.0,0.2853289,0.4536938,0.98431456,0.27290973,0.09881174,0.8408138,0.09489484,0.029155795,0.20475934,0.0057062637,0.48631567,0.063807756,0.11536032,/content/data/frame37.jpg,0
410.5062120225694,121.2901782989502,53.07343207465277,77.73381614685059,0.956880509853363,410.23882176071254,407.66749510284694,405.85765443114184,405.5479092936262,405.67486532432144,406.61742934090546,408.18844350128944,410.53641283485337,416.02749607055483,424.5929443549496,434.1842461837738,443.4722885635209,451.9707532804373,458.75747440577345,463.23676383527015,466.3329697803275,468.6469288642741,411.78090747107865,412.74050441225035,414.0889646619455,415.6818030388262,417.13243164627943,426.8181887841807,431.1625853460802,436.29314297797254,440.97334419021365,444.7630601018433,419.10914883131056,416.86672135868525,414.43578636470113,411.77665966484886,411.9701961662271,413.1354030527927,414.9371887385352,418.1194266596355,421.4997241061558,411.66812932766874,413.22635558971695,415.0135130317545,416.9762024483069,415.11769270352255,413.4978426713854,429.4777102408946,431.93272262346267,434.9597126787888,438.86342436414805,434.6261848303465,431.7441873023249,411.15169839331224,411.08912248079287,412.6397371633534,414.4702191709592,416.69683412929453,422.0671926547615,427.7851206970391,422.2339023694136,417.1490642540496,414.5346117990356,412.612945126351,411.3741411048851,411.69145612221996,413.16464008035734,414.85402847966213,417.14255354580996,426.124114482095,417.2138460790319,414.84659481875997,413.0865240913821,152.61866902026753,158.19360611932797,164.37884844644105,171.161416284796,178.20790410497813,185.4073185093887,191.7122861446815,197.0951851504513,200.30017163069974,201.13974719604545,200.68790070824036,198.5055068583457,194.5286317146384,188.13097405623444,179.94472309720805,170.69744909335094,161.5574877963542,144.19036538556816,142.6792944986331,141.96132628650483,142.0261192313987,142.71761093401614,142.43072833474258,141.87688723779814,142.59085506172966,144.72099088707736,148.2095267730984,149.01497810973288,152.82746482033383,156.39477972005903,160.26723055394316,166.8718992666022,167.9489850237338,168.63040764640078,168.65318678530585,168.2488389998845,152.4133982321773,151.68309525811077,151.36860191834353,151.28856079467317,152.49344769578133,152.67973401479875,152.12378291462892,151.7980445642599,152.68014545152784,154.08362007385682,154.11135035340016,153.48026757052975,178.42711092227646,175.3812670568388,173.46145323942397,174.1284422168389,173.7393898698183,176.4301860778969,180.4554773166946,182.18353381858662,183.01883377792353,182.76433792117427,182.12022260191299,180.5390545722526,178.1290083322022,176.64945961466483,176.98128333665494,177.04725777215594,180.0776505204305,179.2280837145155,178.95112563634166,178.63021610758332,19.894931848500583,30.231355512697924,60.644910956556245,0.51705444,0.4342437,0.6753757,0.404957,0.21417144,1.0,0.479949,0.8700823,0.48897052,0.10833447,0.3406801,0.236811,0.39105847,0.0,0.30433652,0.4782779,0.93759596,0.2178616,0.49992418,0.8209994,0.24166042,0.0876071,0.1313737,0.021021342,0.38167688,0.08476383,0.05189677,/content/data/frame38.jpg,0
411.86347113715277,122.08737373352051,49.505452473958314,72.0128059387207,0.9654643535614014,408.73967888651396,407.17397744819027,406.1055867741452,405.9288372510547,405.90086735143973,406.58140986682145,408.3208296075877,411.00637649730163,416.3257785645503,424.37382390751327,433.6918502621909,442.74047140910443,450.52411035422483,456.58266797910346,460.93350748646617,464.3024993432782,466.9811815612529,410.02173456093703,410.66580971491294,411.9458617447616,413.59657643167327,415.2795902296775,425.6410183595499,430.0642131295324,435.20491096131013,439.7190835567885,443.45178068529367,417.33275418439734,415.02741688032916,412.5275586529317,409.8152793330347,410.6962043335084,411.6625894107624,413.21884436026994,416.12619959759104,419.18381530110014,410.6338724445179,412.2232132832896,413.84608555182854,415.62973870826045,413.8171228437516,412.3650483982884,427.9862276755732,430.80498988801014,433.7180701920265,437.3305434953095,433.14661427698,430.2466452255708,410.2558854106302,409.2834790981384,410.6314258348191,412.43699031263804,414.4184866308324,419.81777565550533,425.3340821590057,420.49289571118084,415.67118427655873,413.2830086311559,411.45151524128653,410.14643181884014,410.68990624506785,411.5819890734575,413.14235046419117,415.1791736415014,423.81642440903124,415.4265748142477,413.27390981845485,411.57161416064514,153.05868271075042,158.62695005349678,164.71781837867184,171.32156820732462,178.10933398987345,184.84693654746025,190.3349808458711,194.04827507177515,196.2946851374022,196.77513232240926,196.71178315885982,195.13768598620118,191.65682483244382,185.7349631545071,178.25858748301698,169.70362263810557,161.09886027199764,144.14742453384406,142.18104826358854,140.9560797195752,140.54894068728117,141.07244820298774,140.54162403659234,139.96283086782796,140.8078460763693,142.93963376529518,146.11378792720643,147.87918937528502,151.4821955867228,154.8714865778993,158.55140389675398,165.85638812039406,166.41580671572228,166.71759988514168,166.5730335811054,165.9847707451172,152.40783044790874,151.68161745558564,151.29840884152486,150.84127398387977,152.3227270610687,152.54428946001667,151.1708735163711,151.05399253261112,151.84240606961453,152.8055538959302,153.08087217302955,152.55800077584468,178.30404291584273,174.15684889829663,171.62404127670243,171.86044558269714,171.25843537558012,173.80033408373947,178.30235346746122,181.01181661082592,182.4928499012981,182.59469582461406,182.19564605659798,180.64295028035758,177.70552492214847,174.68037186627498,174.5926699223969,174.35750179814477,178.0671544386655,179.16570279647203,179.22289165433767,179.10612398723742,29.550589527738122,38.153513104565974,68.04193853298057,0.4934587,0.5210255,0.65923357,0.35420072,0.22142163,1.0,0.47906804,0.89323056,0.48859197,0.2699359,0.34123525,0.34162813,0.42712548,1.0,0.30080417,0.40502325,0.9935741,0.31194177,0.09410634,0.80860925,0.06221334,0.04226456,0.11392616,0.002838767,0.7351596,0.025333392,0.01826428,/content/data/frame39.jpg,0
412.1492513020833,123.43464088439941,48.48448350694446,70.44243049621582,0.9670945405960083,408.7447792398898,407.09296225057915,405.9442582137774,405.5863517057437,405.3363672212892,405.8412020590469,407.40127292116836,410.06710523640294,415.42907479532926,423.5534785886575,433.05820958555955,442.3157776217505,450.31531135490644,456.53406053110734,461.0291509292881,464.42828089053796,467.16215097586354,410.48423477204693,411.19822513416045,412.4701604800674,414.1353368804599,415.812255354217,426.5499519195368,430.9386356035416,435.9861425624309,440.39292430587614,444.0250718208552,417.9710233240929,415.6450699955454,413.12078748039886,410.3832733467742,410.64532488366734,411.7133068896205,413.38659013234025,416.45893348091636,419.69265413192244,410.9592710440906,412.7788502929097,414.49231253758006,416.298134338932,414.324601922033,412.77633233489036,428.47284554289325,431.4158157297868,434.33815604352384,437.91984866784725,433.7049355773938,430.79103968114623,409.41529042495984,408.94490210944,410.6266045774729,412.59005760464186,414.85381019034264,420.3680614164527,425.98198674762756,420.6378091631997,415.50753834757427,412.8535123457538,410.835249960259,409.4123013732441,409.8934983919973,411.28794077194135,413.0713415364032,415.3884423342056,424.4372705169494,415.4929873465543,413.07148135298155,411.1892038158342,152.39751269545988,157.92222749198828,164.0474607906163,170.81779770492608,177.72294299295103,184.56790921027581,190.19970587130445,194.00370937443762,196.34554385091275,197.08250569896813,197.27429877543102,195.97315310112623,192.70548095414614,186.8718445767537,179.3720581213555,170.7680784258178,162.10416654290742,142.97931682408327,141.22413255666504,140.1939791226155,139.9183061760072,140.4853115260001,140.21447295802014,139.84652106969435,140.904542089146,143.19365941753534,146.47281667768195,147.86681063688823,151.45512376513827,154.7599619297858,158.3252191783034,165.8349313511563,166.47161826074262,166.84841260294306,166.80249230401796,166.35896388684898,151.6261610075632,150.9251232028846,150.75334782969463,150.73273559106147,151.87809032802664,151.90411132690733,151.56372471786827,151.39185865284367,152.25902878322532,153.4412447125249,153.5780785372131,152.96599430698285,177.85264743175168,173.7625565363356,171.33276609559283,171.69722634828608,171.18797154319986,173.94404601269957,178.62755373572156,180.92538251866893,182.09570522154627,182.11322386093212,181.63994852201049,180.14238448767753,177.33086203818323,174.5518173423505,174.5875650404933,174.47116207076905,178.32684984276042,178.71189714191053,178.6684104072142,178.4884778073444,29.5925759573666,37.47155446952802,67.55663654424038,0.511528,0.566333,0.60952264,0.43183836,0.22990091,0.0,0.44029117,0.21982993,0.48260722,0.21400763,0.32413062,0.44323173,0.42454317,1.0,0.5803044,0.4536938,0.95481116,0.6780893,0.054833926,0.81072915,0.07908091,0.04219834,0.09717309,0.0026812672,0.6939474,0.0413763,0.043542698,/content/data/frame40.jpg,0
410.4175889756944,120.36131858825684,49.96332465277777,73.2191219329834,0.9480631947517395,409.2370707215526,407.7823611825108,406.77810252103484,406.49801254504973,406.47947997079615,407.1709132303553,408.86832813745315,411.409117227791,416.51717257195173,424.36859748555185,433.52867221010086,442.4816639106626,450.3171813161609,456.51376190915954,461.00541898938434,464.4442530296953,467.2148512778173,410.0960552108912,410.6864502634354,411.8037203139503,413.33026239883617,414.9379275380016,425.67617370336137,429.9870167507556,434.9740375610503,439.3503278936291,443.05261121626484,416.9983020281054,414.59541204874125,412.00502164610407,409.2151327622313,410.3539493033496,411.2138620579758,412.6191496533282,415.3076415929662,418.2374406110591,410.75403033303957,411.9649870960846,413.637046875454,415.35640105113305,413.58560867147844,412.101067645021,427.4088090117305,429.922684955028,432.91764845816147,436.5488311112518,432.4478729040867,429.5137978430752,409.91915324671976,409.1116855169523,410.2346194259074,411.8428776598193,413.6271711278317,418.5015995122638,423.9216999394253,419.0443139368202,414.5745372084799,412.5003827576542,411.004042680743,409.93585809411655,410.32813724390707,411.10845877836726,412.4335620588071,414.2472903084775,422.22536255324667,414.5063823737682,412.63295972702844,411.24588917428747,151.95041210067876,157.49751335918936,163.6509616931834,170.39297997138465,177.2325014548005,184.06261721490745,189.51368949488017,193.32974226805203,195.64134017129084,196.00504210467494,195.7689563548052,194.2094916198182,190.85123990943725,185.21889797417964,177.92614212659504,169.43412513488505,160.75502013677874,143.3158481252575,141.63948480851104,140.55849696906753,140.2507292382452,140.74386722644084,139.67303138846412,139.2336777980316,140.25568085928563,142.47480835246566,145.6513662073457,147.33926410404086,151.06167860729988,154.5433909101898,158.30990390627886,165.42512410788777,165.99574147998865,166.32597872966227,166.24685753380973,165.79837840169247,151.25802308137355,150.20600916409407,149.94413099368066,150.13456546844805,151.58079493094868,151.72811023931075,150.52723346843658,149.81246919699475,150.5890200628679,152.07580777935848,152.48340396102412,151.9755551282991,177.38279402023443,173.66110746549435,171.30266424210058,171.5472287592516,170.93717647817735,173.37342116341816,177.37969369272952,179.31135483950092,180.33535844992196,180.39301825706627,180.07677961452225,179.078495106089,176.74386470223072,174.4027979765758,174.29194555715495,174.0463441061425,177.05231062969472,176.8711876115216,176.95252931220875,176.99857860232865,55.230295859057726,61.98803523204476,73.9628257044473,0.6814059,0.42574418,0.39624596,0.5071172,0.13916278,0.0,0.47593892,0.021763226,0.48684704,0.22247998,0.43070444,0.15558603,0.45804536,1.0,0.20251589,0.45729917,0.704532,0.37316224,0.06402783,0.82396567,0.15146126,0.16615699,0.0823977,0.0022479296,0.54383534,0.032201923,0.021698795,/content/data/frame41.jpg,0
409.89013671875,122.16088771820068,47.650661892361086,68.22144985198975,0.8612020015716553,406.1588748032066,404.5097822661078,403.5035753953814,403.502426254682,403.6146736350581,404.2343739849415,405.6747425584874,408.0485049347495,413.1526341520406,420.78188416627074,429.850104754852,439.07207597739205,447.37146776271504,453.7915777822626,458.1260193905074,461.07016177856724,463.60450741836064,405.9061846189032,407.03372830456107,408.7038920808326,410.54874110204196,412.20828813573723,422.52779729681936,426.8277427259797,431.7544553543563,436.07790327259795,439.5767854039768,414.2565143225319,412.07018142994093,409.7010583127869,407.1031610446753,407.9267374970293,408.8049078917614,410.0611297179654,412.6622731255687,415.55946665061686,406.7126325313844,408.10193265790394,410.5264109316572,412.56204536654195,410.3251234454966,408.1537806175703,424.09462746244986,426.5655166257027,430.1929805259555,433.9366223069384,430.142018209758,426.6973359948061,406.4523485032872,405.60624669741475,407.2684543212006,408.9529372201149,410.96957667641124,416.6442701095825,422.39947170580837,417.47708238384223,412.52021274142123,410.1391651546955,408.28591471947675,406.6661606471556,407.1087542613491,407.9858487090569,409.5103265744733,411.5798960369333,420.92693207225767,412.36946792772073,410.1892637855265,408.5327542893488,150.02393837214106,155.30041917602836,161.3535727053577,167.99534245064115,174.69293945172842,181.5156634802239,187.31904359320345,191.73980006272905,194.20598775224994,194.39823337974394,194.12107820953145,192.8677633921243,189.91660904998787,184.28416056630715,176.73564317573528,168.09711581610748,159.5102534319583,139.1574711752998,137.39321326997674,136.61921455346578,136.9260302406264,138.08970964369144,137.45347850228205,136.78551058334028,137.53136145218895,139.69288046901943,142.88894572768845,145.00713896842575,148.3862225719452,151.555598976876,154.96473102382174,163.13738552088387,163.55306704063003,163.75117304171204,163.9490253047203,163.82256127284654,147.07190082632485,144.50439845170172,144.66799363496426,147.37610593907283,148.36756306436774,148.22085366195557,148.2980851881539,145.33348760768695,145.79257053699058,148.8460496369459,149.6718036011348,149.45581638522077,175.46422024310323,171.1399379169652,168.50576098388535,168.89313119009478,168.34778463508292,171.2952548955716,175.98539336701185,178.89363181763576,180.40624254852594,180.52301085823535,180.09680408800682,178.36830129298028,174.99636627173095,171.8232887066282,171.7598102719851,171.64667236856167,175.72225722537416,176.88375789670977,176.85539778738962,176.6661677393106,75.97054085648453,80.89253693498243,72.97820067240467,0.5745826,0.48397306,0.4536281,0.5537074,0.1049891,0.0,0.33892736,0.012991819,0.47086555,0.53410447,0.37478235,0.07484976,0.42561674,1.0,0.24777175,0.44818908,0.97782576,0.6575011,0.054237764,0.2864756,0.4804652,0.0148007525,0.16226484,0.0043718615,0.07028991,0.24180426,0.026003107,/content/data/frame42.jpg,0
409.15768771701386,119.89650249481201,47.76011827256946,67.1607027053833,0.8093066811561584,407.7547950460769,405.9471477942473,404.63658342114445,404.4264212051944,404.4670221434621,404.97701138410207,406.1096704390858,408.0371677985004,412.70008732271594,419.9998497222555,428.4959106976223,437.0579554032358,444.81620288938416,451.0491338436833,455.4870825217495,458.8146973768006,461.5797788344434,407.6352139461282,408.12474539620416,409.4308146997395,410.946999383074,412.2386215354215,422.0959980567257,426.00801999262126,430.7889101737478,435.0359787189456,438.20048847958833,414.109574450403,411.8222325411309,409.3028271111529,406.50013862612457,407.39651170125217,408.2383879123935,409.43075225153825,411.97157861549283,414.8542140083955,407.9958270892326,409.0430978363393,411.0665528617028,412.7751740792306,411.01098957458646,409.228559386817,423.44453093622553,425.73111986430104,429.0947841444858,432.66188785156413,428.9001499139771,425.6864453818248,406.6362648966397,405.32307049352016,406.4731970309667,407.92596076216216,409.68302016722214,414.8792557371212,420.4275862752804,415.56367361236494,410.9457288023627,408.8447035035555,407.2694524291966,406.18726953477625,406.9437214102321,407.27937929135106,408.54646050151035,410.3311580393582,419.0661290199631,410.93439685567864,409.0127684262603,407.5983899231129,147.91856506723383,153.10649502635854,159.05918967727516,165.58809147983328,172.02923434471847,178.51545520353454,184.05005194111317,188.10874308520286,190.54611559719734,190.62725982923916,190.3295116090967,188.96143484444048,186.1304801418303,180.7074735362864,173.45783302386053,165.15701634989213,156.8226121510341,137.08150356561856,134.8520547417425,133.67134179585005,133.71410440262463,134.59984326962518,133.42402290012004,132.76761184223724,133.48030554247842,135.77950420351092,139.4122217553358,141.26479328244682,144.47110731015937,147.36561506687283,150.5576140453618,159.4544051285405,159.58977361415128,159.5504552658644,159.84224688834337,159.79861961416603,145.06637557432407,142.29256337776727,142.19622741982965,144.552093019844,145.81147869011863,145.9229895609748,144.93486206421727,142.06199020740414,142.53896476530878,145.42682899414433,146.33887296502013,146.10023436927233,171.71885717678785,167.70213122397905,165.0546205145735,165.38499551804696,164.7643132378026,167.67322731418773,172.03149208738125,174.49192720049064,175.93057043262814,176.08514414199595,175.74034840772745,174.1838702234241,171.0254563679709,168.3079700471426,168.24634808357214,167.98215376236482,171.67777586774088,172.4776268412539,172.5703239905382,172.47921206482565,84.53659868478084,88.50233410967189,71.21492126638319,0.6196653,0.53853047,0.29996178,0.53227746,0.10796058,0.0,0.24174,0.007222951,0.47869527,0.37481013,0.47742525,0.44206202,0.41895723,1.0,0.3410567,0.43766338,0.9769852,0.6517296,0.05675914,0.37770674,0.2472024,0.020846473,0.2486702,0.005232846,0.13049547,0.306526,0.041026562,/content/data/frame43.jpg,0
408.1902398003472,116.95847511291504,46.482638888888914,65.89881134033203,0.7984347939491272,406.9162719842642,405.30562710229094,404.1726020299426,403.70080450978753,403.1836447440485,402.98208582605344,403.8742983663977,406.0135248825235,410.7450371133051,418.09086808211987,426.71599426938485,435.4297168250121,443.2448059426386,449.4046821490816,453.97559770160717,457.505015137864,460.45479602479753,407.1710952472532,407.88551055087316,409.51758395622403,411.26445580009533,412.5797323196913,422.93501056428886,426.85491143303545,431.65972017254046,435.8748880644831,438.9600109630228,414.0028596520812,411.5077935630919,408.8039923280421,405.85125492941467,406.328507089917,407.1940509285245,408.4615495592633,411.02483812773954,413.9570779094215,407.24398639925164,408.67350752695904,410.81514968635804,412.6547374541445,410.535639727479,408.5621534422375,423.5964301895814,426.55788629288145,430.04619065899016,433.4958023116742,429.5374279049414,426.09250142184493,404.39176450640554,403.88154647458,405.1965177982697,406.68428185283904,408.4079882669011,413.30817485137214,418.77837194131325,413.64122489208705,409.20650330730746,407.1833384343796,405.61583576290406,404.3806831847754,404.77401825469013,405.7996992101506,407.1445644139375,408.91932574317036,417.29059021130536,409.25375918154515,407.41400408627345,406.01782472754985,145.89283204053453,150.61582942336864,156.0757959694569,162.1851864098515,168.30518211339694,174.66316934894837,180.0217260120629,183.57781686350683,185.90548358711004,186.6774807561889,187.48492778489344,187.03014582028263,184.72913365806525,179.57431117025425,172.53446678895597,164.49961776504242,156.38361726749844,134.283575697353,131.8998707632606,130.69038527868224,130.85898539552954,132.0290028041107,131.10772359419508,130.34495536078256,131.13273787488023,133.38995737045997,136.99586703473634,138.67463070029015,141.9867722185624,144.9602641171761,148.16191529049237,157.459608412984,157.59568100938503,157.55090794508723,157.8535962957638,157.91195823724556,142.56556270355887,139.89336633106123,139.8614798398543,142.19444683830778,143.4909190479747,143.5357769543777,143.27763777911022,140.75191894452718,141.35118465758023,144.16474211770347,145.1724212281466,144.77358320501918,169.02264466262895,165.23045708619537,162.7073612866983,163.15647768406143,162.45385307634007,165.47973733164417,169.7745342527738,170.93838411165143,171.66114929245884,171.78897335085367,171.53063856739917,170.56360825225073,168.30227391456845,166.49403412629346,166.45959294502973,166.16518141306113,169.28645176186927,167.95830987970874,168.06627145858454,168.107372745107,88.41627244109775,92.01322956358499,68.56024663914349,0.6309655,0.59906495,0.48367155,0.5224127,0.09852637,0.0,0.29223523,0.040400796,0.47714683,0.18142746,0.43830684,0.47414723,0.46672437,1.0,0.30337626,0.45975137,0.40068626,0.47056025,0.032862697,0.31306216,0.32056004,0.014484629,0.2616884,0.011035222,0.12555182,0.22281685,0.043863032,/content/data/frame44.jpg,0
408.27484809027777,116.19681358337402,46.97900390625,66.15297317504883,0.7853050231933594,407.54820505245743,405.91059286247946,404.7588243752193,404.30350796222694,403.76349893240683,403.5040494996923,404.26730981471314,406.2283679074113,410.8399073316607,418.1448593435548,426.7551212154515,435.4822070162545,443.37609310555445,449.6517714168831,454.2968356180577,457.88141392559146,460.88688811571546,407.8080744172777,408.44229137056914,409.9842241003447,411.67635294090496,412.956376973606,423.02988103029406,426.9377644745746,431.73792675455115,435.9262373103152,438.97147138195396,414.26639953645144,411.76221308727736,409.05271059399286,406.0797497950183,406.6288163463414,407.4785554682735,408.71358762029456,411.2400103616475,414.1359556124314,407.8677449951407,409.24113827000895,411.29925745868275,413.087057479094,411.03587131034044,409.15093093916175,423.74750359722725,426.64080978173547,430.0744940631539,433.5314839849866,429.5653612807246,426.1644624591438,404.599460732549,404.0724412082303,405.40915252648267,406.8543364478204,408.55154114377694,413.4335286731889,418.84442128121964,413.7185241728198,409.2774109406852,407.2626713299868,405.714741259997,404.50188152315843,405.01208838545256,405.98769594581324,407.2918548369739,409.0363639974603,417.34598760306085,409.3520535767516,407.53276338004,406.1698861514251,146.0491201154682,150.7400480000324,156.13787184776993,162.17591353773514,168.22279391134543,174.5600969634629,179.97251788777703,183.70967231566374,186.18388862446955,186.9929073441267,187.84066391335682,187.4601415485704,185.25431272034075,180.16393595354884,173.13197293178382,165.09876874759857,157.0063340270808,134.33357979535026,131.93320529434163,130.67768163846836,130.81690746658114,131.9614602190668,131.13917637649797,130.44236351549148,131.3135984296075,133.63801845030957,137.32516428748704,138.6789402270274,141.86723984400487,144.70782857999507,147.788093269603,157.19258515359115,157.30689658730716,157.24669133532643,157.56423571332698,157.64564812810067,142.65199713411698,140.01057214116145,139.9630098028315,142.22099774731464,143.5137167415894,143.56745858786394,143.3744696211445,140.92641212525723,141.56401101063398,144.368511609493,145.29004137789457,144.86954384245746,168.8443975236696,164.99890770994898,162.45173440803637,162.90175967649657,162.213638818625,165.29749244910272,169.67816739651062,171.04580701007671,171.86056046451858,172.00545241879036,171.71579626423954,170.60437911216422,168.1682997360026,166.33114527264115,166.29135226972085,166.01005690424972,169.21621369043305,168.01739861244323,168.11628020281523,168.1532768127836,88.29335543493742,91.94168924558547,68.24299617512865,0.6764038,0.61396515,0.30074796,0.52881587,0.10750554,0.0,0.2481136,0.21044451,0.48034778,0.18550716,0.30774456,0.104317985,0.45189157,0.0,0.22752106,0.45802864,0.98126066,0.36506647,0.10040986,0.5692056,0.34145403,0.019624952,0.30352893,0.0073316917,0.12149572,0.16896407,0.03760056,/content/data/frame45.jpg,0
406.9258083767361,113.02985000610352,48.208523220486086,71.86407852172852,0.8913634419441223,405.37833778045854,404.24884022302234,403.67631058849156,403.9572142611739,404.0825265181992,404.4103286407148,405.585407492376,408.03874538341535,412.9728025817875,420.4802117501045,428.8404592568086,436.8477630317525,443.7219840159461,449.09108036382423,453.06268617660464,456.1598754295599,458.4681231689722,405.01738574260014,405.45831161390265,406.73122621408584,408.2453524845826,409.64235213827317,419.41943244955365,423.39581086324046,428.21308711783934,432.5807185735239,436.06100606897445,411.90222621357094,409.82339999549083,407.52002637434407,404.9838605985377,406.4285657008148,407.2417994188637,408.3992322404638,410.8849143331226,413.651172415849,406.0780583856724,406.898887915234,408.81591602342496,410.6927766681983,408.9645567125599,407.29067167456463,421.5486369783326,423.8158254436032,427.1799565197932,430.93637894210923,427.2751823726661,424.0076829720177,405.0437584104522,403.9547842697053,405.2723523725535,406.95881271277557,408.74764367190164,413.8330272718198,418.99659851367426,414.6873511047271,410.37963802143474,408.2032009350585,406.42968110673473,404.91667538227745,405.4436327177922,406.37738810154195,407.83822932379263,409.70067707363694,417.48533657473934,410.09930618704095,408.12614797449004,406.5398698473175,146.9045256637457,152.11665818407454,157.98513769669472,164.32461149435176,170.78851730357883,177.44714111769252,183.01356665113633,186.5695012844866,188.5687250427526,188.1293938935085,186.80329447740843,184.29877127691708,180.54778967103556,174.71058778524966,167.4827934046637,159.4249211346014,151.4297480415521,135.78508516849496,133.0386550965349,131.42287910888658,131.1021459356403,131.8549164286356,130.44611249063524,129.48330129668216,129.94784987193265,131.7270456771556,134.80153359257375,138.22120622944698,141.577233907329,144.7358373074356,148.19676197292975,156.94212007889254,156.95181948428882,156.89120205565177,156.83439859564433,156.4910540369512,142.98912705711692,139.84281111254808,139.47134753042081,141.62486482418348,142.98978756246584,143.391472476881,141.69071746447716,138.74687082492088,138.8717988580175,141.3939475280922,142.53657552065542,142.5702895641075,169.6599783784195,165.0421670290165,162.055063714255,162.29968199873193,161.45157771035537,164.20818264876053,168.7426778020491,171.78379349195836,173.58571890537542,173.9236663386493,173.6722528162636,172.20900473308194,168.9108573702315,166.04253193564847,165.79249082515508,165.33108800300607,168.52406852197336,169.3855268406729,169.7055352570772,169.84450352644296,86.03551062365196,88.89516461209489,67.93195412707057,0.5975567,0.44230863,0.36918098,0.51454055,0.12818827,1.0,0.31239694,0.4543479,0.49027213,0.27140534,0.26396957,0.13561958,0.45001882,1.0,0.27720827,0.45896697,0.96379286,0.6767745,0.048314657,0.4488365,0.0956982,0.01764553,0.4075028,0.021332894,0.124276325,0.27642778,0.057116512,/content/data/frame46.jpg,0
408.16544596354163,110.91512775421143,47.48619249131946,71.80742168426514,0.7445974946022034,405.5912876790677,404.3734003516467,403.83236705027747,404.23410892966587,404.50359579891017,404.7478607269669,405.7864197058597,408.1188258755739,412.7618060780573,419.8294400662371,427.6983749847043,435.20525312973854,441.58201933296414,446.6440242804056,450.5179439293912,453.63029269463163,455.9662684309345,404.4396222319505,404.66938419071977,405.9166498215757,407.44623992122746,408.8366220599878,418.2834273922438,422.28938505254143,427.30135700297046,431.8230656746621,435.36939156001347,411.05313159306144,409.0693976060893,406.86772873871064,404.39807273366165,405.82540373866505,406.5935359480464,407.6139209537391,409.9225060445493,412.54969164561714,405.468553653188,406.2671144917126,408.1406490244017,410.0771247745766,408.3488638979463,406.69468180016514,420.18369515384524,422.5555540224817,425.9928591809344,429.82283720841,426.03009053086436,422.6671992796349,404.4523981986978,403.042163876834,404.26226870119694,405.8604214437034,407.5444004343827,412.5471056358655,417.67822920541795,413.5599226467835,409.4485497786451,407.39195426071086,405.74334993172874,404.32269709788636,404.8286189609939,405.4086915078891,406.77138639328547,408.5017492053495,416.23654546108776,409.11167642589703,407.2867419275179,405.79052213940315,147.12145062507355,151.9595076416283,157.31622525155188,163.10469092849365,169.0552097924945,175.28504852607637,180.59736997255743,183.95489916980335,185.9572668079751,185.66750017804677,184.7401473225757,182.59828923982556,179.23238311724708,173.7821634069682,166.90661318979568,159.37934742666965,151.90595387066404,135.65504229769618,132.61820912605776,130.63486548018022,130.0971321018804,130.87528221001165,129.22483788501458,128.1339809035473,128.65598507655528,130.58199737416498,133.92255700593034,137.17925493516333,140.17579309288593,142.91650631967485,145.91686057520377,155.30907593497142,155.0425551444393,154.7493987102685,154.78858176567144,154.54034537378064,142.26975991857682,138.9091824655462,138.45513873153305,140.76882136887457,142.12415241816086,142.60440550224888,140.80309948026,137.65777716466084,137.75114059120622,140.37565800544982,141.4629762367306,141.5488949341101,167.52841628134274,162.72629118975834,159.6401004139225,159.80570775936914,158.90040403967535,161.76092116610107,166.43665278404396,169.18174193994594,170.83157507296596,171.24671823526302,171.06166060395833,169.72277010524812,166.68058001569318,163.63211365222259,163.29289696889023,162.72729272283,166.16806215849712,166.78601319976863,167.17745854877046,167.40240287666177,93.87234039066526,97.05148402435834,67.99206790806666,0.7184071,0.5133463,0.38122246,0.6457124,0.12216149,0.0,0.24002464,0.004965724,0.48110113,0.23939753,0.2377538,0.05512396,0.4366573,1.0,0.1684538,0.48423252,0.87749267,0.5442845,0.07789572,0.33953777,0.1820055,0.046588805,0.17129245,0.15271999,0.0372874,0.3610467,0.0490592,/content/data/frame47.jpg,0
408.94992404513886,110.86279678344727,45.64708116319446,70.80516815185547,0.7408961057662964,410.2764060428003,408.33237910333787,406.9764647181821,406.7141006997431,406.3586698310828,405.97814242596905,406.2515391968375,407.6754656768983,411.541797162728,418.20182692430217,425.6828864195122,432.6772361805697,438.9642996567809,444.59292279589954,449.15992521984117,452.7430147795476,455.5338732040527,410.5906432423026,410.5030902361059,411.42610645972263,412.4741369104313,413.2925053122326,421.3285854349365,424.5243967706224,428.6534847643625,432.33220501680444,434.97056482246444,414.4243917715371,412.2879829524677,409.96222201929095,407.34034550533147,408.41166197654525,409.0306761131958,410.0681713868371,412.40997880891564,415.03783255769486,410.1772252194919,410.90288001159615,412.2652768035041,413.85672032211596,412.45033685532826,411.2549810502255,422.29093416796013,424.30383541306946,427.0323057369651,430.2972863784489,426.87254732899555,424.12731137419905,407.91026680568984,406.52904318010906,407.35750362570366,408.66378075368766,410.17962826793246,414.77752341155247,419.48354560623693,415.0519824361836,410.7908457911494,408.82518761743677,407.50635335856055,406.9220200980342,408.1832255076645,408.231938515436,409.32206029670647,410.87753785269933,418.41377123881693,410.77087187534426,409.0596785529365,407.78567798654103,145.67016150496693,149.74413638036276,154.32570902635598,159.4670982679636,164.9104613122372,170.79378732853365,176.04734246447515,179.89184520522394,182.67337504126226,183.31283408108357,183.5199773630975,182.22681824612118,179.64249537799697,175.15028878633893,169.11469204830973,162.14827740884994,155.11311887153533,134.68788322157843,132.02800739631948,130.407084120126,130.10164121697153,130.79835307580333,130.4718322219437,130.00478241201927,130.86557259519532,132.78965220684904,136.2820766986797,137.1497113917976,139.72761515792308,141.96857810777283,144.45673852323262,152.6223604289944,152.6828341938599,152.5688755089086,152.9622512467804,152.90057215940942,141.76649920603404,139.11671669066345,138.73604495071186,140.40893130071845,141.77710655052033,142.16811975499377,141.52729080030804,139.37743605160813,139.88277257641266,142.3631515715797,142.9431750444919,142.64366253063963,163.61384322353297,159.70018637012708,157.31912240434576,157.66146438218493,157.20566509304172,160.2433107683546,164.94013351626927,167.1849707170295,168.15728615043463,168.11069891628358,167.57660937246692,165.94917077104947,162.9146599471269,160.11372340587423,160.14452496670765,159.90854510340705,164.4705489840171,165.01531424145378,164.94406347536278,164.78054982941921,98.88930500664983,102.32820619428644,66.23207800678311,0.5823887,0.4797823,0.6026664,0.62433773,0.11879302,0.0,0.36292124,0.2889894,0.48276368,0.18989141,0.24086066,0.41706896,0.39113864,1.0,0.5157509,0.4331618,0.8975202,0.72510546,0.08037914,0.5626956,0.09410472,0.012362406,0.10149814,0.13497174,0.040182658,0.54388297,0.07299741,/content/data/frame48.jpg,0
,,,,,,,,,,,,,,,,,,,,,,,,,,,,,,,,,,,,,,,,,,,,,,,,,,,,,,,,,,,,,,,,,,,,,,,,,,,,,,,,,,,,,,,,,,,,,,,,,,,,,,,,,,,,,,,,,,,,,,,,,,,,,,,,,,,,,,,,,,,,,,,,,,,,,,,,,,,,,,,,,,,,,,,,,,,/content/data/frame49.jpg,0
,,,,,,,,,,,,,,,,,,,,,,,,,,,,,,,,,,,,,,,,,,,,,,,,,,,,,,,,,,,,,,,,,,,,,,,,,,,,,,,,,,,,,,,,,,,,,,,,,,,,,,,,,,,,,,,,,,,,,,,,,,,,,,,,,,,,,,,,,,,,,,,,,,,,,,,,,,,,,,,,,,,,,,,,,,,/content/data/frame50.jpg,0
,,,,,,,,,,,,,,,,,,,,,,,,,,,,,,,,,,,,,,,,,,,,,,,,,,,,,,,,,,,,,,,,,,,,,,,,,,,,,,,,,,,,,,,,,,,,,,,,,,,,,,,,,,,,,,,,,,,,,,,,,,,,,,,,,,,,,,,,,,,,,,,,,,,,,,,,,,,,,,,,,,,,,,,,,,,/content/data/frame51.jpg,0
,,,,,,,,,,,,,,,,,,,,,,,,,,,,,,,,,,,,,,,,,,,,,,,,,,,,,,,,,,,,,,,,,,,,,,,,,,,,,,,,,,,,,,,,,,,,,,,,,,,,,,,,,,,,,,,,,,,,,,,,,,,,,,,,,,,,,,,,,,,,,,,,,,,,,,,,,,,,,,,,,,,,,,,,,,,/content/data/frame52.jpg,0
,,,,,,,,,,,,,,,,,,,,,,,,,,,,,,,,,,,,,,,,,,,,,,,,,,,,,,,,,,,,,,,,,,,,,,,,,,,,,,,,,,,,,,,,,,,,,,,,,,,,,,,,,,,,,,,,,,,,,,,,,,,,,,,,,,,,,,,,,,,,,,,,,,,,,,,,,,,,,,,,,,,,,,,,,,,/content/data/frame53.jpg,0
,,,,,,,,,,,,,,,,,,,,,,,,,,,,,,,,,,,,,,,,,,,,,,,,,,,,,,,,,,,,,,,,,,,,,,,,,,,,,,,,,,,,,,,,,,,,,,,,,,,,,,,,,,,,,,,,,,,,,,,,,,,,,,,,,,,,,,,,,,,,,,,,,,,,,,,,,,,,,,,,,,,,,,,,,,,/content/data/frame54.jpg,0
,,,,,,,,,,,,,,,,,,,,,,,,,,,,,,,,,,,,,,,,,,,,,,,,,,,,,,,,,,,,,,,,,,,,,,,,,,,,,,,,,,,,,,,,,,,,,,,,,,,,,,,,,,,,,,,,,,,,,,,,,,,,,,,,,,,,,,,,,,,,,,,,,,,,,,,,,,,,,,,,,,,,,,,,,,,/content/data/frame55.jpg,0
,,,,,,,,,,,,,,,,,,,,,,,,,,,,,,,,,,,,,,,,,,,,,,,,,,,,,,,,,,,,,,,,,,,,,,,,,,,,,,,,,,,,,,,,,,,,,,,,,,,,,,,,,,,,,,,,,,,,,,,,,,,,,,,,,,,,,,,,,,,,,,,,,,,,,,,,,,,,,,,,,,,,,,,,,,,/content/data/frame56.jpg,0
,,,,,,,,,,,,,,,,,,,,,,,,,,,,,,,,,,,,,,,,,,,,,,,,,,,,,,,,,,,,,,,,,,,,,,,,,,,,,,,,,,,,,,,,,,,,,,,,,,,,,,,,,,,,,,,,,,,,,,,,,,,,,,,,,,,,,,,,,,,,,,,,,,,,,,,,,,,,,,,,,,,,,,,,,,,/content/data/frame57.jpg,0
,,,,,,,,,,,,,,,,,,,,,,,,,,,,,,,,,,,,,,,,,,,,,,,,,,,,,,,,,,,,,,,,,,,,,,,,,,,,,,,,,,,,,,,,,,,,,,,,,,,,,,,,,,,,,,,,,,,,,,,,,,,,,,,,,,,,,,,,,,,,,,,,,,,,,,,,,,,,,,,,,,,,,,,,,,,/content/data/frame58.jpg,0
,,,,,,,,,,,,,,,,,,,,,,,,,,,,,,,,,,,,,,,,,,,,,,,,,,,,,,,,,,,,,,,,,,,,,,,,,,,,,,,,,,,,,,,,,,,,,,,,,,,,,,,,,,,,,,,,,,,,,,,,,,,,,,,,,,,,,,,,,,,,,,,,,,,,,,,,,,,,,,,,,,,,,,,,,,,/content/data/frame59.jpg,0
,,,,,,,,,,,,,,,,,,,,,,,,,,,,,,,,,,,,,,,,,,,,,,,,,,,,,,,,,,,,,,,,,,,,,,,,,,,,,,,,,,,,,,,,,,,,,,,,,,,,,,,,,,,,,,,,,,,,,,,,,,,,,,,,,,,,,,,,,,,,,,,,,,,,,,,,,,,,,,,,,,,,,,,,,,,/content/data/frame60.jpg,0
,,,,,,,,,,,,,,,,,,,,,,,,,,,,,,,,,,,,,,,,,,,,,,,,,,,,,,,,,,,,,,,,,,,,,,,,,,,,,,,,,,,,,,,,,,,,,,,,,,,,,,,,,,,,,,,,,,,,,,,,,,,,,,,,,,,,,,,,,,,,,,,,,,,,,,,,,,,,,,,,,,,,,,,,,,,/content/data/frame61.jpg,0
398.96725802951386,110.8487377166748,48.41688368055554,76.6772232055664,0.7491747736930847,394.4511415786306,394.3163080377731,394.85514997788425,396.5664596367317,398.6266582807997,400.9702253648681,404.009735893471,408.18063885896134,414.2253688153246,421.636422954475,428.8851640548437,434.88827029111997,439.6478202442266,442.9562135878638,444.6490943508126,445.31853451748685,444.81622541951674,391.8008220191813,391.559202068967,393.212133219551,395.77103772236427,398.3263458414307,405.1715200353275,408.3165692762952,412.8984334668038,417.7764981809907,421.9835761326717,401.4875397330349,400.6346497178794,399.47575858772933,398.12311656788927,399.9642484131928,401.39190033086925,403.09693996955866,405.7633863554018,408.59902867991576,395.82258954565793,396.39321073948065,398.1453804181684,400.78268690932117,399.27399912866633,397.7247488559154,411.1019307831325,413.14177002870355,416.0845415364732,419.9077675652494,416.61532280557856,413.72488601668766,402.3824181797057,401.0036088004264,401.627926211054,403.3759661498082,404.87295025846026,409.47580592253536,414.96837922945997,411.2031094115038,407.8136349587336,405.9957623791114,404.41922456181965,403.028231627079,402.5035956084324,403.38354282406874,404.77717923111743,406.33595861825677,413.6869368327965,406.7121406324006,405.1055675949947,403.64375208836617,150.68888759426372,156.60390916510534,162.722011931164,168.9562629473052,175.2657322678133,181.75245134252,187.32121643168432,190.60341088068344,191.3322030334939,188.20598441943423,183.20207780930485,176.86893241005436,169.97901799578213,162.3121201607102,154.33686841060188,146.17703154485926,138.19341062723623,144.11906915770743,140.65921088363984,137.5515788414722,135.6822682394908,135.25220765282785,131.15208064197503,128.94710390069568,127.79313226154208,128.02975319721526,129.8100056558892,140.48476090664718,144.82964219224542,149.0308052375276,153.56869839228983,160.73467467813424,160.7197132829966,160.32343923399694,159.2480834740958,157.58343631164863,149.45048663053294,146.8298841970196,145.2485557717173,144.79016012347856,147.77488167208685,149.30716875013076,140.97251993815826,138.64797817657245,137.9958768847984,138.2456658225704,140.7741498274072,141.47814708746938,172.6477787909904,169.34031230797575,166.62158330488654,166.33332416689717,164.8096969286342,165.30646680039862,166.73449576936383,169.53528758603244,171.97315039858296,172.9536866714845,173.3922453086481,173.12035156768616,171.50336368813714,169.61096657851942,169.0350406158379,167.69704875243534,166.6031228737893,168.46960627665285,169.60820793418134,170.29627854780665,96.13801506995064,96.60392627762911,70.27773401784737,0.62930214,0.58604735,0.21977685,0.4964283,0.31635913,1.0,0.3464887,0.037417505,0.48419732,0.14205015,0.32695967,0.1345035,0.51170754,0.0,0.4276256,0.5731187,0.5437627,0.5053372,0.03281464,0.23339675,0.16576008,0.027012639,0.15561576,0.04393268,0.12952064,0.36038893,0.11776932,/content/data/frame62.jpg,0
397.52560763888886,110.8354082107544,49.331705729166686,78.05338954925537,0.8431328535079956,394.5760274331986,394.3274275408255,394.6753247492637,395.8268847050219,397.3528434847562,399.4231628660171,402.33462521282286,406.8609442696385,413.263275676329,421.05397742480744,428.4409189375723,434.50656202956725,439.332809365791,442.84467259572637,444.99921988379583,446.2588310071387,446.56638820115245,392.9976669705398,392.9929983427763,394.8332150883906,397.541594221037,400.2376925597547,407.55219706775773,410.79317939676474,415.3670779813709,420.1802838653308,424.07672199249316,402.9317685242932,401.7514724319061,400.31726440013006,398.7051600171605,400.1085369615534,401.5632339187611,403.29123192653606,406.09526977656907,409.0629622206358,396.3975696677587,396.97277391799884,398.84375754864146,401.38491048233726,399.8251896381485,398.1898607511474,412.64346335076726,414.7082389982533,417.7483628642684,421.38585614569934,418.1725115347712,415.25239582708826,401.31032409438984,400.50202482048377,401.434002952578,403.32135678801546,404.9603061295512,409.3292568402993,414.5206173859967,410.5999107686841,407.21335936987657,405.36281023223427,403.71115719864946,402.13917928748924,401.5378125776295,403.0562540990276,404.60365088248335,406.2868775176427,413.0010313878374,406.3634234731178,404.6819079702867,403.1225165120926,150.5392142944999,157.01768969409574,163.90435808329966,170.89701618621476,177.8288327879434,184.69177421990355,190.3010948873732,192.98228013561152,193.35142134500308,190.5209237505332,185.99784551693642,180.13703585112341,173.54818264642964,166.12641275183768,158.26523635753185,149.94910532800063,141.80694034898062,141.5449500785018,137.8590761355475,134.88813449404174,133.2687277910546,133.16647577096097,129.54572255571716,127.49937856689942,126.60643267517456,127.03570357703526,129.3504022436866,139.07615180306917,143.79255170147457,148.4343875431864,153.3930536320842,160.9422456612953,161.0434229897961,160.85954744537725,159.85911843733817,158.3858977050399,147.81314880878332,144.97120644670173,143.57805442517756,143.61915788934394,146.41121502167223,147.76666630383946,140.379836447344,137.91837119740302,137.48042460341128,138.33233960754487,140.54691888884776,141.06559575700965,174.1544147782277,170.5482243319181,167.70268663796242,167.50211848127088,166.0678937010544,166.95513116600708,168.83155943548547,171.1851228581021,173.23671748298753,174.10451559144076,174.56834690008202,174.6503863440107,172.9928155281487,170.82370826255175,170.2858600129369,169.0678520155659,168.64475849680878,169.79101059266122,170.8334781861227,171.54950751041795,93.21266098111359,93.25471113213078,71.91175910945766,0.6941964,0.5564767,0.52270025,0.45678884,0.24007823,0.0,0.36325744,0.32940063,0.48672432,0.1403161,0.37918437,0.3188876,0.49684218,0.0,0.44101277,0.5731187,0.21525246,0.33123714,0.26753798,0.19176678,0.13681005,0.007163923,0.14862035,0.044655703,0.16542898,0.3344293,0.16289173,/content/data/frame63.jpg,0
395.99696180555554,113.40392589569092,48.827419704861086,74.87985134124756,0.727161169052124,391.4950652421778,391.4749835788599,392.17957172624665,393.3711944368155,394.4771909059399,395.9630385038814,398.50297793842833,402.97396385131646,409.5721171567459,417.713786898569,425.5986823546332,432.2164781457857,437.60992178390075,441.52389393293674,443.96631585707485,445.52551414710103,446.309617540374,391.09338511235563,391.7494361017696,393.8419004305774,396.6896832748072,399.5527114729867,408.5023448054642,411.74979800643706,415.9099050962044,420.02299072628375,423.6816667970753,402.34050908474245,400.8711493919947,399.1139087857908,397.19334633357164,398.3211677868328,399.6452012033075,401.3974742824472,404.23356536216886,407.2262259323841,394.64797743211227,395.66762194559567,397.7520418262628,400.3213820584584,398.60154117353716,396.7540924181761,412.42719195579826,414.508617930666,417.52994555059706,421.0678424269671,417.86804802877725,414.9467966643277,398.80049397985067,398.2030075905077,399.35958848145424,401.26054727767666,402.9922084668899,407.4350039984274,412.6285843400932,408.5937714046559,405.05559334750865,403.08295755430413,401.3281645598181,399.653454528597,399.1819223989325,400.7675168691594,402.3737205514006,404.1743888591684,410.9755921765223,404.2837360465617,402.4504293453389,400.8288571251884,148.85207095465495,155.15315275208127,161.9762854921463,168.94109049733652,176.05475528390014,183.1268588736782,188.76884489556005,191.40005962726138,191.75670932508956,189.28450366186325,185.4690036989225,180.44293211894035,174.56454536704337,167.59338299837577,159.90421882029182,151.64415054796098,143.4294166506548,140.21835092016659,136.9383691201374,134.00821369774246,132.12161922236783,131.52524818344114,128.09469273825357,126.63124319765183,126.28836466312711,126.92211935586349,128.8018677487908,137.07918713128225,141.13591074404553,145.13310704731487,149.49261683263927,157.94131455989134,157.93918294180878,157.66380787815854,156.94841435518993,155.83476709101296,146.77132249156472,143.97665067928392,142.5532305697099,142.40072614988128,145.29070485607946,146.66932885097378,139.21077843471852,137.04786359269974,136.8287005832844,137.96259018550916,139.8581958353157,140.1590137424363,171.85301469371882,167.95660964847877,164.86780935366312,164.74280441384678,163.41081625928882,164.74220991734637,167.20578199175588,169.33713763892172,171.17488164060035,172.04588328359569,172.53476292825871,172.70677058237789,170.7998989560973,168.08737209944775,167.58818249295325,166.5171408113058,167.01872982709926,167.7021115880592,168.67795884810016,169.34415912461577,94.4145444273827,94.58183793479252,72.03091622897665,0.689445,0.60945517,0.41280812,0.4488796,0.33060217,1.0,0.3354169,0.70443934,0.49297938,0.20054072,0.5443863,0.017363172,0.4852937,0.0,0.57023084,0.5731187,0.6601293,0.4707096,0.07028674,0.18134694,0.15643565,0.0054632523,0.1858285,0.022308016,0.19622025,0.34382382,0.08992046,/content/data/frame64.jpg,0
396.66647677951386,113.33308982849121,48.081868489583314,74.63009262084961,0.695202112197876,391.14629656878395,391.15244056096526,391.85768785809705,393.0446460278793,394.1690152799172,395.66273934949857,398.1980035428145,402.69222172626866,409.32980707960326,417.48927958049364,425.3420222128161,431.9228997460482,437.2924660006109,441.20358409552273,443.6936357660102,445.36369668156294,446.26075156779336,390.8963799450324,391.6003528041683,393.77360988214537,396.69909898286653,399.6379289805982,408.5362258827198,411.8824303194644,416.13339231899687,420.3295815089965,424.0131423609121,402.4696608140124,401.0485463479462,399.34200581243954,397.46766249481885,398.3767678261833,399.7438901593947,401.5229628979939,404.36162340373767,407.3339784604569,394.5358932839315,395.57511673294255,397.70620792887087,400.3049765001041,398.5650763823759,396.6738330827865,412.4682527677047,414.5411668699876,417.58965725292904,421.1371988722055,417.9612353308927,415.0145852214793,398.5910508966714,398.1464908924691,399.3829853328356,401.3006929045681,403.0591531098849,407.44783448237774,412.5840811659167,408.57508890189956,405.04890179237225,403.06050094483345,401.2864939304567,399.5414880538045,399.0255074767198,400.74828608713136,402.3802900154934,404.1992106269278,410.9111270759397,404.3015606756543,402.44902159092896,400.8020740430087,148.47600419101377,154.82859584968338,161.6975951222531,168.6977160489856,175.82631100162553,182.9094532232283,188.60917765364275,191.33819912601746,191.75810976454193,189.3667356261687,185.57544939961298,180.52967313439268,174.60766536565197,167.5769419131372,159.8093557597619,151.4623340275163,143.16406121672657,139.96978580297417,136.62354400050822,133.69575290445414,131.84070230945835,131.29807196611372,127.84700597037218,126.31840099991442,125.94985888681015,126.59319919061218,128.5548461816674,136.78210543903933,140.89813981879192,144.96440038873175,149.40041879220962,157.82783020495071,157.83739049165507,157.57628950681064,156.8401047268945,155.70839844857238,146.4883212991208,143.6815791263467,142.25757148585635,142.14349660756756,145.04894300225683,146.42492501489738,138.93141108963368,136.72809061985382,136.48662265259654,137.62668016963949,139.5546419629014,139.87795687378667,171.76524426695278,167.88274297663165,164.826445826909,164.71557105575548,163.40100761308713,164.72897467379826,167.17971226746968,169.3271683148574,171.14309966858417,171.99455236089204,172.47525702804623,172.63149378491363,170.7290714621916,168.00205172488896,167.5136176913764,166.4573474664913,166.98900296368066,167.6845391767327,168.64478483571912,169.29622949758306,93.4046913291095,93.68977418342274,71.9927978278349,0.6898028,0.6193753,0.5032057,0.4674413,0.26965654,1.0,0.2976921,0.18439083,0.49720052,0.19295096,0.3367905,0.20502447,0.52415633,0.0,0.4059829,0.5731187,0.5494041,0.22170532,0.32816786,0.4673214,0.1404241,0.0055380496,0.17106985,0.023690462,0.2027533,0.36108264,0.095441595,/content/data/frame65.jpg,0
396.9456380208333,110.44047546386719,49.309244791666686,76.8288516998291,0.7829617857933044,393.50223932243694,393.46785018750984,394.1701883704139,395.5252304658568,396.8669672412386,398.30338678983776,400.64176553646485,404.54497631251184,410.43854482230074,417.66595896049876,424.64857444286986,430.5245005241379,435.69735068818363,439.9636641295299,442.8473123396079,444.5109650487009,445.0849855434619,393.66954702489625,393.88992763645206,395.5594561177599,398.16305516014245,400.7177672831266,408.29985440733685,411.1239810586161,415.1208497479149,419.3260617524995,422.719601150116,403.5998383628556,402.3390930008843,400.7961045015595,399.08574235704305,400.10783822298026,401.44969039814373,403.14345970262946,405.797385414067,408.57685234985365,397.00024986760576,397.815329515746,399.6594276429146,402.00296640834904,400.5901406198665,398.9355220651072,412.56449180423556,414.4501572075103,417.30783497149287,420.7061085077702,417.7486319135845,414.9388780303465,401.69624752683364,400.9558205469556,401.52272472184916,402.9266839604428,404.0359863423157,407.4825272110686,411.90206958151475,408.5073047481219,405.92190177845066,404.6131693406163,403.4210483821237,402.31267469373154,401.8929437070159,402.9569599174388,404.03617592767125,405.1683439519909,410.4438669503252,405.15972468734833,404.03503017269645,402.94219973584495,147.14303725419518,153.13657219863194,159.57836385675887,166.10943098404937,172.7414784154978,179.65875014532526,185.37918875891,188.4304359185153,189.25210434466408,186.77515793643238,182.9350323743456,177.87348255207257,172.0852273334806,165.26918319305742,157.71397047989876,149.47667911454755,141.22924081125404,138.94032186151276,135.75761511732878,132.8843446447563,131.11372183331582,130.665314000864,126.91221635981276,125.33695713583802,124.85571394409038,125.61525744731898,128.1596852516684,136.3572598588404,140.59796004389148,144.66874504094108,149.07765414579376,156.96856482372732,157.11518299390787,156.8909941895581,156.33851498736885,155.17376301042054,145.0699213913382,142.12814466268253,140.72672421928485,141.01651779949384,143.85745984752555,145.1629308677218,138.18586007009685,135.58133370804046,135.28598170501607,136.54778764593289,138.73120646673556,139.12324974870046,170.39891780059338,167.04595516429072,164.1627795437946,164.0730644564153,162.93400266894992,164.42096182667728,166.79995030598434,168.14980902790217,169.61193525166732,170.24062227155696,170.5923278346129,170.75818479696022,169.19317142502632,167.02292466501308,166.65623361602775,165.76199521291392,166.36209056309667,166.34313752277012,167.1187999026406,167.7468714570282,95.75726898822406,96.26711514496161,71.45704793634907,0.7710013,0.5424406,0.34380522,0.44352117,0.20516622,0.0,0.3312704,0.014345887,0.47743368,0.19803047,0.48713794,0.16205801,0.53887856,1.0,0.4851015,0.5731187,0.009220071,0.3516604,0.15534937,0.14344656,0.33737028,0.02759144,0.05626421,0.012429661,0.1879912,0.23102643,0.1473268,/content/data/frame66.jpg,0
395.84648980034723,110.59701347351074,49.102077907986086,75.77347755432129,0.8938204646110535,389.9500858182705,390.65202769770195,392.0774197005315,394.13771680072784,396.01737933794965,398.01488602351185,400.91043167385294,404.9830042550781,410.84168515145336,418.0526647075169,425.19611699491406,431.2246363292843,436.3085922832852,440.10894209067715,442.6394518947575,444.22137145056695,444.87761000523847,389.9385309294871,390.27714418121633,392.27606948410454,395.1709173427332,397.9663088808451,405.9698687175086,409.1118554315784,413.4503340779702,417.89774952762,421.51669245888,401.07694510046485,400.1315145614626,398.88933420866977,397.50748305375936,398.53585867093386,399.9826857512204,401.7626318203355,404.25152613964883,406.88778593901134,393.72280442878633,394.76316986899604,396.68602232587773,399.1384634641605,397.58724674369716,395.8569414415095,410.46976623354396,412.5169245255165,415.4721875970864,419.09346372704306,415.82726195855173,412.89981029026137,400.52528316705036,399.6282644686005,400.2678318985545,401.79111527155555,402.98539323949285,406.5949952463541,411.1930605393752,407.6587820992643,404.85876752169077,403.4188153834407,402.14876942995375,401.0410067948726,400.6683887303154,401.78237593845836,402.9522623599746,404.2352614955405,409.74027716322894,403.992939435318,402.69505497984426,401.5126896036264,147.7222973590442,153.77144422939455,160.1539756559048,166.5866722093283,173.06530107158824,179.71821797957818,184.96215928160768,187.6087762068919,188.14147717482388,185.45809814324616,181.60109577841854,176.73733850001827,171.20696386205896,164.42804338496717,156.94501177692632,148.95019398323075,140.74317434245233,140.06612398059121,136.59399371575194,133.58574183197038,131.95499311551646,131.73620899243576,128.86266478253378,127.39711520538879,126.8954558066439,127.74749607075353,130.19420041270553,136.9888950473039,141.00255232903567,144.78171365720686,148.94463874823873,157.09029336638582,157.03838308272384,156.6133886367395,155.98622157523596,154.87896839585164,145.64204070600215,142.7153694804814,141.3822296068388,141.68824446864778,144.37736842616846,145.65034916965362,139.25730344471947,136.92318339202518,136.72392930727983,137.9164702480806,139.9333619938942,140.22729354212788,169.61334850418825,166.0102827055225,162.963949008403,162.78925990180528,161.52218938637748,163.02904552302653,165.4883561836043,166.89105572895915,168.42895072492456,169.17969873109928,169.5857024030231,169.77641226536366,168.36636897033645,165.92590817054133,165.4482121586425,164.4373815994952,165.07143715238885,165.11494141705316,166.02101379360465,166.70340802054102,95.59050269039291,96.37885722916964,69.11677623705347,0.6819142,0.5939537,0.5643737,0.51057976,0.22020821,0.0,0.3286341,0.016070813,0.48679042,0.25281996,0.43896356,0.07534692,0.4615053,0.0,0.25511473,0.5731187,0.07146611,0.3444199,0.3927667,0.21400313,0.24755362,0.031665828,0.041983437,0.008374359,0.3858476,0.17085136,0.11372383,/content/data/frame67.jpg,0
395.5456814236111,112.26250648498535,47.834554036458314,72.85732841491699,0.8947606086730957,391.58472059002713,391.8972105378515,393.0083397565698,394.70569345754126,395.97505440576634,397.22420255854865,399.2857161835002,402.3924391279364,407.46499485067875,414.13957648398724,421.061164600722,427.0425105356852,432.62449905427536,437.3392668016365,440.57937986529896,442.4507290614786,443.3200082417827,393.2227074282508,393.7941426321368,395.52624696834135,398.0158471469591,400.4007954631777,408.68391695982154,411.1854207357297,414.6571647487021,418.10563831680184,420.93705556140134,403.4174043850051,402.38703515271914,401.0354915707769,399.51107289350284,399.81222335234656,401.0147276949299,402.610534083392,404.9515575132975,407.47774656461974,396.2080246237656,397.51291788155606,399.1376748817055,401.3812443670218,399.9872923469711,398.47156067711,411.44931138473373,413.40799184289926,415.82054107979144,419.00320889677306,415.8774521823452,413.3994507480283,401.1007613775241,400.48738413454794,401.05832948918567,402.20500404537484,403.2295576206285,406.32717927025567,410.24251825564716,406.70344602685253,404.06583711620397,402.83697992629766,401.81791631043785,401.1486441415398,401.2717865102696,402.1032482863769,402.9802425923408,404.0244031654297,409.00067745508136,403.6136854154272,402.53309621287195,401.61856590547086,147.60240017172302,152.93934681504206,158.537083465847,164.2034823900013,170.059489451361,176.31760542274347,181.46727071278627,184.53687454876263,185.7586940640971,183.93643922714824,181.25628117701137,177.57663784745773,173.14149064224767,167.36882048703578,160.49357784146318,153.05452913348785,145.37784361174943,139.93229634786258,137.03962189142166,134.3526424299449,132.59824474178316,131.9142171670724,129.4531233485631,128.70578015293592,128.84211457881378,129.9282849361017,132.40245616619038,136.9949465977495,140.34868384235537,143.43011962214166,146.80998042293305,154.8688317368961,154.864037467658,154.51026208718258,154.3458811862617,153.77894842652978,145.79421547275558,143.59216592239005,142.25059911050914,141.79166768769025,144.4032963491142,145.61810685126906,140.1085769377022,138.77067096727757,139.0405805086403,140.0877270776786,141.48308350594633,141.34532903836475,166.5851554907676,163.4561704613474,160.64539463028285,160.72685551803315,159.8847577598443,162.05096493649268,165.22944558463422,166.11264899037775,167.09751174861822,167.4674729989345,167.56529172487876,167.30523909684635,165.61973557875257,163.36119181881048,163.23594674612687,162.67551230567747,164.6783339133881,163.91134984737124,164.35878023518086,164.72026292457275,98.32011073929809,99.38415144939144,67.80590784705004,0.67520237,0.55624956,0.47913316,0.4130963,0.1947651,0.0,0.29321504,0.07640075,0.48380992,0.1360923,0.43097883,0.07032305,0.52022547,0.0,0.31892854,0.5731187,0.32593438,0.3116389,0.11589508,0.5423368,0.411584,0.07464488,0.034688335,0.023385298,0.32231444,0.07720635,0.05617669,/content/data/frame68.jpg,0
396.39762369791663,110.31020164489746,48.173556857638914,76.49644660949707,0.8980898261070251,390.9517522493517,391.53063873482176,392.900944796265,394.83232092684756,396.26720790684914,397.7084321963986,400.2223524782683,403.97005924907546,409.496089217177,416.4163573787848,423.41906391117357,429.3635997890552,434.5596957161096,438.8241838859634,442.022838632459,444.1243851346378,445.22848589490724,391.8927763758438,392.43241339872696,394.5533534633424,397.428913484081,400.0770252355319,408.1571099554885,410.89026448898267,414.80657679604764,418.7940070392253,421.87862577829975,403.1366449093579,402.2295136937175,401.0432070993871,399.69548172130567,400.32507352247353,401.6809157999412,403.3859625732174,405.7612923379114,408.24622896944476,395.41664466797323,396.61735896389376,398.4276067170993,400.84291911897935,399.3429861469796,397.67920917002704,411.78738568276447,413.7420373711423,416.4046703568171,419.84132780395623,416.6678636235372,413.9884059222487,401.55149406884345,400.6506987948878,401.33890352809186,402.87070223789124,404.1576671389353,407.658179169349,411.87403980749013,408.47543357489906,405.75687687596013,404.26436319318714,402.9112539061093,401.8810834083999,401.7106668214532,402.67241954472655,403.89431520010055,405.25469057574253,410.6059733024557,405.1321409886483,403.7650685554742,402.48602084580995,147.3405339883317,153.01137141120762,158.96682830774444,165.03744833086222,171.23174506023406,177.71384017701365,182.83538209595372,185.43651048708762,186.24646597536008,184.1883518609996,181.43841638350963,177.63232648166002,173.02504088656156,166.9290989825137,159.866088839349,152.3006461806163,144.46091141431071,139.13750300099395,135.6007097708293,132.6903020708245,131.20896382923553,131.08003726456474,128.8880832214291,127.7837663387965,127.68796941739102,128.83732729479814,131.61800412665406,135.84700719305667,139.45641480151946,142.7921458407855,146.4401928449113,154.82706189152105,154.70800309095085,154.3388660946609,154.03294078600825,153.28399746157578,144.7598168497496,141.82454413507608,140.535128023432,140.84990067034394,143.3116219300565,144.5063326750154,139.3019256120204,137.328424770703,137.4264048015491,138.98294815406808,140.41147320298685,140.40242342099498,166.972908900536,163.0662974782785,159.93790712134737,159.9081752499182,158.8711435511097,161.03626832822533,164.7939741779866,165.65294293535408,166.7777476708697,167.32735504758278,167.56423610051874,167.46154788502696,165.76673272742477,162.93230708456696,162.60401447918952,161.85060097828347,164.17246097603942,163.48752269981793,164.1239893807154,164.61309343864605,100.2419041443929,101.79099379550725,67.73257808614684,0.66495025,0.5726966,0.4406089,0.49305823,0.1824597,0.0,0.29648829,0.84948903,0.48874307,0.12216222,0.31177217,0.17617166,0.458292,0.0,0.36768752,0.5731187,0.633853,0.41642556,0.22755717,0.15732475,0.26405486,0.047611617,0.02128973,0.012030565,0.4007776,0.07802874,0.17620687,/content/data/frame69.jpg,0
396.2986653645833,110.50808429718018,48.17184787326386,75.65555477142334,0.8789562582969666,390.57424197943016,391.23659000992734,392.6632810901747,394.65747216533487,396.21829736970284,397.81044998289434,400.45157633350027,404.213438468783,409.64156918304747,416.421441670497,423.3144321186577,429.14008826488543,434.17170005028134,438.2534651248264,441.29190857207766,443.2836483251846,444.26842502246814,391.38279946553126,391.8717949247085,393.92128820418264,396.71452909911363,399.29231474891526,407.33605479581144,410.0259180825609,413.9088419771734,417.9067453220916,421.0609636817718,402.4163217818326,401.5691275640305,400.44603244951884,399.1661338932004,399.99987830755117,401.32805113326793,402.9707399421675,405.28777770757677,407.7233907367673,394.91010850059274,396.07710825413193,397.860972650335,400.20398468915675,398.75238806862177,397.10961673729105,411.0497048917258,412.9928943987793,415.66236788090004,419.0913913476303,415.93651010284736,413.25867074016503,401.4728820584236,400.50534037381055,401.09399316763364,402.5830414436452,403.82351592309976,407.322964844273,411.59258885127343,408.1791147750954,405.48015508134455,404.04930811735125,402.7547530361292,401.7956421677613,401.60100827899083,402.4745663843065,403.6551918087733,404.97108908464924,410.3452149554437,404.8210822443855,403.5006502932763,402.2762365728817,147.3433526223448,152.8890033955331,158.7114993384957,164.64115539320548,170.67535789840028,176.9386426724788,181.79059365546505,184.15386833320198,184.80353902431648,182.63901082864032,179.82889206729823,176.03347171189736,171.46186971994257,165.45538392900164,158.52859175190957,151.1136347512587,143.4233206902478,139.09485683700774,135.52918704690023,132.6168081122641,131.12844166092964,130.97939803330496,128.59182388166,127.40020538710212,127.17316588659615,128.1997665753807,130.8546674078557,135.58101383931847,139.1433421473776,142.4300861201843,146.01440056842566,154.38463993776958,154.18545513984495,153.74015327872365,153.40639468798784,152.63567847146447,144.5704014228638,141.55830562920525,140.2681282953146,140.63190070010916,143.08311452726804,144.28500368243778,138.81363391990203,136.69137885420463,136.7089277226789,138.21816829061513,139.74183810856263,139.8097797731105,166.3527247284106,162.4580068902768,159.3171490474831,159.22686680214707,158.16471923793623,160.2200959609036,163.83337713530676,164.63346592601403,165.72178798199485,166.28450979286123,166.58171500507598,166.6241721194914,165.1244662744203,162.27087848426112,161.8886832849181,161.10738255197916,163.21537341252758,162.52856492174027,163.18672595347647,163.72915536323939,101.31219537941172,102.7684599701783,67.41606082618497,0.66876477,0.55712503,0.5755354,0.51616496,0.19169043,0.0,0.41223088,0.108395614,0.48397237,0.12245099,0.28413284,0.13112034,0.45007598,0.0,0.36479104,0.5731187,0.7299625,0.33153248,0.09434979,0.25224707,0.23267332,0.018637843,0.019398926,0.016984653,0.22911794,0.27815115,0.2050362,/content/data/frame70.jpg,0
395.7767198350694,109.95802974700928,49.08843315972223,77.0692892074585,0.9361268877983093,390.7898698612027,391.59631698577095,393.13672008826734,395.2607760070576,397.11898006490196,398.93819473981915,401.7064767584174,405.6403638264514,411.03085411019254,417.5853535962951,424.0455713192283,429.3365788666924,433.82798709970297,437.6257503416369,440.6229881816959,442.5199955781195,443.2271129362079,390.9678660685717,391.30411573271533,393.37180021404487,396.27970644869913,399.0454775576518,406.817197685872,409.51675905661745,413.4991389284986,417.61043788683804,420.77863256737817,402.5181841146636,401.8854100780581,400.9926645600116,399.9436858889997,400.73866854740885,402.1043939224631,403.696327175052,405.8569883529018,408.10390244672254,394.85615849026937,395.8302191694788,397.686124546045,400.2174963137234,398.76981771429774,397.0548209488423,410.6717141007067,412.6576947949018,415.4832922537638,418.9867388494995,415.8268624184769,413.0005951999618,402.1306275536451,401.10176096571115,401.57289416030113,402.9797174208939,404.06720589384696,407.2096547928288,410.9561056254628,408.0643893834082,405.8764472136021,404.6675282837265,403.43947848244574,402.4866695802093,402.28129040101913,403.05338822651123,404.14119090769657,405.2411043868871,409.6020776165293,405.16916448275987,404.05370872092215,402.9217873452284,148.70229099178655,154.38812047658718,160.31486498916283,166.20085614277042,172.07624139043253,178.17244887627973,182.84630735616236,185.0767723734025,185.57443962634403,183.0704646115496,179.73269119681026,175.3460796778998,170.28151704225087,164.13084128371824,157.27122355438001,149.94306071404918,142.48859443298306,139.06263324105296,135.06836306817166,131.89383185494742,130.2352451139286,130.02227808155033,127.35044696540906,126.05995792470839,125.8178081137048,126.87803764440204,129.6024159530718,135.15128096694048,138.79198970456503,142.15921325054836,145.79549551079546,154.55785355868997,154.23495774441784,153.7199814765758,153.332970645645,152.52178972599847,144.76834328707616,141.66009347358573,140.20468369791863,140.32595429451246,143.13495108510287,144.51765472954997,138.3761985020432,136.2876949691132,136.3031490529583,137.61859284221146,139.39416978171255,139.5165263260565,167.62603302282537,163.19087908824162,159.69714814179326,159.546884945241,158.37835004184998,160.55008568178107,164.43379865630396,165.20434749033524,166.41825516495123,167.0941942465181,167.51830369855742,167.68354966660638,166.21473091681648,162.94407679043036,162.44487157087826,161.59479497953166,163.73648790251752,162.81719730126923,163.6174084949119,164.33348354383259,101.65506461926329,103.93605660554844,66.50319327278369,0.6538597,0.5003991,0.26374272,0.38607493,0.18840335,0.0,0.32716367,0.0061022947,0.48844856,0.065314084,0.2961413,0.50748056,0.5021316,0.0,0.34633392,0.5731187,0.087056495,0.32657832,0.23369831,0.28900647,0.16966268,0.052630413,0.029278222,0.025389986,0.3687116,0.17158532,0.18274182,/content/data/frame71.jpg,0
395.63530815972223,110.7328748703003,48.282986111111086,74.97980976104736,0.8867216110229492,388.56966339847594,389.53882250291963,391.14409332819406,393.20742916267255,394.95793468444054,396.8804200535981,399.9112819669642,404.2009478205223,410.08594020497964,417.17866090684055,424.1707856255591,429.8936204493456,434.7094423103733,438.60389989045535,441.5188746413144,443.3271729106947,444.06306410188984,388.5581410490274,388.97148958175853,391.23925930025115,394.38898348590175,397.4077733449934,405.43288192067473,408.55784659652005,412.945231197717,417.49427460301104,421.17291002397826,401.00483793276885,400.41648751684914,399.5436742387231,398.53473259380496,399.03923291262055,400.5914572221942,402.42240601188917,404.81061337625266,407.2960353687074,392.5239798118697,393.8407843149129,395.93530182045555,398.60321508916604,396.8768496537166,394.93157030469234,410.0014733658757,412.2723656759282,415.3011507776472,418.9179189315729,415.5748018844482,412.537138379419,400.9386749236244,400.05674995282294,400.77826301096167,402.30893889135956,403.5332200277405,407.01980735294194,411.2318334331852,408.0601143507806,405.5029089525223,404.08996643840055,402.7204318351174,401.4993577571354,401.2632126083834,402.21399280123285,403.42375636723574,404.66987017040987,409.7999676656172,404.7259561515749,403.44291827302106,402.1533885145475,149.35552308122607,155.37362715965034,161.63863719397972,167.86411138463455,174.02015115205901,180.3079752774073,185.26002203875748,187.66709634534115,188.20786645671927,185.87630818578145,182.65001816234184,178.14168241052198,172.7041256209764,166.0121102408506,158.56376001297957,150.5755352903736,142.44825669870696,139.81230675450817,135.91147527993243,132.81362848166992,131.15649099495522,130.91392904791832,128.48324424868986,127.03098845431087,126.57175431679414,127.39387944699698,129.95185443201154,136.13404137874085,139.91085944459027,143.44162694887345,147.28798133445758,156.21779143114193,156.01831025353496,155.5043174708963,154.94407976421994,154.00734520004437,145.50734260302514,142.4853657966866,141.06928326133976,141.24672797914494,144.0840334603327,145.42972160011905,139.0726775704968,136.92405033967552,136.86819764787566,138.0509264623914,140.02993087285725,140.21901056256314,169.4947986840184,165.25662274298335,161.84842064447042,161.71380999929528,160.49295044026974,162.4706221517186,165.98887247489267,167.43957300683738,168.9755501869466,169.7276161074584,170.10121159607158,170.03891529111723,168.2303220581718,165.0753595877533,164.60057550738057,163.71305695478955,165.46093059711055,165.37288129143383,166.20848625656288,166.83455983097508,102.61569156781424,104.7830997190622,65.98818305564036,0.6478339,0.46621498,0.32803875,0.38943723,0.19646141,1.0,0.3417946,0.15344523,0.47391295,0.13155821,0.34531564,0.08937207,0.4568668,0.0,0.32607493,0.5731187,0.5876509,0.32496527,0.35502505,0.23433013,0.17584428,0.016567767,0.03962203,0.059648138,0.28424254,0.2647197,0.15935557,/content/data/frame72.jpg,0
395.0464680989583,110.88101863861084,48.113932291666686,73.88924503326416,0.9117074012756348,390.5100689172995,390.7385831204691,391.6293794561029,393.01743339461444,394.18412501647964,395.68943924114416,398.3577284320688,402.5559664170701,408.63716016779625,416.1761813607123,423.54640851873035,429.743913903379,434.88054599087224,438.7792529796816,441.50821627607917,443.2156475967916,444.0378727595685,389.7218115820912,390.3062249570938,392.3531390095778,395.10812285893866,397.6684942705654,406.1033259150133,409.3130471359395,413.6340682014162,417.993434371397,421.58615477237345,400.55740456100364,399.41937861990885,398.03434900584807,396.52079022697967,397.2758103818109,398.7564107625037,400.60862121150996,403.21530085715784,405.9681152260696,392.81658072779294,394.11954663894386,396.09888177180926,398.472895869847,396.7307845717718,394.94784291174744,409.93303232710093,412.2372055380846,415.2796865054821,418.8742672161251,415.3750035935232,412.38253166084,398.8698526573668,397.9562371397369,398.8200391665663,400.47422440804536,401.75491813166184,405.62497529461274,410.2679594141777,406.902965755745,404.00465878750265,402.36968177182746,400.8227391546466,399.37853108180514,399.0748302437755,400.26882666647043,401.60137387955575,402.97745075334643,408.82012849396006,403.21012951338315,401.75845113453704,400.3297993727847,145.510998468689,151.6378279409219,158.1865883294505,164.88580654722935,171.68130107522109,178.65807009628543,184.29434330841661,187.2132854445366,188.0885558576624,185.87593419313632,182.5114743167386,177.8572702044974,172.29678347139426,165.34751215258814,157.66070204059685,149.4570112297285,141.2690617039218,136.94391571885782,133.85750079050078,131.35742164521793,130.12954856069805,130.1580926871437,127.9628506485788,126.59748905276788,126.1043537269921,126.70250934691049,128.8583307894454,135.86297538816896,139.76974459969503,143.3796120879244,147.37585849493047,156.1029093786849,156.1075971476457,155.74783334102966,155.24377398093375,154.25661545431407,143.2896328202332,140.69639021244646,139.62042568161849,140.0526358658158,142.48708360316218,143.4956251210055,138.12660494686094,135.9979720358016,135.8872545433053,136.98988967848575,138.93187328132808,139.15961587878377,169.07331604182428,165.28104836177528,162.1846791912112,162.1179670067781,160.91679359394928,162.76457259507092,165.8444843670511,167.66924732102024,169.39573096090257,170.13995524195178,170.37778949085123,170.00049543661066,167.91986062893574,165.3719921366089,164.96259188570897,164.07350127435038,165.47437258791507,165.93436057781474,166.74529175832637,167.2699149391962,104.67478471070142,106.74818643485301,65.125853153125,0.7125526,0.5152953,0.385013,0.39654958,0.12720637,1.0,0.30638933,0.3582998,0.4836333,0.1308445,0.40501836,0.12974305,0.39484543,0.0,0.24267425,0.5731187,0.36034864,0.251904,0.16949716,0.15871385,0.17495081,0.013220678,0.04596509,0.16095552,0.21147658,0.31366786,0.079763465,/content/data/frame73.jpg,0
393.2395290798611,110.4248628616333,50.53797743055554,74.25926113128662,0.9176002740859985,391.05708797062454,391.3763756662136,392.4189840463238,393.8697431063245,394.6491233448224,395.470704272243,397.2917474551973,400.5782039507859,405.92188328180134,412.9479972273437,420.1526046440279,426.42600043322454,432.06277809550375,436.71248906661447,440.1505020843665,442.43887065855296,443.790848954901,390.87784027553414,391.52267121076426,393.3446837308355,395.8344832136406,398.10885615328925,406.1878162723276,409.06054906353296,412.9296807394107,416.82890170168554,420.002131654861,400.46220483864647,399.1637578526168,397.5671640151608,395.7818946832579,396.7786414670052,398.0061728118466,399.5902980526888,401.95568245260483,404.52679736878974,393.89658444945036,394.98363096100655,396.52701217431957,398.63334986081685,397.2611004679932,395.86777131252364,409.32460711706045,411.3174155092778,413.86522118744796,417.23971739471807,413.94889224280786,411.40085551716055,397.8968979780088,396.7501987258478,397.5436848111858,399.07502234278564,400.3512276894882,404.0739868049896,408.58074843639173,404.935605338917,401.8857520828423,400.37019748408085,399.0443673884271,397.89839049159707,398.03199967064734,398.86290482441746,400.02165572544607,401.37585951358585,407.1757327932973,401.3757267276794,400.0207687155911,398.8102127210277,146.33813830856428,151.78924940503626,157.62156228168863,163.64251081701602,169.8866034123816,176.5282251429822,181.91063812290335,184.61245420678773,185.37503304454498,183.22160150847316,180.37757171880182,176.73476034184404,172.43507833152012,166.60667467195304,159.85349684564213,152.40474926139495,144.77097248369142,137.67057544637376,134.8230427644908,132.23827745712484,130.83082652050646,130.63959622521978,128.4865896040485,127.50674912190796,127.45852924784683,128.35149587856435,130.8244899770516,135.51055772934296,139.08502685597915,142.43361122146842,146.07602689642505,154.09890621574158,154.08459720646465,153.79935714514338,153.3911785802126,152.5635399597407,143.62389877527428,141.18714460637003,140.0268241759274,140.00919817470782,142.3018344879269,143.39229890871462,138.50498349235548,136.97881133251582,137.12145792035773,138.28889301966692,139.59956693196068,139.57153848283136,165.77007034707896,162.03652901597542,159.05260661816155,158.98617117345628,157.97481528428355,159.96768210229976,163.38183083694813,165.06696366109375,166.5723574822952,167.22010306817145,167.40599802573774,167.04104924050444,164.79390803454652,162.23997827037184,161.85016134058225,161.0909552648483,163.04666327480902,163.21551914486218,163.88833470987248,164.41805487067717,105.34348950516114,107.52099029711505,63.73982713837583,0.69759,0.5390001,0.43911964,0.49676493,0.17576079,1.0,0.5357532,0.020305213,0.48568985,0.22726448,0.33084637,0.20239517,0.4503134,1.0,0.26598695,0.559196,0.91927856,0.23481184,0.12644893,0.45442045,0.28863248,0.12875898,0.13838989,0.026177429,0.29596636,0.080577984,0.041496865,/content/data/frame74.jpg,0
393.54557291666663,110.99985122680664,49.958251953125,73.47433090209961,0.8945600390434265,390.36904420970154,390.72468963985295,391.75951739979325,393.2235988607051,394.12660020652424,395.1240496902208,397.1253338394256,400.56473172968435,405.9983848138613,413.0511859955134,420.21929357562794,426.4472685324822,431.9700251208719,436.480775062093,439.82864938540297,442.06621679340515,443.36873081948124,390.1176966515927,390.7559336745578,392.60108304876053,395.13306251886866,397.46057690571797,405.6135580517714,408.5398027914048,412.4956988267113,416.48630082142927,419.7551723149645,399.88199025225595,398.6212242791121,397.071277888713,395.33965074077105,396.2948818227517,397.58001133736,399.2181468108729,401.6355897830415,404.2425544109119,393.13132115911435,394.2847477590028,395.9011473378873,398.05084623568973,396.6325055370776,395.1735690086708,408.8679827430017,410.9158734641387,413.5575466790674,417.00802535603407,413.6452128604608,411.01280472827625,397.5733949226267,396.4169491565235,397.2325575962202,398.7993182987236,400.07966812373706,403.8984404089008,408.4754306992136,404.8794224298754,401.82191359254375,400.26578960443294,398.8767340298093,397.65964217472856,397.7175791598181,398.5812420048537,399.7844388634651,401.15466997615476,407.0803551856884,401.2578813162306,399.86933024979953,398.59895234452915,145.77000785032487,151.3351431268875,157.28810331058003,163.41028395051853,169.69028631472793,176.29726254063644,181.61745908972352,184.26785609214812,185.01358226423827,182.8521220191974,179.9739290572561,176.24812554480104,171.81791297910695,165.87454370636624,159.02081567666528,151.4871682622379,143.79559927295986,137.0818985431556,134.23368965926124,131.65084420169956,130.2537900701068,130.0703225127154,127.89592636230032,126.88823956653027,126.77532432668863,127.62776186444034,130.0190177082402,134.9886782864487,138.54258114288496,141.84786131098144,145.4680491865056,153.74132663236333,153.70002002409956,153.37012947441235,152.95160314164923,152.09143243925882,143.0674862176122,140.62057944147023,139.4526639969274,139.46900533260123,141.7929881621028,142.8809758451846,137.9041785781692,136.32829994114445,136.42710734512298,137.5597755350061,138.94651352512028,138.96177227029762,165.61290365560035,161.77336507749078,158.73140139884163,158.64893533053691,157.60707861531,159.58776201331966,163.00837485634702,164.7442403986356,166.30391696526885,166.98265390891902,167.1727483916311,166.79251212856389,164.59135339512295,161.97272464294701,161.55921711564088,160.78008304167633,162.6790728995511,162.9181309534074,163.61205569577032,164.14371273541565,105.73001865794295,107.93732746225204,63.58012084036171,0.61049265,0.5233809,0.52595437,0.5192198,0.19521475,0.0,0.32798052,0.017273493,0.49382713,0.1928726,0.24043202,0.18090113,0.48938444,0.0,0.32402322,0.5731187,0.5557179,0.2814386,0.1086253,0.32353124,0.2440844,0.17314322,0.12649289,0.025250666,0.30789632,0.07912667,0.044005807,/content/data/frame75.jpg,0
394.48258463541663,110.18435668945312,49.061279296875,74.15326881408691,0.9444217681884766,388.18203570992097,388.55051971674607,389.52674463377303,390.9640641714549,392.01791365973816,393.5065904263138,396.19911633310414,400.212835196215,406.1560832835828,413.7167260708853,421.1636515530037,427.4126960578542,432.68610172166575,436.9791693288235,440.3694359369746,442.69562722421745,443.90319834474565,388.8594944693949,389.5875241612447,391.79092722512576,394.6212313757427,397.270057494434,405.668659000268,408.7191739106123,412.88307938654674,417.03381539027794,420.4358194297563,400.1255019182056,399.2820377980845,398.18528807785793,396.9236242651702,397.00863180272,398.45604192472183,400.25561078756357,402.63342184452745,405.16943098743724,391.95543822459956,393.4369242896289,395.33423259417816,397.7680364493897,396.05928549735535,394.30860359289653,409.0280067851374,411.1625220530689,413.8959141633733,417.42768762548343,413.9414132843136,411.20386825546916,397.54600381543685,396.5488127592157,397.8158825262099,399.64862435074906,401.1857001210387,405.16699916987574,409.4625728485663,406.4463871403303,403.37915978257865,401.50849009024864,399.7778209570305,398.1098831699593,397.8872936312214,399.1791854400645,400.6313968768919,402.21297994721897,408.0897654263798,402.7357570766756,401.0614997462576,399.4482049263121,143.62378020917328,149.8090670719157,156.30707453496854,163.00887732622687,169.96470295344906,177.03853935655542,182.75499194809424,185.9167525671479,187.10888416549196,185.1122479146339,181.87901254430767,177.37262918904725,171.98844720770234,165.4057955211738,158.13475648174614,150.20792758283886,142.08690068152217,136.33887158866978,133.24173579203233,130.66295636162903,129.40647839326135,129.38190032874687,128.46648941424968,127.46944951789877,127.34326815323934,128.13018787418284,130.18362576119063,134.85397514481377,138.42594122084077,141.74441749834105,145.4100204841589,153.59610447208215,153.61183040244154,153.35148006734826,152.86820339871846,151.94963934236677,142.60593063735354,140.51170080080306,139.3351572325859,139.04863502452184,141.57054917251423,142.65785007488745,138.16058935039203,137.1657929847467,137.40968015362225,138.1933883903052,139.58453919534085,139.4856832921356,166.7174494941043,162.08864785937504,158.81243004735148,158.7185889391394,157.56440112015156,159.71296099637706,163.92059410564974,166.74235109377963,168.85285050583684,169.65999117433353,169.7814812791606,168.82787995604525,165.65440312108473,161.93379650599462,161.48795444663182,160.67657599791352,163.54057288802727,165.23232763640672,166.0146515669096,166.4744162458992,105.25776024461804,107.73317281399943,62.37873756996324,0.6815844,0.5642272,0.49025372,0.50747573,0.14739273,0.0,0.29404914,0.022360638,0.48719856,0.21682827,0.3193387,0.5253602,0.4038169,0.0,0.3091327,0.543758,0.1763185,0.5622991,0.3702521,0.7968757,0.10116861,0.009851975,0.05702522,0.02157154,0.39567593,0.2600934,0.15461339,/content/data/frame76.jpg,0
394.72159830729163,109.48560905456543,48.82432725694446,73.81138801574707,0.9629108905792236,387.7484040028594,388.3349693085546,389.6006003202086,391.35317300431353,392.4944226276273,393.67900690138697,395.9818569223947,399.20280020898304,404.3736549423869,411.2062806071856,418.2280118074698,424.2829683774778,429.8015957903385,434.6381825542835,438.7381713303296,441.6660378607435,443.2611299464486,389.23915135019286,389.7962259170106,391.99225516016696,394.7441988215789,397.2216413023159,406.0336097595365,408.9742049278726,413.0174480528581,416.82487085486116,419.86152210062414,400.645502359547,399.9671282552339,398.9769183600316,397.7899398775213,397.53245024954026,398.8774940242081,400.61986558403873,402.7519546712284,405.00750521098155,392.53864421758834,394.1413821970599,395.76840410530906,398.2024960973945,396.5108688285423,394.960816640089,409.1724411889021,411.3362779592711,413.6862875573837,417.173704694095,413.6288186282661,411.1482124659551,397.46589546979465,396.8016516846018,397.9908501556008,399.6416108943839,401.15398531150106,404.6952021930264,408.6199465032115,405.8011233788386,402.970527188283,401.1969886794793,399.6176635274759,398.1451248372116,397.72925051325956,399.14615486655805,400.4440007884574,401.9682195436826,407.54848925284364,402.4991135565989,400.9006664110018,399.42181091639327,142.76964512556003,148.52781220002453,154.4144667176381,160.52909108764493,167.010876740497,173.87172344802207,179.65594173104205,183.61805892710504,185.60329881142206,184.0451255830335,181.01299614497702,176.70503061144086,171.7577136725556,165.76341743009903,159.0139133081318,151.6012318401506,143.7084125288858,136.06068153059607,132.8979766459487,130.33954682058845,129.1883653224961,129.27383883886318,128.47844151257402,127.95420746512389,128.52757690583087,130.18569713082866,132.83182046104469,134.5714124157878,138.31572524776914,141.7598750464084,145.48428981272036,152.53709557244474,152.75415818056285,152.66898031070082,152.34054872001548,151.49522672988905,141.9251599206309,140.27716558843065,139.20610429320345,138.49705686399273,140.73189103078573,141.77334544029418,138.62450162527136,138.43887785532286,139.0666858484708,139.8057123612325,140.52006558932828,140.06726448895688,164.3868873026447,160.42470147435733,157.78716509129208,157.8855837010583,156.8867842190043,158.90762838957085,162.8034468568792,165.76423573738975,167.96145416581862,168.63388630332065,168.51279794190032,166.99650620859143,163.52165668804514,160.5749638105426,160.3506737012567,159.60946679552035,162.40109308113074,164.34402911821803,165.03160785970135,165.27349421543886,103.96243433417834,105.58702907255804,61.3397926425412,0.67750263,0.55502665,0.37272498,0.4210023,0.1883717,0.0,0.31440434,0.005890189,0.47154573,0.27032614,0.21484281,0.16540587,0.36967835,1.0,0.32554853,0.44470352,0.950184,0.8353661,0.12142609,0.8946868,0.24070492,0.104652464,0.025921917,0.03170416,0.42167926,0.07440702,0.10093027,/content/data/frame77.jpg,0
396.67154947916663,110.53593635559082,48.57652452256946,74.38693428039551,0.9046562910079956,387.45347133943466,387.5443054090754,388.1818651003581,389.2367688273774,389.91147938578456,391.12739148594943,394.11530949829546,398.55910255505023,404.9795598382545,412.7843065816603,420.43823916050064,426.8916121385801,432.5235399393178,437.34128247795775,441.2318415280781,443.653412993578,444.83445675035574,388.6453065385676,389.31234882812504,391.851217539114,394.91195683762066,397.6288078643035,406.08519784289155,409.2469960128859,413.65531285134216,418.0709002461788,421.6360985729242,401.1240846145314,400.5358958052774,399.671082676925,398.6568919374083,397.5212206556927,399.3603481954012,401.6183999795876,404.1227914089486,406.60738500421434,391.9515075885037,393.73026929209647,395.7304956546091,398.4232232252887,396.3025298888102,394.364612699931,409.9519899150749,412.6601431429705,415.42600325304767,418.901401030516,415.251134799865,412.3911059540575,396.9270794608181,396.95054316637044,398.7211564198377,400.6759411399023,402.5361474404888,406.20916442055966,410.20497494987194,407.1482154363433,404.18989707477147,402.13287763765743,400.1438470806796,398.1296568870509,397.50163564432347,399.81896254815433,401.46610403679165,403.26411289567596,408.8894298904842,403.7187022386218,401.87296788340996,400.08214445181557,140.85059366424179,147.30791184360626,154.08878707374197,161.09045258078422,168.3489631948181,175.84592571174068,182.02722345649204,186.048290722824,187.83763503647202,186.26640741423392,183.17953082467835,178.64058605722707,173.11708079430014,166.4532979677796,159.03526607939875,150.8013463471114,142.23401587183446,132.94083486721095,129.90029244541103,127.67858014170591,126.91374846979036,127.41191592618888,126.66061977965319,125.60299990259207,125.75223917898438,127.16381251267171,129.8593027883645,133.8612612341769,138.19178072510795,142.32619471507576,146.73533358131155,153.3902550015742,153.98026876570447,154.1407317806144,153.53582574622538,152.41836809943766,140.06983753184593,138.84959714948906,137.99296173438697,137.25013061178183,139.55245218328074,140.39499341334698,137.5497557470033,137.37838556738086,138.00244298683464,138.55809918212046,139.65857091508147,139.23106592431571,166.02870598807732,162.14689395199957,159.6172085416418,159.83211160988762,158.6775217179639,160.51378812214844,164.1032030148398,167.09807101933495,169.4755243337147,170.27808415439932,170.24778883933922,168.6885857011257,165.16902986827608,162.72224955086986,162.53538587678744,161.71427323495521,163.6883263925839,165.33112097704065,166.14542861220588,166.3796187400044,104.35354464112126,106.40385404756796,60.911089440114885,0.6331919,0.58143455,0.37460086,0.31658062,0.14220162,0.0,0.26962733,0.01465187,0.47342756,0.15725549,0.3264184,0.16467851,0.39260712,1.0,0.4177506,0.5384125,0.6769582,0.53728724,0.26777795,0.86087763,0.07254023,0.30821946,0.02546484,0.05506281,0.36226696,0.038968757,0.13747689,/content/data/frame78.jpg,0
398.92716471354163,113.45375061035156,45.45331488715277,67.83843040466309,0.6741841435432434,392.9895225678448,393.62294226130933,394.80041657417763,396.3210069183132,397.65463902558884,399.2328405474408,402.125592968275,406.10021714711286,411.22341603892187,417.42643664156253,423.77517314153556,429.22070010106927,433.92625464906564,438.09422617627524,441.7816569419981,444.33926182853133,445.59836441021594,393.2499792414814,393.7953912589831,396.02757481134864,398.903647854304,401.52503589489163,408.70888883000566,411.40517637511186,415.39048020797486,419.3344046271503,422.34027113005345,404.4332643523061,404.1191316210868,403.5768128700281,402.80018707070985,403.06322874465627,404.45778728344783,405.9268535130085,407.68297972066114,409.5443643266632,396.8333513110165,397.76518508998726,399.5005124166864,402.1069338998726,400.61871125318737,398.99060988490453,411.8073762215315,413.56680433948134,416.1327986498262,419.64046332643056,416.3872980562073,413.8156679357079,403.5690833430576,402.4406379098335,403.14171765129436,404.5918215510367,405.87550043787223,408.87249229869815,412.30539211885264,410.11784864691924,408.12386844548575,406.77908602246737,405.482087894242,404.25101151957654,404.04091686276877,404.44310215264045,405.55547473081765,406.7622853400221,411.02894541026535,407.6145954844035,406.36286336817284,405.13252695136237,145.5330384285254,150.90955522023887,156.45909841936214,162.02082544913378,167.65671323861466,173.4142695081864,177.96905703670586,180.6272573740564,181.7199397950169,180.0121316222494,177.46369250875273,173.90742594457788,169.49460357619796,164.02598507940593,157.83705036301467,151.10638400966604,143.94838592983274,136.64276019270073,133.11339170307758,130.33089542872813,128.98938337681966,129.01301350635276,126.78059462312842,125.8551936253134,126.15862729377693,127.62665758234061,130.3480551726899,134.5354475609788,137.75461843951643,140.681474426146,143.78602704599143,151.95623894962364,151.55671993412125,151.0976112634246,150.68432175354542,149.96514579687027,142.79780969151614,140.26516200647234,139.01243519279728,139.03561892152607,141.45686534497838,142.62782560263145,138.07966858171096,136.65912903088963,136.99211977000016,138.2072445941851,139.34007882662127,139.1947195647141,163.92220174458384,159.28218562771758,155.8967547104835,155.75571146504853,154.57618953109954,156.78894979629445,160.97264724749107,162.80611724667506,164.47879076483287,165.30510291454516,165.585161193065,165.07689991206644,162.64985755643193,159.24448416848304,158.68852593197926,157.80880580777603,160.362693922395,160.83995946058917,161.68288063153182,162.26686507505474,103.47920311589994,105.83277391724923,61.72945707434875,0.62131304,0.54816884,0.35321784,0.5050366,0.11026211,0.0,0.28309533,0.0514616,0.47284558,0.14278324,0.22856475,0.29880586,0.37768796,0.0,0.31260577,0.55397606,0.99261683,0.3140227,0.20784408,0.19060315,0.25354484,0.029215112,0.1288738,0.03485968,0.27017024,0.05424883,0.22908756,/content/data/frame79.jpg,0
398.863037109375,113.72173118591309,46.52048068576386,68.18601036071777,0.7327451109886169,393.3576382020113,393.7622206620682,394.81147999572863,396.1140651619821,397.13382325944184,398.4019777177654,401.0201917031437,404.83786576972614,410.0025231681684,416.41048283046086,423.17612242536075,428.9974200851401,434.0384395535238,438.37104894369656,442.0430725443315,444.5893428223508,445.9261697110981,393.36863715439046,394.0216635264855,396.29220405328107,399.13319528995765,401.66675111554264,409.669760050861,412.3697718100132,416.241207965744,419.9819174086723,422.94143421454663,404.4099271482929,403.89820335785487,403.159155692305,402.2082419410528,402.5045832974168,403.87378400099306,405.3932561692439,407.2421360488663,409.2763874753151,396.6857973150458,397.7166872643204,399.4961217021225,402.0225436323111,400.4166734189942,398.7513264407944,412.1713834340548,414.0606306028214,416.5688306791904,419.8523880100519,416.5837202930308,414.1086987436702,403.1250919818993,401.93154165817026,402.7213873896744,404.30597540436827,405.80029422070885,409.1894517362019,412.9993883732534,410.49773328927677,408.03438982060425,406.4555713483844,405.02340069751017,403.7808348672302,403.61091623276985,403.95411378467,405.18674507731714,406.60509662540176,411.6951864670758,407.553484068115,406.0825555524553,404.7218311505019,143.6408670002441,149.01431550845473,154.62193526086725,160.3598159684269,166.25450825600993,172.24314215571036,177.11529399251037,180.02977617860006,181.32153430825815,179.87622734068583,177.60587092228283,174.23939409763975,169.90803323060595,164.40634774030545,158.14336063491237,151.32070352432024,144.02858952088198,134.94862452180172,131.63692664987917,128.9798328736276,127.67384353100313,127.69167400208096,125.87466316328407,125.06614688995721,125.59318337776031,127.21675603976288,129.87087116168982,133.66773244508713,136.9811982452826,139.99968582277552,143.14777839306325,151.15900026965488,150.8427873995035,150.48723141934533,150.1338262153757,149.55601360831412,141.08787615626602,138.67242769339765,137.59040681994912,137.8145386700827,139.99439910760913,140.98205406615475,137.3284413047755,135.9950015227469,136.43595209626864,137.79015589104725,138.7122292454945,138.4578377788942,162.88242283132868,158.4436938513905,155.21418391672273,155.15221132482284,154.01568461309043,156.280534849369,160.47053948726716,162.4083303086249,163.9947057597657,164.7777882511804,164.95602468334954,164.34615526928724,161.7118055854513,158.51547417779187,158.08539209573536,157.27907049198865,159.90616313507957,160.5216704114411,161.30830339053213,161.76216593675045,104.84014428645942,107.68675942175645,60.38540332208564,0.58146584,0.5639209,0.377223,0.50212675,0.12263361,0.0,0.25004375,0.007766674,0.47240028,0.11342977,0.20201367,0.11753422,0.43970153,0.0,0.25018328,0.50931764,0.964551,0.4901414,0.11880559,0.33925632,0.33393222,0.0663383,0.11879592,0.023049476,0.16674316,0.050818544,0.2403224,/content/data/frame80.jpg,0
397.7576497395833,113.03165245056152,47.78488498263886,69.33296585083008,0.5617623329162598,389.635676238625,390.41443407008467,392.03502923265086,393.92388335698166,395.1475239889872,396.4598453719703,399.11813301728824,403.1540766869393,408.5932305209927,415.09957096705483,421.6000423417466,427.0194342413587,431.5950039380299,435.47977376828555,438.87624777049666,441.2596610411153,442.68928946530485,391.82556016619384,392.77176753813706,395.67937045900493,399.02359931195076,401.9832428200273,408.8884396038918,411.66829414027444,415.48374346850073,419.1177450127193,421.8366103017429,404.24151866186537,403.8593694651251,403.2072405058044,402.3985434676432,401.8938801955276,403.34752296539637,404.93553201222517,406.82285378078626,408.8112738370479,395.34582024784163,396.86148375374296,399.0001081492285,401.9325758980232,399.88225412365296,397.86711206394426,411.45509336599633,413.3747731326074,415.89161045495547,419.05119663649987,416.05511380740097,413.50623338859316,401.57954889952794,400.66265836972605,401.9784821030728,403.7016484001473,405.3518889439154,408.7634683042967,412.324454831766,410.10577476547275,407.6270479741613,405.8431527814363,404.17442478682824,402.5185755233981,402.2815414098667,403.1477910528353,404.58096026025976,406.17351678359614,411.0844269193687,407.0463818394995,405.41621069314255,403.8430788867965,143.45504725958693,149.16831176999486,155.16877396930195,161.15639711007242,167.27911055350643,173.3333440589983,178.2554790727151,180.9657800303008,182.02119130646753,180.74539850794972,178.62362134754085,175.17858803239403,170.7894995860939,165.20797551970082,158.94768231536256,152.28133466836834,145.20378753305127,133.5700904589731,129.79264752110006,127.19653186375953,126.25498602716762,126.7087542595918,126.12120988074676,125.24153724755254,125.72562529608055,127.3525122916009,130.23850850020767,133.15952573291082,136.34929783539474,139.30653371005315,142.42628112112484,151.28259576028057,150.85424033414102,150.43388886338116,150.05076024830913,149.54176026059275,140.01384235432437,137.6982916161678,136.75114201899405,137.27341498476113,139.4413760587086,140.2911516373827,137.32708462980264,136.13384811826367,136.58313830130254,138.0291465672636,138.99033284083285,138.69765288881575,164.2518648646763,159.17902340486927,155.5665169936082,155.57633101324663,154.34269039609663,156.96246334534482,161.75820628300033,164.0485475371589,165.7944859303323,166.6386552688845,166.83172217770925,166.0643739499298,163.15423198001955,159.39752543583936,158.91474410493373,158.07901016173528,161.30441573471543,161.85719448209238,162.64620893109486,163.03271467975645,107.41101173962439,110.28303388824767,61.202725739318886,0.6455796,0.5428686,0.2862388,0.3543313,0.16818364,0.0,0.20011252,0.03586818,0.466283,0.081762634,0.28577608,0.09419349,0.36437207,0.0,0.41464934,0.50855035,0.4707718,0.4097551,0.08684019,0.51548964,0.07440199,0.33906573,0.060509805,0.016672004,0.14036997,0.012596701,0.35638377,/content/data/frame81.jpg,0
398.1414388020833,124.01391220092773,40.36908637152777,55.45833206176758,0.5986425876617432,395.07486848828006,396.3513440561856,398.16346841745775,400.0438307382489,401.44190218301065,402.70674047700714,404.56525724969924,407.3537543461388,411.7041530938523,417.1766289977737,422.6057866742648,427.4563968073227,431.76019489244266,435.19683509115123,437.8504112106481,439.68580615304927,441.0479274952331,394.8089793400019,395.50458784307045,397.6005297953137,400.1702441589185,402.52289634105034,408.482400339362,410.78431361058153,413.9488429092858,416.9359203913872,419.34391879372686,405.04093863015106,404.65666364810517,404.0464381261674,403.20805460189877,404.29972907012177,405.2815381525896,406.2699577223073,407.5371185127243,409.0442302719253,398.53999149748853,399.1557862508088,400.86950300755666,403.03986103746587,401.83420574363066,400.33296765919437,411.5600055982517,412.5560134440625,414.7640708864069,417.67200895589315,415.1794050434704,413.0528015767836,404.93236638501605,402.8874667953951,403.31477638660647,404.50688940413136,405.5528418313785,408.62063350163555,412.1332496784667,410.33944547042813,408.54949490077144,407.4322015715202,406.3406778374799,405.26360673487983,405.3799536904918,404.72592600506334,405.55182040895613,406.56800085177235,410.77733422125283,407.86147665714043,406.82085347659006,405.8630428626863,148.3903813323161,152.87404694765146,157.64467276333318,162.27431055121778,166.7119566239009,171.14784148665967,174.64247071213487,176.57041247603493,176.8644036326672,175.25093700749275,173.48428875247728,170.89012966779381,167.5125772687101,162.9522534047409,157.49985688063288,151.48130276624207,145.36472978285087,137.074546084555,133.85958826835403,131.5515821628016,130.63906419578737,130.79671033411913,128.26102718727935,127.09529761009114,126.92983015268646,127.82708529202841,130.01772896958005,134.97576299130196,137.17150188089832,139.16724824354213,141.29235230177977,150.08779499719654,149.30856670626605,148.64880120517182,148.38230713681824,148.08162020912215,143.1814443134292,140.23144347358703,139.21621305279086,139.8818512369775,141.99553123084084,143.00778266818384,137.93168014781577,135.88874208591466,135.86657027764377,137.32454269327917,138.41676654793127,138.61264561837123,161.69390858066828,156.46789496555522,152.62842163022606,152.31199884719217,151.3409732088221,153.7651596690477,158.42665393644273,160.1320644463852,161.71633624038085,162.62314911691374,163.07628383698238,162.84825475204462,160.59045106271478,156.11608931647316,155.36332280798743,154.71532448986764,158.03992555723872,158.5901449910438,159.3482149627477,159.9821593016737,110.78607317354142,114.98301443429935,60.68501336664235,0.676225,0.5946124,0.5586497,0.46731672,0.10684492,1.0,0.5165678,0.20345649,0.47999683,0.22547771,0.20927577,0.55069345,0.4214561,1.0,0.33952123,0.559196,0.9387415,0.3234718,0.1557211,0.39070708,0.074706875,0.02421214,0.2624823,0.0060641593,0.31417465,0.062383384,0.25597644,/content/data/frame82.jpg,0
397.39360894097223,124.81903839111328,41.31589084201386,54.30001258850098,0.570955216884613,395.9666624573083,397.0507508243272,398.78566777884237,400.69257765512515,401.99512520033534,403.0726149239521,404.7633182489849,407.592223477542,411.96071571792675,417.4931053443248,422.96255152499157,427.7224920701808,431.8227391640919,435.233076534995,437.84424789239756,439.3874099785346,440.3623974086431,395.95757233083225,396.5480664418175,398.5680950870293,401.0082095279967,403.2152256285341,408.44458255757365,410.5579874443017,413.61545468868985,416.68401806268366,419.25778027750243,405.4732608164122,405.1317858751486,404.55651738617473,403.7740984888309,404.74379807138666,405.70211217829,406.68710049525,408.0465433770461,409.56983379810526,399.24255975109105,399.89694302273904,401.59919688660534,403.91162330551697,402.62034180789294,401.10369178151115,411.5194008551691,412.60904505467,414.8374348952327,417.755111102555,415.2953551140033,413.13708605466763,405.2001802896939,403.24771006256344,403.72223175350746,404.86217944291127,405.90125410949975,408.9323306641187,412.3573139939798,410.5896252013083,408.8087158187951,407.6615053494254,406.5964147835847,405.5194862747835,405.7035996888392,405.0462035286572,405.8534576380289,406.8239805945701,411.0262503278045,408.1710243185902,407.15939868804935,406.2065025373238,148.68405560232338,153.0359890927698,157.7233872827701,162.19633150411914,166.63402211383686,171.0306333525923,174.59348910277959,176.5067655630512,176.82930290264972,175.33929892848778,173.53453694535392,170.76368929236924,167.22843598989198,162.58788078875205,157.08914851592863,151.19603563943747,145.3471130893913,137.75050352037658,134.53053740001047,132.2436006200915,131.3641915685264,131.59231956528726,129.6987293167548,128.4310421444211,128.0567448750869,128.61795580679518,130.61794578182827,136.0081140585596,138.15998060839058,140.0893885962496,142.0865928873626,150.6863554909312,149.96493035186256,149.3397448150214,149.04765871944574,148.6862888100669,143.6562000370226,141.0339111888968,139.9984154804573,140.5087519978482,142.66144580550417,143.6435697907931,138.8222082649777,136.97786801486916,136.93580603249973,138.1200838665725,139.34874427714817,139.5565685316808,161.83690545643708,156.81129086655892,153.10346692118037,152.83474017860203,151.92868313289728,154.40542315181847,159.0623875750739,160.72121428696755,162.2290101301262,163.0757454104837,163.45624905542513,163.04843036690067,160.7865016298697,156.3686768594705,155.7007108299424,155.1112138947626,158.68294810217026,159.2792145696926,159.97488014291957,160.53386175072387,114.98321048251948,119.92046372608509,57.61731252058593,0.54932517,0.49601397,0.6700655,0.5297354,0.1318793,1.0,0.38708836,0.0006133944,0.4772145,0.09079855,0.35175127,0.55768895,0.42658284,1.0,0.24566422,0.559196,0.98589975,0.2675533,0.07252134,0.17123185,0.18900087,0.053423923,0.15163636,0.010303766,0.39286068,0.04535102,0.15742336,/content/data/frame83.jpg,0
,,,,,,,,,,,,,,,,,,,,,,,,,,,,,,,,,,,,,,,,,,,,,,,,,,,,,,,,,,,,,,,,,,,,,,,,,,,,,,,,,,,,,,,,,,,,,,,,,,,,,,,,,,,,,,,,,,,,,,,,,,,,,,,,,,,,,,,,,,,,,,,,,,,,,,,,,,,,,,,,,,,,,,,,,,,/content/data/frame84.jpg,0
397.87513563368054,123.45560932159424,41.14963107638886,54.78884410858154,0.531568169593811,395.18549026138527,396.15207784236753,397.67998504095516,399.1435954506715,400.19991677410127,401.23079624545045,402.9708860803264,405.74229919104886,410.14047425797355,415.69049148385733,421.19714518951344,426.253236421136,430.7209780879506,434.2502211776338,436.7817212187382,438.4747109542407,439.78624043738387,395.61348336631016,396.65891923329315,399.26076865528836,402.14245297794764,404.6225050071855,410.20326916540006,412.6313950887433,415.85564945773973,418.93454168877895,421.24474297693246,406.8516360477488,406.61886499752563,406.1384275249421,405.4433336713552,405.1315281919647,406.29999391540855,407.52165543708395,408.89294471433595,410.465893660754,399.1686816713337,400.1889735153027,402.0671090819847,404.16707146039045,402.67363111836437,400.9697314338931,413.0212788092451,414.34221733961306,416.5848310236487,419.1682356172284,416.72920758252343,414.5391783633719,404.61084656674655,403.4352995653621,404.24848852209124,405.49781483713764,406.68767918714184,409.2662656118074,412.25140046889624,410.18594021628377,408.350899731789,407.1430911805176,406.0627946172204,405.0100864306258,405.0718134640962,405.3142757153968,406.2285149394063,407.31751320589507,410.94735590045514,407.9394645513901,406.8352593678851,405.8383843342835,145.87631470924399,150.46234545997456,155.34137731145825,160.203260478787,165.00979838415964,169.70034754327594,173.48725980127608,175.6623368256394,176.19217473525612,175.04261723874265,173.6631004335237,171.34913317519812,168.20297664133048,163.69298243508302,158.19763643695183,152.17274252066358,146.0599851109024,136.15799159266032,133.0485042829263,131.14096593351704,130.67128753596714,131.22062639154498,129.83414489278985,128.7448037309941,128.63440025943885,129.6162496206865,132.04730386995175,135.30777973978087,137.8322592443991,140.14179433595612,142.57657634705922,150.13710240335203,149.68514875407286,149.31282519209446,149.1193538628603,148.915374262017,141.83028136622693,139.26550872393025,138.56340217146425,139.56081604054833,141.36019541311208,142.0838005216279,138.62644396351186,136.85206067912958,137.07555788084892,138.7186259784516,139.7571735685668,139.65754974576367,160.52977126834466,156.19697360035892,153.14357906435035,153.13129361534996,152.3545514906553,154.88824998052817,159.23964628996714,160.40104641068444,161.42185553671663,162.02459102920585,162.22742438002274,161.84718679435815,159.57489993015315,156.18397101031638,155.80046514252535,155.35495596561657,158.75461989847463,158.46271606270403,158.9982715066402,159.34203678804755,113.90935184383855,119.94815167252814,58.08845760184815,0.5752476,0.52746695,0.5054645,0.50006706,0.12506679,0.0,0.40250716,0.10292405,0.47355595,0.26151258,0.27342668,0.33056247,0.42954788,0.0,0.3626586,0.55397606,0.8746468,0.2845668,0.2185708,0.43335482,0.099085845,0.2708358,0.105970025,0.0074859494,0.20642945,0.014668838,0.29552412,/content/data/frame85.jpg,0
,,,,,,,,,,,,,,,,,,,,,,,,,,,,,,,,,,,,,,,,,,,,,,,,,,,,,,,,,,,,,,,,,,,,,,,,,,,,,,,,,,,,,,,,,,,,,,,,,,,,,,,,,,,,,,,,,,,,,,,,,,,,,,,,,,,,,,,,,,,,,,,,,,,,,,,,,,,,,,,,,,,,,,,,,,,/content/data/frame86.jpg,0
,,,,,,,,,,,,,,,,,,,,,,,,,,,,,,,,,,,,,,,,,,,,,,,,,,,,,,,,,,,,,,,,,,,,,,,,,,,,,,,,,,,,,,,,,,,,,,,,,,,,,,,,,,,,,,,,,,,,,,,,,,,,,,,,,,,,,,,,,,,,,,,,,,,,,,,,,,,,,,,,,,,,,,,,,,,/content/data/frame87.jpg,0
,,,,,,,,,,,,,,,,,,,,,,,,,,,,,,,,,,,,,,,,,,,,,,,,,,,,,,,,,,,,,,,,,,,,,,,,,,,,,,,,,,,,,,,,,,,,,,,,,,,,,,,,,,,,,,,,,,,,,,,,,,,,,,,,,,,,,,,,,,,,,,,,,,,,,,,,,,,,,,,,,,,,,,,,,,,/content/data/frame88.jpg,0
,,,,,,,,,,,,,,,,,,,,,,,,,,,,,,,,,,,,,,,,,,,,,,,,,,,,,,,,,,,,,,,,,,,,,,,,,,,,,,,,,,,,,,,,,,,,,,,,,,,,,,,,,,,,,,,,,,,,,,,,,,,,,,,,,,,,,,,,,,,,,,,,,,,,,,,,,,,,,,,,,,,,,,,,,,,/content/data/frame89.jpg,0
,,,,,,,,,,,,,,,,,,,,,,,,,,,,,,,,,,,,,,,,,,,,,,,,,,,,,,,,,,,,,,,,,,,,,,,,,,,,,,,,,,,,,,,,,,,,,,,,,,,,,,,,,,,,,,,,,,,,,,,,,,,,,,,,,,,,,,,,,,,,,,,,,,,,,,,,,,,,,,,,,,,,,,,,,,,/content/data/frame90.jpg,0
,,,,,,,,,,,,,,,,,,,,,,,,,,,,,,,,,,,,,,,,,,,,,,,,,,,,,,,,,,,,,,,,,,,,,,,,,,,,,,,,,,,,,,,,,,,,,,,,,,,,,,,,,,,,,,,,,,,,,,,,,,,,,,,,,,,,,,,,,,,,,,,,,,,,,,,,,,,,,,,,,,,,,,,,,,,/content/data/frame91.jpg,0
,,,,,,,,,,,,,,,,,,,,,,,,,,,,,,,,,,,,,,,,,,,,,,,,,,,,,,,,,,,,,,,,,,,,,,,,,,,,,,,,,,,,,,,,,,,,,,,,,,,,,,,,,,,,,,,,,,,,,,,,,,,,,,,,,,,,,,,,,,,,,,,,,,,,,,,,,,,,,,,,,,,,,,,,,,,/content/data/frame92.jpg,0
,,,,,,,,,,,,,,,,,,,,,,,,,,,,,,,,,,,,,,,,,,,,,,,,,,,,,,,,,,,,,,,,,,,,,,,,,,,,,,,,,,,,,,,,,,,,,,,,,,,,,,,,,,,,,,,,,,,,,,,,,,,,,,,,,,,,,,,,,,,,,,,,,,,,,,,,,,,,,,,,,,,,,,,,,,,/content/data/frame93.jpg,0
,,,,,,,,,,,,,,,,,,,,,,,,,,,,,,,,,,,,,,,,,,,,,,,,,,,,,,,,,,,,,,,,,,,,,,,,,,,,,,,,,,,,,,,,,,,,,,,,,,,,,,,,,,,,,,,,,,,,,,,,,,,,,,,,,,,,,,,,,,,,,,,,,,,,,,,,,,,,,,,,,,,,,,,,,,,/content/data/frame94.jpg,0
,,,,,,,,,,,,,,,,,,,,,,,,,,,,,,,,,,,,,,,,,,,,,,,,,,,,,,,,,,,,,,,,,,,,,,,,,,,,,,,,,,,,,,,,,,,,,,,,,,,,,,,,,,,,,,,,,,,,,,,,,,,,,,,,,,,,,,,,,,,,,,,,,,,,,,,,,,,,,,,,,,,,,,,,,,,/content/data/frame95.jpg,0
,,,,,,,,,,,,,,,,,,,,,,,,,,,,,,,,,,,,,,,,,,,,,,,,,,,,,,,,,,,,,,,,,,,,,,,,,,,,,,,,,,,,,,,,,,,,,,,,,,,,,,,,,,,,,,,,,,,,,,,,,,,,,,,,,,,,,,,,,,,,,,,,,,,,,,,,,,,,,,,,,,,,,,,,,,,/content/data/frame96.jpg,0
,,,,,,,,,,,,,,,,,,,,,,,,,,,,,,,,,,,,,,,,,,,,,,,,,,,,,,,,,,,,,,,,,,,,,,,,,,,,,,,,,,,,,,,,,,,,,,,,,,,,,,,,,,,,,,,,,,,,,,,,,,,,,,,,,,,,,,,,,,,,,,,,,,,,,,,,,,,,,,,,,,,,,,,,,,,/content/data/frame97.jpg,0
,,,,,,,,,,,,,,,,,,,,,,,,,,,,,,,,,,,,,,,,,,,,,,,,,,,,,,,,,,,,,,,,,,,,,,,,,,,,,,,,,,,,,,,,,,,,,,,,,,,,,,,,,,,,,,,,,,,,,,,,,,,,,,,,,,,,,,,,,,,,,,,,,,,,,,,,,,,,,,,,,,,,,,,,,,,/content/data/frame98.jpg,0
,,,,,,,,,,,,,,,,,,,,,,,,,,,,,,,,,,,,,,,,,,,,,,,,,,,,,,,,,,,,,,,,,,,,,,,,,,,,,,,,,,,,,,,,,,,,,,,,,,,,,,,,,,,,,,,,,,,,,,,,,,,,,,,,,,,,,,,,,,,,,,,,,,,,,,,,,,,,,,,,,,,,,,,,,,,/content/data/frame99.jpg,0
,,,,,,,,,,,,,,,,,,,,,,,,,,,,,,,,,,,,,,,,,,,,,,,,,,,,,,,,,,,,,,,,,,,,,,,,,,,,,,,,,,,,,,,,,,,,,,,,,,,,,,,,,,,,,,,,,,,,,,,,,,,,,,,,,,,,,,,,,,,,,,,,,,,,,,,,,,,,,,,,,,,,,,,,,,,/content/data/frame100.jpg,0
,,,,,,,,,,,,,,,,,,,,,,,,,,,,,,,,,,,,,,,,,,,,,,,,,,,,,,,,,,,,,,,,,,,,,,,,,,,,,,,,,,,,,,,,,,,,,,,,,,,,,,,,,,,,,,,,,,,,,,,,,,,,,,,,,,,,,,,,,,,,,,,,,,,,,,,,,,,,,,,,,,,,,,,,,,,/content/data/frame101.jpg,0
,,,,,,,,,,,,,,,,,,,,,,,,,,,,,,,,,,,,,,,,,,,,,,,,,,,,,,,,,,,,,,,,,,,,,,,,,,,,,,,,,,,,,,,,,,,,,,,,,,,,,,,,,,,,,,,,,,,,,,,,,,,,,,,,,,,,,,,,,,,,,,,,,,,,,,,,,,,,,,,,,,,,,,,,,,,/content/data/frame102.jpg,0
,,,,,,,,,,,,,,,,,,,,,,,,,,,,,,,,,,,,,,,,,,,,,,,,,,,,,,,,,,,,,,,,,,,,,,,,,,,,,,,,,,,,,,,,,,,,,,,,,,,,,,,,,,,,,,,,,,,,,,,,,,,,,,,,,,,,,,,,,,,,,,,,,,,,,,,,,,,,,,,,,,,,,,,,,,,/content/data/frame103.jpg,0
,,,,,,,,,,,,,,,,,,,,,,,,,,,,,,,,,,,,,,,,,,,,,,,,,,,,,,,,,,,,,,,,,,,,,,,,,,,,,,,,,,,,,,,,,,,,,,,,,,,,,,,,,,,,,,,,,,,,,,,,,,,,,,,,,,,,,,,,,,,,,,,,,,,,,,,,,,,,,,,,,,,,,,,,,,,/content/data/frame104.jpg,0
,,,,,,,,,,,,,,,,,,,,,,,,,,,,,,,,,,,,,,,,,,,,,,,,,,,,,,,,,,,,,,,,,,,,,,,,,,,,,,,,,,,,,,,,,,,,,,,,,,,,,,,,,,,,,,,,,,,,,,,,,,,,,,,,,,,,,,,,,,,,,,,,,,,,,,,,,,,,,,,,,,,,,,,,,,,/content/data/frame105.jpg,0
,,,,,,,,,,,,,,,,,,,,,,,,,,,,,,,,,,,,,,,,,,,,,,,,,,,,,,,,,,,,,,,,,,,,,,,,,,,,,,,,,,,,,,,,,,,,,,,,,,,,,,,,,,,,,,,,,,,,,,,,,,,,,,,,,,,,,,,,,,,,,,,,,,,,,,,,,,,,,,,,,,,,,,,,,,,/content/data/frame106.jpg,0
390.05050998263886,124.98957538604736,45.98540581597223,68.83743953704834,0.5764874219894409,392.26939147498393,393.17214038439425,394.76052302850087,397.0095100967994,399.65897598044353,402.08020665440284,405.0354845779291,409.1782428974036,414.2718195978051,418.90895049702374,422.07204284429656,424.6294440948204,427.47794555680355,430.24675794816324,432.31749211140675,432.9430008485178,432.2453115877528,390.86320187672726,392.33056766914495,395.4112358652425,398.7483812549048,401.5968679459759,409.5289831281686,411.5759065811535,414.2748870238786,417.6067616597502,420.3860466277683,406.2362489474666,406.7940207436384,407.1551079983091,407.3956227595624,405.39228088264315,407.1662477278294,409.10305895496185,411.2384527857965,413.3208338132081,395.9972668780249,397.3349452933679,399.37578805421697,402.1986619837568,400.4361278245135,398.48560180552306,412.8877383621908,414.56455938050436,416.7900877786153,419.09816588065416,417.33814277646303,415.1528700373831,406.8959129569233,406.45731534115964,407.6304359487562,409.00849065224554,410.0280430106765,412.7055514708876,415.43186794821884,414.9148663311819,413.5521019835048,412.41244980084264,411.01455283880455,408.8984055063985,407.36784359759406,408.5214567539821,409.6874479346857,410.5838035009879,414.77427186645207,412.37407497128197,411.5944317667093,410.3955162229993,154.24224712674,159.22109322944814,164.390461941505,169.72028460957125,174.91155612241081,180.12927741513232,185.32291719754062,188.6949293251467,189.61831812235766,186.91234119094827,182.28978425830644,177.10354470284574,171.63317188278592,165.61733882176557,159.28654067901638,152.9216020348336,147.1095090876469,145.77675677147957,143.0901174257899,141.78540276255217,141.44792434900836,142.2115755794454,138.56681609862832,136.3889263537652,134.99168915913296,134.3343466446901,135.93561567866942,145.8518520884489,150.56797536360494,154.98709006247321,159.53617401665485,164.77941944543517,164.99754642762605,164.7549095786719,163.70046832592905,162.0453974756402,151.48676302170577,149.24685267887492,148.32126055394667,149.07452044774172,151.13794793314742,152.0237078318573,145.549614609288,142.96906487773012,142.2634854881005,142.95472970756515,145.17388938075482,145.8267858506643,173.30548038746173,170.81618781249762,168.69274611134716,168.52454973559384,167.58997935794508,168.60726684319184,170.75709924057594,173.32858701757823,175.69247947269628,176.39666301113522,176.58182131758343,175.56816747670615,172.81917764934582,171.2152141548229,170.80676397059625,170.11131004119136,170.651462601081,172.492986674443,173.17893798374882,173.50061890683264,157.82418710036677,164.21863071369256,75.79381988974582,0.31439093,0.45131066,0.7420349,0.4732655,0.12433176,0.0,0.19297197,0.083900064,0.46710813,0.17743026,0.48408052,0.33507273,0.47428808,0.0,0.24566075,0.44811475,0.9710023,0.23898852,0.3384553,0.056316532,0.10011374,0.09750904,0.44988486,0.17660338,0.027100127,0.007983922,0.14080502,/content/data/frame107.jpg,0
,,,,,,,,,,,,,,,,,,,,,,,,,,,,,,,,,,,,,,,,,,,,,,,,,,,,,,,,,,,,,,,,,,,,,,,,,,,,,,,,,,,,,,,,,,,,,,,,,,,,,,,,,,,,,,,,,,,,,,,,,,,,,,,,,,,,,,,,,,,,,,,,,,,,,,,,,,,,,,,,,,,,,,,,,,,/content/data/frame108.jpg,0
388.4432237413194,129.02501678466797,42.389404296875,64.65773391723633,0.5828455090522766,389.73943032546777,389.75832793030656,390.4433241945368,391.48660840974316,392.29221174319116,392.92020187073234,394.4999028948105,397.5917082856094,402.4203937511212,407.90906289089185,412.7499505785798,416.94033750145445,420.8582428141738,424.43344535262105,427.5813411931691,429.769879226296,430.94536227493626,389.99084882366515,390.9195993326527,393.22553953070775,395.9310221511894,398.226896729928,405.449039866476,407.8471199066861,411.09944336817324,414.5894916458932,416.94406037007366,401.72287384934964,401.47004019860884,401.0124880836046,400.3736762013193,398.78831225472663,400.24960755798793,401.93420329583813,403.91187666296867,405.9190809339103,393.21860019609517,394.32511305696835,396.11303111687573,398.33017049282927,396.79336801448005,395.129423791933,408.30710229182625,410.09463419082715,412.3252337023288,414.6490852918896,412.41123427977317,410.1643605140219,398.1994584945022,397.8390963738668,399.03453261090164,400.30858380900213,401.35625915930655,403.76658766850784,406.2210009542465,404.45769313701874,402.482422291935,401.29136331595373,400.10372429195246,398.8836500641489,398.6096862435682,399.73971329760207,400.71757908044447,401.6534111330012,405.32158364393524,402.2582963516958,401.39934500463676,400.34476038014964,153.67324870435783,158.68719428666068,163.9807735490811,169.49290832285652,175.39855724670434,181.66387690130114,187.59020277620047,191.57014356675592,193.26082538547925,191.69192530507834,188.6915938022963,184.57682967154742,179.78429534143478,174.15703374603635,168.16780295317622,161.7356201648532,155.3916531764201,145.1458701422567,142.6359629906843,141.23479895264546,140.848258822297,141.55489859601528,140.47454755846985,139.13479235392188,138.92106616623843,139.5986398166378,142.38082393620851,146.64839910590166,150.8648715448591,154.83290146817384,159.02829923346954,165.1681189058062,165.60000403840476,165.6964055245754,165.20447815187353,164.18129973955166,151.59212814876923,149.83476767196922,149.17044604644974,149.83269812699146,151.8427280783385,152.415709931605,149.06369683539032,147.57056984926444,147.74275136673236,149.06867530504073,150.56895898581038,150.44591470943448,175.5942228969031,172.76755743435515,170.82447899729414,170.98936739201363,170.28220734162497,172.12145705400297,175.44336578589872,177.46143805839955,179.2830399861181,179.71736695055634,179.49189522799634,178.12687423216403,175.05587297115827,173.61224626362326,173.51232539482007,173.06770388933046,175.00065427387463,176.10455650203284,176.52583723991856,176.5503989234423,169.13547498690593,175.26848940937907,79.31757075575962,0.5741973,0.49813753,0.6244826,0.49160695,0.103126414,1.0,0.22400232,0.047060028,0.46058565,0.06976263,0.15271367,0.27221787,0.42216656,1.0,0.24907406,0.4310113,0.9366752,0.4691861,0.3049194,0.27687538,0.055061337,0.05207608,0.680917,0.09873964,0.021226255,0.011031002,0.08094885,/content/data/frame109.jpg,0
389.37613932291663,136.81060695648193,39.022216796875,56.934319496154785,0.5991848111152649,390.2310046742367,390.14704282030067,391.0318868596785,392.5213097976133,393.7268799337846,394.6496071886394,396.01685825830685,398.4058332201938,402.2628273221551,407.04655985494,411.5206173861454,415.63135603654416,419.63587793283415,423.25490342108236,426.1354530882844,427.98486990684444,428.7400460656049,390.4763664757382,390.9925101428953,392.4687124891722,394.23748838171764,395.67762883074306,401.12736521185263,403.14879021493135,406.1870381454797,409.5526652273791,412.2521703654178,398.265010401736,397.720036152786,396.93079961249873,395.9593538767261,396.64657216282745,397.5601347968517,398.76943105080124,400.4139785838465,402.22839229272046,393.1121051145858,393.48948143645293,394.71980480422525,396.5345218964593,395.5805787335947,394.502344091202,404.61478951411164,405.67497997303406,407.62902943661464,410.1006488763707,407.93393174963023,406.06249418583985,398.302002810367,396.6600859571958,396.82344669788705,397.6853771490587,398.40730941439557,400.8302083371039,403.7858362233423,401.9174752518814,400.1999670749305,399.33965331092605,398.66920255482677,398.285174196467,398.3916434306875,397.84607259566707,398.34973784052704,399.0016638864917,402.77566329623534,399.7117132975369,399.17049163605435,398.6197225613138,157.98800840694688,161.96812117759458,166.219688754841,170.53703758184764,175.37410857436947,180.52882398103048,185.27476594225047,188.4684438873993,189.86305850724253,188.53851119066945,186.25319560369485,183.03414340731527,179.29151668758638,174.42718191525555,168.89985880303155,163.00381699341747,157.11528035873812,151.3504834123749,149.24142337696014,147.72098407174894,147.0256792956169,147.3258119742634,145.68270805734093,144.18542871205787,143.66327540740212,144.2190900121178,146.648019951689,150.77854469471617,153.97764892613765,156.9016801480687,159.9861197222875,165.944509866594,166.01635267516613,165.8997312970974,165.6798048307247,165.08573134455935,156.47364694958705,154.77493632418185,153.89515308575366,154.19630281130193,156.0381146845605,156.83106716197636,152.9557621435235,151.51176322827416,151.58551389059397,152.5795565963681,153.986573283636,153.96867366539098,174.40236556362657,171.92504699618672,169.91526051180765,170.0627496196676,169.5381081642332,171.65653032508197,174.83831319915956,175.5878981451227,176.55966151716493,176.7944802378709,176.59161246808077,175.7196886911957,173.78047039805045,172.44805954767438,172.39649659323948,172.1270636636647,174.41454976514837,173.85030965476807,174.14406619252793,174.17609858864108,167.98997148652933,173.95185551689875,79.24459686869073,0.5454458,0.55831707,0.3889361,0.39929006,0.08337896,0.0,0.24674472,0.91796297,0.46490848,0.034673005,0.293136,0.2634087,0.3735636,0.0,0.49450764,0.5679362,0.44597867,0.52887195,0.084477246,0.2592209,0.036760118,0.010908851,0.84781253,0.030531343,0.025290621,0.019106824,0.02958968,/content/data/frame110.jpg,0
388.37958441840277,128.44564247131348,42.3135850694444,67.1433048248291,0.7908836603164673,388.53107836967376,388.6958869073949,389.6344203234506,391.2586182477114,392.97715096053355,394.34065196160196,396.525403018809,400.1457712687269,405.2072699393386,410.33398606291894,414.3093019814811,417.3828641499345,420.5230076709621,423.643019265418,426.4078406668279,427.93332875837007,428.2317874512747,389.41198462616416,390.53688003567913,392.99598382075567,395.78067781571383,398.0962383710034,405.1816199823205,406.85859457811284,409.4231076323507,412.3962983157492,414.681046265866,401.79619544561376,401.9520209755456,401.8470175145417,401.5676438111877,399.73009885162446,401.3115692590176,403.13036059900475,405.1481444111925,407.0960475784504,393.20651181004246,394.2642255590583,396.0362745227756,398.6008740213546,397.119482148749,395.4758078341705,407.9069483259625,409.3948019130725,411.3911955532777,413.6346135033762,411.6670250386427,409.7054396531589,400.0653228030859,399.36408630730716,400.47305914942024,401.6702412380283,402.5163488447241,404.86338954759907,407.2962862899032,406.25022571832693,404.8103175245684,403.8193292020288,402.6777884543703,401.21281380289673,400.2594359724723,401.3219737959732,402.2196694645091,402.9080353583765,406.5614493589481,404.09014011314105,403.5053681572698,402.5448658723918,155.94032712227641,160.77901550345643,165.88060753976097,171.23714074687322,176.72566005560097,182.49513307814124,188.1794872393842,192.02043023202117,193.615640487201,191.740633911888,188.09847928675714,183.28891304363324,177.93638028853297,172.1060552522544,166.07350328467555,159.95456460546188,154.18825160383867,147.83382893428137,145.56263353587875,144.17614074128397,143.57367651024805,143.82462203150718,141.07834174066784,139.59703751301927,139.04569670548958,139.30389874894573,141.48300451042635,147.82434887153028,151.93416738252935,155.68821220117945,159.58696964945437,166.18623631052142,166.4516348453821,166.32302007307325,165.69166422222438,164.43302020702623,154.11071343101793,152.23357696318712,151.22115044403103,151.5224401891098,153.8730010976568,154.73282213859056,149.15956576440584,147.39706169669552,147.24903776855655,148.23368203694503,150.0600852814208,150.20124648936152,176.0408047624788,173.13291797639016,170.84822765583422,170.90275002281163,170.14417211403983,171.99950299680404,175.16165140512936,176.88551965478865,178.75776961611018,179.24193476621994,179.10874804875453,177.96720249863262,175.37075546401812,173.80736633132506,173.6099418634245,173.1500099436299,174.74432694061738,175.54329356658113,176.0218446369766,176.1711340142214,166.9068337719656,172.6919628250605,82.7613259074771,0.63762844,0.58145875,0.48086873,0.49179146,0.0867362,0.0,0.3089407,0.020376861,0.46741107,0.0610078,0.33497557,0.10933349,0.3862346,0.0,0.34627926,0.554049,0.98679787,0.36311582,0.18869168,0.3508676,0.15756676,0.10760943,0.37669286,0.19355938,0.024294542,0.009990918,0.13028616,/content/data/frame111.jpg,0
387.87006293402777,129.8623809814453,41.84356011284723,63.80086898803711,0.5931485891342163,388.21098259983887,388.04093457650515,388.4381654538821,389.00907111178265,389.1374485050072,389.20960830966783,390.3693720165163,393.10006805297826,397.9695195044701,403.911138037912,409.65153372355644,414.87011217796453,419.53573052042884,423.41562828888436,426.5093856511053,428.7925108727877,430.3984604044099,386.86256249075643,387.9865389228994,390.5051626429022,393.37232240632943,395.71377008194713,403.1199687717551,406.1623993626731,409.8584790671275,413.5035217757827,415.8715215579864,398.8575194227965,398.2085957034974,397.3381283439926,396.280790010062,394.8808777066529,396.27335167823503,398.0071332775276,400.0271902574955,402.2253838762347,390.2479423902896,391.38742637527366,393.30744463725955,395.41743013633663,393.63055801405335,391.86600088725095,405.9444493950525,408.1161479496277,410.595699892267,412.9193982478596,410.3222659016292,407.8456048689361,393.9886726209777,393.6065545628817,394.8667425944848,396.20048568839024,397.4170180135991,400.2852273575909,403.1212602121889,401.10063052630426,398.77754822886914,397.41654570234505,396.1507150343591,394.81743740661705,394.3343086276684,395.56253693108124,396.5948610221226,397.72791746699727,402.10196917372286,398.6469598713684,397.5849828476819,396.4357286366601,152.47417082143284,157.29102003306616,162.41805680867128,167.91681394969282,173.89628355266768,180.3669340428787,186.44740067652492,190.67765300081783,192.75238171971387,191.951446790913,189.98769980823272,186.7439436931577,182.54000389727844,177.05570815107876,171.0034843614062,164.34043206353363,157.67055292859777,143.6932839872179,141.38934854914658,140.31213549454765,140.30737017061494,141.32951561187713,140.8916123467758,140.0159723804453,140.49163088381067,141.93222698342856,145.246282179359,146.16001507509168,150.26778819259334,154.127111900287,158.19501692821427,164.16605566121962,164.80110210009798,165.12494333819632,164.8160791584146,164.0930048539276,149.9277149628947,148.0571296638018,147.7268152516565,148.90329238814684,150.61614626366122,150.9285995526343,149.6411269897469,148.31519642595663,148.94856353593173,150.91816763450151,151.99469503918817,151.47422629080756,174.15764280341955,171.45541549892232,169.79510682084447,170.13629808201404,169.55277235867334,171.72448688512668,175.32315182301045,176.9524933110406,178.40015240334878,178.6405474231724,178.2050810103383,176.6998136352181,173.66596906965742,172.51054058687987,172.56280513560023,172.2816590095099,174.7953770812219,175.37882066347493,175.62242374911102,175.44888701124864,179.5629706770061,-174.79896743906886,81.52943552203267,0.5437064,0.48211792,0.33196786,0.46965176,0.11190466,0.0,0.2275801,0.024416348,0.4636645,0.048256762,0.3731517,0.09628018,0.35114774,1.0,0.4423051,0.45715252,0.9596215,0.7306389,0.07081277,0.26134324,0.09758325,0.02162497,0.52446073,0.16909191,0.052664712,0.018998748,0.11557577,/content/data/frame112.jpg,0
387.44300672743054,129.18055057525635,41.649739583333314,65.88204860687256,0.704353928565979,387.57529653848536,387.1355892989591,387.3328924400057,387.8389611368812,388.1186438555941,388.4417311212628,389.8170228756374,392.806395008037,397.99806371462546,404.32516822701297,410.1851802512981,415.2708539327044,419.9808904997268,423.98876863354326,427.19625674302983,429.4767931820958,431.0034825031703,387.60038220841477,388.86761025927547,391.61911736928437,394.472837922787,396.6502750151101,403.51660244663395,406.3868700706648,410.0122406276653,413.6864206838916,416.0301248519711,399.12864825768526,398.3887658964959,397.4117583363739,396.21011775558225,394.0868102942311,395.6737457484976,397.58685617111365,399.7717504011588,402.1241039065456,390.4822914493444,391.68009390143175,393.59235140655795,395.60876380272384,393.8004797669613,392.05629412984905,406.179010308587,408.3775347255901,410.90351584330324,413.2434973328359,410.5303715098703,408.0478938963909,392.8485201787581,392.50120133871263,393.7862982465983,395.1183268215567,396.3313522015499,399.0371811033385,402.04282463956383,399.93567313188095,397.68720827533394,396.3343185637591,395.0515471519024,393.72183229234463,393.1648347612098,394.4729368800648,395.50885936237944,396.65797012152404,400.9782210395587,397.5335511841236,396.50259070245437,395.40170041112,152.10093451717904,157.37465058771528,163.0413142278784,169.10355958615912,175.56428234099678,182.33811063513372,188.7774350567039,193.19976983132085,195.37495917976185,194.601396002226,192.23875800832207,188.36197470637114,183.71793793140876,177.8353330181452,171.32181891171194,164.28946237312357,157.37323455619207,143.26412029090415,140.92545116336555,140.09425479599753,140.4628553410902,141.75530925135723,141.26422669175855,140.0468389451011,140.06416707128648,141.13606994859424,144.46271675733976,147.1407056782994,151.89179302274079,156.33599735575774,160.96815925738076,166.83719759907922,167.5436818790016,167.9021051392948,167.48079217281622,166.6338074073833,150.18428754994346,148.3565536968364,148.18364470283717,149.75683923223954,151.29032597585058,151.4298887233474,150.0869418620686,148.38908472385953,148.87792896407876,150.77421193721273,152.1035498166645,151.71268506212334,176.72983885726615,174.18970449269796,172.60725038944167,173.0541508806158,172.3647579362497,174.61071587509173,177.95806831615994,179.3531161842152,180.72290167291635,180.939881997434,180.48743047419885,178.98171538377255,176.19205317478395,175.64765149144125,175.77146589500944,175.41268921586686,177.44554030078052,177.45096410205576,177.72603234865846,177.5474851459487,178.35164489445987,-175.89426543714106,82.70666089952233,0.39277753,0.40085915,0.67578965,0.3731929,0.09736804,0.0,0.1170032,0.40710047,0.46708062,0.02563921,0.20992705,0.25355148,0.44950283,0.0,0.27755246,0.48362482,0.8060395,0.2387461,0.05505751,0.043099158,0.210976,0.052932326,0.36257803,0.2456974,0.038039166,0.023070233,0.0667068,/content/data/frame113.jpg,0
386.7275661892361,130.30270099639893,41.864583333333314,65.33544445037842,0.7572040557861328,385.8202535180641,386.40092809402176,387.2102204296135,388.3442655042807,389.7071140964991,391.1546168942461,393.5287456070721,397.04648651144464,402.00200304112104,407.4377376670893,412.1729756824956,416.2736272675648,420.00792685470867,423.3310401934253,426.07028952779484,427.952131721156,429.0305931201893,385.5709722346489,386.508292665287,389.11007646778626,392.10269259146014,394.6956908622788,401.8457350695077,404.4091265658783,407.8250814779451,411.3781654547114,413.86363442554585,398.20927966830124,398.3612039422033,398.292120689632,398.0290641131256,395.996239286625,397.6881153865916,399.4706670524967,401.26165843660135,403.15009211530054,389.0549309004475,390.19020851978536,392.09676235757576,394.42240474915076,392.76719889764024,390.98727354492905,404.7304737431388,406.59745062997024,408.94928839273433,411.3690948605667,408.8700737397994,406.55258133080474,395.2968432041006,394.9699840403415,396.3315942464453,397.6710910823829,398.84608584733417,401.528091367703,404.28397012467116,402.9945601656232,401.10114023037977,399.8667262977058,398.5422326263749,396.8153335651422,395.59701397880224,396.9539042982053,398.0098831478155,399.04069705694707,403.5115139345434,400.86008253173856,399.91599303586673,398.72429641441204,155.54566798014196,160.4572288124845,165.67463129330233,171.1285164538703,176.64556397943554,182.39903577031154,187.73447514046666,191.60496916128022,193.3509487149873,191.73579413968343,188.60742519550143,184.37237366833986,179.35184887738228,173.70042010234528,167.76770009940952,161.36722063180977,155.00842103498616,146.11532734232875,143.2670229228188,141.7533797919557,141.41184458445045,142.13461228416503,140.54714732140926,139.31117956464814,139.30349923416034,140.33811825987215,143.18953967386668,147.19617205048814,151.47319318404513,155.47054233796263,159.66940261507085,166.08565865445448,166.35266872021708,166.22371767702873,165.66583174215629,164.68335227673344,152.31639860655494,150.34127089010445,149.7690617346996,150.61673469353207,152.6201513546785,153.15076008294477,149.7982315691412,148.20196121379544,148.44575971793174,149.88774585602505,151.31135013833878,151.1865628763884,176.12107241125963,173.0248033697978,170.94609516946426,170.97805955068512,170.18045010296652,171.89012391431908,175.25710883357686,177.41212965749767,179.4769819528137,180.00007157444483,179.86064331741187,178.5918349628394,175.52873597662693,173.50637668108303,173.3132258324543,172.76229822559907,174.7054522145184,176.5705598392901,177.09930397865182,177.2114503559235,-173.6368151935819,-168.15882177481345,82.68475145659073,0.6878909,0.6046799,0.3997271,0.48053935,0.11630708,1.0,0.20769487,0.061525997,0.46281898,0.16498305,0.16448769,0.04742121,0.3891087,1.0,0.30310234,0.41581035,0.99881244,0.6588075,0.14278817,0.37778965,0.25589213,0.035954747,0.37952086,0.15262534,0.035884198,0.041077383,0.099045314,/content/data/frame114.jpg,0
386.69501410590277,130.201566696167,41.8712022569444,65.52929306030273,0.7423975467681885,386.0765272066243,386.63046269868676,387.3704307127736,388.41407077095005,389.6495201036488,391.01111590022504,393.3499343340676,396.7860685823593,401.70862803840555,407.24686744820303,412.2599168613293,416.6478911885485,420.56376071081377,423.9709619829029,426.7823164275654,428.8194688619991,430.07049081958576,385.5549942575284,386.46616623322154,389.03564699621637,392.018403429092,394.60167809277766,401.81460859751854,404.5284472416978,408.1189672510679,411.8282422933304,414.4466039908492,398.0948768130063,398.1606450816074,398.01428584276243,397.6640787178002,395.8980985288186,397.5528088562986,399.29466026486693,401.09769369269014,403.0093370980047,389.1968594023359,390.27356873211403,392.1795174077856,394.44268499076185,392.83594631587107,391.06646726624876,404.819576819512,406.7140657305934,409.13018250293146,411.61411577173396,409.0672592556417,406.6925827731295,395.18480434715826,394.8727823764358,396.1633088844717,397.47039932218524,398.64312226244607,401.38955210215823,404.2766956647853,402.72025106103365,400.6831103441506,399.4410101296713,398.14979697316403,396.55569684846444,395.4709516224124,396.8039659693072,397.83070697585583,398.864363680831,403.4897801120409,400.4885708803139,399.529369836033,398.3724351235931,155.13107543881262,159.98025021829903,165.13447502583804,170.57403859763244,176.09648274907858,181.9131264766238,187.28449859033117,191.26028229286493,193.07857900223743,191.49685495459323,188.41302058581988,184.19651152158767,179.15084044729664,173.42774027054537,167.452928356554,160.97966824011206,154.47571048433124,146.23803330017185,143.3681192241025,141.8290365152315,141.51304463832992,142.28730875157734,140.73820988036312,139.4581834695146,139.42146886788834,140.5053165295564,143.38253884200094,147.47441300639662,151.7515580520208,155.75532326563984,159.96071003074218,166.17478261259376,166.46385927552427,166.37856488042718,165.85489347832745,164.89295287069163,152.45526259018357,150.42497664046337,149.8742869099464,150.79332487742826,152.8097958348664,153.32384947134688,150.08493566249336,148.40495995218166,148.63588006744953,150.11819710192663,151.6153954258,151.5053324720211,175.883715463364,172.96129738609244,171.0079535613263,171.05939360892444,170.2959248751422,171.94871821132674,175.16604829178033,177.2627961891034,179.25691709032543,179.7249207525324,179.5514635059254,178.26946503129312,175.2904136879506,173.53958663554167,173.37577527667563,172.85310220989604,174.59820172352002,176.32931516862163,176.81249540250263,176.89300434989156,-171.40147486504293,-166.04844493821255,82.85478505031911,0.5483128,0.5559857,0.17224431,0.4475304,0.113917716,0.0,0.10863973,0.010983508,0.4623611,0.11726862,0.16529085,0.048597198,0.35512277,1.0,0.38511136,0.41246125,0.94460094,0.6458559,0.16670465,0.34607098,0.21729548,0.046078674,0.4336186,0.1631657,0.030413145,0.03752037,0.07190799,/content/data/frame115.jpg,0
386.72775607638886,131.64316177368164,41.73122829861114,63.78940200805664,0.6536924839019775,388.05528741260406,387.8821126512193,388.21202778396605,389.0085436286658,389.86568466976394,390.7515106109379,392.4257196094114,395.36056312451194,400.1532204426668,405.8696209697034,410.99204741825054,415.44285162989553,419.7090951777956,423.57749143496756,426.78081959218025,429.03756429718686,430.5408821023507,389.0269673007679,390.17182879417686,392.76095926552193,395.4875555161549,397.62883060908615,404.4809036063486,407.0570809313098,410.4366818373657,413.91467236131314,416.1059213226284,400.31059501175594,399.8622468753959,399.1937431575334,398.32207944474106,396.15745766281856,397.73770958363014,399.5368783472182,401.57606585637416,403.6968892132486,391.7136113758778,392.9535934032107,394.78315346939206,396.72213089379954,395.0609662931814,393.3749014472693,406.74797341535896,408.8453246124688,411.21434512804717,413.4709483932729,410.91306926964046,408.5685680244625,394.87455778713786,394.7745096737513,396.013437746588,397.22357141758306,398.32844423488035,400.8243658906301,403.5943316843949,401.41966083417003,399.20824757893325,397.97045102434356,396.7803789893645,395.5919129802845,395.1160228685296,396.5138767854715,397.4635240058342,398.49038365883285,402.6965221437222,399.19361084289966,398.27567807146755,397.2689370866547,153.29320997808196,158.1914110294963,163.5201707428957,169.18523091076221,175.06049340587396,181.23612380725072,187.14667780897707,191.4249437382513,193.48046069823778,192.38726806929645,189.66117598304373,185.68898573957875,181.1493482203983,175.70488848495796,169.76662597390123,163.31617807828815,156.8836451278234,145.00654522143927,142.5839235914836,141.56234967997338,141.7209127994792,142.7761733323485,142.06555706037446,140.9020734229128,140.91623222936423,141.98120762202137,145.1106722756033,148.23075399662503,152.6139773684542,156.6845686362446,160.94475080514817,166.84134561301707,167.4087518255704,167.61842489428074,167.3418371214967,166.62151169295174,151.50639438245244,149.6809429137767,149.45986569241177,150.96599176161195,152.48396455310362,152.65186726072065,150.84275664930934,149.14158284099844,149.55494744446028,151.363202573326,152.70937850065306,152.3825978559534,176.14025381820593,173.92116859550015,172.4498800568437,172.85643730052934,172.24898994226822,174.29421373626602,177.32496711051925,178.8044454687456,180.27324740480282,180.47079771552026,180.0493801696958,178.4956915522469,175.67367135654723,175.28992698074435,175.42922235203642,175.10976007535356,176.80189998798286,177.01572956122146,177.24743529773295,177.06957705457188,-170.78086153734097,-165.47578118603857,80.05100072672204,0.5310769,0.47067726,0.45300183,0.529187,0.06827431,0.0,0.10534245,0.04011186,0.4611531,0.021723012,0.17215867,0.14792453,0.37873837,0.0,0.37332985,0.42885098,0.6285589,0.22391525,0.2005557,0.0426197,0.15071155,0.024254061,0.45854557,0.1951651,0.052982792,0.02477614,0.093564734,/content/data/frame116.jpg,0
385.80482313368054,131.96107006072998,41.735107421875,64.03907489776611,0.7446295022964478,386.65820708651006,386.63649584085294,387.0513627050589,387.9807815109069,389.1225548500294,390.42512652974597,392.5883864944463,395.8960260638343,400.81345830963437,406.35534537224464,410.98055753475154,414.89739908381085,418.6566142411406,422.23426567133896,425.27690895248924,427.28088440923045,428.4257220570754,386.67491192045765,387.7278019849016,390.4620379375788,393.31164809093843,395.55109208378053,402.23161259966986,404.77805543827617,408.1836223444841,411.8028091281885,414.17552764830117,398.39619509247206,398.2518473718733,397.8946469960664,397.35386292280447,395.2295251753976,396.8814372103414,398.7020373792641,400.6298723219635,402.626267164451,389.41754151399283,390.611007313635,392.5174264485138,394.67245766789284,392.9513650846828,391.1551946475559,404.80614722511484,406.85601173557245,409.25885575414225,411.5934513422709,409.095247318778,406.70489413710845,394.79287950416887,394.4921512692284,395.6641875197552,396.92411996195654,398.0843845033402,400.6411905683809,403.506594049805,401.7838708329549,399.76843971684906,398.5296390957108,397.29344244992194,395.90304786543606,395.13089245211546,396.2668578040031,397.2588418698178,398.3133053125071,402.65391006899546,399.5702536035385,398.6350783403108,397.5490534338661,152.99730169613423,157.94222798245264,163.27542600215492,168.85486573301833,174.64377088994138,180.65507890190267,186.43219402795623,190.68133672679033,192.61823176314158,191.28446047376394,188.23842309281792,184.00372707516578,179.19969715425577,173.67739143662106,167.76328476307532,161.44771471321476,155.21224267027532,144.94648094907078,142.26957825839565,141.19242221258463,141.42208734188222,142.57747944917983,141.58857343338235,140.2277890488016,140.05686222889125,140.96162571668845,144.01289280538322,147.50427867754718,151.8417114851711,155.89248714364746,160.1245288012029,165.893406021072,166.35154078702658,166.43855066519168,165.98182667216165,165.10819637776768,151.23194382220046,149.42972950561273,149.12120995656616,150.4279406681512,152.07427831787032,152.36049574558683,149.8798737086878,148.23474071247244,148.53936460446596,150.13441058142803,151.50113807597506,151.2833958100626,175.00668306392004,172.5455713753072,170.9666324859724,171.23882463221167,170.51941288845683,172.31406262230138,175.3482641680622,177.29755385225062,179.11497749187728,179.46346588683184,179.16137268328254,177.597617924613,174.50452577011515,173.62919613560751,173.63816004019634,173.19021215406062,174.86337968171995,175.94654639886295,176.33180649848742,176.23225081824324,-174.82750359781164,-169.38273113110202,81.04348652875915,0.5285122,0.5616789,0.28822863,0.50097644,0.10722577,0.0,0.10037999,0.023329481,0.46142602,0.06106795,0.2220876,0.09580755,0.3634844,0.0,0.24897712,0.42328107,0.96999735,0.5819445,0.035710137,0.091377825,0.12370661,0.06281014,0.33841884,0.34608513,0.03723228,0.022525977,0.06922095,/content/data/frame117.jpg,0
384.96693250868054,132.0197353363037,41.11778428819446,62.188161849975586,0.7416254878044128,389.1354724447025,388.4147847948684,388.2745068326418,388.45248419141376,388.54636905518385,388.7185995411652,389.7702794858646,392.1302114467082,396.4088627683332,401.58119506531216,406.3013503338784,410.50924439628034,414.75692621186477,418.7467371271694,422.1458344610434,424.63189960433493,426.460566091214,391.9044687679194,393.1353492834786,395.57911352875266,398.00123581616094,399.7646828585416,405.7592494248382,407.98391192094914,410.79178859638165,413.5715936664106,415.19215396878474,401.46780108075296,400.73649594999694,399.80380118110884,398.69354939360255,396.1065047564319,397.32946330570616,398.75686507528803,400.35037904639034,402.1751134624127,393.33467725323726,394.73040005376754,396.40050489374073,398.0451135457606,396.4619679651187,394.89438831429925,406.7638801845976,408.6452115119106,410.5304927022561,412.25612914699246,409.985669590315,408.0574781199302,394.76336673154424,394.5279406610642,395.56761088708356,396.5100335281025,397.3167396759713,399.1078668958874,401.1754022392681,399.2492079406194,397.38153655629395,396.5275343570457,395.7228832054844,395.0543355268974,395.0193160768352,395.8937659341472,396.5208467229585,397.19597973062173,400.4850146648593,397.60157906675363,397.0631900503943,396.3677139137003,152.16977526567436,156.5103967356883,161.2066370959275,166.3757356649507,172.13287009294328,178.5285879514162,184.75196189878687,189.47598029352858,191.97282304732437,191.15454308908323,188.92165171165448,185.66529210831445,182.08136965199887,177.729132115195,173.016353927529,167.6404035223963,162.09891026536943,147.38736294988405,145.72020938707539,145.1684940310252,145.53266873379897,146.54061328630533,146.85874851011707,146.22725748572384,146.71081324022097,148.08565025035796,151.20169853114174,151.53322236725973,155.15133026539576,158.4167082778557,161.92202934943253,166.95998179046993,167.52744544614478,167.74789050458247,167.7640458002291,167.31822280260698,153.50982412403488,152.56511741244478,152.54009716519474,153.6061242756728,155.05676262687854,155.04870054720908,154.6772955489855,153.9491596495478,154.72266114928829,156.39260363565708,157.26466266934295,156.60868071493041,175.4542600989136,173.2108935779695,171.9313603576244,172.34961882685388,171.9039959912098,173.98110797322684,177.12934452409505,178.436117565624,179.556606526294,179.6528888857561,179.18370920932335,177.7429121553693,174.97254138657013,174.46964108891024,174.63861338269416,174.423621626146,176.51847685550177,176.78338900936325,176.87537455836429,176.6769206292429,-175.3443955375409,-170.09194202704796,81.10974938000331,0.46130225,0.56027126,0.44739807,0.4953891,0.10795069,1.0,0.22232762,0.013821234,0.46412626,0.04428965,0.23171675,0.19228052,0.43287626,0.0,0.27105722,0.4832713,0.9027623,0.61325526,0.11026436,0.35531268,0.092294626,0.06334636,0.5622164,0.19457424,0.031983458,0.020714037,0.034870837,/content/data/frame118.jpg,0
385.01312934027777,132.7168951034546,41.26510959201386,61.86731815338135,0.7071012854576111,385.93404776204477,385.98231117158326,386.3040322031676,387.2108946656818,388.68010821140774,390.51187646303606,393.3254937379952,397.07425315406283,402.01520629199257,407.1956986955272,411.2779023272367,414.46190451445466,417.41805411308803,420.41371981387636,423.10144312396335,424.8416119002717,425.68367215909245,387.3069391493573,388.3939616282276,391.2298282829891,394.14091934744636,396.44155522258876,402.57045399077157,404.87356570680487,408.0819877831317,411.4651635154778,413.63908899564194,399.1564419809488,399.4600765412528,399.5969137671137,399.5595283484064,396.83929828731937,398.6324929821185,400.4352503081334,402.0718541510896,403.7114051075996,389.90905898842664,391.2276179478238,393.13810422198674,395.343633733684,393.6920376674242,391.866190193476,404.82209520935635,406.7181600975257,408.93546478815176,411.24761254904513,408.92255678479387,406.6672360993623,396.1834084307172,396.29514209022585,397.5636443701631,398.8055894399007,399.82827103127573,401.9494626492472,404.23877249264655,402.8607070625071,401.1747257922389,400.08314989017515,398.83765810645355,397.4080248267662,396.52598383077077,398.10242850140935,399.0769871800257,400.0002767030354,403.58335612125495,400.92959099346774,400.09471708961894,399.0131551785044,152.2752962202503,157.10919081198904,162.2198994606543,167.5372158147635,172.97421551231434,178.6810221281845,184.21491814028036,188.58004024805666,190.65616226911345,189.0882536075518,185.5510668539962,180.77741993648362,175.64282241016065,170.31254716409615,164.9871350979049,159.3370626304926,153.76256858041012,146.42246588041473,143.8737248611964,142.9331686158341,143.19207431157125,144.1930187279395,143.03070214412045,141.71959172659928,141.46524498542485,142.31604259516442,145.00162084024362,149.19105559686574,153.1705726766652,156.87248139490913,160.78077877637344,165.9722365663739,166.36185736844993,166.33389961554792,165.8582903591522,164.97131980685208,152.56374606559973,151.27637960386107,150.93937539894893,151.8529363496644,153.64099793376926,153.90770728529031,151.18358977787148,149.93499378970847,150.09311129947338,151.2470213082567,152.70967022491806,152.59973315415237,174.07410838123144,171.74002099721554,170.38134854778093,170.59534616258645,169.8700995728235,171.24454306235668,173.9366118161521,176.14251303586514,178.0822270653174,178.4734232013651,178.17879149770545,176.59423120205543,173.52309107367978,172.96432099894162,172.95603279520856,172.46896254165927,173.4249114814612,175.0221231249344,175.45527359071684,175.36390422035902,-172.647784944445,-167.28700322269546,81.65284578237174,0.6029795,0.57747436,0.27703682,0.40358686,0.10939384,0.0,0.11657238,0.0106239645,0.4630022,0.19762653,0.18075201,0.12455231,0.40617135,1.0,0.19646983,0.41581035,0.926675,0.65545374,0.25614193,0.12659758,0.18870692,0.063005745,0.2855866,0.32632837,0.029596295,0.043314956,0.063461095,/content/data/frame119.jpg,0
384.85584852430554,132.73760604858398,41.231689453125,61.15855407714844,0.6042346954345703,387.57699260222637,387.1576439629033,387.1068965407435,387.4867946476341,388.14420582655947,389.1066767721319,391.0653824748395,394.1461635059248,398.81487822622256,404.10588424967557,408.81313087826527,412.9463708382831,416.8942586931586,420.62696103032977,423.88830857222564,426.2180443780679,427.7815076699386,390.9651102755068,392.29971148598196,394.9794234045394,397.7855970592342,399.98103220294036,406.1861457981704,408.6127177116199,411.7765248674008,415.0311883250746,417.02584503967955,402.33656603672733,402.0399488633713,401.5851139922221,400.97278976099096,397.6609397633727,399.2686457436086,401.0054402875836,402.7367952643268,404.5415767434977,392.9107058994097,394.46637182208815,396.4019959996664,398.3903295181044,396.6695015365709,394.81382171841705,407.7063375186244,409.6811432029939,411.8065245071881,413.9397228653776,411.5562956657253,409.3705651299031,395.7055301715691,396.2071011394648,397.66329100373224,398.8208230367316,399.75657295581806,401.56413655381436,403.4646036732167,401.5385725563054,399.68600512422745,398.657900671019,397.569901923852,396.4687952850807,396.0094044756348,397.9635739248488,398.84836645054327,399.6737086839472,402.7550933823248,399.8379236850575,399.0931841583786,398.14021659825937,151.6082565788729,156.34987068631781,161.35124545428297,166.73240131392086,172.51813674262337,178.76058147316178,184.6853047343171,189.20473428298754,191.50268569356956,190.40108474752267,187.72436710622313,183.90831931310748,179.71695669140206,175.013631713012,170.06149519897588,164.44537278180906,158.70625752823526,147.7549476408596,146.00531423092144,145.39238195799734,145.70880860478246,146.59849827202578,146.397245220452,145.55496530765814,145.71705653724365,146.88187194735673,149.76863955997524,151.45491415062514,155.21354137336056,158.65407530265603,162.33443793582393,166.85220739944052,167.53957009974584,167.78691621116778,167.61554469056318,166.93952043679164,153.91803199446295,153.07971310147477,152.8888317538869,153.66448079569219,155.40451239616215,155.51867113041826,154.17136884760095,153.40702544432443,153.95088593068667,155.286377331698,156.4789679988582,156.03902140038554,174.93498873778663,172.79751659014363,171.67494476729007,172.01084187145244,171.52582144848748,173.2120960391374,176.1645059081933,177.72879596179047,179.10187221334888,179.31524235477553,178.9083924717637,177.3876670744281,174.46235661751598,174.01940480578378,174.16414060071548,173.88560938692498,175.55771966820902,176.33031319114707,176.56810123710747,176.41513719451757,-171.2457316998115,-165.99952687737132,81.55317817138624,0.59493876,0.5460037,0.4533894,0.44635764,0.10322108,0.0,0.36951628,0.21594015,0.46432495,0.06611624,0.19361742,0.15487176,0.28980657,1.0,0.40757602,0.40430087,0.841065,0.73322135,0.07101702,0.4685239,0.080620535,0.048145447,0.561049,0.20422982,0.037136823,0.018647714,0.05017064,/content/data/frame120.jpg,0
385.3391927083333,132.76438522338867,41.09491644965277,61.454017639160156,0.8076747059822083,386.2104590246639,386.1191791705591,386.2532011960127,386.747296565003,387.6196858643033,388.8366179870953,391.17093657713247,394.7255278957026,399.89961410875276,405.5099416740004,410.24850300687376,414.34707460832124,418.18188340885064,421.68327777876294,424.63303264803,426.66866152502064,428.12899853361324,390.47209284495847,392.10662705857357,395.21360138329146,398.3810780339586,400.80525452289373,407.23810735234053,409.7238784573916,412.86549398453644,416.0933235130013,418.0622501635195,403.0188475774332,402.88635959330014,402.5910434524985,402.1459604839221,398.15909478247187,399.99837516150376,401.91248730690006,403.7706113396313,405.6686468198992,392.65094359979196,394.5465659319654,396.67048789779636,398.6800710388422,396.7333901852385,394.6856164481659,408.57925506452284,410.74082917348153,412.90520323751514,414.8448864011983,412.52481813196664,410.2954560996697,395.5256776947382,396.3957120867678,398.44544403417933,399.83913376047286,401.0333475664594,403.05950626572775,405.03610751838244,403.37917146640046,401.35571821822884,399.97120197112133,398.5206648052912,396.8168393957544,395.97160680358445,398.538583199111,399.71696868763274,400.7965733435011,404.35799312393783,401.48683919132844,400.4541107064133,399.1783289784071,151.25589433297563,156.4197960940497,161.89743567837323,167.7200059920524,173.78588229202015,180.14783735791588,186.2074104623145,190.78325352686608,193.01907699395142,191.86427354464047,188.8842817978839,184.65191014544325,179.91911135747304,174.74305374748238,169.33714488037822,163.33014455882795,157.25733869971464,145.89316719060724,144.00057338127,143.4829014674862,144.01606434151023,145.2059957986242,144.76235456515707,143.5860426697383,143.3959633019612,144.31816169218928,147.19356830381759,150.43219985676714,154.47180537135281,158.22426604260062,162.2070878528908,166.96819827451563,167.69756679164766,167.95907907922447,167.57449184329653,166.76743226501785,152.6962514423636,151.84219701371723,151.77020036669873,152.8031750015106,154.42957088416597,154.38381777211643,152.99852131774705,152.05996714598987,152.511298365962,153.88260823155807,155.21630551383123,154.82606562134688,175.65050292381073,173.13662677519696,171.80779974445142,172.09090728992996,171.52874488120068,173.22464734093737,176.38168679643096,178.9737858657896,181.0161750738718,181.3793428732528,180.93934553736364,179.01787307050253,175.34254742536686,174.17355079719073,174.29146099324498,173.9535938868179,175.85687763452626,178.14630024161852,178.49165294222567,178.2756168480646,-157.95406388522198,-152.63632037052759,82.05046866477498,0.7187426,0.53850853,0.56365573,0.467268,0.13692352,0.0,0.30254877,0.021837864,0.4633989,0.18008022,0.21933877,0.13862225,0.33473802,1.0,0.40785664,0.3310483,0.99839145,0.8088966,0.06725904,0.4305891,0.11553692,0.044973753,0.45287505,0.26161245,0.03163643,0.029243715,0.06412171,/content/data/frame121.jpg,0
384.7041015625,132.4238691329956,41.14784071180554,61.86570453643799,0.7821120023727417,386.6516292582142,386.1643294407249,386.24767836421603,386.8553177256002,387.8494624972883,388.9969549512649,390.9656329832315,394.1684644902042,399.09034984426125,404.28059032358806,408.538781775724,412.2245600261,416.1206841262888,419.8142990162646,422.75201669582583,424.48931694798637,425.595765499869,392.1707497394041,393.89586138412375,396.73386435162234,399.4878988984282,401.5606082104584,407.4426036024474,409.3482433691743,411.76576482359786,414.3127036684092,415.973500441156,403.1683494728708,402.8453635443826,402.3423893414486,401.68330184371916,398.001008265102,399.5950984641798,401.2642075618776,402.97364592739757,404.7668912018398,394.1152341931594,395.8468925958056,397.7006472594112,399.4263120266323,397.81071421221,396.06059036797694,407.935165827415,409.69153774342385,411.48092001031637,413.1051531732305,411.1001637552919,409.3032811472804,395.5623398312049,396.11025855611274,397.83873539813095,398.9180831599349,399.7421803747723,401.3435961282587,403.0399520403755,401.7002539421421,400.1519224613602,399.17616569410865,398.0446429929925,396.6332956184176,395.8601763857993,397.9545083626542,398.8111955552742,399.48864672005016,402.4368648771779,400.1704874649972,399.57946279731016,398.66006478797135,150.57931035632893,155.44469977809285,160.68862853989563,166.37004401295655,172.30563255035128,178.65458502047306,184.82386117723973,189.48500237164632,191.74475116377022,190.34683360352932,187.14264805267317,182.94497483966055,178.59919754567278,173.8433485040863,168.77167536415985,163.17018609255138,157.62011508867315,147.471142446736,146.13620783948463,145.8425108536907,146.22236220030285,146.95968555712048,145.70432536541068,144.67528741384416,144.41630771497316,145.01169651919628,147.43716302522992,151.43471651723564,155.02585772011196,158.2935262466989,161.77744133394359,166.65461005249736,167.19437353924457,167.32997705168805,167.1512388340953,166.4969081898779,153.85319376734162,153.16575321019033,152.9781384826951,153.70306083303132,155.3954497505681,155.42515906636336,153.1088015049561,152.05472480399612,152.4276311444807,153.65597019575205,154.98065212431743,154.6680361364856,174.9910467196334,172.70692956258776,171.3141095793198,171.56047919140383,171.06562482679038,172.82741291833295,175.71392472920442,177.66483204144603,179.32738110627724,179.61775271959274,179.29322911055073,177.71742292887924,174.59667480111446,173.77944736774444,173.84729116127627,173.5888767536017,175.18298907757958,176.4777647787392,176.73051078701943,176.6313646848883,-154.94842977606174,-149.4255081745466,81.87336626362449,0.63018996,0.5262202,0.6158948,0.47182086,0.11884817,0.0,0.4057528,0.08067533,0.46328706,0.18218094,0.18875071,0.22755113,0.40573725,1.0,0.3101978,0.42534947,0.9766051,0.5221632,0.11483054,0.52484477,0.0678154,0.096077904,0.49839726,0.21391557,0.03206758,0.024506764,0.067219555,/content/data/frame122.jpg,0
384.57126193576386,133.73841762542725,40.767415364583314,60.685601234436035,0.7026364803314209,386.66154899141645,386.37585468334174,386.601406019612,387.54307584936726,389.0075263947413,390.63068997158405,392.93341140020357,396.14535687954844,400.8044644042171,405.6073794345766,409.4951042973845,412.97949882798673,416.6286354451844,420.20759368708366,423.09224698232265,424.7874835943362,425.7816656695368,391.5582399191742,393.0026218278466,395.6522114223011,398.3798792339047,400.46521611331013,406.1761897506934,408.06724260743954,410.7030856089592,413.6241866910228,415.61285468149515,402.84397786031565,402.85745533775884,402.6953544894965,402.3972613362313,398.9510074157074,400.6090865573015,402.32765157592326,404.0230856839831,405.73603834243283,393.529793032494,395.17762191225813,397.0683622477882,399.032909677181,397.39445209332666,395.57823938668537,407.67914334394504,409.3928317294243,411.27354968317775,413.1911407998555,411.12144734354354,409.22202586312255,397.1964612217989,397.70437981736444,399.31268778501254,400.45341843740334,401.3670742125955,403.12941390432985,404.9631169476402,403.56121405120535,401.9118638007991,400.84988849485893,399.6617197262116,398.25023284581715,397.53933606098406,399.51913192137783,400.4400603257024,401.2195511768913,404.39632065713806,401.91091538571976,401.1914112457273,400.1765875782623,152.9017903299383,157.58045430376,162.51088016056394,167.6860882598578,173.03034863418543,178.79945555833092,184.50121850098492,189.1587655898594,191.44172873270713,190.06381835046466,187.0273057876484,183.04947498144497,178.81181750865562,174.18652521362344,169.1303920382262,163.61424282477168,158.08902181490612,148.99477596318275,147.5000564358602,146.9674638562284,147.16881433082892,147.84480423205554,146.6249362628389,145.44378511469276,145.125448616685,145.79661505678158,148.29313761937584,152.16799702545535,155.69095320166315,158.8914417400382,162.3103869490214,166.87608969523592,167.47878686043452,167.64430156892524,167.39154135428055,166.65251983028702,155.07656470458267,154.32101428071678,153.99522610496325,154.59532543755324,156.3344821318563,156.4981238833368,153.89718993570983,152.9163551207791,153.20211019686803,154.37473537558816,155.66176068168113,155.39932316076926,174.5247252562848,172.38903339593946,171.14785972687423,171.3994045812342,170.9478938948838,172.5511320739156,175.49387959076478,177.59156539877756,179.33792961362633,179.57828013164942,179.17765831664974,177.40831511127465,174.15510815026312,173.4455634537468,173.57405741985008,173.3307596531365,174.93876378071343,176.6076270745483,176.83446539054864,176.6305930433573,-156.66284453948424,-151.35558701011786,81.03606406443855,0.59343034,0.52755433,0.70198154,0.50612426,0.121880956,1.0,0.2501986,0.55440027,0.46322417,0.23345864,0.27274927,0.36237666,0.42554453,1.0,0.5070765,0.42662835,0.9303107,0.74157995,0.108830884,0.42573804,0.12104658,0.0376752,0.25837168,0.36443153,0.03872684,0.038953073,0.14079514,/content/data/frame123.jpg,0
383.5549587673611,134.59594345092773,41.24956597222223,59.595388412475586,0.6021724343299866,386.02799770559477,386.35836794923097,387.02993862309285,388.2521927951104,390.0927575902614,392.13302706190836,395.0419557166322,398.88819689899987,403.92249772152627,408.6903118019083,412.333060992702,415.49267068972813,418.7951327111352,421.8938000967695,424.317852250529,425.5878964990779,426.16644990472867,391.7288670475158,393.1916913880425,395.94244582300183,398.9050852978062,401.3561750875144,407.1885870253628,408.9972910590605,411.55116052368504,414.5876622333497,416.78679859634263,404.0682933673044,404.4088405549462,404.58165678629564,404.6211092282826,400.94808069853866,402.82999479016144,404.745466155788,406.56386119773566,408.2258893599224,394.2557052700832,395.9481235986732,397.9896931615963,400.2534078289598,398.62731973101734,396.6618779718504,409.10156690459297,410.6320471426094,412.50792113804124,414.5411829045803,412.7533911587533,410.83917086456785,399.0697343983851,399.96179948702616,401.87481133571396,403.1731911801905,404.0824046858931,405.7181369035477,407.34342576505,406.2614045531866,404.87293690846457,403.75557239556565,402.3590335284458,400.4972708516027,399.50455738521924,402.12041775944516,403.2211027406608,404.00652198131195,406.71887044119677,404.55088298640106,403.81510805082263,402.6418886328861,154.41777550108156,159.31317329289038,164.33196253458482,169.5580694462805,174.83318340519395,180.30311497618345,185.5602450495431,189.68665377061475,191.43089032739493,189.62076258718503,186.10300971304895,181.7153295340176,177.0496600019941,172.0470664875245,166.76046909943784,161.21959730201354,155.74849778017273,151.77690861711372,149.9391145082888,149.12187713212782,148.92752840543,149.19406629870656,146.8779920536707,145.35897073491,144.6172633336479,144.81177190763376,146.9422250878991,152.9982569878323,156.74457656479387,160.21497201572487,163.87719060620253,168.28331076838285,168.80661242609622,168.87231605537463,168.326294769787,167.30658842469546,157.246923308693,156.326286050138,155.6217516685353,155.84459796974596,158.00863613087833,158.4739217482197,153.78301552635952,152.47085258305907,152.35437292990858,153.0823835498823,154.8600132707839,154.97514807541762,176.56128177977303,174.1720720722132,172.60605032252406,172.6744265984586,172.08842217788774,173.4094726304035,176.1751205700144,178.60707983628922,180.71045701725674,181.19047202936727,181.0302155322639,179.46227135252383,176.15371808379365,174.90617180821292,174.8745049948024,174.4590597618738,175.7845816758605,177.9068336246005,178.3742356200356,178.37727484980564,-139.30431361999823,-133.6879033345076,82.0741872499697,0.5536091,0.5357498,0.7352812,0.44295326,0.16606359,0.0,0.32313633,0.3710476,0.48742685,0.29875165,0.31334123,0.33047193,0.35756427,1.0,0.43601972,0.42662835,0.9828127,0.47633377,0.07580354,0.36134234,0.1741211,0.09320147,0.19361472,0.28959388,0.04251495,0.046264105,0.16068976,/content/data/frame124.jpg,0
383.6915147569444,134.71552276611328,41.14586046006946,59.48286437988281,0.6080328822135925,385.55127736572433,385.9644225006946,386.71358210616665,387.93824572735883,389.76638585346245,391.82237393615196,394.76044215050496,398.7214266055495,403.8779087053066,408.66032048421147,412.12038532935696,415.221834492002,418.59101372545484,421.7613014424107,424.17584138941055,425.33602204776145,425.8670021524369,391.80296469729126,393.34919009621683,396.2442278323066,399.364273615526,401.951363057452,407.876671401575,409.6709708687795,412.16601533522737,415.062935707923,417.05918145565374,404.7823230762071,405.2548329551784,405.55763750322586,405.7422379997024,401.58188977355474,403.5294592604778,405.5037749508418,407.33544209558096,409.0094527836736,394.3642715904458,396.16775449519537,398.24261574394933,400.5648724608949,398.883714135519,396.8788061321284,409.65928788545824,411.1710429526764,412.9699841295689,414.85248033539284,413.16385528178364,411.3263508999298,399.1276038578051,400.3122056102069,402.5224337491034,403.87438381394406,404.8169040261106,406.2873899971102,407.50423695366044,406.5728742883839,405.2780627763488,404.14073328457414,402.6791542056295,400.6430922891399,399.5651456231868,402.66213389434887,403.8203617160849,404.6088397084335,406.89890865760174,404.97766630133845,404.24161920664426,403.015724958021,154.49989800789444,159.55376045808572,164.78182529432488,170.17668322474964,175.56531249982763,181.07142255365616,186.35006330549294,190.42831368471488,192.10025240890462,190.26343726350314,186.66070898182187,182.20434433577284,177.44374986876574,172.37486674391477,167.06019424198786,161.50696296391524,156.04792520705178,150.90200714501734,148.9228625449412,148.04152908610104,147.84837057034164,148.1972667425007,146.2864161148471,144.87703393352677,144.2624605090059,144.57870516787335,146.83681503111174,152.4076186478087,156.2237166660314,159.77517554111674,163.53127382434758,168.03418320365745,168.614584114691,168.71776961887517,168.16453823860974,167.16391156442222,156.5255937230504,155.7000245986572,155.02057360215332,155.18322915035205,157.30421393231262,157.74895438952953,153.45792778293344,152.42423690449215,152.39677381004987,153.0949192816861,154.7520436766972,154.7692809698239,176.71396333851334,174.20989497999545,172.601251136676,172.69251114841683,172.14621042358849,173.5468537674209,176.45503592338355,178.958104463591,181.15854714668313,181.6718538672667,181.49846835405114,179.86510559846064,176.35951711109482,174.93440161865948,174.93006198173754,174.55408349700338,176.07067172847965,178.34927893071873,178.82460957368932,178.81115669923128,-138.09627836077084,-132.4667977223568,82.24328231851452,0.6271964,0.51911354,0.6492528,0.44019133,0.15576392,0.0,0.38068318,0.5036055,0.50023293,0.28108627,0.41262352,0.10564082,0.2978743,1.0,0.29343852,0.41633853,0.95614564,0.5739823,0.19811022,0.45167485,0.17567697,0.088411964,0.2009393,0.2784663,0.042420063,0.04482829,0.16925712,/content/data/frame125.jpg,0
383.44080946180554,135.7427272796631,41.74283854166663,60.23594284057617,0.6121732592582703,387.37693992805185,387.3406997342173,388.04251177896424,389.1291768884994,390.63511064486516,392.026175718128,393.8537301544739,396.50015399113806,400.83091208659965,405.1101308229998,408.4996994393038,411.8522717357532,416.047448465254,420.2890181576283,423.4761216453741,425.105359952349,426.1203525011595,396.96099664384235,398.8468417183009,401.6269059820538,404.36250529657417,406.44026635679785,411.1833781004449,412.5921076562283,414.51206887820854,416.8428241038199,418.4181168045411,407.9500669114715,407.83555367222414,407.5812712921355,407.2502518149314,402.91440117841137,404.33726662862165,405.98651750176913,407.6272291055616,409.17344434468976,398.3664604245647,400.3438204437108,402.16097006901106,404.0219469988089,402.4631081172941,400.65615434513654,411.66886701467575,412.8733348347763,414.0880997556633,415.4084422726884,414.0853596066674,412.81315495871604,401.16548815656495,401.9826298843245,403.5472161852741,404.3865806937266,404.9595734225898,405.57381918075407,406.48352279692136,405.3165553806888,404.17378399709906,403.4401974258669,402.62397769792676,401.70774037743206,401.5739168429025,403.32189709390366,403.9558322874628,404.3345997226021,405.9505336583517,404.3690411551068,404.0456432558487,403.3862905953066,151.54832633476477,155.87874622001226,160.55344686958546,165.62019562926616,170.9453779224278,176.528849417323,182.09606097147852,186.6136145069795,188.74972436885582,187.42522854423322,184.6616417959437,181.32352421628858,178.02666828275522,174.15927110585972,169.57279592965597,164.4366989966458,159.30473813759164,152.0706284614095,151.12619690344786,150.8667724355816,150.95096092843355,151.1467006284028,149.56281695740213,148.12436152426488,147.4318082534049,147.64104404886092,150.0974239040661,154.32830227610506,157.70484441365278,160.69962692505865,163.7808663073767,166.6860360372737,167.4954183179553,167.89558347320153,167.67865501102833,167.00353572273406,157.09352406613033,157.0189928751247,156.59621718225216,156.73096917921663,158.45093183757598,158.58907455350231,155.322062978608,154.56905840183435,154.72331241834254,155.53349606335314,156.84426529253415,156.66797160277378,173.3849808276488,171.86088065895427,170.9103763965749,171.1662744305526,170.9483550339941,172.65632092367576,175.45348742239585,177.29779726667402,178.55993315958867,178.65891027103862,178.23664727900024,176.50238285241477,173.21942154232747,172.5306101258746,172.81649469603354,172.74768076559002,174.9489165586324,176.2569068631242,176.3342945302057,176.0479618853682,-145.9526926001927,-139.74254544144404,83.06944270315768,0.48614934,0.39042366,0.24781631,0.44098407,0.15374072,0.0,0.32837927,0.1269522,0.5075048,0.20746759,0.2307841,0.25737327,0.49339542,1.0,0.20716402,0.42756552,0.7969892,0.37684715,0.068453066,0.5521388,0.08422105,0.051993415,0.35682482,0.34884262,0.017122373,0.08427258,0.056723244,/content/data/frame126.jpg,0
381.67420789930554,135.04487228393555,44.173611111111086,63.62010955810547,0.7699708342552185,387.45540180361877,387.593030612612,388.9367715027979,390.51584423249096,391.94330229951447,392.61453454191405,393.1960657462155,394.5191930306901,398.2006100930703,401.8259267497083,404.40107347988305,407.4844639029279,412.0764653828983,416.88368109733165,420.53479206389784,422.1670984064858,423.2455085177271,400.8932111463837,403.0776458647292,405.7764287245236,408.17220750698834,409.8191799977458,414.27492235863883,415.14214084633295,416.1355846781389,417.260632503494,417.9177787819908,411.37853328806796,411.00596853000843,410.3731399356002,409.71921083574307,405.2656208447179,405.93194996125567,406.90615442773105,408.14095491448825,409.46246905917815,402.13850272982245,404.44155441507246,405.902053407277,407.4025054807498,406.08798995097914,404.5339880073052,413.0920517766008,413.8824265645935,414.3044821782196,414.9164377904208,414.10281922804097,413.5441814123342,402.32268506932996,402.90346999739813,404.4003408550443,404.9277897847587,405.25057245750213,404.92853151052714,404.5617549437402,403.2987051712753,402.37549321376264,401.91098631367277,401.4670998449915,401.37923946991987,402.3703170600106,403.9682150627341,404.27008834955177,404.32178618056423,404.3213766387289,402.86405159574815,402.8001698951348,402.48643809695204,156.9014264748921,160.63669601338506,164.71755515438417,169.30763633819333,174.49795568724858,180.05801850616444,185.87358082474475,190.5911478314256,192.74284423050176,191.10858573849873,188.08648097587775,184.96647751275486,182.63925603352345,179.9559379284774,176.3200664686501,172.03119875425728,167.71868227410687,156.68244218031168,155.97541370627232,155.77697476043068,155.71454238286788,155.51200119297573,154.30761601318864,153.44248163838984,153.115803767746,153.66057404186222,156.40881135350446,157.48902117358875,159.39706065773862,160.7357437062583,162.22809140185655,166.152371323049,166.60030087973792,166.912990621473,167.2892230541911,167.1809538443258,161.242854333384,161.38886509860686,160.9892432766269,160.77844526828812,162.19834501321748,162.3987884388198,159.6311047156969,159.72217771894339,160.33188995197997,161.41683225549468,161.9104803324003,161.2702754344914,174.02145831231337,171.45591078771213,170.09353801925135,170.44956638809344,170.54834332830887,173.0770912437738,177.17333323115417,179.24323502478637,180.59647045985457,180.56355239722416,180.00989734051382,177.77500024235906,173.88154061950718,171.66702050289223,171.9931841710095,172.22041618310686,176.60515309068433,178.54507085624937,178.46880051511744,178.0389772580147,-136.35489478528746,-130.70810515564003,83.33957399033459,0.5042659,0.52223086,0.39863223,0.46118113,0.24916866,1.0,0.3741279,0.48659942,0.4855792,0.26625523,0.17003232,0.15704249,0.4322678,1.0,0.19270535,0.4936,0.86961484,0.5595627,0.10149367,0.8044059,0.12942778,0.032249894,0.16979036,0.42751518,0.01854939,0.07808246,0.14438501,/content/data/frame127.jpg,0
377.65646701388886,133.60303688049316,48.203369140625,66.48240852355957,0.6680963039398193,380.73759080956324,382.26062187701996,384.28636237595526,386.85564989880874,389.89199004283466,392.5279358529284,395.4692934061082,399.09509908958483,404.52348884726445,409.11251106103606,411.6095149040251,413.79401225684853,416.84189087526363,420.02678085266393,422.44724987377174,423.5229932773192,423.9047211034355,390.20406381049077,391.8049659088968,394.5870459146193,397.70778359118077,400.4381817881666,406.8232425537852,408.29618242436726,410.386175083182,413.0217880298069,415.200094122109,404.38626350462073,405.15148333323856,405.68754568429927,406.1855950272134,402.15840355218654,403.9150334469138,405.81723404696896,407.67383710697936,409.24977444521903,393.6053435738203,395.64279373407163,397.6632179278896,400.1976522679547,398.6208685054656,396.5907936486462,408.9361552400288,410.02488507405513,411.42952611601464,413.1073862484267,411.8442787534367,410.3985956457638,401.5558065488883,401.6791419744947,403.8060349264315,404.99280256242906,405.68576248714453,406.86570166683754,407.57922304354526,407.4180315311419,406.3651653582916,405.3108631173327,403.9874930688975,402.26806304441425,401.6923590318056,403.9175156573532,404.8740226111539,405.35373117693257,407.2972543990535,405.8714099541261,405.365029514105,404.274920674279,159.05514435691964,164.42481699868807,169.9733538254614,175.66938007770108,181.2498646646987,186.57166678444915,191.80318682105337,195.58365038255846,196.94138620655974,194.4358848347293,190.1317319328212,185.12459991578416,180.21598597515202,175.00564556555364,169.2661188131232,163.3907076823094,157.87450140874955,154.44161388145332,152.21634313128783,150.97829074512006,150.33944966525274,150.15964157455392,147.29222726339054,145.71300408719372,144.61075167474394,144.53812205463151,147.00550580408233,153.02473772941613,156.06807038388482,158.65486177000918,161.45469528660425,167.41569274805678,167.61490677899155,167.41985829661024,166.8649202092676,165.776544637076,159.6230023020474,158.57083276488558,157.46365040670202,157.19496301461874,159.5879470235815,160.36873535215827,154.20007150525754,153.2140894912871,153.06097229560038,153.6331336898616,155.33675745476526,155.44443165416067,178.7199120934825,174.6938380886726,171.91004859127776,171.73694532188074,171.25389385583603,173.37250326259,177.6127273577027,181.32838240181604,184.30822372719126,184.9533606818129,184.82120437428108,182.67248508917032,178.41402007596275,173.98022636330907,173.7734040245141,173.42271809446737,177.31490014651482,181.71987263795555,182.32401032359547,182.3228120151075,-138.6629316880081,-133.68164461102,80.65804785590663,0.510589,0.47077733,0.5835459,0.46740296,0.17500722,1.0,0.43734437,0.86947656,0.5113182,0.21941763,0.38526616,0.29545626,0.4465561,1.0,0.25908628,0.49992335,0.9871789,0.62340575,0.086224124,0.35821638,0.16439359,0.04861351,0.16428359,0.34712356,0.016304772,0.09947609,0.15980487,/content/data/frame128.jpg,0
376.9409450954861,135.97290802001953,43.174533420138914,65.18281173706055,0.8827993273735046,377.0782323207405,379.1770681366325,381.7385902801226,384.6813785922186,388.0850547736016,390.9252109093336,393.6259125129235,396.8029806159831,401.8063335977323,406.05675145920685,408.22340535470613,410.2927443562882,413.4730993371427,416.9582248165055,419.40782993664095,420.31969375721235,420.68833691641464,386.7526034690745,388.1722735911149,390.84617198840334,393.7749339574557,396.3805002633966,402.0643931336499,403.37132567844645,405.290069730169,407.66559655061354,409.6788488289732,399.95135963746753,400.71586410135615,401.22422054691,401.6774367035567,398.4341741452757,399.9729551239153,401.53669306260565,403.16946942170154,404.7427462993539,390.0687321451647,392.0046425572285,393.8427905005265,396.0815832047059,394.74266537606326,392.8836748977556,404.36420520886304,405.26642752123627,406.56442255577366,408.2065327153593,406.8860517069148,405.60869173779577,397.735547104424,397.4424625054798,399.351436837459,400.5944267879915,401.4078521152861,402.90513917566466,403.82446257704703,403.74492479665,402.5864425722299,401.45769143957943,400.0628384104495,398.34690171202527,397.7626300450058,399.6108717335886,400.6137284533399,401.2292650884334,403.61082484485877,402.1638433325742,401.48021471139054,400.2553655289427,163.2943341458757,168.32545075495574,173.6372037875016,178.9706968358734,183.90351714993585,188.4857231791685,193.0830395217814,196.60055356857782,197.64377128275447,194.828474200075,190.4246780326508,185.64089548095362,181.04468875098638,176.28407285994524,170.8098408328604,165.07046499920648,159.55532183361143,154.56786475234662,152.02263013733346,150.48010538157433,149.52115995049067,149.00232745613545,146.2085267873461,144.75993330627065,143.80694738091927,143.945425174199,146.4752009735409,152.70567830988526,155.33153700675103,157.4789008924969,159.77486429023537,166.96784434526262,166.79511308934653,166.35755039680785,165.9465205007662,165.20719445323363,159.92475057991788,158.56242365424282,157.47712691093528,157.40071049888388,159.66375150293692,160.40590286670167,154.22539539731483,153.07933803718294,152.94925926567257,153.68064319076046,155.18807061880398,155.2935187869241,179.217851397093,174.4862765865966,171.31856093297876,171.087621635547,170.47882659661144,172.77786007807745,177.5939286279721,181.46920883270087,184.61669037336895,185.3581727059797,185.31453415823552,183.2003071291234,178.71032949214242,173.69290820720752,173.4306899549878,172.9565356874523,177.13955157406173,181.8967360579298,182.55979022278916,182.58892921033203,-126.25478492034209,-122.32450453773319,79.28291416294225,0.43953803,0.53926945,0.43118697,0.5217231,0.17686744,1.0,0.41827586,0.13615076,0.5077524,0.1619832,0.30572987,0.23588456,0.47998777,1.0,0.3147107,0.35420474,0.9394603,0.49347982,0.10589807,0.42879915,0.12359502,0.042426474,0.36673328,0.19740926,0.02256824,0.12236996,0.12489773,/content/data/frame129.jpg,0
376.79131401909723,135.848650932312,43.34258355034717,65.49902057647705,0.884844183921814,377.63289938213626,379.64737181732943,382.1255687711546,384.94306166534767,388.1617725712086,390.82344015997046,393.3700523941607,396.4404478171963,401.4105917743464,405.7120570039946,407.9498623343229,410.08986663113853,413.334208378844,416.89494649555274,419.45315374593116,420.4727046905692,420.93775619438713,386.89342303073045,388.3111936798199,391.000902468337,393.9305929555362,396.51850452920394,402.17828959766774,403.53693503390764,405.49637564832983,407.90358065152583,409.91459215006887,400.03521203595534,400.7193461001865,401.1475699586489,401.5231032526392,398.3273856152436,399.82299747300954,401.3632981628638,402.9986311369108,404.5934635392621,390.17873383563403,392.0929492020674,393.9459428830273,396.1708297256228,394.80038782442864,392.93394158226295,404.4495166837481,405.4005844176231,406.73548700859374,408.3476440048294,407.00494581509633,405.693411280993,397.6579526260825,397.31842712781827,399.1899751771067,400.4154020758411,401.23338244815125,402.7357732911391,403.6499571613982,403.4940123921639,402.28085512874134,401.15344476685084,399.7875190659013,398.1549923200146,397.6920747676608,399.4397529076472,400.42064911346966,401.0370073800467,403.39835702225287,401.90566851402286,401.2213095767505,400.01791086634614,163.0192387377125,168.05609503042598,173.39657209248816,178.77980782636823,183.82020586948101,188.5250558562462,193.24190844158682,196.8519921362793,197.9885801291648,195.26123087294513,190.92897209121426,186.18559854157425,181.6268504436348,176.8714930348395,171.37628458099456,165.59756509799797,160.0503149321021,154.19818377085568,151.641674780424,150.14216746570438,149.26134679050944,148.82854348625966,146.22520468499295,144.79228438596473,143.89041231471262,144.07495812387776,146.7046117558228,152.52782916306552,155.1609847241421,157.31539729258873,159.62688133790334,166.85358410004895,166.70941939877625,166.31994163380244,165.9411593928519,165.24069626642927,159.57960412341336,158.1968293413645,157.16242037901304,157.189679207979,159.40819464773978,160.10994142443937,154.18918650677918,153.03336952644145,152.96992721968593,153.81925629939934,155.2766116310269,155.32250212842933,179.17189271316374,174.4270481190457,171.29325958023236,171.10691010188242,170.52379556656643,172.92785234718525,177.867994492752,181.74205102871224,184.82910345379102,185.5170369354479,185.4181490155693,183.2375926136528,178.67992671722422,173.69307656705308,173.46700420294178,173.0350090361839,177.40924880379842,182.0830850502947,182.70135473772214,182.68102715176641,-125.96329651797087,-122.04786009068995,79.25005117319027,0.47376585,0.46245795,0.5581839,0.557027,0.19093777,1.0,0.43191302,0.9450325,0.50720996,0.124923855,0.29283547,0.21955757,0.4756505,1.0,0.30651012,0.3255012,0.9820639,0.28532463,0.02690897,0.5804051,0.15040772,0.0586092,0.29845166,0.1951158,0.028085878,0.108315155,0.16101462,/content/data/frame130.jpg,0
373.54432508680554,137.4980592727661,46.81317816840277,67.44591808319092,0.9086316227912903,375.35824686042804,377.27106477246883,379.8288333595997,382.96979800945604,386.3715370526943,389.049201607672,391.5467219101572,394.61975829545315,399.44645200401243,403.86339080429127,406.410683840929,408.4949396965734,411.2744990604458,414.3955232599392,416.9316870794517,418.37652671789385,418.8190662640518,382.73715781385243,383.42555319944347,385.30650667220533,387.7217494009237,389.97083779031095,395.88160022152863,397.46673456843934,399.99866282113953,403.08238219357196,405.84245216117813,394.16111587683565,394.58322291361605,394.72629630828493,394.8565423998173,393.10065633866407,394.4406246935838,396.0741762003028,397.7206756128581,399.36628497748984,385.681778856597,387.0724678828887,388.9661690610053,391.4104456836415,389.9780329473731,388.10346176947763,399.88664703368886,400.7323565807255,402.4763102107736,404.6376746084771,402.9348030820435,401.23444973997897,395.3486255349984,393.7042077250394,394.6877396252014,395.7226338030976,396.33410878684106,398.00093699045215,399.488976515915,399.9828397469432,399.14563027817917,398.22679690228046,397.12434350408483,395.90505021045186,395.3063711731431,395.31449497099265,396.00081840220344,396.40829391946016,398.91560233705036,398.3809609212108,397.96052543784776,397.05299977106984,165.6953971014241,170.77744773009624,175.98531350711494,181.10301670586261,186.1268910042694,190.73646608467226,195.2999468132624,198.59282503567323,199.69309311295092,197.27153562687795,192.98845617501348,187.8692671510059,182.77103887620044,177.538459193966,171.83683631629478,166.08882964033165,160.54996975407698,158.55961516039326,155.85445318989147,153.85851227915919,152.6016608927959,152.07841160796684,150.3108487934319,148.91472661552024,148.12625872782655,148.41929916747733,150.9701379234853,156.04101591806028,158.99602808940813,161.46497278823426,163.9543644687619,170.90943291255778,170.74803755575545,170.31858581456538,169.82620840879704,169.02848185184993,163.15591911972479,161.43321327330395,160.17011225504396,160.318935986433,162.90232541108105,163.83347714672374,158.10435444147447,156.80116267379117,156.72176026838443,157.55185417786817,159.41239202563037,159.46699851598558,183.79452162665413,178.94468667208275,175.29284175027516,175.0185526183686,174.2415721378182,176.76323951283072,181.49558814149455,184.6353877692721,187.46609715012724,188.3274657516886,188.37596250927868,186.90493761268485,183.14608432751677,177.8072633150917,177.46452009085417,176.88719979165643,180.97254388125492,184.65928157613013,185.51486124810748,185.77652568941292,-128.25456740089953,-124.45570066657137,76.62571253220297,0.5101147,0.53480583,0.81875944,0.46292427,0.13882975,1.0,0.23083666,0.84547955,0.46611354,0.14237154,0.31412205,0.2537305,0.24363329,1.0,0.38689944,0.41194743,0.99916875,0.6259192,0.026874544,0.7116218,0.27530235,0.009729391,0.104147226,0.22596891,0.02002883,0.098283365,0.26654,/content/data/frame131.jpg,0
370.0264756944444,139.32948875427246,45.472900390625,62.990610122680664,0.7659955024719238,371.7150747734886,372.1102896762226,373.33205787220555,374.4073609872712,375.2218498398223,375.8337155604511,377.1796435326049,380.0550645996286,384.9302295068863,389.969498290816,393.751686370097,397.72410987531623,402.5088145677175,407.19415179131425,410.95056650377154,413.0975165697253,414.7960267230732,381.95108871647335,383.70382408726846,386.5426947761159,389.389082790817,391.63404418827713,396.67684298407755,398.1569609671529,399.9177408002264,401.7812897089485,403.1539799919026,393.06196214897346,392.82465614355954,392.33538117978577,391.78351665007983,387.5932438800512,388.9428933452557,390.5407925284892,392.15394712996675,393.84862090155605,383.5021065486914,385.8432027620943,387.9630571147227,389.7771948681341,387.8874941356678,385.83980566068965,397.33710613612317,398.69910951651525,400.1652516261727,401.2850290611856,399.7899620297541,398.291011309449,384.0410427196698,384.6196042313028,387.13684510851806,388.38531366550774,389.37579174420745,390.4976236596454,390.8141735882091,390.21444326895073,388.8377341339371,387.5500952856853,386.17471750805237,384.6035828883389,384.2578309534702,386.9469115470282,387.9657761474782,388.7234333858148,390.2734667794959,388.85281609275927,388.08061079018466,386.8884895126601,158.3723962219505,163.4566360505355,168.9825914232298,174.79551626126235,181.1884961641316,187.66483120372058,194.07727460535364,198.7738979549697,200.8306265943621,199.68424003349296,197.0135911930467,193.53837447789147,189.7656185362637,185.36684078300812,180.2206962152994,174.63526228266755,168.8280976490724,152.51250668227124,150.59200789154696,149.66156028912707,149.51631280324233,150.01811852070523,151.06365532316488,150.63243970587712,151.08040542097257,152.24491511234572,155.16847680073312,155.6879404620687,158.8122307450566,161.5695980328307,164.33592663982728,170.1237629378445,170.5737504689284,170.8179971039362,170.727171948478,170.4798323292338,158.42752703274294,157.5208951836715,157.29172374932662,158.4256392535804,159.9939467099897,159.9470360736173,159.18249452368093,158.50649612408148,159.25226576022172,161.07940846483257,161.90303660146753,161.17233766055065,181.66848766975664,177.57621046219606,175.08437350576315,175.36528766037492,174.9346307175887,177.95499627968883,183.29724010288237,186.46693845815986,188.9634025009887,189.59613741751423,189.13597885669435,186.69858563152576,181.5115316728968,177.67788471603927,177.82049539343984,177.62678402090523,182.82266864101035,186.44654683885312,186.96455073778142,186.67366604549272,-123.20292188247957,-119.58124707187169,74.69905926121535,0.5265146,0.4680986,0.7586968,0.41412082,0.13158473,0.0,0.33406264,0.26205862,0.46768346,0.13584568,0.16302282,0.31818473,0.34923336,1.0,0.39959955,0.34372327,0.9995782,0.837533,0.031557772,0.54447794,0.039954614,0.004871375,0.6675197,0.0323492,0.028339908,0.058708467,0.16825669,/content/data/frame132.jpg,0
367.9439561631944,139.57534217834473,47.06038411458337,66.41633605957031,0.8800838589668274,372.4164125890784,372.6148253251271,374.05446846199993,375.3496522865718,376.1804423781899,376.69889404515544,377.6498851916791,379.9965087777997,384.42644234009896,389.34890189821215,393.1747067542325,396.9883005360072,401.9253606530365,406.9672113115099,411.0251500903254,413.6644475448491,415.5550239677297,382.3659108509879,383.8504482719134,386.07263101173993,388.3035973642021,389.81972063716364,394.90057025071144,396.31861301621905,398.1963299261712,400.31226848179176,401.8926631918297,391.2955243253522,390.3363671268433,389.04710475881564,387.72745128108727,385.4166058337258,386.2613361694106,387.65628216659223,389.3131166337533,391.17286965447784,383.61885827753724,385.46489432612253,387.2242723640535,388.70034207836835,387.15990116717967,385.4330471984267,396.67783854563856,397.6905240011398,398.9525946986825,400.03627587664994,398.68967062699704,397.41511095291605,385.565934374232,384.8671074926768,385.8596272177083,386.6371764555599,387.28844166609923,388.33709052855465,389.79631271327924,388.6973991643457,387.36616404918857,386.5509222345616,385.90332438419244,385.4889031840245,385.73443342246736,385.9976211450459,386.42458832735065,386.8476482509248,388.9462903578669,387.29581914063857,387.0120120180356,386.5291555968673,157.94161200740564,162.61592382001146,167.82277955857882,173.2824456255643,179.5562015190404,185.87741457326848,192.28098171546407,196.97671813217312,198.91420066168683,197.87743984175214,195.3162543085742,192.2692148098402,189.10553235564038,185.0166395368389,180.18877364373802,174.94948409485696,169.310295522026,153.92177434548813,152.44705732652102,151.51497659968337,151.27223607271708,151.75806153547393,153.3399657062555,152.51423842435423,152.8289782098437,154.2167331882978,157.74450327442264,157.25976091803733,161.1890998171015,164.73271983484284,168.14570677315297,172.37261964685803,173.06001453068058,173.54711311847058,173.40537819873134,173.08066955920404,159.26336756657875,158.69453482670488,158.55167404639525,159.72359514037544,161.21912276564527,161.05544544094974,160.9369141750336,160.30827306139926,161.0204036245046,162.82822216976166,163.89110580520938,163.11359457109012,182.08289866512533,179.41985837882604,177.24469100636307,177.62535064081894,177.28369233667073,180.1972959807139,184.333783723797,186.00173903313225,187.37937908070234,187.69801187352277,187.2292310847177,185.62789631816378,181.93707834416017,179.8829671105803,180.15612368719667,180.07966967867395,183.8635967968956,184.72762590290623,184.9727594773929,184.75172977013898,-122.47211612920098,-118.88993809750697,73.23011356403697,0.5254396,0.54585016,0.57277054,0.46975687,0.10637687,0.0,0.23317711,0.13147885,0.46747845,0.10454752,0.15311103,0.28116846,0.41357622,1.0,0.23254137,0.36308983,0.961181,0.8386964,0.08880017,0.37717924,0.18612838,0.012475321,0.14529087,0.17537507,0.022935236,0.100174546,0.3576207,/content/data/frame133.jpg,0
367.39013671875,139.22367668151855,47.5,67.93632888793945,0.9493089914321899,373.2802447124645,376.214723481236,380.4635267299521,384.51938632381007,387.7474691922533,389.7203104099613,391.21023854344537,393.5917420704999,397.797614420617,401.68327134495286,403.78801756638694,405.264616955688,407.71327684766476,410.4571127856287,412.428591001972,413.4327172658085,413.7732683803998,382.6248338636321,383.42299628666865,384.81184608543765,386.74327975901303,388.36752062234154,393.29531721399326,394.0495939085978,395.30459988886525,396.9497206697127,398.8815673740047,391.75164892509827,392.0465066944744,391.95217047880925,391.8802448239068,391.89228102490625,392.53712887554354,393.6018588934635,394.7313132542628,396.09558772539566,385.50190622198494,386.57242352912175,387.97150677129196,389.92685735294936,388.9443641802915,387.579061991552,396.5686536714181,396.5143619985209,397.34826615609563,398.8389328856846,397.8149860066375,397.0512581974009,395.6679600173811,393.29163395183843,393.41855100226377,394.0601723541269,394.3573941169573,395.60773042053506,397.0107082994033,397.3436645079945,396.7273449319101,396.2894594845699,395.83527147188727,395.5491480873704,395.5351730715955,394.06096926045063,394.25433080521026,394.3060228141855,396.25403116745775,396.0125393962552,396.0796155846266,395.784361791681,169.21267702043534,173.03035394800827,177.14674440817618,181.2170746546689,185.50041698966024,189.38802244714134,193.31847133789324,195.69435521760997,195.82111677411848,193.30655661651636,189.7381753110967,185.739838748095,181.76727530180742,177.56977046808962,173.0471618685803,168.55123748295404,164.0517197300936,158.63626991934711,156.20752053750158,153.83028823397484,151.9466883765634,150.84322215141012,149.3432743786605,148.21503724367892,148.0022146633914,148.85173381164506,151.65985190666237,154.72898719261002,157.15717776819196,159.08906577555564,160.78117973357922,168.67383957718744,168.1132888662101,167.52267923743608,167.2217863604131,166.96385596669097,163.02351620507338,161.26990440294463,160.04998902643865,160.279089876144,162.49458663983833,163.31165858091654,157.77681373797122,156.72472974875578,156.83047290097565,158.05676352807154,159.3838822418601,159.2066896348581,180.9946551842022,175.96273597849503,171.82596609685297,171.63095485881954,171.05641455451263,174.4597998070314,179.80432981414998,181.47254144164626,183.16687118798464,183.81581047230847,183.89961683429345,183.28349162560508,180.4753686714029,175.15683044431898,174.8294282840694,174.5715562005661,179.17854454587868,180.46148112095625,181.02298423217417,181.33230536540768,-122.40375664733607,-119.20290351749071,72.88998853779293,0.62903893,0.564816,0.3467648,0.5034016,0.16310923,0.0,0.25731537,0.2674099,0.46601194,0.06956424,0.17124419,0.2793905,0.3937706,1.0,0.28469682,0.49894556,0.8745754,0.66820353,0.025324566,0.45851916,0.12001906,0.013337579,0.12184239,0.23032326,0.042037424,0.051445253,0.420995,/content/data/frame134.jpg,0
367.4348415798611,139.56069087982178,47.323459201388914,67.86430835723877,0.9462087750434875,372.6295591197203,375.7256971647358,380.1358269568883,384.44432056669416,388.0818435402228,390.52539560118726,392.49501195740334,395.2297307963115,399.4235284463939,403.0501905197625,404.7957301233139,405.727311396079,407.517760518415,409.7383740975919,411.46966225851986,412.3305008457287,412.3112594565737,380.5835363181441,381.03308293111417,382.27809643390526,384.0974586073265,385.6893534856196,390.0029292685953,390.7658183119699,392.1961442551674,394.1791723061956,396.5118849371247,389.2230996479879,389.82603857646944,390.0335145342527,390.23965563279836,390.89205230953934,391.5780000664618,392.5524060505842,393.4826281939438,394.59967723619025,383.7894070735362,384.48466243986957,385.8082724545673,387.8496556974274,387.03282135173845,385.74490304603586,394.19432174503333,394.00987817663975,394.9655888503861,396.71468160652614,395.6934851656026,394.8142789152852,395.7818091608258,392.8798397405036,392.5396108180381,393.0967907718566,393.2319610452672,394.50429547612566,396.3405666755614,397.01662191202524,396.7908413935701,396.6039416841794,396.30170042859766,396.00553642307193,395.73251644970844,393.51866453932394,393.5695251032912,393.46232377143235,395.49800352482293,395.77107203852233,396.06407606818027,395.93093478081073,171.68624483606334,175.45737751120305,179.4017797694097,183.1669856695347,187.0596050973918,190.50277013891707,193.9503183727751,195.91217798331263,195.76803745582572,192.92109821432553,188.95575565520699,184.5733885081786,180.32714787917826,175.99476757007074,171.53859726930688,167.2863376386536,163.09507864813935,160.6435319938504,157.78401109728213,155.12048879607102,153.0521498911713,151.91861533734118,150.02264923280245,148.63326463592887,148.17009881821068,148.73310361233845,151.2756245641913,155.71523654286761,158.2071736106679,160.21850553156565,161.95904062648464,170.09638865187844,169.25178438001495,168.4420636205537,167.95475748027872,167.5494553834913,164.71852717179127,162.65366254143436,161.240226208117,161.46698238732398,163.8735806905596,164.890054156799,158.35924320202582,156.9497677601188,156.79896507152813,157.80418688790343,159.4227061404436,159.5010041292844,182.19023761420465,177.18624836340268,172.8520550727489,172.49820815904366,171.70412952282965,174.78654521488318,179.71311262990753,181.21829505212975,182.85457035954607,183.66846558789564,183.97351247489303,183.82570229801127,181.54231150240105,176.41509290082251,175.85888860775583,175.39773600046954,179.16593683932024,179.99344277785917,180.71433957663737,181.28196055671026,-124.13390241353795,-120.81029195208326,72.86148411743079,0.46508288,0.48625553,0.58081967,0.47920394,0.117847905,1.0,0.21229866,0.22804202,0.46439463,0.039851125,0.27922228,0.31160817,0.34504044,0.0,0.42295992,0.5088783,0.26477632,0.30550435,0.07062866,0.4838257,0.16422693,0.0152702555,0.08149784,0.20230724,0.04193882,0.042363875,0.45239508,/content/data/frame135.jpg,0
367.6980251736111,139.62586212158203,47.650227864583314,68.9684944152832,0.9533997774124146,373.9857602969256,377.3000482233151,381.78597069074505,386.5560074678388,391.1311681066535,394.179519869402,396.2184468296706,398.4700112348004,401.82989498308655,404.58091196633643,405.91541973593456,406.3660552358886,407.53268770364076,409.25022898863483,410.7239315333553,411.62475362925034,411.4046821366126,380.503747906139,380.30118367001006,380.82207758101697,382.0635808252308,383.3964261700774,388.10663538815766,388.4960102893642,389.8684011179535,391.93467422543443,394.54818352336923,387.7631424234934,388.4722751063008,388.795083955287,389.13380423168076,391.09086787220747,391.4575435226884,392.1289806009278,392.8175006967185,393.7501111163506,383.6086245769478,383.77617923307025,384.7599597771785,386.95812187029475,386.4470446514412,385.42742084844514,392.6963212782516,392.21728643320847,393.05810831470035,395.11870105986236,393.9970428546041,393.26712986240153,397.36540151601565,393.75736757572633,392.57154076165807,392.8353088669064,392.7338664259802,393.9138525548677,395.9253273081846,397.02139798469915,397.2320523590852,397.40532930812117,397.49668867429284,397.6291498892195,397.07684996283825,393.70307485520334,393.4341122892326,393.03864265277195,395.1155389997265,396.2511526934783,396.8328188351305,397.017515704938,177.85176596146704,180.70340157278406,183.62214586754598,186.37102685697556,189.01155918989352,191.2865751299467,193.67787694142345,195.14816090942924,194.8988415937876,191.8247469124448,187.67944393069456,183.19662926027803,178.7728134030048,174.7119931699077,170.809579323788,167.27237602384292,163.7711047769861,166.2672355415315,163.1125847883969,159.93948210712165,157.39655433246895,155.94144184020078,153.18618370062984,151.71827744398985,151.0580851646268,151.2976062869067,153.10657106721715,158.99799720046244,161.18741799785212,162.85410487108248,164.14805095664465,172.16990647365304,171.0662241609612,170.0190248257351,169.49307457831748,168.99186584823428,169.61949285460696,167.30937607384135,165.5163350534662,165.03988263975089,167.7994904618878,169.24732922924127,161.42208133741943,160.20016954691783,159.82922190879626,160.23885668672352,161.94394458511388,162.26558924347287,183.13218440284464,178.29582575758158,173.7763440154181,173.10803939924782,172.19330374545393,174.72170626882735,179.12417205391966,180.0843086756704,181.64822119496876,182.55192416936507,183.1282182618942,183.68539200327422,182.31757654251024,176.75764875736087,175.9564241562286,175.3247076836272,178.44094507907394,179.1049481095368,180.0108758719538,180.9573135217899,-118.8107924606099,-115.83387952683532,72.40431183595125,0.63208216,0.60676146,0.35868055,0.39670926,0.14449996,0.0,0.20944269,0.0012535057,0.46575475,0.05071787,0.22962052,0.47154537,0.52971065,0.0,0.5136889,0.5233178,0.022108283,0.3149051,0.07031027,0.5337226,0.2841971,0.0060902443,0.10214218,0.15715587,0.021376077,0.07855998,0.35047856,/content/data/frame136.jpg,0
369.0481228298611,139.45637226104736,46.74457465277777,67.63182735443115,0.9219900965690613,371.946386305667,374.87174061868046,378.80352556024076,383.19363771869587,387.6400427620914,391.0457405326619,394.22788729423087,397.7551297092125,401.4921075037903,404.3798933182502,405.57909575551884,405.493251161882,405.7427451752605,406.823813338822,408.6680837667069,410.2235901253616,410.0007405401219,372.9307486914451,372.4771403633755,373.41505277455377,374.9399577075719,376.3654999179709,380.30224803732176,381.4373983916226,383.8576997810419,387.1822065418298,390.8720220538841,380.15783939697775,381.175740722733,381.85982238672256,382.43245990847123,385.51919852621626,386.26418312235324,387.09756404339856,387.75940815543566,388.46540084652304,376.9470334279817,376.6207722119253,377.7540722587165,380.17739702641956,379.4964645132503,378.38785700157797,386.6911179978525,386.71277264247186,388.3580249621008,391.15311641708416,389.5423668904292,387.97587720314533,393.0422876405364,388.5774641766364,387.1379757268902,387.66771755754934,387.71775567749637,389.6762590117511,392.79552192372114,394.6023556723456,395.0794786273548,395.12147214236444,394.9249670661378,394.34598286869596,392.8493574067925,389.03700800095265,389.0159652880979,388.88474583317884,392.0483387268962,393.17314429006143,393.6266123333787,393.55366909955416,176.25904311038195,179.70576691491132,182.92843662029276,185.82037292846059,188.79526106192338,191.34643119438084,193.90082303873743,195.03616688924842,194.6380000627945,191.63517107658478,187.00077237150703,181.6977378374156,176.4563221714492,171.59674467050195,167.29866656570613,163.6680173573131,159.9836052269275,166.33934621757643,162.105484667527,158.8166368395687,156.78687852592307,156.56486097438707,153.59325502038908,151.70826210572494,150.7451830937129,150.67638309748838,152.12170062056563,159.56828496144303,162.7386623160291,165.51884246931715,167.9197337701549,175.00825458348507,173.73700383236388,172.50409193658302,171.32455355167178,170.03969759827385,169.36647832778206,166.0376299957787,164.31727212217675,164.91543179404536,167.58917935693566,169.07173522565793,161.05967635086165,158.66117956562462,157.82700772882026,158.24052606084766,160.61530021071923,161.35966078157847,184.99060796784258,180.2730155672071,175.8259405431839,174.8901057975622,173.41840506622984,174.8684922708875,178.38708540527503,179.94851758536583,182.18096076044998,183.6143806853051,184.51051968341275,185.25533497036585,184.03662811511327,179.0548456639377,177.77474246120178,176.5404494862209,178.13203805066493,179.63222868024053,181.10124223295435,182.34233176231703,-118.67184570244345,-116.03372521975118,73.01484162825143,0.6872652,0.5982975,0.49225426,0.56247765,0.09383879,0.0,0.11269667,0.01745856,0.46343964,0.030193936,0.112823844,0.1562992,0.3800938,0.0,0.16079806,0.52735263,0.3168887,0.28983772,0.24961519,0.16638467,0.12735297,0.0044456343,0.075945236,0.14587344,0.04964438,0.025880769,0.57085747,/content/data/frame137.jpg,0
370.5550401475694,138.4401454925537,46.24839952256946,69.62175178527832,0.9266591668128967,371.39688987601954,374.4396951535934,378.3064624460079,382.433455789017,386.47488233279597,389.7705486318041,393.0678084462492,397.1458709058715,402.1199496666326,406.53518256364475,408.8984406527221,409.9042476776009,410.8984220397897,412.06478570441567,413.25765650238867,414.0605343161038,413.6767759609931,372.4815074436624,372.70642343305457,374.2547178897745,376.50257558280003,378.7147360401694,385.90298956140686,387.484312115426,390.0729331251783,393.30314577761243,396.9301039359687,383.96158729572335,384.75540945999427,385.2379085052367,385.7008222498115,386.9060178937424,388.094865065237,389.50046021457536,390.9302419404056,392.40898691790494,376.72237613865275,377.26155702596213,379.14936239586996,382.048454989839,380.6480910528961,378.8624474515738,391.5266549305813,392.2341907238076,394.298323556553,396.97833765635175,395.12679223223887,393.19925355085707,392.5424986128452,389.22083311353555,389.00862416481937,390.0224535439762,390.60298117713944,393.3645085712755,396.5944498281118,397.78786839701627,397.2975586362648,396.64962530011724,395.7641336704662,394.33181227940827,392.64088823160716,390.54520877294533,391.132523785923,391.53963212192116,395.6488527880722,395.64174172543466,395.4467701319844,394.716875325283,174.0755500984632,178.46430574054278,182.89211247029988,187.12482809294897,191.36506311656632,195.01909360827614,198.36837921187075,199.73583456517213,199.21494922697354,196.2650334500363,191.56311218670422,185.82346379239635,179.8736157727436,174.1726101277825,168.7684390607127,163.74348233989033,158.86501699521597,163.1910080480215,159.5307429271645,156.59526340413913,154.5736948626362,153.93528776096036,151.03718862427152,149.16898847397428,148.20031160371107,148.0417356538547,149.39195489682402,157.7963632154234,161.01065316282714,163.8897670570051,166.58183211729605,175.10861121705005,174.1475421380645,173.10797997446832,172.02120991605162,170.82784861410818,167.85401516640897,164.87405415388102,163.1533985938409,163.3727459937412,166.41192104396018,167.84079396801778,159.55110755647553,157.5495525729139,156.958423082359,157.51420391875953,159.91312936507867,160.4409962927855,187.89354989921958,182.50162649220368,177.80622868269174,177.01764271055202,175.59803458483975,177.5145257224811,181.61603028810208,183.90006576128286,186.4853453683532,187.84211918849104,188.63879723120917,188.92781611385567,187.0041392175407,181.37639544479475,180.2902652824207,179.1847290898657,181.3026903760987,183.43480407130636,184.7868322032835,185.77719208789503,-121.9047632056604,-119.38932746971143,73.41369886985458,0.6157674,0.5909666,0.71287227,0.45741576,0.10249178,0.0,0.1535516,0.0017795786,0.45927498,0.034487415,0.24202964,0.0902291,0.40304494,0.0,0.17245011,0.44244516,0.9185172,0.39862755,0.26099452,0.21964131,0.15164359,0.0044239857,0.03871899,0.06389567,0.042662684,0.027458627,0.67119646,/content/data/frame138.jpg,0
374.17966037326386,138.20601654052734,45.43598090277777,66.68320083618164,0.8820937275886536,374.948642313071,377.5936987542056,381.44527354914976,385.4567667267984,389.10805601708336,391.61516502692655,393.53889316937364,396.06376399905014,400.408374765772,404.4956251575244,406.7877488966702,408.4558861687553,410.95231376197205,413.65343154314985,415.4517633361776,416.05052363108507,416.02851213846134,384.76894931590596,386.06408837149127,387.8744752127544,390.08708094431125,392.0318475903257,397.7418505611922,398.56200402286214,399.9182983023741,401.6301819255632,403.4647575609414,395.8595793838341,395.9724055731647,395.72353500466767,395.55981767204446,394.2896710804566,395.1099461657586,396.3312072115941,397.7982028440415,399.3877855584857,387.4701672577219,388.9480780149514,390.68916084894056,392.8500789216538,391.5525383955298,389.8029299834117,400.27973034994375,400.8198155891076,402.0800176601926,403.56655415618917,402.39504194541576,401.2295012164983,396.3727929546464,394.6981046998704,395.40739941331634,396.1465396121563,396.5961845646178,397.92585519259654,399.1525511454407,399.144729076556,398.40043537440516,397.78207221174387,397.10592589997395,396.4426239976592,396.2639755756192,395.935796859918,396.3394776185734,396.55489930347994,398.27715670704964,397.79681013421566,397.64368359668913,397.14107274485895,167.39828528502613,171.61312125157482,176.19492671811705,180.52702217462337,184.74672308645404,188.32168520090855,191.66573411842145,193.45899587533668,193.39735415688182,190.89341928535742,187.19358547244528,183.05402737980347,178.993057231682,174.82659885336352,170.21232703139557,165.6755890824702,161.25101435484189,155.89062447624238,153.50068433482707,151.4329514272571,149.97013750145283,149.2327369975066,148.54296168461593,147.54582676009824,147.14120639926577,147.6969429305303,150.13582465995975,152.9345716384048,155.22083598021837,157.03626424026874,158.66313055987862,166.35861786094785,166.01794052847077,165.63104144626095,165.5458810560558,165.37338535893122,160.2386645524326,158.40504759744817,157.2501453591693,157.6266325045649,159.856756808691,160.65968025582066,156.22385414983927,155.2321660562157,155.47579011509492,156.7722431828618,158.16427334720225,157.87542199064055,179.08184248307762,174.0525335939088,170.06057889503228,169.994711351558,169.53075773650252,173.0663471810526,178.55455872738122,180.00238552150685,181.55134594284672,182.02416615915627,182.04274834231165,181.24965256160695,178.47918069283614,172.8760610467695,172.70329825460985,172.5853710270645,177.83233375250447,178.88818427397655,179.35399801516922,179.58143420710047,-131.54277687351598,-128.4149315924824,71.17111191468844,0.57158184,0.46527946,0.50531757,0.384541,0.17277901,0.0,0.21337305,0.46055198,0.46204114,0.1158216,0.19239698,0.32406908,0.4019617,1.0,0.3592263,0.4487486,0.94695246,0.74188477,0.026198722,0.46761838,0.17154722,0.0032428552,0.12917931,0.08188514,0.061562367,0.044994622,0.5075885,/content/data/frame139.jpg,0
374.17412651909723,138.1266746520996,45.4192979600694,66.6225700378418,0.8901373147964478,378.11216052599514,380.65773735611504,384.53827320330464,388.41417964164896,391.8865341017298,394.1626521753125,395.7307375477449,397.8068880322543,401.6813244009859,405.31011857047196,407.14387911671054,408.42899157564716,410.87043648935713,413.72017477278825,415.6660132356936,416.3304132223898,416.3699121106232,388.7657883660593,389.84386165308536,391.4054210600894,393.2775392249593,394.8256750141381,399.13123729245933,399.61476868200407,400.60328923570023,402.0174819075054,403.7735551121021,397.6614917145104,397.88575714784747,397.74246705625865,397.66473206244126,396.90591167269264,397.4159305239632,398.3069880832042,399.37087055238015,400.69556767346603,390.849062850799,391.9909376355398,393.3733248628385,395.2688235675947,394.3141670323846,392.9295830397975,401.51789650005037,401.55697604913985,402.3178335693891,403.45420452786504,402.6529093715259,401.99851157645736,399.7648873303354,397.80595881483293,397.9954619861766,398.45879838376413,398.58916520536997,399.32196035949465,400.2847249123582,400.2091866838292,399.7593215562424,399.5970230118652,399.4465374417829,399.44750001572703,399.683106666822,398.5848288574037,398.5910474663004,398.4188182085586,399.3875488137889,399.1449706494251,399.4785215819473,399.4723029730506,169.54142978755766,173.0982429634124,177.02609265560986,180.88041980630004,184.72605996540506,187.95707283507508,191.0953545713125,192.87073643740297,192.78526749550946,190.3581992431338,186.9128040013158,183.2471889958568,179.75869236134105,176.21793558600538,172.2233251959975,168.20956816189238,164.22115255469345,157.65173310753372,155.3525966505982,153.21695004242628,151.5315390575053,150.57088906992755,149.6136998215921,148.4472865491015,148.08137145031563,148.6537145818619,151.17501739380572,154.19906137852394,156.41605263280385,158.14940051492673,159.6057725098346,167.06070518562132,166.6252667541531,166.24098531564306,166.1798332788835,166.17224228733375,161.82684040772455,160.23328256490345,159.00025869895512,159.14239799050674,161.26206920685786,162.11646318230493,157.29611445255895,156.53067517563983,156.7810635315605,157.94045049078045,159.0952247194165,158.79463717926427,178.80828401757262,174.22178595625618,170.41573998973553,170.33642770891066,169.91782002581263,173.51544728994332,178.62046773324,179.50430122268227,180.50648365508096,180.8826403976762,180.89583528505926,180.4769440715173,178.25557119970443,173.35886224140296,173.16393625249265,173.11329628563817,177.9408238156162,177.91774586704406,178.24531645154684,178.5192354517065,-130.51647163384203,-127.49150599864693,71.58528930114781,0.5312351,0.580096,0.53350204,0.45217404,0.15511765,0.0,0.24824415,0.026848959,0.46871865,0.060221538,0.24752451,0.41429815,0.5276112,0.0,0.36938983,0.5088783,0.9262588,0.6570557,0.041023772,0.55210763,0.19987437,0.0037522947,0.11792528,0.09918081,0.059749126,0.044748183,0.47476992,/content/data/frame140.jpg,0
375.40131293402777,136.10544776916504,46.32004123263886,69.28536415100098,0.9298772811889648,377.14481067917995,380.95458775120767,385.75424364392086,391.5078670553738,397.80790323885924,403.14054945672433,407.757742336074,412.46320570604075,417.8083278367808,421.28308390541565,421.8818286099047,420.93180580880085,420.39775744694634,420.5169364851706,420.35026225370166,419.19882593642046,416.83409656124036,385.3358087118245,386.1546200947794,387.75901257914677,390.098121112395,392.40512430242165,398.1620035926269,398.64083086325377,400.1117397522912,402.4931846206698,405.34588944330585,398.374745782819,400.08562334281714,401.478237515862,402.94563283102525,402.253508334559,403.77585713447706,405.41948617899834,406.8466364540593,408.05365562687393,390.0264298339023,391.07370280948794,392.8507758039358,395.65783390025956,394.7804414781409,392.9661364942474,403.06254216990624,403.28824345132693,404.7015723476359,406.91426160086826,405.8977633696534,404.63939844379115,407.395447772996,405.2964466696203,405.8183635380417,406.82709622587026,407.2603114599128,409.33530231586883,411.3309478526428,412.8316998190717,412.7954986101138,412.2179195953522,411.117774518689,409.3094634242184,407.4298847615037,406.82833514472577,407.5604816759003,407.7888391993472,410.7487501483879,411.20326983106975,411.0489302757262,410.1747887766844,174.23261520697974,178.59236074815522,182.87168063290665,186.50714429980235,189.15111111798728,190.66449014539148,192.03642924057567,191.95586482523981,190.43474998850184,186.30942771748983,180.79156560856427,174.48734683502266,168.3073395880964,162.88766675414513,157.831993235617,153.60278266289538,150.13570293548923,161.17013867773062,157.7421716185928,154.7075835966176,152.0986088025876,150.19483901030026,145.0642666523625,143.05782889343823,141.2975036040791,140.47111994907937,141.7568278140826,151.4820112773907,153.36197896062606,154.768379822695,155.9326414279684,165.98363824973524,164.60949140115054,163.14548824581368,162.29514885582387,161.37349729651112,164.69686243667854,161.44212844543074,159.09655027791905,158.70778001889892,161.91365105048556,163.81288887759945,152.35931697518947,150.068191769215,149.07576325352488,149.416089307457,151.7174504610157,152.58048381359902,179.036428911372,172.91134789298576,167.61320556524652,166.77806770961377,165.77157250923824,168.1954676932819,172.98158468074212,175.14075759509205,177.6419414930176,178.77943253966123,179.598219144239,179.8588182919816,178.07705970642223,170.7415054094522,169.78704727884565,169.0885101383833,172.42641027456352,174.7574955693035,175.86029688799294,176.8193439740403,-131.02396327070937,-128.12875486681253,72.37465769966045,0.5331592,0.62438947,0.6939035,0.48955134,0.20791656,0.0,0.20712821,0.21834843,0.4692851,0.24737538,0.31706804,0.50797397,0.5033289,1.0,0.40448642,0.54439586,0.2553408,0.6797587,0.08965393,0.54312253,0.1563355,0.0070744106,0.086135365,0.19560659,0.04877501,0.056956746,0.44911635,/content/data/frame141.jpg,0
376.7561848958333,134.6589002609253,43.363444010416686,68.52171993255615,0.9122136235237122,382.71872404426307,385.37754166036996,389.09880269958586,393.3397103829279,397.7517188089365,400.8422385323069,403.01063694775513,405.3759695685206,409.25567927606573,412.29023139808174,413.38420085960854,413.7627779776098,415.1897349404473,417.37203764987004,418.8464417293686,419.0304175443903,418.30475748994587,391.85357317696645,392.4916611747534,393.8224814867422,395.5704722769376,397.2410876560921,401.20138296592006,401.8694409170571,403.29196242481987,405.3552332034144,407.497058096857,400.9242527922188,401.4479256532994,401.6829067511526,401.96226690502954,401.6108955451717,402.3617225187416,403.4542412678904,404.6019311969022,405.78643295250646,394.89901054287304,395.7659655719875,397.0440431770299,399.08845469471004,398.38593252248415,397.02739919312523,404.7706353235119,404.92534693715106,405.8858263546227,407.48430555088527,406.6252534734923,405.7408874453139,405.62997166211403,403.28524307796084,403.2431479137214,403.68593865867166,403.7197706436228,404.718100911417,406.0616860220159,406.77281444740333,406.7899975473944,406.64568107211267,406.37379502761576,405.9091896853864,405.48896830023614,403.9438468933641,403.9990180732271,403.76759514154435,405.3123489692666,405.9083859123121,406.2489847525521,406.0867990295328,169.0274806653349,172.26226540290608,175.70991767667618,178.985616424152,181.90659148992341,184.09931874403557,186.29905940832666,187.33000129829458,186.84933029668963,183.9125836348625,180.1702505082502,176.11632298684782,172.32135252597874,168.67513889652145,164.5508591763677,160.5117475452315,156.99223354766804,158.83405014112344,156.1893598170087,153.90011853078735,151.92100132275675,150.43581982258493,146.76749263147337,144.88571038231993,143.49168973657177,143.20541541888636,145.67670885591184,151.90214696289775,153.5335833057348,154.63140744727957,155.4646481167709,163.08989869164256,162.27545847040162,161.39755938473263,161.0605554685781,160.63588392518713,162.38662420742332,160.34575615274758,158.62604445181307,158.18811310322363,160.7982019767003,162.1266673316025,153.68600367600666,152.1500521436592,151.73272238115436,152.33258704841347,154.11663490268032,154.45639566245868,174.14129080843577,169.39381984817422,165.30876572436355,164.74239977029302,164.22200081417355,166.93537942875474,171.6629888622867,173.0392150013912,174.76398949248284,175.4188096931704,175.84681885524188,175.564307322787,173.4886368742046,167.57637130182542,166.97991041749378,166.63645181146808,170.9958670127179,172.3473820308426,173.0408666570378,173.69725519543135,-133.3043015557269,-130.37719126874998,73.26238505561054,0.5264546,0.5832792,0.50423247,0.50164807,0.21916668,1.0,0.40525463,0.6152456,0.48268536,0.3352081,0.47596636,0.17439848,0.4242378,1.0,0.24940543,0.4648307,0.93319976,0.43251175,0.08363811,0.5552372,0.13343313,0.006061932,0.3257785,0.08545776,0.041278698,0.06687861,0.34111136,/content/data/frame142.jpg,0
379.77237955729163,134.06118392944336,41.326334635416686,66.45894241333008,0.8516148328781128,381.29614283689864,383.2477479155974,386.0395698658548,389.33111923439384,392.91328656422957,395.7009135383946,398.03008310270127,400.66777473873145,405.0413593655493,409.01065762788903,411.2910133570772,413.1172801557597,415.69866641863007,418.58758126880105,420.4976192444524,421.03904924093,420.7961636903201,389.8357285115388,390.8444265560472,392.63214948657725,394.87477182174746,396.93318360618935,402.2049470773497,403.1196182384653,404.7623233410786,406.8911085233209,408.80406515655943,400.5567778104099,400.83947166389254,400.84872200210856,400.8856663128049,399.4752012662307,400.5216945004389,401.9204587723375,403.4431091257296,404.99654323569274,392.73046166282813,394.02153269862515,395.7067722443819,397.8212541030414,396.6941056202819,395.00055930883525,404.8804529171356,405.5221155095143,406.92605160462927,408.50984640841864,407.2832306455098,405.9718121930972,401.477897113247,400.11109546938786,400.8557120444244,401.6388415897726,402.080766277989,403.4522121050121,404.6266818194986,404.58761744156465,403.91296070861165,403.3348478447068,402.6093237585936,401.82206578634884,401.5081674903075,401.42892165865305,401.8972711311156,402.0976697737219,403.9215740759536,403.2773160649387,403.12771347278283,402.5423134719381,165.7754364724056,169.9780776060291,174.45255081367804,178.72189563230495,182.70548771119945,185.97495463051825,189.14295304029974,191.0863749446722,191.23138564231795,188.6127651043981,184.76245205063276,180.43961593912553,176.08849641940378,171.72273607660628,166.77192749299894,161.86539789216778,157.2774440451398,154.5242039911468,151.70938691698393,149.46778658732063,147.83001563222442,146.9077982676566,145.0344419710539,143.7397463808428,143.07626515927,143.38893704870304,145.99151091178587,150.42702194205157,152.66403275396175,154.4978005977136,156.16095056397913,163.82287356063875,163.46946167959186,163.0106525096985,162.7131918650195,162.3011453889598,158.8531150935277,156.58234720204854,155.17038004505488,155.44028694591617,157.86006561705994,158.90103051450288,152.84360862855402,151.36652070671417,151.33909768453105,152.56383580941556,154.0916508557531,154.05573092732067,176.04718362935463,171.27847741302293,167.41766860037734,167.16294679994317,166.620692068789,169.57507944384105,174.52450000136457,176.33073549211167,178.28498590134342,178.91205045227224,179.0555067508447,178.18130700780273,175.42525287353027,170.13493406052703,169.81090602618232,169.52272424080329,173.89392260360037,175.52102191979884,176.13270885298414,176.45891875024824,-134.4385511579708,-131.91171830737466,74.77131336275414,0.5559091,0.5221834,0.3800563,0.56493783,0.23403554,1.0,0.30044794,0.16345713,0.4719991,0.13644357,0.20318823,0.11788861,0.4921313,1.0,0.3289003,0.48693871,0.9748751,0.49714494,0.15739897,0.48207316,0.08991661,0.0026163212,0.5572893,0.07789781,0.025849214,0.09605279,0.15037799,/content/data/frame143.jpg,0
380.92990451388886,134.68758487701416,40.971110026041686,65.45296382904053,0.8801912069320679,381.7024375353453,382.9252424875107,385.16580939235087,388.12821679231524,391.46247354350663,393.9975363706367,396.14953984922766,398.6286603656949,402.91618120655403,407.0224109465918,409.41593380557043,411.38503104486745,414.204444852055,417.41271846160083,419.7136072772231,420.3551075076262,420.1468155049472,388.81030615476965,389.75158544881447,391.5433170760127,393.60044872518966,395.4278444824879,400.50497609247066,401.3672680928627,402.913882560206,404.9098706846821,406.57674040404413,398.461039422381,398.57365670797043,398.43223377883874,398.31553417224023,396.94335700072133,398.09317642016697,399.50429949589983,400.9951472111099,402.44073593738045,391.53383223385174,392.618659885627,394.10027088139793,395.96116320615033,394.9015153290853,393.4179076476373,402.5419091476181,403.4801875611964,404.96279104785486,406.4350716929709,405.0295266969196,403.6271651622057,398.79281461324354,397.1792608489411,397.82797302374155,398.5437766462268,398.9932556384773,400.45300140457755,401.7866001744045,401.65105026328416,401.0723203999565,400.51371188490526,399.7958858281586,399.0003364991726,398.9367585628608,398.45307608747686,398.8632135836267,399.08860498709197,400.9239898278788,400.5258160603284,400.3963966530628,399.83195959482777,163.1287585119165,167.5324195128597,172.44981392789936,177.12594410761443,181.43346691694978,185.1562206495381,188.65516300542785,191.0203015613353,191.63095030613076,188.99850867378345,184.97909847860052,180.74362488982678,176.67559668583726,172.2708378588888,167.1094030429759,162.10491989333596,157.45259779101963,150.36069797545073,147.40920095290795,145.37726195273348,144.15355228894538,143.85286968407118,143.1177089781085,142.1346561171325,141.78106953454827,142.31325063893865,145.06624363202462,147.9593686138544,149.79387566199304,151.2445743118661,152.62237169711366,161.04725231648524,160.62234449604222,160.17234585054396,160.0374115646675,159.87223205530574,155.01434027790992,152.72013907187647,151.6298971950473,152.30869542026616,154.19147872327366,154.9386885963202,150.9067458629018,149.46456765366696,149.6887441921072,151.21788707458137,152.28921076425723,152.03898134001935,173.25934005662464,168.5002853906322,164.6296107225353,164.52156966261833,163.9535160986728,167.2455217637323,172.60882782170034,174.3441653676195,176.11556965786662,176.69637345262433,176.7515456465372,175.6003170772937,172.6636395354324,168.01370736989946,167.69025833490235,167.46918567126602,172.01059925768138,172.60494212624445,173.1314819498826,173.4355867756945,-135.87471467854803,-133.96202468392377,76.01696547687098,0.6300695,0.47650373,0.5457363,0.5814878,0.21628703,1.0,0.26143658,0.37768313,0.4721346,0.14024238,0.16545567,0.49498886,0.4624943,1.0,0.44003287,0.4034895,0.76930666,0.6666797,0.2186546,0.40941113,0.11498587,0.0015444244,0.32878932,0.19704337,0.026828207,0.043519765,0.28728905,/content/data/frame144.jpg,0
380.92914496527777,134.70086288452148,41.053738064236086,65.66897392272949,0.8777247071266174,381.48091668193354,383.43524198832347,386.28792936800824,389.9918396182294,394.3134091682051,397.79910333120495,400.8486189583581,404.0708366357926,408.54409615717964,412.2426118902258,413.7519494165708,414.5640908067812,416.0771342748337,418.1923110726609,419.7552274038949,419.9227228174427,419.126537173722,387.1350634904377,387.7241532205651,389.33580104129874,391.37707037047267,393.3206301275678,398.3526695668662,399.21332873257415,400.8815872788206,403.15995937659204,405.3201194491121,396.9675139667995,397.70574788835665,398.21545108645716,398.7457882540393,398.40265750681806,399.64599625267135,401.055015017307,402.32120941886205,403.469623920181,390.56808537167854,391.2664205329894,392.72000688684125,394.8779969402626,393.9442499343272,392.4825612364381,401.5249955930751,402.2262452497339,403.7696079240245,405.5474641772821,404.20198188093195,402.7711314090004,401.83763804166097,399.5414219989633,399.9440850125618,400.7404092181081,401.1203809713911,402.8418026370498,404.4533424265296,405.31572774379333,405.19008269857727,404.70910876847915,403.9050462372509,402.67940348047614,401.95292148053136,400.93252871201275,401.3883149204297,401.5514491592305,403.6380399478919,404.0808224812554,404.03091673899667,403.39869905353567,166.77814735327775,171.05588909327548,175.70218650123297,179.9650622013014,183.6350435923032,186.4955937684624,189.12717405063313,190.56898734632296,190.39370428847724,187.11871334354646,182.46136856563203,177.6063594722848,172.9103676875652,168.21888973045134,163.15239536669753,158.53118469468393,154.4389607995796,152.9397829081057,149.33086500907893,146.75919510267386,145.0726182133866,144.49921532586706,142.37519992752266,141.01284949028906,140.21451378976656,140.29099756897313,142.53358548816595,147.90503799045052,149.56899172608234,150.87195433002807,152.02235331850977,161.20807939082556,160.288552585802,159.37441325243685,158.83822830611473,158.36057281431363,157.131367374668,154.24609213241467,152.73461511754272,153.17474149116526,155.43482812497314,156.58160102093495,150.1064025922849,148.24855389257675,148.00143239943918,149.09829720463676,150.58301065062494,150.76666378213702,173.93801264112358,168.4520164792068,163.8301693621978,163.2545670992606,162.36753891359592,165.1764642414572,170.40079226705757,172.61827466226237,174.99421072477048,176.0259608659744,176.52120901261128,175.9271404507856,173.20666453774538,167.2133982294448,166.42398802414368,165.84627210624024,169.93731940008,171.68867042006082,172.681825221581,173.40365248358898,-135.76712379555573,-133.88674347317402,76.05632572087762,0.5042742,0.615334,0.3413541,0.515728,0.28857934,0.0,0.18246205,0.13861321,0.46806696,0.15777531,0.25617564,0.3195626,0.44943717,1.0,0.3178453,0.5140322,0.94212556,0.4859967,0.063324414,0.2453947,0.14207047,0.0028108365,0.36705193,0.167258,0.030529542,0.04824045,0.24203876,/content/data/frame145.jpg,0
382.41642252604163,133.79236221313477,41.172092013888914,67.11393356323242,0.9370898604393005,385.25783408272787,389.6999288237844,394.8145903682994,402.129932544907,410.7164923450641,418.34257399389753,424.80238354641733,430.2728047638343,434.641768380809,436.4065736883299,434.9565761603412,430.5828313822135,425.8194699737419,422.95194457041407,421.69803225404985,419.89977801990835,415.6887607336739,383.4312217065067,381.8755177938094,381.55971753930896,382.6858682049832,384.60430551735453,389.7691716541574,389.73838452860036,391.3336218275181,394.3894558550528,398.28555975377776,392.20878793465386,394.84920338285133,397.2879507977166,399.7709143525219,404.1128447274955,405.48319943953084,406.77429536462114,407.4767228236542,407.7277961889008,388.95882004289297,387.80042294143027,388.5594250739259,392.199163207634,391.9198685106419,391.03283830733176,397.8236592633516,397.60355783762225,399.1598569952823,402.7785599400622,401.2654280431134,399.7929600177781,416.09304727213384,410.63338846767374,408.8304394789061,409.6855856738043,409.87293902585316,413.39755246342474,417.5624190635899,421.2622505365489,422.307073458996,422.15972632888406,421.2339043953757,419.1784179307674,416.35241086359656,411.6159602878797,412.0899960949673,412.27891916558747,417.0212885883943,419.34696826249865,419.3323031547452,418.54508209068536,189.38888704894043,192.557087964296,195.08259713285543,196.397958890906,196.21418660935933,194.2760450085916,192.1341712185722,189.32694316990592,186.44643278573585,180.87584240187334,173.43200651927873,165.43987081994032,158.07076938253704,152.78592538300563,148.86208258897682,146.80303065504484,146.11754847600184,169.79787760927275,163.87982737944958,158.73201453079537,154.6311655663094,152.39941458726616,144.99567013304465,142.76145536789522,140.7784531785079,139.16656462180958,139.07825355108514,151.89352357394228,152.29368420074456,152.29855416860573,151.85826971098277,164.45851829183562,161.55328364007664,158.76663954625383,156.91185144173187,155.15226892872352,170.52834398627238,165.64213409823537,162.26350688797766,160.75368004068127,164.41631830418896,167.4544893975244,151.9474724490608,149.2245915716992,147.24706539595172,146.16014329347263,148.5663514504306,150.3999915575032,178.00072762526952,169.90176225637333,162.6550220617312,160.60861068262466,158.4363577978695,159.18415348386748,163.64514965267495,167.24448793471265,171.08893513146222,173.30914603880683,175.24083115187295,176.9485937505774,176.5798490968332,166.2279775509005,163.7749538576527,161.8728149764106,163.66430069928128,168.32542398502528,170.61822117529618,172.8162496070504,-142.87292254738594,-141.24358777261207,76.26857654787848,0.633986,0.52872425,0.49286142,0.45439047,0.18328416,0.0,0.31164864,0.74963486,0.4619221,0.050368503,0.24278829,0.6333948,0.37829936,0.0,0.36824942,0.5088783,0.8897022,0.48588634,0.043562982,0.29766995,0.07506657,0.004420757,0.66402864,0.076582424,0.0319147,0.025565282,0.122421585,/content/data/frame146.jpg,0
382.53190104166663,133.0918207168579,40.27935112847223,66.21596431732178,0.8865411281585693,386.8539125296646,389.3027476240793,392.6250562263131,397.40608015021957,403.18550261056475,407.72354860888174,411.3371531843214,414.73699704998666,418.36635874603206,420.6188976278872,420.63187463734306,419.1415645601668,418.2167158296934,418.6936351356015,419.7257052226704,419.63269700672345,417.74067744486507,391.25668978087594,391.042202074404,391.89157812816785,393.47801990221666,395.1770680181717,399.4037960332556,399.4526540002435,400.6489187779406,402.9214630933511,405.6947210560954,399.4721881883825,400.8456672913772,402.0364855140107,403.24047019149356,404.30922637901693,405.22719824170565,406.31151263217157,407.2174926014508,407.88882077018553,394.993443334371,395.0402766037157,396.1248585858,398.64366296824255,398.2161297083568,397.0363561521653,403.6516330013121,403.7545350029354,404.9493292107653,406.93305928762504,406.09597587183305,404.9727825504827,410.95471029615993,408.08447997260936,407.1917753892809,407.57669527596255,407.46981018494057,408.8495315136516,410.82682044713175,412.05930481600177,412.4868546523595,412.67587852987543,412.47422811688165,411.9286774810373,411.3478663213247,408.66647516603143,408.6962607180271,408.3750134281063,410.2461134823856,410.85585295368816,411.3295422156368,411.2325367018867,175.63566229088534,178.50676406324607,181.30073787977136,183.6367748188189,185.12007068030027,185.55030116897626,186.08098507756438,185.92950927704342,184.95910840169898,181.09371195373654,175.64173401574755,169.9460535235389,164.84622615528806,160.85372132054573,156.96325177475137,153.89822185725006,151.56843898425598,162.20221494420298,157.88270841571182,154.28982679825543,151.53090511566552,150.12560629076233,145.16224235962997,143.03016469930972,141.43585857336254,140.33158611068964,141.20562558662192,150.99987073309939,152.01596820542744,152.6472949793212,152.95941573740933,162.5300383573462,160.87229170524517,159.31644536224925,158.29607116016257,157.29839251621917,164.32845768640294,160.73035211222034,158.23891548493864,157.67337125587608,160.6678611811015,162.7746360410502,151.58077424744133,149.28029620875682,148.11371042002153,148.1798173900891,150.17429375689608,151.1542355758715,173.19448789457095,167.78965344275855,162.9224176563976,161.90617099582215,160.66129689821616,162.37926113671384,165.91389539986613,167.789786054534,169.75610136359472,170.94744292912782,171.9670475093033,172.788392749029,172.19572230768227,166.10698524914042,164.76088100550888,163.81294598576807,165.6250811613154,166.79115307942078,167.95075306927015,169.229410016675,-142.6023592944468,-140.57572482583717,75.28147878892806,0.50952387,0.50144845,0.26296493,0.5221851,0.192015,0.0,0.26942363,0.103330754,0.4738782,0.1344186,0.4300139,0.04862634,0.4054943,0.0,0.18765496,0.46077165,0.33939815,0.35087806,0.026344704,0.601083,0.13860768,0.0030844328,0.54569584,0.07408533,0.033581726,0.094842546,0.11010247,/content/data/frame147.jpg,0
383.43893771701386,132.448579788208,40.80384657118054,67.01339149475098,0.826828122138977,388.12871327477376,389.09626282820125,391.1944807432771,394.34958333799057,398.0618106094282,400.7586333054359,402.9816773834224,405.5216794982636,409.2578606431445,412.6510136926098,414.4576510161427,415.45030720070486,417.15520946394093,419.7156496610957,421.86445230921476,422.4902487507856,421.7638292646537,394.9281646459241,395.5779988414355,397.0446924752677,398.8186523536381,400.4013886640208,404.63515371205665,405.28857319968125,406.7324345621484,408.75959131649734,410.5356530004715,403.4147931329382,403.8202379046876,403.98555438193773,404.1436858954477,403.34661985790405,404.25485391681224,405.5291328795951,406.7541620075348,407.8165013160825,397.61420989632154,398.2397666793287,399.4341243042841,401.3711550591627,400.7064836019717,399.46052269507726,407.0808262162199,407.60151799808824,408.8066027403555,410.2928357368874,409.30345808147683,408.13568338440854,406.8688290439295,405.0676559356494,404.7949053174574,405.1200500908486,405.11938863321274,405.85636747566195,407.0542097361338,406.7247990403085,406.6034982548701,406.65804454397147,406.54230863038254,406.5965960882351,407.23499857025735,405.65168947590735,405.6106982751697,405.35923413060675,406.1165839509717,405.86432413997727,406.2482763317327,406.26838368522834,164.25707930237468,167.8393421312957,171.71923693049354,175.3500497912518,178.6767886595406,181.25052032063894,183.68369702729015,185.1078392831349,185.310446632899,182.61450348382013,178.63899450404284,174.34271212307644,170.42133721967093,166.51855982080966,162.03017192834113,157.80484765491929,154.22650084692935,154.06050853252955,150.8855885711825,148.42617164839024,146.60256170537517,145.62360680090052,142.812487340979,141.23490968118023,140.43815759635504,140.40200630031154,142.76240948579806,147.59745630092246,149.14698312413128,150.31164225987123,151.32200921229193,159.43556840292888,158.67320013223977,157.94525162447133,157.49718837033666,157.02415029727732,157.5022355796885,154.97238779819185,153.3073191848307,153.24876101137275,155.5940884749088,156.94062689123723,149.5601377118753,147.92895442283776,147.62140298460878,148.56741681950092,149.94674532051673,150.1349036554745,170.08467445570759,165.64421348281067,161.99372465397147,161.679690451594,161.0669554017456,163.7484998643165,167.89102210397505,168.8395092152447,169.896230927059,170.44850970762485,170.78031219591608,170.68035060899084,169.28477086076956,165.04920837350582,164.4872258176952,164.17771876558632,167.36629926506507,166.70496145849538,167.23178849959476,167.82590207904258,-140.0288063318382,-138.03043388933358,75.91647768803453,0.4777209,0.6080099,0.59300077,0.56528527,0.26137224,1.0,0.36797163,0.0059205415,0.47870946,0.19290794,0.30229682,0.21276908,0.4725247,1.0,0.38778183,0.48198026,0.42008153,0.49992108,0.08528753,0.7566186,0.20946874,0.0011955766,0.35010132,0.15814653,0.038482748,0.095377415,0.14722767,/content/data/frame148.jpg,0
382.91200086805554,131.05368518829346,40.686360677083314,69.2554349899292,0.9100874066352844,390.0905963396862,390.386389235285,392.08888939789324,394.77230088991115,397.47152158799304,399.06019695300085,399.9770392643212,401.55296175418823,405.2446999135325,409.40913160045346,412.2215405669241,414.2200094756138,416.96216741266255,420.349003126055,422.9728954216254,423.97111192458493,424.0120826102674,396.4268136849039,397.1931403669408,398.6293707008911,400.1579894109342,401.40868757865405,405.49446704126535,406.62208968529217,408.33450682441315,410.37425353793793,411.9054010274564,403.2829688951056,402.60201638399565,401.6342690731087,400.71637661242744,400.435365064438,400.97749228820754,402.1057613685155,403.5297589484708,405.06442097087427,398.07067390347777,398.88369755733527,400.1418557483459,401.75514027385066,400.7807230284611,399.5080212595078,407.22772370096015,408.21360590246286,409.63116884081484,410.9857822599246,409.5719295190791,408.2105446180049,404.0933795593975,401.44020692008763,401.09291212398836,401.4111049035982,401.5922383309959,403.0327237512721,404.89541627324246,403.9322856567161,403.12993439341625,402.9336406730031,402.8752607895416,403.2210893393633,404.4013259524357,401.9519243942012,401.85773540823726,401.79960072474444,403.63040734371185,402.70447281941,402.9173831720468,402.9461359643384,163.121521263773,166.63466220549702,170.70870674435284,174.80902978490678,178.88788915951204,182.29392477348546,185.54529121931137,187.48244527521695,187.9838172920645,185.93208797804812,182.93708676820427,179.6108080167835,176.6453645486235,173.241003229386,168.8592451136239,164.37370053837464,160.49260856076225,150.838996628647,148.1463814691164,146.11799816424295,144.7346022316333,144.13540657271975,143.29106419558488,142.0904561709699,141.82657889958247,142.43295099192395,145.70844982052986,146.7750548238559,148.0822307177042,148.9718335415904,149.72119189043843,158.58110638441252,158.01264864683023,157.52999603769564,157.50461412578213,157.51791932004437,154.99707788405493,152.64792596151642,151.5182872288579,152.13802643464564,154.0106458401981,154.874195548216,150.47636568904963,149.04721395621647,149.3570674601225,151.1285233028229,152.0326672278844,151.67134897498823,170.51788172627235,165.48109046983106,161.5671367428755,161.43696280392638,160.98679299872873,164.64771769533718,170.0948894893248,171.08384288235493,171.9791596085425,172.31864515715318,172.3635142746615,171.80673201841805,169.8326543146976,164.79109528108677,164.38376116739423,164.30565878543865,169.51123926075135,168.7304135825843,169.03979650069178,169.38597922824607,-139.26977452780284,-137.44631585655273,76.34259635484472,0.467772,0.43991485,0.68363637,0.36654553,0.2768107,1.0,0.5084187,0.02720471,0.4704051,0.081896156,0.2500184,0.39952815,0.45585123,0.0,0.57600373,0.5331353,0.73042804,0.32248506,0.21393238,0.8746166,0.22907633,0.003287814,0.376081,0.11503349,0.04310653,0.09833446,0.13508043,/content/data/frame149.jpg,0
382.8274197048611,131.22474575042725,40.544514973958314,69.5121202468872,0.9087559580802917,390.7036679756822,390.4678560017869,391.7705445085294,393.8831098467416,395.77786146835894,396.54871887350447,396.73267647598686,397.73527635955793,401.262944734226,405.6339159856208,408.9473255481055,411.74951996863297,415.4843920374983,419.73166255916,422.99703367909314,424.5087828825473,425.1857659517566,398.41569500771607,399.47365693411587,401.0317342484886,402.5408060868719,403.6773960353925,407.66237427421356,408.845332108807,410.4763520841891,412.2867182301072,413.4987815338268,405.02064774163375,403.9198454881541,402.52404831719485,401.16354910968977,400.2654211547167,400.6968796545511,401.75193550874314,403.22350932045254,404.8756871919512,399.5195326026548,400.5978668658746,401.8736847699707,403.2223409252963,402.18959644669417,400.9243860790485,408.6265787041928,409.72310512859,411.07335726198016,412.17177797809876,410.7561205754305,409.4518037733107,402.3498580010292,400.21707694066686,400.17564614561593,400.4380279225536,400.64689222944105,401.8162121580193,403.2444086780664,401.7091747319718,400.6397227578866,400.3919409485077,400.3905637337916,400.99921308799077,402.6546226907727,400.7419349605335,400.61196964400517,400.55619244800386,401.9644417281921,400.62114527490235,400.8042303099383,400.8797558700272,160.26187205647614,163.82658104354414,168.06887718497677,172.45482875384286,177.05434306969283,181.1948769649111,185.2127144530411,187.9756408525303,189.0947247612844,187.53219262963515,185.06419899894703,182.28410464850248,179.82073487949654,176.64156646262262,172.24070915469943,167.5635587096379,163.35027357134004,148.8932206277851,146.6560795064461,145.01660731078476,143.98534818559935,143.61955349354574,143.84564914304067,142.95567509468987,143.032765558504,144.0094904612586,147.65682984534433,146.75599717988192,148.07913508780578,148.96592960976332,149.7561798885553,158.1478847564993,157.87707313280671,157.70185612047186,158.0061783116243,158.3103215145826,153.3929763708163,151.46307097067893,150.65073802343397,151.49334234901417,153.07468812862606,153.62531299060856,151.05344157268914,149.90839940388935,150.57195090069618,152.7107603828753,153.30221692664773,152.6055849312364,170.0524243525213,165.3197801094326,161.83126540223438,162.00009601636418,161.80830519444066,165.93100241892265,171.73390408297027,172.51819057457115,173.10779260177645,173.1648997794981,172.89351390201597,171.86396386548998,169.49261888774734,165.05289876816983,164.9531004201968,165.15349510517512,171.05060173612867,169.75016301154872,169.76552616487973,169.8201672830376,-144.26984265409996,-143.0868485074273,76.92801664915379,0.38901258,0.50322765,0.49489543,0.32098123,0.16129246,1.0,0.5032562,0.151748,0.46377632,0.053538382,0.18546838,0.38827175,0.44020832,0.0,0.42508945,0.53393346,0.5637663,0.39726168,0.09715077,0.5384842,0.2895922,0.003031427,0.29154786,0.121534586,0.042824157,0.09478889,0.15668078,/content/data/frame150.jpg,0
382.718505859375,130.79172134399414,40.43158637152777,70.3014965057373,0.9248573780059814,386.3846102044541,387.7200985173568,390.0080326682794,393.46369915687563,397.5183659053837,400.7049827240382,403.1462012448692,405.73981663097373,409.84308997184894,413.6243876935805,415.418942178671,416.11944732420005,417.66542508620887,420.11581784050327,422.2086040530333,422.8831679157794,422.2433449568417,390.54954877529815,391.00732266028393,392.50004008749187,394.3702889126432,396.1261652920607,401.3372505797811,402.18591117324945,403.88548003481384,406.17991333440807,408.2081857539344,399.5789983026867,399.8473037761074,399.8150669930251,399.7693466763543,399.83120298380834,400.75884143306877,402.00071686332535,403.34664152676424,404.7614345385257,393.7462977290191,394.322137386392,395.7105793044484,397.8179703737032,397.0138509476882,395.6348447375485,404.2723214318022,404.9308850693466,406.45736789951786,408.21600484575987,406.8207319076103,405.4107007479123,404.88507675646554,401.99074814979224,401.6849135497867,402.21820829659026,402.4916703479319,404.33007711585833,406.3997630661078,406.42270242103245,405.94591381209943,405.64992975928755,405.2291469669153,404.91767055274374,405.14191003824646,402.7783368591666,402.9661911688178,403.02769297725337,405.4587265652918,404.98911341876067,405.04191114491334,404.7371375277857,167.06885408027438,170.83759097153649,174.83626950272577,178.6126595501026,181.9183603830057,184.44383150388921,187.11531096518178,188.9751133830872,189.2830498354291,186.33808318102055,181.89296216254883,177.0292959696228,172.59948126338048,168.36324816298824,163.5586022853686,159.07602756563514,155.20336966423997,153.1425235618549,149.60460073009023,146.90931703683512,144.9649754026495,143.84507906195893,140.84229512614704,139.4318440988173,138.70645991047184,138.8466881569559,141.4628871418779,145.84823862016736,147.1075146724574,147.97995938446883,148.70824619066394,158.85190121811704,157.75202904361424,156.71486296853877,156.2581525806084,155.87191710038206,157.0112769456922,153.78936359001594,152.05133284203805,152.30103340243355,154.87674533101747,156.32468274391562,148.5052389336069,146.50137666280517,146.33643153794935,147.70503659603696,149.0942453382113,149.16924576529988,171.91645467938537,166.070851347117,161.28166263237293,160.75066081539086,159.89987825616663,163.03464519356174,168.31457871618522,170.3197559017859,172.30691146352646,173.10058699647297,173.4821737626204,173.10442865959493,171.04880198956667,164.78611673411166,163.97384131649477,163.45896291940875,167.8380918085445,168.93120084574488,169.71593093537467,170.36149124722087,-141.99563484347664,-140.94436999937628,76.9973445895767,0.50749654,0.5092703,0.333279,0.41284633,0.33901718,1.0,0.36811668,0.47012264,0.47255707,0.12628287,0.2746511,0.44840306,0.49974716,0.0,0.6371874,0.53281146,0.33516243,0.082028225,0.16786864,0.48316208,0.32106763,0.0036919464,0.2032538,0.079228915,0.054685127,0.13505782,0.20301476,/content/data/frame151.jpg,0
382.8638780381944,132.29865074157715,39.7587890625,67.91833877563477,0.8243952989578247,386.2601028838933,387.0932348451811,388.61326874666224,391.0641730912148,394.34709208048116,397.212618031944,399.9660382678512,403.329525497898,408.1074480684392,412.7548777789357,415.46589099296216,417.4303132722539,419.70428567941826,422.38738055278964,424.5164758634937,425.29371041974446,425.05192311313476,389.4460339366399,390.215126655595,392.34220836751683,394.94517706883926,397.23421624710886,403.47634575361735,405.1433820819984,407.67700428726175,410.6886679597542,413.1085716272769,400.75342340228167,400.81791685809117,400.70320245123025,400.57733188127304,399.5666607453286,400.90488295073214,402.56547527722023,404.20483130195544,405.7997035533517,392.311569603899,393.3775989181861,395.38685716843247,397.85634297340016,396.3211451428508,394.3439563072268,406.3182064542534,407.9139142641311,410.1824555411663,412.265770019726,410.37950160583523,408.187273050803,402.07104083269155,400.4165451683789,401.0494005627295,402.01774240316354,402.6531676256343,404.77600839247316,406.9017711850479,406.54345261767,405.6659947647331,404.95485677068064,404.0104716549622,402.8077095104595,402.55199460986023,402.0198264414689,402.70019450865357,403.17121145516103,405.7839396738623,404.7458748502627,404.3579182462854,403.5529013705277,163.72307049199162,168.25282247775704,173.10104369239434,177.83639650146688,182.3635252222325,186.1120543173679,189.71717340128362,192.0515926351004,192.51286949582163,189.80387716742462,185.41933747309167,180.50520915428388,175.71767280330823,170.85483417314435,165.20601191216565,159.66498155318732,154.8392232595852,151.95649063288306,148.33713790739444,145.8764363967524,144.50531771956685,144.29922746302134,141.73713311671406,139.93157382264997,139.14151077186557,139.24123977741522,141.78721804661734,147.43506994244103,149.4891763083874,151.2620759532042,152.986872690562,161.98381179184798,161.43523850141173,160.81420723115275,160.11658876764545,159.41473421695332,156.6562180458891,153.69991740963746,152.302120370299,153.02231591544796,155.41361142077858,156.53162510314473,149.6030648725632,147.42744547129814,147.19671474087272,148.70332869872072,150.3010088152464,150.45510377344203,174.43610583505279,168.97400660517906,164.8985288199549,164.45969787762533,163.55079242102897,166.21786108841093,171.1932596476072,173.6324637444709,175.9811069040643,176.93924958733714,177.3395258210171,176.61298828983627,173.6579288465614,168.26813943061688,167.56794628109128,166.98844275314832,170.766211537235,172.65993682478256,173.57225981272586,174.16071158905697,-139.49755564215087,-137.6485959946268,75.73014972980833,0.50383997,0.4942489,0.39174032,0.5580761,0.16813363,1.0,0.38548213,0.30095318,0.47537985,0.29419234,0.17780155,0.60098684,0.5257352,1.0,0.41836974,0.46479174,0.9449622,0.50958973,0.024233874,0.50341016,0.28239697,0.0024859193,0.25037068,0.06473618,0.071299136,0.090574205,0.2381369,/content/data/frame152.jpg,0
382.55238172743054,131.9358615875244,38.939236111111086,67.61491012573242,0.8980211615562439,387.0589995336006,388.50531691811386,391.0702196624444,394.86558347106694,399.23850989616403,402.4913323961387,405.02174339602124,407.90809111123644,412.0049143139166,415.5823349840721,417.15917160570837,417.7274970892755,418.85094040721077,420.7763167835609,422.39043563429834,422.65423073983084,421.62370524103164,391.7890209427902,391.97995151274716,393.23878653450925,395.0058476415975,396.75224610452506,401.20289018712054,402.01598760224573,403.73132560124776,406.12296923302637,408.39276492574635,399.9455616401756,400.16587209621235,400.11987504328965,400.08922323786186,400.59163138031494,401.48485004197255,402.75097079186287,404.09557331809947,405.38512543392505,394.7507431789103,395.22967401157337,396.5134831455521,398.7090964394937,397.88523607186306,396.58397310926506,404.5309566307286,405.2153314552623,406.7523468452967,408.7105174615657,407.2461949221759,405.7821093563528,405.74080824900767,402.62621629946534,402.16287252405914,402.72153770763543,402.8348739430726,404.6491338976005,406.87384657829807,407.3987430286147,407.3406409790076,407.1879090971497,406.7680016092869,406.19880561057664,405.99257090078436,403.49353955371316,403.64986956482926,403.56560853517186,405.8497338743864,406.0467653046379,406.2768521293513,406.0087092842985,168.5654091200623,172.39467949350882,176.5383944452309,180.36411021517642,183.66724123612977,186.0505617759012,188.2285181210235,189.05851078421784,188.64365712038023,185.33898335314552,180.86510135242435,176.06373639106195,171.6308121278239,167.3056769840833,162.5303404254998,158.07211802496403,154.3501604057839,155.01358725063773,151.3457055485278,148.35789445718837,146.08226389491196,144.8952330729192,141.6710577754456,140.035942583076,139.10959235688156,138.94683987848742,141.13585176592719,147.0100444258485,148.52083312909923,149.63929758403546,150.60177539771763,160.62074213611845,159.5136693390688,158.40807158156719,157.78588297352036,157.13092672462844,158.50765609584087,155.30509375489245,153.41018540855103,153.44819306693807,156.05364005405872,157.62850350803728,148.94785949635457,146.80857578646473,146.38369668989571,147.37788543576312,148.94622728046124,149.32360526738813,173.77793772829455,167.8530472336778,162.91062738386321,162.17823881299205,161.17721894134888,163.94162199360068,168.8964950461569,170.42045754523997,172.38156856821462,173.44497052225177,174.17944349327115,174.4388183163548,172.78576809393962,166.30036740726274,165.27657147413925,164.59964680837203,168.44437849799914,169.22772122191344,170.2187543503871,171.22128795114023,-139.80855173939617,-137.78067642762912,75.3804733945651,0.3944341,0.50515485,0.38452524,0.458805,0.22192037,1.0,0.38624024,0.12181595,0.4765164,0.14160326,0.3219625,0.24908504,0.5471843,0.0,0.27952978,0.4684309,0.58044875,0.17009693,0.022969754,0.37026662,0.13642341,0.0044310624,0.52259743,0.08418241,0.047989942,0.078779325,0.12559637,/content/data/frame153.jpg,0
381.1570095486111,132.38214683532715,40.068359375,66.89619827270508,0.9119015336036682,387.0275031120572,387.0045935425079,388.1571319760862,390.2904014259899,392.6035574093085,394.007488654942,394.94103686731466,396.4339149473543,399.89081252974484,403.8389380785085,406.70514150158715,409.1572979966418,412.40974872387625,416.23093860627114,419.33975475366003,420.7498655542378,420.93304163006394,392.93069582302417,393.51759564468927,394.7719902732928,396.21135288118865,397.39796858175316,401.8854379346902,402.7178141768592,404.1730742460808,405.9496903115577,407.3161207737027,399.6457930565868,399.2419209822901,398.5297123225033,397.7750051671574,396.78611369325756,397.4794200442506,398.6188027005783,400.00987482587686,401.4723383948805,394.68407456090785,395.4835912648814,396.588066493338,398.07065488471517,397.3246584376743,396.22882453808285,403.40976164778704,404.15098766023294,405.3474528488754,406.6670689358178,405.30925587859304,404.14065251607536,399.1662280133082,397.26163798225787,397.15541088251604,397.543952492979,397.8035583952872,398.9342877607774,400.3389319399662,399.364574262538,398.5589138895374,398.2832047799781,398.02831428719185,398.3423615183079,399.4052736774474,397.7658686126348,397.81430024650655,397.8224774508423,399.4600977893722,398.28821684641565,398.38170444554663,398.2460413241115,161.22745066512553,164.854832670621,168.90068753393024,172.90603915867752,176.97132026517184,180.72602550494193,184.6105707779806,187.51547357418266,188.7534228831243,186.66198684311402,183.2940408799186,179.57304926317366,176.15867649268148,172.3793391593358,167.76951557546107,163.07561367994884,158.67030872306464,151.01600287178744,148.50896963212944,146.4601229986685,144.91482037836846,144.11755372140422,142.87792734393145,142.1082880584329,142.27655951664298,143.16967506609083,146.10265141532926,147.37251765904088,149.2603704983027,150.7536170070924,152.18180474036794,159.9726086587541,159.64373097425081,159.27720178540682,159.17604416957002,158.98511434323115,155.05952036568883,152.91632487108382,151.7629251754924,152.0771039883049,154.01825459181268,154.9319698539385,150.34946980743038,149.0926660375846,149.44132164726165,150.99760775062364,151.79173678222614,151.4327221044467,170.90468155566288,166.64606626637632,163.33698516938398,163.33031756596566,162.8712529509941,166.0376516411443,170.6767581334655,172.06120332605187,173.37967584843236,173.76154507068804,173.67367720619276,172.6759386575025,170.27866847662918,166.40608517599512,166.1691137178709,166.0028566558138,170.13257451525723,170.16891977221138,170.48579720599838,170.68911245856498,-139.6532643193785,-137.73294617903449,76.70532951170767,0.47386155,0.52415353,0.5107945,0.5229163,0.15557466,1.0,0.40163407,0.7694943,0.47805926,0.19552778,0.17632484,0.6285594,0.4794464,1.0,0.312665,0.4627595,0.6042225,0.5333654,0.080786094,0.5509027,0.094471924,0.002288972,0.5618153,0.06331777,0.09571182,0.048849177,0.13354497,/content/data/frame154.jpg,0
381.26576063368054,132.3354377746582,39.870632595486086,67.12104034423828,0.9169842004776001,387.01486092348324,387.04444869096324,388.2806609506879,390.4962196724331,392.93199194284364,394.4747326095044,395.5360947498869,397.1071005440892,400.63725534507,404.5443025176261,407.32165435355967,409.7055412115022,412.95619650882657,416.7950209051738,419.89121778238876,421.2667681192603,421.37899807875726,393.4060419396625,394.0674675280537,395.3344053616664,396.76707886117964,397.93759360279944,402.4053224879259,403.1973845749215,404.62521639611185,406.381413385618,407.7810977006044,400.29758412573767,399.9546123076478,399.2977163409695,398.59830626185914,397.54763326058,398.2471177531896,399.375826510838,400.7351066961616,402.1621583758275,395.221061600116,396.0628727120202,397.17488164017334,398.65851398406693,397.9369430847898,396.8337893630486,403.95149577729444,404.639849450676,405.80129054625706,407.11285007463573,405.79985028498106,404.6766625288907,399.91191816255616,398.07882562352427,398.0000577343397,398.3811868745018,398.6108269332185,399.6688740722308,401.02781579615447,400.02933546308225,399.26004390686023,399.02268644813955,398.77162010250686,399.083967164998,400.12549210673905,398.59945126957354,398.63817989528525,398.608095237665,400.1627468650783,398.98564052768535,399.1095894130981,398.98401303244344,161.54333168023567,165.15620068629732,169.19447966545175,173.16515518074613,177.15818835191493,180.80945712403025,184.59112235120392,187.4383460625073,188.60984018179477,186.42960626827897,182.98764106566324,179.2211994001769,175.77265220352984,171.95832185061644,167.35809852983965,162.7100873399251,158.34853931693652,150.98463704060632,148.5049031951813,146.43444119525148,144.84551134946932,144.00058927320896,142.70005614511578,141.8775601371405,142.00227236102955,142.88123861320142,145.77640982260064,147.3018169448047,149.21609701196485,150.72257910100225,152.14127006396092,159.9524766852146,159.6072316547441,159.22607370935648,159.14639605513258,158.9713442992118,154.99281695952777,152.85265591558127,151.68746533981175,152.01831975969952,153.956798616732,154.86763184985313,150.20499720711624,148.91728120416172,149.23751849800993,150.77651448535306,151.60475113473095,151.26386289462033,170.76956379950062,166.59530255197242,163.28673914961092,163.2945957748715,162.84053180369264,166.02050867933266,170.59253648519626,171.94896975406428,173.26345781370418,173.6325055621961,173.53911902106012,172.53608266148476,170.14273808782983,166.32555121671902,166.1131318819924,165.9603825719305,170.03699890581666,170.07200685656534,170.37398643830474,170.57195035069125,-140.64172603050784,-138.71305723370244,76.77526561325155,0.42941165,0.53922075,0.5184507,0.497257,0.15504462,1.0,0.38133177,0.61520326,0.47717023,0.16986594,0.15988277,0.6563786,0.48591217,1.0,0.31084794,0.46181056,0.53318125,0.5768797,0.14707665,0.74181044,0.117323935,0.0027067526,0.50146306,0.06669305,0.11591143,0.056260034,0.1396418,/content/data/frame155.jpg,0
381.0818142361111,132.22771167755127,40.982584635416686,68.54281711578369,0.923076868057251,385.7245590039628,385.8703343027153,387.2272930191174,389.3806635040626,391.4193948762473,392.60339847731063,393.5197931537224,395.2517465636263,398.933520890502,403.1479147075918,406.2537823525961,409.15831638869935,412.93251630940483,416.967983687815,420.08914733349553,421.54740038258103,421.9917099817114,391.179274629734,391.73572548510424,393.1788173540323,394.8719130391413,396.1797137431137,400.88852872052365,402.13411343200187,404.05245743476155,406.211987991774,407.824813991283,398.3925891024845,397.80975999979427,396.892281856668,395.92866322945054,395.19496996624434,395.9722837954816,397.1909901980792,398.6556092269333,400.2712321393865,392.9395844716608,393.7866397296224,395.16840297019803,396.8608711270742,395.8373652254142,394.4867504272413,403.1811393859837,404.0907023390165,405.5881857077851,407.0969596821811,405.5906516976377,404.1361000846133,397.20270732680234,395.19457285853446,395.3611129684614,395.8714037294832,396.1855232818321,397.57591748689185,399.3936927364874,398.4780726652382,397.6946330818839,397.37326508818893,397.01562302109534,396.8356989105767,397.321217014093,396.074269389734,396.2494772333775,396.3295140471723,398.3354791307289,397.2016704344488,397.27497357615107,397.03846651954115,161.5226824351996,165.23281564538038,169.38069392106792,173.581642455512,178.00014718418973,182.15030515228574,186.37437418005968,189.25712122032792,190.27323650627656,188.18231733691286,185.10237935459335,181.72824339003643,178.65510526442782,174.82775174137237,170.04218221697934,165.10019637797876,160.44981016212634,151.78353250719084,149.10781585556268,147.0078048806688,145.6198546039222,145.10064117583929,144.21883899326463,143.3623144323203,143.50681751563192,144.65225877140068,147.998196411634,148.35666946337975,150.20720119647476,151.68412566177037,153.1327721360722,161.4860406694771,161.08121632337446,160.64613580157524,160.53797542756263,160.40205673437413,155.94856975799595,153.57532416589405,152.54719759736312,153.36790647467274,155.33280277692643,156.15017055665243,151.87031770077124,150.28832392826638,150.63951912328008,152.5248345502206,153.57963106864855,153.1865655230658,173.06301488386526,168.54578231492528,164.88332899403196,164.797840528714,164.27050110027184,167.62127634584726,172.57876899578983,173.65296986379363,174.9990914617679,175.53942268565623,175.62322712013048,174.91614987861382,172.41213573714083,168.24299504000044,167.8943540809971,167.67449858409768,172.05003233651667,171.8448404094963,172.34318607255406,172.70465704238103,-140.65257882645858,-139.12830498138948,77.45040404130681,0.5500814,0.5072461,0.56735075,0.31212214,0.19044703,0.0,0.43983713,0.044408772,0.47290167,0.051746756,0.19070645,0.31644794,0.4289634,0.0,0.44997343,0.5500523,0.87571263,0.4425192,0.08649398,0.7816751,0.1670498,0.0011181523,0.50600797,0.03670733,0.07189016,0.097099,0.12012758,/content/data/frame156.jpg,0
380.16349283854163,132.33555793762207,39.50181749131946,67.60407829284668,0.831352949142456,382.25115567458204,382.8094073874489,384.43287563866045,386.4141456641848,388.3280002572875,389.64880019857236,390.92348473467825,393.09390432107995,397.18092501942067,401.220652887694,403.50570336985686,405.77779492511615,409.4330440042531,413.4637634841602,416.69792480565815,418.33560435767924,418.9076394366427,391.1125762705098,392.0915748438714,393.71679109958876,395.4370620512281,396.73253647771537,401.34929924973505,401.9896056305462,403.1115730814296,404.6731817983584,406.19948711031594,399.01163455725947,399.0433839281733,398.7184243298042,398.30743293014086,396.29895399353944,397.1789642564134,398.3832112222937,399.6857018439067,401.12537092700916,392.98403389678765,394.053611984411,395.3508972758704,396.7409791218846,395.99150587046194,394.8027733512123,402.8646571697113,403.0875071936687,403.97464728404987,404.8183411213606,403.87563721417007,403.09949420105454,397.76126735077975,396.2630461610073,397.0435362171401,397.6420814889203,397.9623168814742,398.8338724116276,399.393997849933,399.13951692286366,398.46252178911186,398.05174556566016,397.60268006508676,397.3920588195395,397.9214817554664,397.3820494991326,397.6445257939762,397.6443009469236,398.7945169242887,398.0348820367138,398.1453399645952,397.82992790397657,158.27095079770135,162.3175062797015,166.76735275424033,171.39118007559068,176.30249248654036,180.98876442805226,185.82522936529273,189.4087739940366,190.70529045363867,188.56202417097848,185.04791134499902,181.26562126342247,177.6466426733541,173.6010397691898,168.90027123705963,163.9964972466483,159.1176619373956,148.71580934855928,146.6298379632426,144.9229865123082,143.64804328120627,142.94312601185567,142.13993849195964,141.26916992649035,141.13665039263964,141.85471637914793,144.71147071397093,146.25162104363616,148.3631838918772,150.11422504178182,151.88887271450113,159.72405993204575,159.46895281802344,159.12867702526367,158.9006265065731,158.60936978899434,153.54666278032525,151.51270117776045,150.37548039295262,150.82517449818926,152.91861660815744,153.77801589120804,148.9613665071209,147.76916940909277,148.24108468917473,149.93395331291754,150.8267000733527,150.3559332056363,171.58378454440557,166.9556295217199,163.2171942862449,163.18233090453785,162.797409674427,166.47433110818406,171.76024837963683,173.55936811543788,175.24676546090032,175.7150565933277,175.5234433857125,174.27618051918506,171.13651782025312,166.85733025865156,166.6006854809146,166.52782294731503,171.28190924343866,171.946523283035,172.27767221962668,172.37483032346023,-137.90262256822228,-136.52889090391747,78.19856007434859,0.46990642,0.43765223,0.5130559,0.5371791,0.12997355,1.0,0.378197,0.71279246,0.47576573,0.07130828,0.24060415,0.6373708,0.5215728,1.0,0.29864788,0.4230735,0.71784806,0.34496275,0.10970785,0.55909204,0.28118196,0.0012358933,0.19713044,0.026710367,0.08655041,0.15757063,0.24962033,/content/data/frame157.jpg,0
380.0679796006944,134.04865264892578,40.46177842881946,67.64258193969727,0.9106059074401855,380.5465126426096,381.4110315262475,383.13630761286345,385.1397109977429,387.1966294305661,388.88318802589106,390.92111420478574,393.8944336853028,398.4805707247798,403.0939926492471,406.141984514717,408.955421681307,412.62363364812825,416.51765773254084,419.73957713245863,421.54057790697726,422.2540973650366,386.3163671271643,387.35700040011585,389.5509722205735,391.97452267745655,393.8236245826737,399.21189466493234,400.7467039176342,403.06408305460036,405.7833306403777,408.0375280567854,396.8268004379182,397.1364339284075,397.13151834313396,397.00314947869435,395.0434977056542,396.3620913598496,397.9465668926949,399.4137626570129,400.8789263880486,389.105151375682,390.3238730131358,392.1178947209644,394.0560577420434,392.8740578489068,391.1457022642331,402.3126855285226,403.24456631547116,404.92539651220966,406.5153803067025,405.0417546084981,403.425983344017,396.86880788785686,395.7423357232484,396.4365242551656,397.22339769563143,397.70618461265155,398.8247487810694,400.1279207541039,399.39187475565706,398.665405923597,398.19360891991244,397.5689981752188,397.0897939264025,397.2255942268462,396.9807366354072,397.44590775913883,397.6757863623821,399.28970460603665,397.99889174971605,397.95150908792806,397.48717980655624,159.0315841072955,163.32828219657046,167.82006515730245,172.35473127755432,177.20813633267025,181.8465377519874,186.47883339510844,189.75380337821971,190.78652139771893,188.79319351119793,185.43581490213737,181.54828848605393,177.5931389052377,172.89958229682753,167.47117955724198,161.90071833852045,156.41113688261194,151.06866737908572,148.2510403533945,146.2007030474103,144.96383099838778,144.60743171335702,142.67239052436244,141.29079537160808,141.01064934504205,141.8557381199608,145.01945669994922,147.98359332529972,150.69777292330733,153.0744656603337,155.4425561231313,162.88259440147718,162.61932997522194,162.17606610554407,161.6289242106537,161.0315451310311,155.73918943878783,153.10547593967507,151.93292742038875,152.97293898791935,155.18962361848207,156.12664738490486,150.23876805295276,148.19455224723168,148.3213535431392,150.1804849840572,151.66242750419593,151.48813468757461,173.30412141795267,169.2258015911776,165.82796616709985,165.73233964846614,165.12306591687988,168.16303366997164,172.63142647617116,173.68799669586588,175.05289409893976,175.71100194465853,175.77187101781465,175.12543768712058,172.7201102144234,169.35246499911236,169.0265800805386,168.7040867222766,172.1147578232547,171.7879730042273,172.32209779067426,172.62273711480174,-134.2961659935654,-132.68706228218755,78.52850302752849,0.5256906,0.4420426,0.5224378,0.5935743,0.1059273,0.0,0.3923558,0.5092258,0.47922498,0.09968228,0.26563278,0.42063653,0.46955764,1.0,0.35934418,0.4677416,0.5500035,0.34356448,0.054839827,0.48732308,0.15946168,0.000868165,0.21512221,0.02812498,0.08191969,0.19409095,0.3204123,/content/data/frame158.jpg,0
380.28114149305554,134.3279972076416,40.14640299479163,67.04082298278809,0.9086664915084839,379.71227523374745,380.63760170216517,382.41581935495986,384.3856864990097,386.358543408689,387.9822594681144,390.0518270243035,393.0565007233312,397.71965280083987,402.242338640228,405.04690663037803,407.60088095284823,411.12746655347576,414.72805065160867,417.52064519384066,419.01105414920306,419.57086678462116,386.25200993155846,387.1105090243616,389.1433458592643,391.36980058765295,393.0727802009771,398.2638764578112,399.3476844802598,401.0804922204458,403.1569719613261,405.1233122848138,395.9722990237058,396.49902523916614,396.67113216454624,396.7315196761024,394.60745782721625,395.83517499351433,397.3099925728633,398.5701248404533,399.8587162243402,389.19438046326576,390.3426542581653,392.0355712842023,393.8095188707691,392.7469700719267,391.16442742481536,400.6942873871393,401.2347037082488,402.56014569175534,403.786582557455,402.6249615089392,401.3722377223397,396.3794801677522,395.0876161053694,395.9157116553114,396.65198040203734,397.06969165887034,397.96682753845744,398.92853468342867,398.59843770518376,398.01611911149445,397.56121919814234,396.9777138089545,396.461800619147,396.65995950389384,396.4176662120034,396.8050362627085,396.91481604510153,398.22260234769726,397.3051590784695,397.3498449259457,396.9293429015163,160.51173629601624,164.69148618767588,168.99681342847506,173.46283757490227,178.1993024458506,182.73365244705718,187.34506503596532,190.66087575606213,191.77951322943284,189.76188895501073,186.50299167237455,182.75932559089105,178.9271845043873,174.40471684356552,169.2811456542451,164.07708815202756,158.81854115224627,152.21872103627868,149.49827886522118,147.34131520901042,145.93564465102307,145.39135386218516,144.05677235455698,142.9820595012468,142.9578596621277,143.8648531370522,146.6900773627925,149.1967824597064,151.666930658917,153.80698187988273,155.96280908949495,163.45631258905402,163.13209204670162,162.66793512846132,162.17355927999296,161.67031962756928,156.8522391898252,154.34010720076824,153.1531390774848,154.03661601978934,156.38302100835807,157.3211792535594,151.66777220481595,149.9069033443991,150.13328158877653,151.897837906722,153.3030397404266,153.05589856874238,174.12982623531676,170.01523261530718,166.50487614342563,166.45674739022044,165.81970673500103,169.06575306032033,173.710381537786,175.10373699460575,176.651414227295,177.29735225240302,177.2686917405063,176.34440581602058,173.60247665252388,170.11040162645227,169.81620581142815,169.48057524932364,173.23208137379712,173.41219137670032,173.94941413901392,174.17129454833042,-130.99104895317703,-129.11042104639802,79.15496075371823,0.5258499,0.43210134,0.47612342,0.56387466,0.11278608,1.0,0.46841186,0.061282482,0.47701845,0.09898351,0.15393208,0.55164176,0.49535763,1.0,0.3014663,0.4601083,0.82123536,0.49165422,0.020611644,0.542235,0.18477888,0.0012093966,0.3915976,0.037526608,0.04898511,0.12948102,0.20642135,/content/data/frame159.jpg,0
380.2405598958333,134.16092777252197,40.22032335069446,67.19165325164795,0.9261286854743958,380.1530733261892,380.7253420390445,382.24440252808637,383.931271379845,385.5397772777909,386.780901711827,388.4361259731481,391.0463036669258,395.4964764848475,400.0602540792987,403.1064009463688,406.06499353466427,410.1094312317566,414.201514835083,417.3218459071792,418.961386043526,419.6820964567371,387.33485625914057,388.2496321874499,390.25112069339565,392.3802929230479,393.9259662026658,398.99169827327336,399.99999743492083,401.6054683934087,403.48989906819224,405.2169886773921,396.394967547989,396.7395160786208,396.7189227047845,396.57569182486793,394.1308210116409,395.27930409894304,396.73218224233744,398.0277193201482,399.3886625872763,389.7662248357765,390.9901224440212,392.6044987751389,394.22336623994386,393.18789199489913,391.6838812491871,400.8164610290687,401.38344442970083,402.6147023067974,403.7390620708858,402.5570264422912,401.37185735284686,395.40734826676567,394.3959925390132,395.2253720473233,395.8749812541818,396.2537911995345,396.9681265578112,397.8001204874438,397.0801670068766,396.37018100760145,395.95703275278316,395.5056533920448,395.2512591437455,395.6797575119904,395.5829926845676,395.88303117277593,395.95355807150344,397.09764133762775,395.8781507594432,395.96711077027084,395.66731498110073,159.0829793923577,163.13623595549194,167.38995471530575,171.91467698829126,176.8680730456582,181.7766634964264,186.80146593616428,190.60826042451538,192.1051031382375,190.287008598591,187.215717149978,183.73203437919062,180.18565355587862,175.8821862991532,170.85463006636792,165.60752972539387,160.24060334244552,151.70893436636925,149.33572224639443,147.36909349240233,146.08487075539765,145.55400866112572,144.70650121673387,143.8141953746256,144.00299720414756,145.09144592094347,148.05710441539594,149.55986802446608,152.09789922395436,154.28074398546272,156.50147863246121,163.52190395089463,163.43001713384382,163.17295800204573,162.8364714048119,162.4456971177637,156.40767665567324,154.23671693815487,153.17789552622645,154.03657914117986,156.25740750364855,157.0642472398951,152.27012182561361,150.7925965135566,151.21149505350792,153.08367303130296,154.30047229342023,153.87168797284318,173.61022533436687,169.9847294305198,166.91536996236937,167.04188344417872,166.55368111253404,169.93062436572427,174.49676407061668,175.5745448430548,176.80232803887168,177.24403548249325,177.02526993359538,175.932965666237,173.15597443550314,170.4637260194379,170.37331221734178,170.1915042051536,173.97261584874832,173.5808130944887,173.9250516431806,173.97618184253747,-130.9368988280462,-128.9287330066599,79.26765842997246,0.47575343,0.39915118,0.5206454,0.6198266,0.13337141,0.0,0.40585405,0.02622999,0.47832164,0.061998125,0.2533611,0.2703761,0.4450399,1.0,0.4862066,0.53865474,0.9048896,0.22948642,0.057017058,0.29406682,0.16533755,0.0009374667,0.38250628,0.030707242,0.05733605,0.124599434,0.23857595,/content/data/frame160.jpg,0
380.1374782986111,133.18334197998047,39.94721137152777,66.69628143310547,0.9049243330955505,378.674765675941,379.38175107096595,380.83580590151996,382.67046710464865,384.78697361536706,386.7058363486258,389.21378539948864,392.8298643691419,398.1303388838651,403.28587876287565,406.6055338081251,409.53561634522976,413.23143405180963,416.89434491978227,419.5706040063542,420.8948919734994,421.2768555504208,386.60604247260017,387.8353571436578,390.20699898960265,392.86215104407574,394.9504281814311,401.22123940245547,402.596972331552,404.6543796294427,407.0379500851204,409.0356499327345,398.3181172884283,398.70698614932826,398.7747843502975,398.7347527851812,395.50430828434673,397.14013785805673,399.10197077814564,400.9241428389905,402.6276322694657,389.2521019735236,390.87509654443966,392.8340290067331,395.02252936419563,393.6547941612407,391.78955411852485,403.93829094726607,404.9066001954043,406.472093667574,407.9422822946153,406.5236435803008,405.0119612330209,396.1729210520816,395.6219008577982,397.1735074341741,398.1918519645292,398.9027694357678,400.2118037617929,401.1779710600131,400.7189640728993,399.80597103918126,398.95849591231035,397.96378915889045,396.8136717741677,396.544217813821,397.43416938182827,398.2039141479763,398.62573993762635,400.4293619489026,399.14593322685323,398.85590891450966,398.0573742424476,156.46156663654347,161.3101851283559,166.4236373611484,171.67087559500214,177.0977943269918,182.2021134570714,187.22503849026543,190.62354496133958,191.81631529532115,190.11311686472345,186.85385622028116,182.74468511392752,178.29239175856492,173.07961554299163,167.23375716767805,161.25743305220067,155.46197490157329,149.49831882174703,147.04586010818184,145.19253317110702,143.9298047969014,143.4246683660906,141.5691887454957,140.3803159016768,140.13735247116279,140.92331570999204,143.75174149480608,146.97578638358027,149.85603638428438,152.42695112995398,155.08279967593717,162.61584433285088,162.58791788558983,162.23611573039852,161.6960247282359,161.00693463305515,154.86655098827623,152.93145427824447,151.6354004549521,151.8427688758593,154.39549612918472,155.37351093881125,149.3718579077663,148.088147726819,148.3005394734805,149.65652734531477,151.1892499378364,150.93739908483394,174.2616618159136,169.92889308236954,166.46012683759182,166.4584571661635,165.9538586080771,169.22385762504837,174.06380098116824,175.59397851738413,177.31442226859144,177.88862704327948,177.83323211577772,176.7082790647246,173.73239028460648,170.04459654186212,169.86130955344106,169.65166083841177,173.48247863570577,173.88926784152136,174.34602315745178,174.47639110257478,-131.45089857285143,-129.44007994041792,80.64517214335648,0.5544405,0.59153265,0.30098706,0.50949794,0.13624977,0.0,0.29372406,0.09022446,0.46971098,0.06841355,0.17787074,0.24876924,0.48097676,0.0,0.31088382,0.55355084,0.23456974,0.52125996,0.26783848,0.52274746,0.13864528,0.0026363314,0.46153,0.04334726,0.06808533,0.17340595,0.11234986,/content/data/frame161.jpg,0
379.32465277777777,133.06151390075684,41.684895833333314,66.38202095031738,0.8983668088912964,382.9893760093066,383.12428602607815,384.2168605942248,385.637871779713,387.24331949654095,388.54402317657537,390.1875831868018,392.9914908903736,397.6143834084816,402.351539212597,405.5469418826601,408.8181418184282,412.8955019863921,417.0061742074872,420.14741630313944,421.85104104086525,422.8503599026908,393.5061967717386,395.1281794408227,397.59148374596,400.07746218304254,401.8489431361794,406.56671043274616,407.8100058980701,409.5195419109026,411.409227000118,412.771388949213,403.76357428114613,403.6347892000273,403.2598386818164,402.82380023949133,399.1885037412504,400.3928607590645,401.98472678718355,403.5673436876658,405.1222844254199,395.1648815746174,396.93567406599493,398.72524257135575,400.46475753280146,399.0601032491144,397.32929139391007,407.6308111721261,408.66416378492715,409.91251588317357,410.9364531879132,409.67173943985347,408.4334721193793,398.0433568087515,398.0111486684415,399.6085580007268,400.47904430131223,401.1119471967375,401.9453040424361,402.36983330334874,401.39514238046155,400.3171798196568,399.53621253984323,398.71356958352465,397.9973129610834,398.4281095980128,399.65172930105393,400.26912281484397,400.62882509208697,401.65080858983345,400.09175369956546,399.8190658666936,399.1941443796654,155.81782699386537,160.33326962337804,165.23143289295865,170.3393894526799,175.79652669475553,181.02015195207582,186.14489510869635,189.7841039689356,191.1761119223041,189.47993206760415,186.4947856188647,183.08228959000513,179.6111461152681,175.5317015699774,170.66882552657563,165.43307384626547,160.34555747878045,148.96321208844302,146.943293774408,145.569748466222,144.9158783492136,145.01159233881705,144.5681648026086,143.53732982324155,143.52510962701203,144.42992049431612,147.43108792299824,148.90435810403775,151.5177874308295,153.8161814045275,156.1609705787915,162.29509838296136,162.58983123617068,162.67733472579164,162.415968527853,162.00919208430886,154.42800075207236,153.1252554268204,152.3242016816745,152.79076984202032,154.70313143718704,155.24724413170307,151.75477970847894,151.07349931742178,151.6216478222516,153.13062068053165,154.08994466214762,153.53171612755764,172.606465538343,168.7657320510942,166.0806528471965,166.26587280053835,165.99297605513263,169.23148830136515,174.0553071969538,175.81046685838055,177.34523804058995,177.73617986366767,177.4297479085605,175.79301316577647,172.33550123387576,169.28481322564053,169.30290315187054,169.27763897930626,173.5273234996565,174.19789474934572,174.43374275607093,174.33892020574564,-133.6208359072036,-131.19703767724772,79.83546611008872,0.43098623,0.60492104,0.53485084,0.55310106,0.13969135,0.0,0.31284505,0.098312855,0.4715454,0.059584215,0.28452054,0.22926053,0.49008548,0.0,0.37142774,0.4337558,0.71584666,0.32072946,0.062992744,0.46464533,0.14355479,0.0022068443,0.4547309,0.032476433,0.048252415,0.10986709,0.2089116,/content/data/frame162.jpg,0
378.5644802517361,131.57465171813965,40.450412326388914,68.56342506408691,0.9363250136375427,378.9964655676201,379.0789882723596,380.13197602322055,381.7421900316201,383.5434065242981,385.0004281838252,386.7309382520828,389.58635379308544,394.47909075142417,399.33511607893956,402.4308589215892,405.5606063659125,409.8414492996002,414.3035209692051,417.7688174271307,419.513693875631,420.33422775835913,389.3718634172991,391.2224218914798,393.7884305153826,396.3937523624346,398.34759478755984,404.6045052480147,405.70782559611786,407.14806318451303,408.797139244537,410.01035909127114,401.084077591356,400.8728802772979,400.3681223256875,399.80662465077677,395.86191185923167,397.15831890789696,398.937589829117,400.77471123831555,402.61531941875586,391.6240062330078,393.8612162520484,395.70278071996006,397.49854882607053,396.051011576644,394.23065952646226,405.51116875566265,406.67455376504347,407.89016678247515,408.8982359943932,407.58656267445446,406.32194850618293,395.4081264818635,395.22921735606906,396.93601149503706,397.8218254837904,398.47499189489747,399.52349980675797,400.1825829400916,399.41492930251025,398.2498474958726,397.35328385513355,396.4538734201529,395.54176642997567,395.7444748537111,396.94793811621827,397.60086668146704,397.99289060030065,399.61648037320344,397.9529374001513,397.6373429184513,396.9163732736061,153.86818757239448,158.5740144664284,163.642720579592,168.96365609539225,174.6828877950305,180.2957509036243,186.04862430610095,190.28614496531713,192.07172983586725,190.29647287000773,186.81621909522255,182.89918224390607,179.07334579312686,174.75297631062324,169.70257206844985,164.27488544661665,158.90753566018753,147.89052531367076,146.24778527114933,145.09685651908768,144.47061573034713,144.36447885511308,143.7051100615476,142.994171627075,142.93213063835654,143.58592108833912,146.34546881033856,147.97580408794312,150.50411536932128,152.63771041483113,154.89525257672423,161.58972095176404,161.84490748950435,161.76457198585317,161.59109898653043,161.0660849046614,153.66129109993835,152.51197577648222,151.6362837228103,151.81210330446658,153.95753179442966,154.5476371768488,150.80996307487095,150.34581546454405,150.9093752875661,152.23532916707705,153.33552319075463,152.71958823853228,172.49648606494867,168.6058574599565,165.63117080310363,165.768851678787,165.52873525078752,168.79171560804284,173.6326683737982,175.950042255149,177.91762089159351,178.2929514640041,177.9502229383092,176.1076776627346,172.24453619249596,168.60436663230885,168.60364083463827,168.58646689246044,173.15847729300287,174.86474424785212,175.11022569376777,174.974221999188,-130.42108184376565,-127.47995165489472,81.41151892019685,0.4888412,0.44054434,0.40963584,0.5179674,0.16010927,1.0,0.34469858,0.49825287,0.47665957,0.23863456,0.17486371,0.482264,0.4220957,1.0,0.32968685,0.374124,0.77031344,0.78391254,0.028115986,0.76122874,0.16802016,0.0071714516,0.35150483,0.052779116,0.103997074,0.077819265,0.23870812,/content/data/frame163.jpg,0
378.3572048611111,130.90400505065918,41.49115668402777,70.9269962310791,0.9339379072189331,379.23678936311717,380.16366648381955,382.10768882506426,384.62503928619924,387.19765857098935,389.278032998864,391.57076968224493,394.8695262908105,399.9780813169651,404.7261118379223,407.45141857233915,409.53448681318,412.7030906561039,416.30157834673855,419.18343061884406,420.46967304274233,420.7091281572812,385.6396581058806,386.79565391189635,388.8939490446736,391.20731546520574,393.1708945841998,400.06766708564885,401.29301716108387,403.0615282023531,405.31753822100865,407.42499282518054,396.7319326942,396.7369068629635,396.42499274541706,396.1034904800246,394.0685659021776,395.3996189662471,397.1977949252567,399.0685567146263,400.8611801721452,388.5536027712526,390.15857247807145,391.8915211297108,394.04753031749857,392.68073223241174,390.95043680898584,402.18301542423785,403.1521590284211,404.669237379985,406.26283320983526,404.75497774334224,403.2909690291417,396.19666038968893,395.10466673881865,396.07197134639125,396.9780792198547,397.5910307412006,399.2948293941505,401.4627121586756,401.28314999306247,400.52326644734444,399.7397270638455,398.78833421591264,397.3809995724325,396.51854821023284,396.63897585448785,397.31158442588395,397.745245192151,400.6865338347135,399.6531648592444,399.3860309433046,398.62016114655046,159.49588643929513,164.17739347733996,169.17237207281943,174.23181954810144,179.31540480510367,184.10637906760388,188.91805155402562,192.28777821248082,193.4978126168328,191.34704393524868,187.56919192967075,183.19973598271304,178.89124848062997,174.0293625088222,168.41375172753186,162.84795873028787,157.65099996637446,151.17275011840283,148.67771366165968,146.93093575550807,145.79238124700265,145.2961311822965,143.68158093727283,142.721968408627,142.379584019652,142.73926765950256,145.43155996580055,148.25794302703406,150.5529752854946,152.41319772187475,154.31418500588268,162.94793165913813,162.5417695994315,161.93172749755104,161.55244269037775,160.9716824876333,155.7499797072549,153.59874937410783,152.4334393673274,153.0119648721215,155.24030623556436,156.10259018565876,150.8450764340397,149.39279671339472,149.49688899465286,150.8617694501705,152.24796704708965,152.0928343661074,175.06977801199395,170.8561827350216,167.07067035735508,166.8992809463345,166.21751797663782,169.1380424450555,173.63100286783893,175.66905754474465,177.64315065125766,178.35153721878277,178.48540095275743,177.574242814119,174.5808940799187,170.36194161557842,169.94876346673368,169.54166288461883,173.2648928860392,174.18012471923868,174.80779328656405,175.15449868343734,-122.51620702640903,-120.52256127354242,79.3169479540665,0.5389652,0.48830006,0.6015535,0.48658276,0.18638436,1.0,0.308222,0.0023289633,0.47491053,0.11021634,0.21757172,0.16870692,0.49242306,1.0,0.4880263,0.43262073,0.86895174,0.8156118,0.14085527,0.43911403,0.14497623,0.004172146,0.36798647,0.032111548,0.10909446,0.06585884,0.27580023,/content/data/frame164.jpg,0
378.231689453125,131.06340980529785,41.26605902777777,70.65899848937988,0.9261678457260132,377.60063385767194,378.65568374457655,380.43886277259935,382.837261194241,385.36507042983317,387.46089539133266,389.7586701581374,393.0198671442329,398.0303212110249,402.7625870077595,405.42579848587116,407.7742565436117,411.31246423514494,415.216662042817,418.22536491562005,419.5028052091352,419.6898661501939,384.6022486177643,385.49753634169167,387.4741897421136,389.8335036316266,391.9514976369203,398.25756591298807,399.33009732787264,401.0599650237484,403.30418081606126,405.409944321872,395.73026206993654,396.2980705893201,396.5419427058696,396.69607732290706,393.56223167615906,395.21031675111215,397.15798336236696,398.98019891022705,400.72074049656067,387.318056297578,388.8669631403603,390.60497776399086,392.9370964808933,391.59910763404946,389.90400083711734,400.7026828210844,401.4167923731259,402.87125651184306,404.63529379739,403.170019312229,401.74290701781,393.99244454939685,393.4661439193742,395.1193182972113,396.2161793090012,396.9698737317865,398.5391529478811,399.82278935394424,399.86871942803555,399.02092344115,398.0138529950889,396.8379839674243,395.1740346206212,394.3095808955969,395.45919730773915,396.3178946117258,396.86710215865196,399.38805574443063,398.3726261057477,397.9110510984019,396.9268319760648,159.96197695125,164.71203003845164,169.6968152181057,174.88427544136084,180.1624637335076,185.2842532500349,190.49635135964513,194.5289239265594,196.16341394216988,193.77604571272718,189.42705193005781,184.543585319984,179.76252134649008,174.64041343266217,168.81592612766053,162.88365628248414,157.20799191891808,152.4209820021838,149.94019196160798,147.97533189612136,146.54572296255174,145.79268807703193,143.67253857255253,142.86200517768668,142.64274694134662,143.07078662665975,145.55446372212384,149.42981119661476,151.96870116365994,154.13387861654564,156.48659460644092,164.61786277332112,164.38372451710393,163.82818692860656,163.2722627148156,162.4805930965283,157.39480521763187,155.4651785931144,154.1041994395979,154.18962594073844,156.74902221011916,157.8149885759011,151.7395208082662,150.46003114799885,150.5323604014493,151.5847064382616,153.08155784936037,153.00868024500335,177.1003358152359,172.42167447832185,168.7474656541085,168.58079730206373,167.8770381892541,170.80855751325407,175.68379127884123,178.67692300746785,181.32921295277674,182.0794985028756,182.04008293863285,180.44356811852435,176.65526187434125,172.05107518221257,171.6935807146815,171.2238132942523,175.30608616361087,177.84394007594778,178.4985800877348,178.67329934295162,-122.42940923951831,-120.49488223082092,79.63403251948351,0.61810654,0.45355952,0.6260847,0.49581796,0.19885449,0.0,0.34439883,0.43662733,0.50460327,0.14021894,0.28537568,0.3629302,0.39091825,1.0,0.22021057,0.4118632,0.98571825,0.6522185,0.20590056,0.34852222,0.11148755,0.007985038,0.45746157,0.02086676,0.09817068,0.08966153,0.21436693,/content/data/frame165.jpg,0
378.26095920138886,131.55295372009277,40.91655815972223,70.35284042358398,0.9049040675163269,381.6833514742834,382.37203472712145,384.45497951721086,387.03883997839034,389.2305218458623,390.4199396168085,391.25315527304883,393.2056070158328,397.3713129270161,401.3936815412749,403.5622638875416,405.68288598185154,409.4377193180012,413.82884747103026,417.28882413698193,418.6705936665235,419.01079896652254,391.52057733054426,392.7059921237933,394.38674710191185,396.16462272244894,397.6572100726512,402.8581775992152,403.5734551162009,404.5885257221412,405.94406832552613,407.16301654853487,400.32630301181234,399.9837880112941,399.3460993228596,398.7360414961913,396.29373699428106,397.1021724322063,398.5493432202393,400.1754428341119,401.88319212254646,393.3736817588406,394.9810571992234,396.26469968089145,397.96917060355645,396.8466360231341,395.5185380965063,403.7697494681661,404.31970476106335,405.1471813901967,406.2290974464563,405.136971406856,404.303899163393,397.31516556668316,396.3192695006737,397.3204190031581,397.97213446762134,398.37083205266345,399.4040884051751,400.325528079612,400.1744968129842,399.4990226317427,398.826492186457,398.1551971038673,397.4155268346667,397.4708187503629,397.5555631216989,397.95223279974925,398.17303312454305,399.7292328475405,399.0350244287547,398.90308467360774,398.39367242446406,159.58834867388214,163.5252810130546,167.95272530692637,172.6018555623923,177.4551150362904,182.1925624024575,187.13036999862788,190.68685088365692,192.01556774963956,189.81744237124212,186.30570124071392,182.6196104291662,179.3633604194647,175.7371406684333,171.27013457612657,166.48527041694842,162.02498962909453,151.66192447065123,149.78415052863988,148.28943463090036,147.224823716439,146.59942575462333,146.36773863882036,145.81749148834115,145.70950418302255,146.16336285105172,149.10548855811976,149.35120496596505,150.98604017918683,152.077577471596,153.17580484426708,161.10920595331459,160.87649230394754,160.5126364757566,160.56339453487817,160.37563450117113,155.58797253482817,154.1986121921425,153.27770088056945,153.58420166188148,155.34998280486343,156.01103519593516,152.66918033823367,152.01450604173283,152.4763907932654,153.7945454339981,154.55964505303223,154.09921455738208,173.10258756448684,168.62661439957628,165.03450172941393,165.0581245814558,164.70280055550938,168.22390628879612,173.64196553605234,175.72955237130282,177.5398191514082,177.9875085539984,177.81864881473575,176.35708642869668,172.77978804683153,168.02105017326448,167.84511540365338,167.74222554196422,173.199509441828,174.37879522585627,174.737503290145,174.81573621818734,-126.91767159563942,-124.77296255629803,79.72174838846712,0.6142,0.45165557,0.4368063,0.3692451,0.28826097,1.0,0.47949398,0.02537841,0.46783864,0.16098592,0.23306905,0.23814964,0.39370286,1.0,0.2871238,0.40021077,0.9927215,0.57331496,0.15579556,0.8311047,0.096263885,0.0075857155,0.48980895,0.028598651,0.08244027,0.07613443,0.21916811,/content/data/frame166.jpg,0
378.3984646267361,131.40551376342773,41.47637261284723,71.79546546936035,0.9239099621772766,379.5720474538349,379.8471304826947,381.1389315399005,382.9761460162505,384.89407318499343,386.4682467042928,388.33152751603876,391.3841824492521,396.32499316045613,401.2829092623623,404.2662414030858,406.8124283638932,410.53622724340505,414.88348705949915,418.5240441547775,420.3020034214872,420.8964144645835,387.5251451978291,388.88520092345806,391.05620417063926,393.2970899484029,395.07722140972885,401.31120427970507,402.62706637207594,404.48425168734536,406.70987818307015,408.50621123781104,398.0382230816838,397.8980728796296,397.4784079608812,397.0031158596709,393.7948280606486,395.22799379751336,397.1701411929889,398.98501236254066,400.66759790700013,389.46537972688725,391.1591857092585,392.95814028965344,395.0753855714893,393.5598818476783,391.7513475295605,402.83350702401725,404.0613156386429,405.7328887212708,407.3075038687901,405.6666650291379,404.0077656493778,394.07561630988374,393.7353751453517,395.097931719156,395.87859689637605,396.36666797229736,397.37402707703046,398.66912494024973,398.4155712871085,397.92178215278227,397.26530950676477,396.4284856526553,395.16099725599565,394.4110560513276,395.3690683377022,395.9261309849484,396.1900269547735,397.8227572949004,397.3512857913131,397.2471051807248,396.6220035439536,156.538227496179,161.4734973137872,166.80366492334807,172.25000386318783,178.0620417803503,183.63040362438227,189.1996179135828,193.28076078072286,195.12446102965066,193.29617155151152,189.54979314545594,185.10365996022972,180.77524637165794,175.88040864462107,170.08856751569982,164.21175403614865,158.87319292280435,149.04102872580978,146.70925226574883,145.28533632924504,144.54335598676133,144.47779216935228,143.81493517119114,142.9221516296518,142.72290926093376,143.24222039819892,146.27218154640462,148.2917011789589,150.89905364821814,153.04608572644182,155.22519747314828,163.26118780696953,163.20878553755497,162.86494202190391,162.6379733605565,162.19211886132754,154.38116121398292,152.68978161921504,151.8205699839112,152.6086991915683,154.67432018858622,155.27601039449252,151.50996412701718,150.19837453091293,150.51688861406973,151.99657937037645,153.41684031983965,153.07434479730156,175.58751670103447,171.49019278132693,168.0335224875054,168.05168573185045,167.54149729845273,170.8003951779508,175.62698080417044,177.56719222477523,179.46059618928575,180.0624276135182,179.9810909928844,178.67066195466026,175.22913540061074,171.04657209925662,170.87867121231665,170.64310877392327,175.20978592232626,176.09428508333417,176.65418236752646,176.83969189593074,-125.23529092306933,-123.03427393600204,79.40536717653801,0.5907507,0.47739124,0.4675595,0.43148008,0.19097574,0.0,0.32824063,0.1709465,0.46973035,0.10466836,0.2584009,0.19133015,0.37747002,1.0,0.2898411,0.42197898,0.962411,0.6348003,0.04318422,0.5640183,0.073117286,0.0058330493,0.45462728,0.03390089,0.07169109,0.06547084,0.2953595,/content/data/frame167.jpg,0
378.8089463975694,131.72779941558838,41.24251302083337,70.8341703414917,0.9018240571022034,382.2252926433286,381.72759453494217,382.7262560817521,384.1925361955526,385.3374992207389,385.94976253542757,386.65715613629123,388.6033789680753,392.7494969506856,397.1862698382268,400.1426753347481,403.08888459123915,407.64725492416915,412.92460583980096,417.3576675492938,419.7332116171922,420.941317866973,392.1988999890542,393.8883194328078,395.8536706642112,397.5717510420522,398.6714934260511,403.85271343070985,404.9031465445999,406.2423219767815,407.8447706596115,409.1758701630438,400.3743136424158,399.59585794830303,398.5492449412367,397.471202182604,394.271895649676,395.1367217298335,396.7010833396563,398.3954552428531,400.1210111745646,393.29760121661775,395.07653984799555,396.4998133613009,397.8572153641701,396.6144950960606,395.1631990219567,404.06309796102266,405.06451819240226,406.2064565441485,407.1794033002637,405.8264521778251,404.70301651854606,394.42096341230405,394.1161401668791,394.96511331036356,395.39462960498275,395.66519095067883,396.1956588878929,397.3365586164311,396.478815439907,395.8358316773062,395.44642143788155,395.0722713599332,394.67125893930654,394.69308775926686,395.06753675804094,395.25637112340047,395.3047709648954,396.5579002641314,395.62721027321976,395.7678297226799,395.572229107104,154.06417068163486,158.2832152128141,163.00719781610812,168.08537879884665,173.762665513487,179.5211016326312,185.5036827729811,190.0975993518997,192.42576193569244,191.22188617556384,188.5694755591284,185.59031408144153,182.84933170440576,179.2532381740487,174.51834749384287,169.41079880658998,164.5146276747659,149.36368629511605,148.12997418341587,147.41344829800337,147.1325336521822,147.22382863216947,148.05330859129802,147.694697329833,148.09585921087256,149.05484535113513,152.3474785123744,150.67728626410639,153.2330542576468,155.2409865073528,157.2144871310984,163.57158313413316,163.86339319072948,163.97209904220188,164.18821626597764,164.10739871425494,153.962405873065,152.9281499489471,152.53916529171505,153.68337088192766,155.07356297944307,155.20530093386074,154.29248792826417,153.5008417194092,154.2490304133031,156.11581883549027,156.83443463345554,156.07562665056622,173.52039778391452,170.79595738138738,168.36965757057095,168.7588626185813,168.54374095314887,171.95027308190078,176.22630509524637,177.09748197633698,177.92211333834308,178.04387037705416,177.6144680776651,176.24570961664548,173.29750924346777,171.11659303184797,171.3077604995846,171.38182700045496,175.77234062360066,174.77586018552762,174.84368988069505,174.70029908052857,-123.44853477532217,-121.10549049169676,79.24756824862042,0.5164061,0.44862705,0.842606,0.47269493,0.11135718,0.0,0.30431512,0.09134982,0.46524534,0.031202463,0.13515955,0.32095784,0.38293323,0.0,0.31658113,0.52175164,0.9157134,0.23932469,0.08717287,0.3631146,0.09607388,0.0050774957,0.4953419,0.04035662,0.06783141,0.11208642,0.18323232,/content/data/frame168.jpg,0
378.91468641493054,132.41718292236328,40.41053602430554,68.92770767211914,0.8910881876945496,381.6801133265576,382.7929612230007,385.2768953310781,388.53206866857386,391.7617780714006,394.0583858689938,396.1378550786694,398.96858431248825,403.13106007416764,406.4406468573443,407.68359253500967,408.3535873573878,410.50176728487213,413.43027753481056,415.8819392486298,416.7087209152178,416.21413390147245,388.7475285595399,389.4881617664171,391.021036402459,392.7285300321198,394.09978386694456,399.0543334345982,399.4412891047373,400.4339191280078,402.03518895585285,403.88710475437983,397.4609542219396,397.9823289005492,398.1737274685429,398.3150067025879,396.9102331597642,397.9158761657179,399.3667953868576,400.693005419339,401.87199791974854,391.5264104615201,392.432098279972,393.69249155972716,395.7876162823827,394.976026699954,393.6934085571809,401.5036262383287,401.5812752162642,402.4313367859513,403.78069360899826,403.10465449157573,402.2892859922208,400.76286484901175,398.96967386322626,398.95635521472514,399.3900309191122,399.41920228434674,400.07901646295113,401.5752112008445,402.095952362396,402.29169187801335,402.2525370727585,401.9720985450185,401.39610089173993,400.9638697048472,399.74217273162003,399.8487860108489,399.64278696995643,400.93304675817717,401.10001424616075,401.5527349030408,401.4501544405707,163.3436421255269,166.90538841819352,170.61406629748944,174.38990191503535,178.10883931960643,181.66363417996263,185.44385758102362,188.00169379572026,188.57696179511095,186.07806978233157,182.43594323974366,178.4094715117035,174.77280258299334,170.74267272532597,166.26348280545267,161.9158056037329,157.9311977675111,156.6743516902718,154.34691355086784,152.35832815603362,150.75492359755708,149.8086635718721,147.24098442482955,146.1066708998194,145.60797218781386,145.681302403548,147.7631873592038,151.62800131032304,153.99687442338154,155.89386853490873,157.68997813624583,164.52672906886824,164.0430819333476,163.40948352872238,162.87041967342498,162.0493938913919,159.76096018938074,157.70918578183546,156.22027279253962,156.27337729830674,158.68355227248617,159.9129254018178,153.07998543173153,151.68635390097984,151.42174097445718,152.16211535140792,153.73855229659512,153.89375904573012,174.23754722518515,170.72154234313984,167.29671461651924,167.0351682083633,166.28768217105244,168.66419939460548,172.025172545847,172.98089588665243,174.285482527564,174.98337675096673,175.35162518004063,175.2785069583415,173.606490283933,170.2522960117176,169.72885808883711,169.2401477469457,171.7204089351144,171.21337836452403,171.83886429974018,172.40882258806823,-125.09298723899504,-122.58985880555947,79.49719060405175,0.43991113,0.46959162,0.49907544,0.5492736,0.16406743,1.0,0.52702147,0.5115207,0.4802531,0.1310939,0.14663966,0.6079491,0.48024678,1.0,0.31119293,0.4677416,0.7770662,0.1849735,0.038047656,0.5522737,0.09120047,0.0041190954,0.64251834,0.034471765,0.045672406,0.07887987,0.10313807,/content/data/frame169.jpg,0
379.18701171875,131.73998737335205,40.27870008680554,69.06822109222412,0.8621236681938171,383.5062334335234,383.66043509271447,385.3678452403659,387.83521505160337,390.076141005816,391.4481252466386,392.5376271053825,394.61613841077104,398.62957079197014,402.5284634612074,404.66743225058326,406.3710261368865,409.5601263062812,413.44663156408706,416.53696343168747,417.70089103197495,417.71274737791134,390.27140514310014,391.28844002745194,392.90790325904817,394.48737355375766,395.61170095861763,400.3980263007616,401.10806827788326,402.2892073403551,403.8973675221586,405.5315227424277,398.0137101928086,397.6178934939383,396.9275058802783,396.22043539985697,394.6253962408897,395.4317759688887,396.90538638489073,398.5637458413745,400.1849628241405,392.10538919383885,393.2132510982796,394.4511647672823,396.27769661058556,395.1884244685442,393.94084046738715,402.08423581983556,402.63374781312257,403.62314506108225,404.8730756307059,403.80146450396563,402.85364844923373,397.2493957921631,395.71601704228135,395.9545741327378,396.3691979603497,396.58759185249806,397.58252947211093,399.35981548855295,399.21977475253965,398.89921373942855,398.58065842483836,398.2516571754638,397.72721888376014,397.3846495285046,396.50420715955624,396.6399919613928,396.63603737600863,398.56809316821784,398.1481982068084,398.37923145773937,398.2239454369095,158.88670136311413,162.61810585549534,166.82724698695117,171.27416219601724,175.905823975493,180.5063282658768,185.26752062470766,188.66955582697588,189.99860774514838,188.16436186677026,185.02765192598198,181.38679039540168,178.11214174993174,174.25883920089194,169.6815931091201,164.99066689046683,160.70807569593504,152.64350775345918,150.97971907856532,149.8006326459837,149.06519832798162,148.86304021954987,148.22639396391864,147.44355402274752,147.24585933454642,147.6014632601158,150.14775187399235,151.4542125130119,153.91566897171356,155.8752314864952,157.7722838873993,163.98793125332872,164.0171917270709,163.87827981399363,163.73453149980313,163.2552313051082,156.47946792649492,155.14113594755509,154.31345184795163,154.81310543650406,156.53377493102772,157.16678277049974,153.8496637058568,152.95891372616,153.21467239851253,154.2834849335974,155.39442454783753,155.10691556909617,173.66319614162407,170.66167324523138,167.83059026181851,167.9015949535451,167.472513794107,170.2917651323042,173.99401289397017,174.8822508103717,175.9456761182717,176.2908835104981,176.25728559020087,175.49210666433083,173.24835247759793,170.57302235863614,170.42089555998393,170.25824131416903,173.63297233977454,172.81158445387774,173.12208733351946,173.32652531847188,-125.0096308278966,-122.5370806907908,79.37746367299337,0.43461388,0.5209954,0.71188265,0.5000789,0.16602322,0.0,0.3311574,0.03935982,0.47020164,0.035660688,0.3476413,0.3578354,0.423702,0.0,0.29980415,0.52075946,0.26589388,0.29796156,0.18420307,0.49519575,0.08310308,0.0038923498,0.6407377,0.034484968,0.047775783,0.08010016,0.1099059,/content/data/frame170.jpg,0
379.62787543402777,132.13587284088135,39.77926974826386,67.99502849578857,0.830721914768219,383.24662907096916,382.15047837611326,382.3834320104302,382.7953022258403,382.7266263885103,382.2762868102165,382.4784989979105,384.33281712488105,388.749019738102,393.9246761483532,398.29183397143504,402.8077335131559,408.3280530432812,413.9148258445118,418.38360892762114,421.05815369088805,422.96784873321576,392.6097145381773,394.76137992769003,397.33701806226344,399.64872767349254,401.1995731064984,407.5092343564861,409.0180212496414,410.7060189585869,412.4132464855909,413.4062958835501,402.90547779321105,401.51520669071476,399.8974167848778,398.2158387420519,394.53361552348645,395.3917862772567,396.94406640837263,398.8401634306469,400.7996035903268,393.6741316561917,395.81127011941703,397.65160845073535,399.2856615107421,397.5254960551681,395.6785337956263,406.9836922803073,408.5495898850104,409.9493543119503,410.8971207468488,409.38464254567475,407.91681993109967,392.5795007686558,392.67573739984954,394.06052017415186,394.7242261100225,395.37790131758123,396.17879114138384,397.1528806390647,395.42366089221747,394.06958308916245,393.2922150192899,392.6992567220879,392.3051329927919,393.0578072333292,393.94261230642087,394.37618293866876,394.78783187013306,396.19110036482994,394.2997135294018,394.02803034118796,393.5813407321539,151.89621091424868,156.16775948259846,160.94085905669652,166.15651193222658,172.31132062230301,178.7835842336881,185.26461166200318,190.06356498238313,192.58053612271306,192.1890143035489,190.57185177417364,188.28983068705622,185.7834276789066,182.11471007610953,177.2635823783571,171.86743961719628,166.54176728184893,148.0302247530081,146.9500794530005,146.54755909222303,146.7300770087416,147.34299219982393,148.73031609196528,148.25577388606206,148.75855775950834,149.94433088410136,153.47922276522075,151.5489750645433,154.11026135463254,156.27541290637998,158.46320350796606,163.70704941720493,164.43564990979348,165.0170503762884,165.4106269749492,165.45324237220183,153.50578899717425,152.81119084979446,152.64693493803293,153.7804169640513,155.09661873700037,155.03165122953112,155.22571968168165,154.74817433651413,155.77779151443826,157.88463109893218,158.47477592882342,157.45389338752875,173.73477458990112,171.02729985747044,169.01080977853553,169.68456832794357,169.7129072631551,173.40074282619184,178.3171419928775,179.00307359099577,179.54979083860258,179.38088553228772,178.73557777590997,177.0422011648975,173.58787609357978,171.79013127428868,172.26145148867352,172.603595375934,177.6744361466316,176.46754864290335,176.24084202459449,175.80444090319384,-125.51196731068205,-123.0023700478905,79.06791488961898,0.49856183,0.5132375,0.74425024,0.4884255,0.09965914,1.0,0.29229224,0.15132786,0.4658732,0.038011704,0.21687086,0.2919372,0.43192548,0.0,0.38674825,0.52175164,0.30293092,0.24781573,0.012358639,0.44105303,0.05820723,0.0026866312,0.72504467,0.02477837,0.043826025,0.057490386,0.087966725,/content/data/frame171.jpg,0
379.77362738715277,133.33006954193115,40.3255479600694,66.226487159729,0.8488950729370117,384.7176947195146,383.4805476030227,383.7133300965125,384.23000136262436,384.28275844704706,383.701412087587,383.28825128691216,384.3226004077276,388.0696134138113,392.83326431838435,396.9199263681817,401.54079801002354,407.394098828417,413.34341635623787,418.0796217346924,420.97522895172176,423.13808230599636,397.09163380281586,399.1338220536075,401.2950909190166,403.12118473094665,404.21179149604006,409.06350113905694,410.1971993696492,411.4780111150262,412.78083517657046,413.5508257118861,405.02064345632573,403.5567983783253,401.86590954602957,400.093048875715,396.25882503404824,396.91218866246635,398.2218409473278,399.91209029981235,401.7520679289763,397.14445957210717,399.2027982407968,400.6695233463913,401.8596663283174,400.5074175826999,399.08698844699137,408.125010041938,409.2966507413272,410.2423798025312,410.9606814215532,409.5991720608922,408.60882151953,393.52494699815486,393.7484854557074,395.19114480440766,395.6716096709878,396.13068038521817,396.55640814840467,396.7245534436462,394.82356470360776,393.39910447664505,392.7249269645948,392.29471573739875,392.4210011578889,393.7802178650046,394.85052469875853,395.09883944632884,395.312243333096,395.9630585160443,393.8909236625393,393.74357567182375,393.46701960103655,150.75910974566204,154.8060269409724,159.52133790870744,164.67868337481417,170.7467286191345,177.22287803673385,183.82305811637798,189.01684208950348,191.8149262668835,191.36293246256355,189.79139424747223,187.73999985584328,185.57430436907453,182.30445461899023,177.75854895856912,172.46779142474315,167.1705633026055,146.63385153659414,145.9776363019069,145.6870057541643,145.83489138161,146.27975498603524,147.85148741351367,147.54743844773304,148.14194151219726,149.36924300804066,152.78807971191213,150.50455651726708,152.84335682047964,154.72427063133438,156.63428787892923,161.972764817332,162.73323894567972,163.32443803111948,163.94008419289645,164.22717273301822,152.25217668258983,152.0351774982176,151.91041972394305,152.65565528523462,153.74621231300938,153.64284869108457,154.16747792818006,154.1446863940207,155.26763899534131,157.146508839244,157.31602546341395,156.2569545267869,171.66861692560008,168.87063695974484,167.08888041472358,167.85165193350406,168.07677251147834,172.07346922561703,177.30589672688802,178.0898658171874,178.67161244364036,178.4197521357836,177.56548763512887,175.362678634874,171.57277548100978,169.89997208515183,170.5050526193818,171.01000008895528,176.61781171316636,175.6348696638389,175.25528865858246,174.66924093828834,-125.85956876338093,-123.27392878450847,79.64283302476976,0.43438512,0.42948374,0.7471705,0.46008065,0.103443906,1.0,0.48074555,0.5470213,0.46658164,0.035170913,0.18435897,0.42632377,0.39635321,0.0,0.46473375,0.52223456,0.4872685,0.18339343,0.046895456,0.82533675,0.048389625,0.002160997,0.755918,0.02427951,0.0385739,0.06384869,0.066829205,/content/data/frame172.jpg,0
379.83314344618054,133.68197536468506,40.272705078125,65.74734592437744,0.8726423382759094,382.7308734539191,381.7956405699381,382.0026050795066,382.51839512634194,382.7621317467152,382.6994294077658,383.14813427694463,385.01711166674056,389.437044613864,394.7913075425738,399.2428491274328,403.88508651959955,409.45482334268524,414.96288064594046,419.3003343998413,421.98142311609746,423.9632045225094,392.24921876891824,393.9958505329388,396.2349403113427,398.4017132510798,399.933501271354,406.2640415220656,407.8742174590869,409.8428080258278,411.80632917183243,413.0453228749605,402.1501830814754,401.06196467301083,399.7409150121576,398.3096313146814,394.56090284037066,395.6333298621632,397.25481794350833,399.12852616564265,401.04582059009084,393.0099187389781,394.9556851558641,396.67904367014074,398.39667909996825,396.8274488460184,395.1522850983614,406.69918404485895,408.08392124284734,409.45903688719335,410.6948140005407,408.9982086723205,407.57601983542315,392.0708014936537,392.3568052323738,393.99619617526173,394.7493249325336,395.4409904903403,396.30991177710195,396.8907107963478,395.0026878091659,393.4549226488624,392.5821734321571,391.833373433501,391.4516502844126,392.42066206370794,393.85796746178977,394.3852389471479,394.8323637371362,396.00524335294364,393.77537775707617,393.3839084350045,392.7927307408375,151.8135048254519,156.36619969420502,161.3995066860291,166.81826835324424,172.99991905856444,179.50895182640687,186.0745805854936,191.23756458243255,193.93348064894994,193.3551246390478,191.32474639229366,188.45894359709393,185.384838397892,181.20232645699642,175.93821268924657,170.09737001695152,164.30359818589946,147.84209804807506,146.69880964746534,146.00689602663093,145.80106484767225,145.9938109958343,146.77265013392304,146.41186891238004,147.00101154919673,148.296791699543,151.64423178824092,150.282786650463,152.86488528647885,155.07165162941806,157.39423871754678,163.0823803736649,163.7510524874177,164.19652195634922,164.50009702213904,164.47674617922058,153.62988109683798,153.03081241195156,152.63860242775934,153.0736932217697,154.6691922922622,154.8638359462379,153.85671651301251,153.68998053747796,154.70381295595485,156.4257136590735,156.96085732468453,156.00963319282428,173.81104988945555,170.57495835752394,168.49905407909253,169.11895300437916,169.1452077130719,172.84137504121415,177.9116657615917,179.30941980243546,180.40680361072847,180.38079343810097,179.67856110070753,177.52016822382024,173.59504459939947,171.47158746151956,171.90849346555237,172.18868477010727,177.25014397643776,177.11477915649863,176.99679050503875,176.53697335274316,-131.3015612441555,-128.62943003520203,79.51865481513713,0.59828466,0.5040845,0.8753389,0.4226166,0.08862038,0.0,0.5048156,0.01022033,0.4705972,0.031136028,0.33571896,0.4507822,0.40330133,0.0,0.32178319,0.4603211,0.3621872,0.36889452,0.09111453,0.8676008,0.10741109,0.007066794,0.584947,0.07049865,0.045827545,0.07582312,0.108425885,/content/data/frame173.jpg,0
380.62546115451386,133.69024085998535,40.321994357638914,65.94569206237793,0.9023113250732422,384.35000252902023,384.4019604775318,385.5388539738526,387.17123824002,388.749523128905,389.83395397874403,391.02871321990983,393.30876412754606,397.71650139905785,402.39389360756377,405.67173240228567,408.8343066708601,412.7881577374426,417.0474454120654,420.3780746711095,422.11106127986955,423.1211788911992,392.830609968816,394.2364272975947,396.37800936446286,398.5558966675612,400.21070461737656,405.9767539316215,407.36265927459453,409.14143661134244,411.11367364199464,412.4871832254753,402.7742189041355,402.04026541857456,401.0653304442517,400.0831386678059,397.50102366660315,398.53864495890696,400.15749199914467,401.9419247832409,403.7516302002748,394.401656922792,396.20714080072935,397.96498260532087,399.8139624863629,398.2529410981408,396.4935851996387,406.94750981807897,408.28479435098825,409.7132829955965,411.0607039391409,409.5067719065189,408.0454118585992,398.05472214954557,397.2727822639862,398.2139119079126,399.0062735707164,399.66458367919233,401.02218584300476,402.4205576975221,401.483031691439,400.3367989242678,399.4354625927301,398.63053772391106,398.00601879542126,398.38528281121455,398.48244188728154,399.03356971233836,399.5355767461647,401.59577744453895,400.1497446494619,399.70775893966174,399.0224451313784,156.81948996884284,161.0543917695784,165.75206387455978,170.57962259641408,175.7206412089938,180.67070003350295,185.520823943109,189.00299938051353,190.46961866429092,189.16236601901028,186.73456124299537,183.70148681341016,180.65119133439316,176.9258882626525,172.24376274187466,167.160015556904,162.29601481151917,150.6497435968828,148.86537213123154,147.6671483979245,147.08470099789452,147.0045011886673,146.90745531588334,146.23603838979346,146.33438256272973,147.17199016272184,150.3787349372957,150.58682143872886,152.68208449562167,154.34709017451712,156.01291186041112,162.52264306735287,162.6973298834871,162.73192292006138,162.75521685394767,162.54825295173794,155.46890640857862,154.18763627515636,153.5435001610772,154.2364834917862,155.94004196376045,156.33708125339206,153.80920477517373,153.02746771216312,153.59448408967432,155.26641639445052,156.09723415586222,155.51537399786298,172.7203013954197,169.0435295144771,166.3244668416221,166.52718797911973,166.26566952809378,169.45746675250348,174.45632562560786,175.8782296125862,177.18544452343917,177.4387368692312,177.15144580410083,175.68671324170737,172.34654188926402,169.00226220100717,169.05950061099202,169.039548532357,173.8666497242757,174.306302974765,174.47800877111263,174.34147617816484,-134.41997432813915,-132.08336091777127,80.19086040972037,0.65801847,0.47508693,0.42316055,0.44567013,0.13302921,0.0,0.3125059,0.07914406,0.4714764,0.033724565,0.20571737,0.3944341,0.49064383,0.0,0.47226223,0.4608913,0.84244335,0.69263595,0.07671389,0.48783785,0.091552965,0.0047140643,0.65602374,0.038199756,0.047697585,0.062168412,0.0996435,/content/data/frame174.jpg,0
380.6601833767361,133.72000694274902,40.37318250868054,65.84751892089844,0.9000574350357056,384.3471690639759,384.40985390177576,385.5506407093155,387.1730238763583,388.7347356372222,389.7987294562705,390.97397773555457,393.2371384595879,397.6148874931525,402.25758293402106,405.50382813951944,408.64841741962084,412.59913291316553,416.86470672419745,420.2120144226152,421.9626732004861,422.9925046189197,392.7452182588844,394.13296481791406,396.26379009940626,398.4382256033417,400.0938315695761,405.84243317568036,407.21575367376244,408.98256229263535,410.9433997828288,412.30475743572424,402.6651344625785,401.948696619564,400.99150416227747,400.0254478960771,397.45062444135147,398.48221260831053,400.08547406218094,401.85495783698536,403.64727934262044,394.33904837516184,396.1241215269614,397.8730047171806,399.7108910046103,398.16630636442403,396.41542387192857,406.8218934802277,408.1407406446764,409.5587993578876,410.8882294015231,409.3565566275098,407.9060804877554,397.96328652008725,397.1933125899717,398.1361731819421,398.92076391915873,399.5753693948374,400.91289790788176,402.28712268402523,401.36052967759605,400.22762704440373,399.3374853924321,398.5418337331994,397.9177099638388,398.29530021694154,398.3988612489835,398.9441762433409,399.43788616104086,401.4624022529453,400.0447532907307,399.6131606821515,398.93581402616417,156.78569244285808,160.99496787989847,165.66022317448514,170.4557416077223,175.57075278351113,180.51370150921974,185.36981599213067,188.86810986810488,190.3377736579736,189.02647627338084,186.60031707389788,183.59102568894485,180.56456715017083,176.86566012824187,172.21227348321045,167.15726021483607,162.31037925869222,150.6416481566117,148.84249746770075,147.6325027748873,147.04356578363277,146.96789372315487,146.87724455728585,146.21145335037946,146.32640734403813,147.1779028833409,150.38951706495845,150.54960725028886,152.64886522081125,154.32291704656274,155.9979155384097,162.46131833843302,162.6365504715095,162.67378835948912,162.69280410257616,162.48164811057796,155.43260987618032,154.1431399742716,153.49884656533942,154.18975503735618,155.8977667431149,156.29729044898704,153.76940938716507,152.9896532407296,153.56003133770938,155.2373988496858,156.06452833403856,155.47994553584505,172.62080464633436,168.96296691969184,166.25835130447268,166.4583380494787,166.2010356176621,169.37974491034402,174.3696972561167,175.7916697978122,177.09983517766122,177.3544506790924,177.06986212775263,175.60554393996534,172.25480281078345,168.9316233233465,168.98552677340996,168.9662025396301,173.7837674603943,174.2251823184368,174.39825737155442,174.26626103328636,-134.62851430923826,-132.27292986794075,80.14948629730078,0.55025166,0.47158995,0.7063933,0.49302688,0.13339359,0.0,0.28109014,0.0011491358,0.46805954,0.033337817,0.22533908,0.19987263,0.4052293,0.0,0.32200038,0.48017845,0.6554617,0.7408464,0.054885767,0.5944728,0.088455014,0.0046522086,0.6626316,0.037183803,0.047693454,0.061745085,0.09763888,/content/data/frame175.jpg,0
381.12301974826386,133.4853458404541,39.92247178819446,64.90254020690918,0.8627452850341797,384.5751277834521,385.1683557467312,386.3771963203401,387.9475870097873,389.514906889607,390.7676277776594,392.40847532745755,395.18089881678907,400.063653243481,405.0719766271197,408.344340921952,411.2881076967752,414.766121071729,418.20026109552634,420.8521222313628,422.3455662768472,423.1293260238727,390.310406738746,391.55485059948785,393.9711762268095,396.5599731921391,398.5688583202919,404.7129402579379,406.3672083831453,408.546248395785,411.09371593085905,413.0840044401638,401.5894556842924,401.37743983863174,400.9046697795407,400.3225668280113,397.2425819091126,398.72897678691834,400.63457083477215,402.65437903934765,404.5562616551573,392.7449645728888,394.3319069958614,396.1755556413419,398.36421659570965,396.8131095694413,395.0139099068539,406.76799662200233,408.12632040168324,409.70492080666537,411.2639450904088,409.73884594159824,408.1077191406438,398.0836518303737,397.2142854312823,398.43793691663217,399.4399237614448,400.17494746179636,401.8943965968003,403.82376562803654,403.0689360179708,401.7509273497192,400.74185187860076,399.72396784925365,398.5237896048436,398.43617056279504,398.8279297393307,399.57396471774206,400.14664634177467,403.12920558923986,401.2823654371548,400.80441701352936,399.9377802229958,156.23455794682073,160.9324022835817,165.94307925827283,171.18479113689233,176.6201520308,181.86940747048487,186.98690359095787,190.4271063167561,191.68212276846808,190.04313209523988,187.0418996327682,183.1127766639119,179.02897123458766,174.12870181964976,168.51451442767348,162.55542846049977,157.00518261320957,149.8082191650645,147.74512484654787,146.53624017212047,146.14048406876796,146.45132984876827,144.90387738769914,143.5012415697722,142.83312925607078,143.0713816071169,145.90806695234286,149.60367492650212,152.42866659152884,154.90708152915803,157.55281497231363,163.79332683133256,164.07862198973044,164.06190081621807,163.53949876750815,162.66507470085935,155.27462935631735,154.0818298751771,153.1948161853841,153.387216451179,155.4807589032513,156.11971941535245,151.51749029536938,150.65987792496574,150.79352429499187,151.70435706898587,153.1563393817591,152.985095903383,173.75561353702489,170.40172771858056,167.82143524794128,167.9374204006915,167.4617350453857,170.11114510414978,174.32830676653606,176.61332336721404,178.4925985107846,178.88640953593008,178.6660447089918,176.9456485669372,173.45585331014712,170.79811980215828,170.71745244176842,170.48544035654513,174.01805054484672,175.2297924880961,175.5249894408032,175.45566759625572,-129.0268803369416,-126.7865234693992,79.8103861671584,0.59489065,0.61383414,0.6531024,0.4442905,0.18841766,1.0,0.3350605,0.73462516,0.468026,0.12697648,0.17823763,0.15581065,0.42514378,1.0,0.37928313,0.42325523,0.95552975,0.61481184,0.35883927,0.54930353,0.22420736,0.0025792185,0.39742202,0.0886503,0.051559668,0.1185977,0.116983764,/content/data/frame176.jpg,0
381.14548068576386,133.34115028381348,40.06019422743054,64.84283638000488,0.7942526936531067,383.47092328800153,384.11834924246,385.18891592614057,386.48587113226483,388.1181596268702,389.7563962552535,392.08708377588545,395.56223861459733,400.8023056199973,405.94774744067706,409.32809621574677,412.54369212049085,416.19915773577236,419.72290175462007,422.3450895716591,423.75756379694377,424.57868917148033,389.0077592681491,390.3378848857974,393.15847832847777,396.2085491490374,398.65478351635625,405.31517210949875,407.1452308345583,409.65897014311486,412.5326724200181,414.63824684650183,402.0542729917,402.165685131749,402.0742392419252,401.8997119529354,398.3432126164997,400.0695651073754,402.08336203267856,404.0342339638049,405.87489033851944,391.59472439358865,393.458060202357,395.6544752699643,398.1743899704314,396.3398765221799,394.1807897623398,407.5320937451364,409.16370974118604,411.0378333543734,412.80426907813444,411.05808251778416,409.12703306132977,398.4567210968744,398.19341472267854,399.76541951915897,400.92766630767755,401.73363727510355,403.2958444633144,404.7931462650496,404.00707893591436,402.7951576937285,401.76834283850326,400.5983553597115,399.1889699898624,398.916401687281,400.0547168030557,400.968656254133,401.573809876959,404.05970542634543,402.35814494257295,401.8290439495249,400.81395375877565,156.1356288957711,161.03900833973623,166.2003953330697,171.57960924654358,177.12307513486698,182.48915909377922,187.64890194409185,191.16346751713337,192.49856730513392,190.79265645139367,187.8084464290509,183.98289897212936,179.84537711621783,174.84760902150725,169.07503910795108,162.98955793534793,157.26002561040156,150.05504768678304,147.72353693516035,146.40667577178482,145.9490486209339,146.21745438935102,144.51322362251997,143.04663993154068,142.43282962902936,142.80151188899592,145.69114426530945,149.83197063998645,152.67125258563613,155.19315927320469,157.9015729998983,164.33163779456544,164.5782731614594,164.49323224063937,163.98847569531074,163.21759060081249,155.83418489658055,154.51434618787525,153.56829840919994,153.82036710063255,156.07361757204598,156.75542675438948,151.91140806225548,150.90999741971515,151.08709643594077,152.1875939432749,153.7038903507703,153.49665876132437,174.32197023654118,170.84713773334397,168.23557539348636,168.3051071062336,167.79869714204196,170.41529626418637,174.75950243485704,176.893581524264,178.79251337727823,179.28337703002853,179.13032563457364,177.53019648469808,173.96083387416263,171.20824626819604,171.1275557173438,170.85823164055392,174.30340927640145,175.58341056203824,175.9749438591383,175.9561185374974,-136.81443723567617,-133.97769652055726,80.61414619480121,0.49924964,0.5406477,0.40238583,0.49922842,0.18533996,0.0,0.32294267,0.22472407,0.4684796,0.093314804,0.20253994,0.2624071,0.42020854,1.0,0.42958188,0.42197898,0.8316335,0.69032043,0.18955249,0.57486236,0.1725466,0.0045046424,0.38736945,0.18082897,0.048814636,0.10163665,0.10429903,/content/data/frame177.jpg,0
381.71815321180554,133.24208450317383,38.21527777777777,64.41040420532227,0.7932894229888916,381.3461009332783,382.0999521034075,383.3944728403061,384.94188283698463,386.8314287253229,388.66217558606047,391.0645970637713,394.6406264930721,399.9076681356015,404.89252466185064,407.95601711562574,411.02320437627515,414.8291779461077,418.58730330621984,421.4546807552207,422.9024231061174,423.6679299637675,388.5504053746195,390.0361369742505,392.8611600504356,395.91108491537705,398.42200333734166,404.8704894233476,406.5423296430511,408.80622811191625,411.4496274738793,413.5028620600289,401.61020473710425,401.7829945458633,401.7304333842323,401.5950431293448,397.74890811446727,399.44405049523044,401.35192760121527,403.19547037977475,405.004714109483,391.2948084097877,393.24099725388487,395.29861999907155,397.5787673255993,395.9201929368114,393.91879391119215,406.6360542702946,408.1592038517616,409.8949706801768,411.4734778668816,409.8027709669924,408.0397491791408,396.78719871921163,396.79674440480187,398.74824510965465,399.97029557281877,400.8155816956073,402.3328020795093,403.4001129251029,402.7478090531305,401.5595278348393,400.48105194627846,399.1967587296552,397.5759478470369,397.0999397040621,398.94102695635723,399.9260684581148,400.5638487905972,402.73603819083166,401.1159298743584,400.52781060260014,399.42834756601496,154.3636038042921,159.39280953050974,164.7049397950816,170.2668058340152,176.001445557239,181.79799863405725,187.53708871069813,191.70788990692728,193.20704167167622,191.10615236943303,187.40217297589544,183.18829641274107,178.81706346106284,173.77944767256477,168.02462011427505,161.95086898905856,156.02921997899927,148.3989922985899,146.29050837149362,145.0145791472396,144.44785013522824,144.56681761853858,143.18277613378893,141.88659227309785,141.36378976962018,141.75709666334194,144.403171535395,148.2192873961672,151.04654486304307,153.55635300014896,156.26753502238694,162.79416028469433,163.03765358609525,162.92237975791136,162.49332837187612,161.75139779125698,153.94741513744992,152.6484901170454,151.72220387647297,151.96417687080597,154.1148516225334,154.776597522796,150.06669083328103,149.14676454394285,149.40649288203304,150.5344639796378,151.87161550881902,151.6024681773942,173.41672083411657,169.58183839503744,166.87958932857146,166.94452486833734,166.4272887618744,169.12434114236265,173.74390934310367,176.19994698341088,178.5244227784471,179.13213097642637,178.9518179511765,177.08295514944902,172.987915922106,169.98467369813278,169.87306933837198,169.61514694079887,173.2416321367911,175.1189073042946,175.59491544726944,175.6063868551458,-138.15905007218015,-135.3452980984916,79.87799321776997,0.47968096,0.51679784,0.7593179,0.5096747,0.19378547,1.0,0.38211602,0.0124451,0.49759725,0.16810466,0.22892016,0.30130166,0.44344565,1.0,0.4124446,0.42197898,0.97435635,0.6425733,0.102600485,0.46520066,0.17078716,0.009767402,0.4495341,0.15999241,0.042989556,0.084805414,0.08212389,/content/data/frame178.jpg,0
381.69414605034723,133.09366607666016,39.9566514756944,64.70219421386719,0.7996912598609924,385.13004293885007,384.23239051510484,384.2330106485542,384.4224683591416,384.557574149605,384.6733655598362,385.5774715365307,388.0380268558074,392.94047332867814,398.4890086125344,402.78318515911053,407.1951523521129,412.31044343397843,417.3825380560171,421.57148397244816,424.2931895197118,426.3443271822536,393.5893342287398,395.54941871503416,398.53326716658995,401.26403406679344,403.10048985930007,409.3641385093506,411.49682834835147,413.95649974606965,416.4277500534179,417.8799359889217,404.89057447894777,403.90522407858805,402.71607191072724,401.43397145730904,396.73848295352525,398.1745569889983,400.19183953027766,402.2431229704587,404.30547856942866,394.57415936681207,396.99305467630074,399.02593542497743,400.83908067879236,398.80204179650156,396.78950975511634,409.62546459607694,411.71957195322904,413.4322694718241,414.72016632184966,412.7087866179936,410.88987042080987,395.0678966612206,395.32207964362476,397.1175996866779,398.14808330692847,399.06846547273926,400.2861900578886,401.42797837658526,399.7710373340984,398.11143064335135,396.90106435808684,395.82035918415716,394.9801176970288,395.5430507775238,396.95994232681915,397.7924460294145,398.5524519666984,400.58239170935195,398.25227266822185,397.56187902456514,396.6322434495596,148.07794720510137,152.97800801533648,158.38332486740984,164.2828348582556,170.89507255266,177.61855015544862,184.3017977576721,189.3156044633277,191.93143379375834,191.5090303574783,189.72230093746367,187.04414819536723,184.12512914251346,179.95817482422862,174.63687448489654,168.6219409988138,162.68716901679053,144.58746360896166,143.37463645831113,143.1059867806617,143.63847315993524,144.57603857572857,145.6192152632804,144.96347041914413,145.2552686603305,146.4473687760068,150.156352227971,148.84619304989775,151.68810267339268,154.13660472722913,156.73692146570139,162.0134565001368,162.81977344807927,163.2831033780896,163.33647419156222,163.05540333347835,150.64139839836463,150.20893167711637,150.17774914590646,151.26623838298474,152.46481519091813,152.31999320510369,152.17964636142042,151.82752857262494,152.79744736860357,154.64413304909468,155.23492817012828,154.29940364128416,171.00387357800065,168.2863238504204,166.57339493874716,167.19475477147208,167.05299411608138,170.40439890260603,175.15457947433862,176.79127825034993,178.0639864587265,178.13666702456976,177.40443288452406,175.00414157851773,170.8781530907865,169.51875115175463,169.92592892349313,170.05025179651528,174.6183491550608,174.71342857086785,174.6680894111374,174.1478668650052,-140.01386001804013,-137.22657079028124,80.32173796987159,0.49130112,0.48379925,0.48945552,0.44955668,0.12750456,1.0,0.5562589,0.0120592145,0.4709295,0.041444756,0.31556633,0.32318786,0.3846257,0.0,0.44045702,0.4151604,0.5201223,0.5681792,0.048823953,0.50461096,0.11651632,0.003912504,0.6357875,0.09218051,0.039375357,0.054014638,0.058213264,/content/data/frame179.jpg,0
381.77593315972223,133.18497276306152,39.71904839409717,64.78378486633301,0.8227582573890686,383.8264517523664,383.6263617489089,384.1327414660989,384.87643831150524,385.82905467072857,386.97660836192165,388.9594508778026,392.31750063720494,397.7391906937207,403.29627275401174,407.14355755029436,410.92210144592997,415.3062649555643,419.6079347507248,423.09256322148383,425.25690303008093,426.6785121191757,392.78688259765636,394.8317564203767,397.9345427416061,400.9464228707664,403.12822245109516,409.8808679411438,411.85654212717634,414.2813745014409,416.88018367757235,418.6523134387499,405.8410391175886,405.38924898924415,404.74019309599595,404.01559866804274,398.9846659948177,400.72918818699924,402.9460579059561,405.0839485699025,407.13530493525883,394.44769936349894,396.9782402761162,399.19488526075,401.34867414041065,399.27926025636054,397.0711806613355,410.81169433843297,412.76687368094935,414.54534697384145,416.0369387944814,414.11256427215386,412.24278397236924,397.6623037530778,398.1322394403663,400.2155775850462,401.44146856416245,402.3923171678349,403.7591049832151,404.98240109179795,403.6556854913687,402.07030300204,400.7742207749965,399.43492236932906,398.085777356727,398.1892431855473,400.1872124065285,401.21903255508516,402.0348552170754,404.1912528683615,401.87355621124294,401.1057108519355,399.968392998257,149.99776295867323,155.4132206922115,161.17260534645942,167.25107566975748,173.76597078088463,180.1126626770816,186.28109623503167,190.64817993611967,192.73212046145917,191.7280214074843,189.22269244231705,185.74914777569336,182.0359482805246,177.25459813248344,171.4948798520241,165.18638120648995,159.11055440754777,146.10804623704846,144.64826359050474,144.12155815975302,144.35828796682637,145.0068932330043,144.88983213606818,143.86031145983682,143.63890644842678,144.3243797278166,147.52316004083937,148.76363789931096,151.76318775974045,154.38151870293805,157.19190713518316,163.20426618109784,163.797448951326,163.97971775465618,163.77544815616105,163.2005731242852,152.1519063161835,151.46715936885818,151.0716176930216,151.84787321307553,153.46480886472006,153.63032221832054,151.40612894065308,150.77857803695005,151.3640341167954,152.78539298623156,153.8596508522521,153.27928952267715,172.90271295880513,169.84188245051195,167.70798603370795,168.1535392053776,167.81918550345708,170.88609078901672,175.40007196447704,177.56314213999178,179.31296064827984,179.6071355602097,179.06081337159557,176.79549139597438,172.7134634903705,170.79894484237235,171.03859967091745,170.97076234125967,174.9543288112148,175.84894749716887,176.01594595077995,175.66403053578546,-140.7878330792712,-137.81757960041074,79.9972018544732,0.4320903,0.4381004,0.31127918,0.39982536,0.17698786,0.0,0.36110666,0.8562928,0.4707069,0.055991974,0.21456106,0.4813689,0.5257655,1.0,0.5557198,0.42197898,0.8666881,0.76742864,0.05863431,0.49771097,0.083421275,0.004386642,0.7110174,0.07325842,0.029089717,0.054402575,0.044423904,/content/data/frame180.jpg,0
338.0042588975694,57.67007303237915,103.35251193576391,125.51742124557495,0.9974203109741211,340.9042242023326,343.9586214350218,348.0769755322517,354.2943890128681,362.0791819533109,371.79950985907624,382.2222848704325,391.91135689426363,402.32728191627166,415.0767370579794,427.4623706815537,438.37788706299636,446.6030903277711,451.26181925640356,451.64283308069923,449.150693836734,444.91001176786415,332.0858594418433,335.91657907481414,341.21174203999783,347.0518853995403,352.3252415178999,362.9475011469717,370.1639963472698,379.3194245744478,389.609437275868,400.71171686623677,360.088945827964,361.1733449280824,361.9667361910747,363.0447431648289,363.31998166212526,367.48002149073267,372.26579841970727,377.4450502283056,382.56472149390345,342.27928100906,345.3564142810996,349.0189478223905,354.2462505556138,350.39179162469543,346.74064854734365,377.8914890819263,382.2462643220039,388.183319768724,396.9094700264741,389.4613141117056,383.50648280796133,372.9949407328039,372.94224160112117,374.0519264089712,376.92741816953253,379.5282504948067,388.0314753456037,397.8789185845029,392.07497557823604,385.66775320207967,381.75144910193137,378.8678190512728,375.9139160102827,373.75820730476363,376.5811480657841,378.8099667165942,381.72580877482983,395.82300605407505,382.6117332491091,379.56108196406797,377.1351218766954,115.3210883892103,126.14119420473163,136.4367371727816,145.9544966189688,155.14236129636313,164.14773615268166,172.06376519311388,179.25051725486594,181.45493001309012,176.38056922749269,166.29175588555148,154.40478891773836,140.77092204513957,125.26911784129068,110.03859296658274,94.78537245219951,79.81275461418934,114.33120208445645,113.0065012282586,113.21781397305972,115.03248657717634,118.24124872382403,116.82146498795805,113.30790524843218,110.1299096987652,108.36989785499787,107.39490556378092,124.11980095221179,133.58566926021734,142.55864357714182,152.14339466227563,153.2893179786499,155.67718117244567,156.29074450406299,153.86038085210947,150.0402953113836,122.57244850908074,123.81728818540059,123.06931962372835,120.88664189068372,124.14800890310569,124.96621903314008,121.11285313787454,122.39787702431568,121.99837810425598,118.34820013025274,122.63829997942025,123.60241578034186,161.83061727875983,161.65837101973682,161.85441717621995,162.42244558519764,160.84531409269832,159.54791892798482,157.00624070469667,163.93502737466474,168.32110338520437,168.8670825493076,167.98036354808568,164.1427625037971,161.50223076450237,163.73830789026402,164.0597277050009,162.81992452150456,157.6161860209702,163.64688791446753,164.42587444887636,164.05640595394084,-55.989542500015816,-37.53721238889431,34.96297986996194,0.27718055,0.436945,0.14899321,0.22000995,0.32665315,0.0,0.3980518,0.0002379096,0.4753723,0.17963026,0.5351901,0.35240406,0.45561695,0.0,0.4624247,0.53591627,0.042713724,0.03858017,0.03750823,0.8714106,0.058866095,0.014126009,0.06375518,0.07944443,0.5529792,0.21622495,0.014604212,/content/data/frame181.jpg,0
341.12578667534723,57.37291431427002,99.84733072916663,118.69176578521729,0.9972010850906372,339.72745084952356,342.81726682464887,346.87471562735647,352.97839841824793,360.96630801047496,370.9362794857473,381.27554406507153,390.5372538142556,400.48012257148923,412.81770429755943,425.29463262155855,437.03712610131333,446.4811308119527,452.2497098241554,453.51546830541554,451.8004541512055,448.46791073275836,335.03913375570363,339.3403722500007,344.9800616017668,351.4076590147691,357.2537534984619,370.5853788761766,377.7979830649367,386.493192947757,395.94498252681973,406.44691435135627,365.5766819744113,366.2980854413058,366.7294367658316,367.41000575386425,366.4858773518386,370.5781500697835,375.1694438900104,380.4174766811879,385.5733050493054,345.18141336081567,349.0172120179965,353.0809281916022,358.46359591007064,354.2673565714644,350.1053978203101,383.06859791718955,387.34357309242864,393.203418438312,401.66950105143553,394.52771199893857,388.65628697963166,372.4347138463018,373.72198895680845,375.79741620157984,379.00280818402837,382.1436205654994,390.7473985694544,401.232954154963,394.76781194304874,387.9459028793822,383.6755502350662,380.38997495680684,376.46695733347076,373.55144770345794,378.056488237773,380.70447684951273,384.13821082321834,398.8099074910741,385.2670379683451,381.7236536559743,378.86542265982445,113.82265989012947,124.4495571052785,134.84833305608322,144.68803320534005,153.75380537196054,161.8151512325399,168.53961360896835,174.5749326057528,176.28485306197595,171.5895416841077,162.4582645613754,152.03223732634063,139.94602110642836,125.6695487101262,110.86240212330152,95.73417852861954,80.59081816141976,109.82079182195584,107.92410243954555,107.30403809410087,107.92725628754911,110.19985209189761,108.44901226184618,105.2306950207558,102.87705423668706,101.70520656731242,101.2055784660202,117.78020854106856,127.16447266381802,136.1506218414063,145.48231900093072,147.6457653469161,149.67034050678473,150.29674650622314,147.76654541568269,144.22610271389937,118.94318468644931,119.50035035125214,118.59424939535187,116.74967703284442,119.90069803403092,120.83984860036968,115.76010310118346,116.44829990195153,116.06147598732802,112.96564944857816,116.85531183959654,117.87046886939682,156.2970463293475,155.8555245878411,155.74239355555156,156.05358454456592,154.43091064536208,152.95509654861786,150.53732186214546,158.2202823677663,162.9026048157679,163.82946259096485,163.34641023187174,159.81013587294106,156.2855260824004,157.95216708472802,158.04432906030473,156.6355650080617,151.40578887941902,158.26624450260164,159.27297995173018,159.24343650340603,-57.009476111883544,-39.980421072914645,38.20531968238816,0.3471489,0.4952017,0.06867453,0.21021816,0.37453237,0.0,0.35761303,0.00028246111,0.47554544,0.28667843,0.5130868,0.2638444,0.4784902,0.0,0.28843036,0.4565363,0.03713717,0.048013315,0.035333008,0.8643211,0.058422226,0.028953759,0.042877782,0.062355798,0.7580608,0.0419594,0.0073701777,/content/data/frame182.jpg,0
346.32465277777777,55.62746572494507,97.19406467013886,114.53686952590942,0.9942860007286072,348.1589471903736,350.41853111732286,353.6466740502067,359.1754894674576,366.40646114936135,375.4260077820036,384.6354604757572,392.94701902732817,402.85419073491687,415.68278304224896,428.5470119211627,440.2850759842037,449.7840082354572,455.8063594479319,457.2711372323531,455.521627337152,452.51707112168197,344.05866470655076,348.39898407692215,354.00751891441706,360.2502536490209,365.89065659305663,379.3274914464502,386.4506727397136,395.015562257496,404.1987954461124,414.0795469368388,373.77927457847557,373.96583817494206,373.9113920474175,374.14032629864744,371.1777966606978,375.44281022069646,380.54293201837163,386.5608552844234,392.4462105041913,353.02150003648626,357.41595217832173,361.7017086806755,366.90853128905536,362.2168086978639,357.85043571674015,390.7028694224157,395.6854970339703,401.635780448697,409.7527018770672,402.4047193556459,396.39090453572015,377.3544869973825,378.4205488920119,380.8048894926005,384.15704155035206,387.80895861747035,397.2566520326416,408.2067300556469,401.06900330655753,393.1771534527504,388.143069908758,384.3204659522364,380.6784615866386,378.52532041246195,382.512114752349,385.47993662598634,389.49426124145964,405.9404898725115,390.8597809336317,386.67902943271434,383.37263964826286,105.17688872234098,116.11054524931512,126.88357914623958,137.27444153413296,147.0555580861062,156.07616562358055,164.07634655883834,171.41996257620144,174.15477042558643,170.6353353854413,162.56117784296913,152.4733491982496,140.66439703086468,126.73556858560369,111.84254559038743,96.3914989419363,81.23055037079064,100.34246828698963,99.28653209407864,99.59897061522392,101.16115093247737,103.83190306848371,103.9994809742283,101.2623874688729,99.2327044863597,98.515807262393,98.74681007323767,113.14481241608087,122.7562579257488,131.87782755705592,141.33991077406245,142.4156436969107,145.4040200896511,146.65298771196285,144.4985316711796,141.17187819481836,110.42659810134845,111.76022511003376,111.69124171899847,110.82255727703975,113.0981080265206,113.22616210707076,112.18586504407918,113.09612548621652,113.13594013860433,110.77331326973459,114.147699271227,114.67771749458785,150.1736434070886,150.32146554447246,151.02348142768557,151.90504828546318,150.63682872218203,149.75667094263707,148.1635195773688,156.13972979804083,160.91209754110588,161.40343165159118,160.15890426417536,155.03563507960274,150.59783330132484,153.3149539419639,154.01959136607496,153.08153849426157,148.95646196816466,155.8602243844262,156.34786376070844,155.51192809918598,-55.045526080304995,-31.75211106224753,33.47534068078109,0.31802458,0.44286767,0.10488364,0.23090696,0.41100278,0.0,0.40253872,0.0007717296,0.4688796,0.4318343,0.54450196,0.3112323,0.3694847,0.0,0.27924186,0.4429255,0.033617046,0.060387984,0.021736564,0.89024955,0.028319253,0.015510731,0.08265602,0.068614066,0.7034843,0.08536669,0.016048888,/content/data/frame183.jpg,0
349.9910481770833,48.179057121276855,101.54926215277777,122.91271305084229,0.9965678453445435,353.9221377023188,355.6936931837676,358.7812754376178,364.0887988675794,371.09729600546575,380.13020693832107,389.3983362359418,397.85828950111454,407.90278314188953,421.01015739384684,434.43947279875266,447.005718655126,457.35372666958733,463.69588826005213,464.83717052639486,462.9426057436884,459.90322455090666,348.01990447748506,352.6602681660575,358.2249071461125,364.0975551042898,369.28037249234603,382.0211540589729,389.41054749376394,398.27193816736127,407.8360124412712,418.2023065725576,376.88926966025605,377.039369667762,376.92461109758136,377.02191433845616,374.84305758323546,379.06678133092186,383.9686430836441,389.5388931762297,395.2159412241953,356.75761110969665,360.60760575121964,364.9501804668665,370.08006042585447,365.3713457820966,361.077596317083,394.10086173246657,398.5956112265668,404.6900179125581,413.07854542958415,405.6440169352836,399.6153963128508,380.87347165174145,381.82719814099505,384.11070335372864,387.2146310223418,390.46709382884796,399.47024146914976,410.1250386546616,403.27639558515483,395.9071652315841,391.48367444898645,388.1583704785602,384.4632913351637,382.044117201832,386.09170959974387,388.6910855021242,392.24037682085253,407.76574276252956,393.4813887551103,389.81425747968825,386.97033113898,101.2310623300948,112.34073985873292,123.4003151855509,134.14064831993252,144.15882929356457,153.25471304123607,161.1066573176774,168.53393290506412,171.13347144838738,167.24108686272928,158.89948785128598,148.63294976212154,136.57090841158941,121.86397367316648,106.4208469044894,90.58102129323797,75.07761627455562,94.75070868656616,94.19345685912776,95.28991176504216,97.66929601147476,101.13774599017202,101.38627893375079,98.32752588595758,95.87603016199739,94.81729916343696,94.73876996221597,110.4243108584573,119.93069155464394,128.97266642329086,138.3649259259651,139.83426816127084,142.50458628467027,143.65827321968612,141.4156831933485,138.22397337257286,106.49053635067789,107.47490966841805,107.54127156882853,107.27277335058166,109.6122314433792,109.66840410850112,108.74063423459654,109.0438848662133,109.04836848139637,106.74095065435307,110.56144794324277,111.23160775067346,149.3697396077335,149.0569854702091,149.20577995447053,149.94806442653226,148.51883736001145,147.82195168952876,145.870515325216,153.7438930405128,158.17825878777995,158.746306457267,157.75404725164603,153.49680188691445,149.61283067327633,151.74511497470826,152.22494971331912,151.1313783873656,146.69764562106548,153.0799663373268,153.72107056009077,153.14803816548846,-51.74987278594486,-32.25583377909501,35.20800166281705,0.4020831,0.5178975,0.12564936,0.24629924,0.4533949,0.0,0.36854237,0.0071873474,0.47688204,0.22873607,0.65827495,0.0693124,0.46092743,0.0,0.303333,0.4464252,0.0027726723,0.04762535,0.06687394,0.8247809,0.032280274,0.06131582,0.07394919,0.13518804,0.56126654,0.11566361,0.02033646,/content/data/frame184.jpg,0
349.99248589409723,48.18082523345947,101.54766167534717,122.90981197357178,0.9965670108795166,353.92150226600126,355.69301593387996,358.78052531231737,364.08792347016345,371.09625518828784,380.12895291966095,389.39686346400083,397.8566170510644,407.90087361422985,421.0079384961914,434.43693693240687,447.0028861908993,457.3506499639791,463.692661862029,464.8339171909788,462.93939712519943,459.90008767015325,348.0194083500659,352.65966251332327,358.22417015263034,364.0966795002027,369.27937455954816,382.0198554087725,389.4090744336038,398.2702559540677,407.83410448958324,418.20015394788555,376.88809213660807,377.038188601342,376.9234327397785,377.02073368402984,374.8419283558068,379.0655524120239,383.9672984673593,389.53741708675926,395.2143311408145,356.75690874842684,360.60681251951286,364.9492847384814,370.0790436182272,365.37044011305454,361.07679199230927,394.0992779680213,398.59392137370094,404.6881842149729,413.07651373973346,405.64216072070394,399.6136823902589,380.8722000899948,381.82590406868644,384.10935538443164,387.2132097918354,390.46559583129533,399.46853097261044,410.1230766756745,403.27459525293517,395.90553883342017,391.48215245734195,388.1569269732132,384.46193504382296,382.04281800963844,386.09031487326405,388.68962942324106,392.23883696895587,407.7638364693989,393.4798196119269,389.8127748908647,386.96891567462114,101.22952269804567,112.33893800781188,123.39825229830737,134.13833193135815,144.15627644843178,153.25194550828996,161.1037044573025,168.53080474060675,171.13028192768792,167.23798921298575,158.89658708616645,148.6302913154698,136.56853466220883,121.861947047798,106.4191847792848,90.57973303137842,75.0766939355921,94.74932200864353,94.19208333387724,95.28851236044744,97.66784044688337,101.13620856064456,101.38473563816395,98.32605478533515,95.87461692340034,94.81591091379637,94.73738356608,110.42255424051888,119.92871056003791,128.97047201326893,138.36250983284884,139.8318173876463,142.50207248421134,143.65573218905007,141.41319509399023,138.2215606063236,106.48887258061117,107.47322266444016,107.5395829985277,107.27109111757548,109.61049399274313,109.66666533203602,108.73891735604603,109.04216083011585,109.04664433947329,106.73928097382172,110.55968808849288,111.22983207831336,149.3670637708198,149.05431701515118,149.20310798745453,149.94537493956608,148.5161816067255,147.8193123846567,145.8679220795964,153.7411139615765,158.1753750456452,158.74340930764868,157.75117352206746,153.49402864000734,149.61014909874655,151.74238307241848,152.22220648561296,151.12866097094323,146.69503285290148,153.07720292888234,153.71829201982763,153.1452731503621,-51.750999317542465,-32.25756406438965,35.20940614214372,0.43750358,0.48147324,0.20543946,0.23071274,0.47803172,0.0,0.3506059,0.005584067,0.47301218,0.23714353,0.61470556,0.17471835,0.43133748,0.0,0.31596336,0.4464252,0.01663467,0.036538333,0.0329615,0.8247809,0.032280274,0.06131582,0.07394919,0.13518804,0.56126654,0.11566361,0.02033646,/content/data/frame185.jpg,0
357.79166666666663,40.4706072807312,99.2060546875,123.76450967788696,0.9955421090126038,360.5081674961813,361.9084242438033,364.6805505376373,369.8404815372751,376.47277149252886,384.8979963806536,394.1933298233564,402.95985620064096,413.2238290298527,426.34524467286093,439.59113289372095,451.5171302227322,461.3579352374891,467.60960830379736,469.05877858736426,467.08428462927486,463.71940869495916,354.3955866266937,358.27954091843685,363.1346309530615,368.38908931949015,372.9305081923584,383.78300146255907,390.6725378436879,399.4577249274736,409.1205007826274,418.92726859790764,379.44115167533454,379.63304357989995,379.6228191415656,379.8322563593593,378.977719048963,383.22757102199756,388.13211901071213,393.6075668824031,399.0030826623713,362.240711850423,365.314689235636,369.09199068491,373.8458609931068,369.75334807708055,366.08753062804277,396.1541602138535,400.40744246381837,406.4772046248877,414.77280930668314,407.4736314676144,401.5455153998675,387.18506159879973,386.97023773968453,388.57686879976364,391.5574563422776,394.3279692994134,402.9620958395142,412.97414913096145,406.7964151306162,400.3539744053428,396.306561885164,393.15689931237625,389.96604243327783,388.0486858234386,390.8514699407023,393.30431712326924,396.4869900255364,410.8285396810951,397.7378371885639,394.47397959022396,391.7914764737114,96.76572590030433,107.77646780417035,118.69812430961437,129.12746747001523,138.9693701733898,148.49545723865597,156.73424768215736,164.21304809979037,166.95008155408598,162.9479088539137,154.45500349541237,143.8761976364516,131.495013624193,116.49570062145398,100.92151304066314,85.12865526443132,69.61348615149754,89.24276122046359,88.43488010248385,89.11232217383485,91.31870285241556,94.74326117915552,96.02515788110739,93.23114642045779,90.9735063391283,90.22594498115723,90.50260234829429,104.53091239306524,114.0568401164353,123.04971608332106,132.50294849275048,133.79674272294594,136.58880224536807,137.7228473723764,135.68009311645505,132.32159971031166,100.02066477862536,99.97869589365305,100.0011321178594,100.61076536008413,102.73612068448817,102.77529223395082,102.97492992513313,102.48870698145276,102.44266602580187,101.01996862780972,104.74421807800356,105.37068844725154,144.0443298938401,142.95937977549164,142.71676403399493,143.50617919668002,142.11775358484485,141.9419109501497,141.340324473679,147.68520369688954,151.74514668673262,152.2207202803557,151.18243078058748,147.0372133193379,143.70892405483664,145.47205098772378,145.98294536831995,144.9282348009239,141.72549809823704,146.53640173983507,147.11939832842518,146.5615069408014,-48.263070653368864,-29.60745261108981,35.895168321403176,0.3627245,0.52908087,0.1240806,0.23371153,0.44326165,0.0,0.34814712,0.002034513,0.47664008,0.26459163,0.5961222,0.56790596,0.49077418,0.0,0.4831504,0.46080285,0.21079941,0.040824585,0.048485037,0.6384766,0.07768098,0.020829024,0.05855714,0.15673445,0.48874325,0.14830787,0.049147323,/content/data/frame186.jpg,0
365.54728190104163,39.812461853027344,94.37019856770837,116.58401298522949,0.9923321008682251,363.73610759525036,367.0961980708376,371.67258943997325,377.77797605454015,384.53240837376075,393.00262784831295,402.138011808878,410.9938812577197,421.3253530099114,434.00101090576896,446.6781947907567,458.1059271276211,466.91894796910924,471.542703372451,471.6259156431099,469.05484076586765,465.551136367901,356.2956920872177,359.818222229502,364.9155199947284,370.6727705344574,376.08630036134,389.16142969041255,396.57824969575324,405.46272935610216,415.0440898940314,425.7379048466383,385.2523708792781,385.95712352592363,386.27924065221725,386.91945980225694,386.39650416120026,390.37424499130276,395.0543952825558,400.40651030100037,405.77861327542945,365.94089087943723,369.7075323771551,373.9850988010792,379.5720222699113,374.8993705891794,370.6351378079834,402.61552132556443,407.3416806060308,413.3698129785374,421.60554295944655,414.33166143867345,408.3442346177473,394.43440174254545,394.22237264082736,396.084508824739,399.3125720549767,402.5376708637073,411.4369017523152,421.4973061347995,415.5675208431779,408.87362776486157,404.38550194186536,400.75794643156667,397.2547006642129,395.1703037465461,398.21536919286297,400.9917855036133,404.5333727902064,419.2171364859576,406.08962737152143,402.39234749995256,399.292179670179,94.83461914654887,105.66900438201306,116.21222171881668,126.1164748857123,135.47917702488223,144.3638609843224,151.87236124918408,158.07402276813949,159.62098382548928,155.4175425320347,147.1357410213741,136.58350950834216,123.97145117038777,108.92547352466681,93.37383061199591,77.52691714136351,61.88149052240607,87.99181704695872,86.62754107083913,86.59489490993826,87.62691385384966,89.81800909892574,89.05987184893733,85.86242846616526,83.19241028824118,82.0909046371045,81.92206603101502,98.82463043023138,107.78941214153187,116.29401640394481,125.23866423133849,127.85006524756331,130.1526327477921,130.82195826427483,128.40045533801054,125.08318011482315,98.36504086240218,99.40427698441313,98.85419542728732,97.24248823550208,100.2388429413586,100.89071547833545,96.76913557991634,97.62943488361533,97.45836149563021,94.40653750182669,98.51176096484171,99.30373681532456,137.94843590605825,136.7775936449878,136.18791975786013,136.82524119630006,135.19694408443507,134.5807029767122,133.33723864277187,140.45068283641018,145.18691948225302,146.07228503363223,145.29187918270236,141.30135089723802,137.9543981040261,139.04618078616903,139.36884826919817,138.17473258920708,134.02470925404904,140.03396272278053,140.96459928502333,140.59948762345385,-52.60757208333786,-31.741140612382168,36.536058656903066,0.3371678,0.4924722,0.123059906,0.21718088,0.45029023,0.0,0.34911013,0.0012690822,0.4747922,0.2228558,0.510077,0.27365145,0.4324248,0.0,0.38223433,0.4565363,0.70741457,0.07570637,0.03679381,0.84727526,0.034166247,0.03733569,0.060302984,0.064133935,0.6940586,0.092108645,0.017893916,/content/data/frame187.jpg,0
371.60096571180554,31.588515043258667,96.36480034722223,117.29398083686829,0.9894505143165588,364.44365779225683,367.8306598320942,372.3836183842816,377.93439070351957,384.76065309875514,393.61745181779315,403.5972673921545,413.3352424891498,423.84492332184914,436.4086646903966,449.49487176128207,461.7724046797804,471.70010875516823,477.38848806692613,478.39653914487144,476.4513368163695,473.5568100448436,357.8952027922069,362.72368993640697,368.9294372688537,375.5744294185053,381.7313235315268,397.82822285257237,405.5653101868812,414.5572850352294,424.1088575982245,434.9864566039469,391.75886708104065,392.3451644407786,392.55997808180183,393.0900908309585,391.9262379905667,395.6950281761676,399.95600209428534,405.07103746406517,410.4014569621789,367.65969191617927,372.11715466784494,377.1562795698494,383.5359993148013,378.15736105465743,373.0873857929009,410.24513504953734,415.058802107939,421.4454536931915,429.9107722743241,422.5590952607255,416.30284197355644,397.6164881651228,398.3207128025426,400.78541933307866,404.0302085343144,407.23786152848163,415.9370589331888,425.9083507559672,419.64258794870045,413.1050592488156,408.9182738496422,405.3900447397179,401.3128558255868,398.7199784143347,402.811077151423,405.6269228164331,409.0294979014237,423.4759438746379,410.43517444014304,406.93507119358645,403.8954099333716,87.78634255362407,98.68633318629007,109.38194673991029,119.55723391860751,128.78989149066186,136.60654922052964,142.44657748269321,147.0597895623099,148.01005363149255,143.92607759626836,136.66013308013578,127.89988094890856,117.02391789944468,103.44991900938268,88.9021024747749,73.89303436521543,58.928015426606656,77.43208595500383,76.16591873229999,76.14620755676457,77.11709725908355,79.33879716907445,78.42066915347272,75.83405451835907,73.87636439041702,73.10901281521637,72.59655580937286,87.75165189142406,96.12848621276864,104.15891728326963,112.49551547017377,116.88923255701205,118.51742012068897,118.86773288751446,116.90460215632292,114.28451333930407,86.93811181785772,86.9128803386397,86.49667209267272,86.3693066058071,88.93305980089777,89.53312436176513,86.22978890027237,85.9595373158833,85.84498262494981,83.91642929744805,87.6480497179034,88.45023457713172,128.45952900067107,126.14552340486263,124.72019441724284,125.24681293162169,123.71461824748347,123.8450249350861,123.33396897896142,129.47313394037613,133.36363088209208,134.3175611711977,133.91162589158233,131.03251066696367,128.17347995148816,127.83762232637258,127.90638282634629,126.80806052100746,123.96131206174978,128.4478256212832,129.32370821257823,129.29870744514025,-54.289027748894725,-29.686327380412557,32.626414727844924,0.26252776,0.49948674,0.16413347,0.2249217,0.39794382,1.0,0.35344577,0.0037172928,0.46925458,0.21678151,0.2720404,0.20598076,0.43289593,0.0,0.28912118,0.46451378,0.012870259,0.0750655,0.10588541,0.81902194,0.061270252,0.02054296,0.038351048,0.21895775,0.5701556,0.07761649,0.01310591,/content/data/frame188.jpg,0
375.8130154079861,23.192524909973145,95.89884440104169,117.66679286956787,0.9854311943054199,364.8695832780015,368.1396519319812,372.56889645629445,378.08647361480644,385.3355903361319,394.70009618786963,405.20136981772725,415.49698134603307,426.0032331492407,438.0880919159607,450.64270845732995,462.57959386168284,472.2772354550448,478.24117129022386,479.7078261626085,478.10865845946114,475.49463352006785,359.42387770821324,364.9544100052964,371.8068277487744,378.9203912925533,385.46192358315454,399.90317524614983,408.01213149461876,417.32629804060866,427.2689516078775,438.2575938792228,395.20234885229814,396.18843956866175,396.86442753734144,397.85082123636033,395.9826259757823,399.8699565644718,404.1082126055524,408.9347852175321,413.8828160014491,369.63315653814425,374.0374155136276,379.4382601880062,385.9392496120472,380.4155033900263,375.0173603109906,413.22807469147125,417.7525273071153,424.35956907669083,432.72974266303197,425.83261183339107,419.41718555282097,400.6936149128633,402.1847608832168,404.85908778719664,407.9740819228259,411.1488141386555,419.0449713608037,428.07078678890366,422.5249291451856,416.6925929847109,412.7260829287737,409.3126214210419,404.9683509072587,402.2785382231199,406.6649485745423,409.42239372028854,412.6996603163774,425.49031717858315,414.16321803273024,410.8049498653695,407.8288985257429,78.88366522346371,90.06461731906609,101.0986144106705,111.22242635724501,119.99947198489406,127.0781988354538,132.28069717697804,136.71893018673143,137.67451223294483,133.91334446353437,126.76204485084907,118.25524291934425,107.47889049513515,94.00350124817078,79.6371578386022,64.83647196031325,50.08830307560697,66.92408136851907,65.37312157230144,65.74912725560222,67.43754018310068,70.49368835412577,69.96835430269397,66.99126356423602,64.8209188506753,64.02898951923999,63.68519257543295,79.02236395010516,87.37162331704678,95.48119815510358,103.85733040033199,107.87698445562467,109.40556561627557,109.81885920663854,107.80812323102634,105.3220663825665,77.14712434279176,76.60877045336758,76.45441762286976,77.3173921788769,79.6748244739835,80.09265438799088,77.48383065084664,76.3401174161636,76.06710900328989,74.75692363189762,78.63118388548554,79.55648029044778,119.35406843202838,117.01631317714555,115.64610778335987,116.21331656260747,114.78714353944281,114.98096827697634,114.61692620046688,120.67203456633206,124.30447678817086,125.199740037428,124.87144149805727,122.14642391261134,119.09037252771225,118.60172041803207,118.65103084517966,117.64848648739712,115.18547315310866,119.41235051224635,120.23090865260724,120.16611244530066,-57.432038681313614,-26.904217920423417,29.07915955083746,0.3206976,0.50987804,0.13134219,0.22165106,0.40545136,0.0,0.33766237,0.008874038,0.4714376,0.20236523,0.2752271,0.19084786,0.37726367,0.0,0.29658967,0.46451378,0.019210828,0.07597972,0.07977715,0.80047244,0.05850388,0.018191354,0.03964222,0.42935097,0.16078895,0.27893487,0.014587738,/content/data/frame189.jpg,0
375.5317654079861,23.16185760498047,96.10007052951391,117.69452476501465,0.985511302947998,365.17345967007344,368.45278137593715,372.8877734431886,378.4113693763863,385.632901459461,394.9541141524677,405.41331800093275,415.6847040940301,426.18189913652384,438.2695219001464,450.8438999974998,462.77428821158367,472.43897690746223,478.3445156640755,479.7689960313626,478.16541071301094,475.55434741766817,359.62763872000556,365.11235955149164,371.8904540909248,378.9359601680303,385.42495796797004,399.8052899431374,407.88109144270595,417.1633553750275,427.0816919032302,438.07568515436645,395.20315303758804,396.1919973988064,396.86627164292645,397.843423168225,396.0863199216871,399.94762012550837,404.16752588537406,408.9704908255668,413.8944206367091,369.86362220585994,374.19829916926847,379.56505199775853,386.054559096887,380.5759603783762,375.2166955106857,413.19181504680944,417.6537978665214,424.2339012940649,432.60332850773074,425.7265604072944,419.3431643209583,400.8828112903735,402.2889610959505,404.9118182452339,408.00543620827165,411.1540121837659,419.0566182864928,428.0935978368043,422.5721127593351,416.7519805303128,412.82021183874184,409.43801906265213,405.1266709484463,402.46008141427944,406.75417228324727,409.47984473239103,412.7282307216236,425.51007037032656,414.2100472339427,410.8800092202294,407.93785094320197,78.97614323994921,90.1303847449145,101.1275853182145,111.21532906747493,119.98497284362969,127.06558689208394,132.26612088080105,136.71004672927626,137.65269639135158,133.86196990238506,126.67443669697126,118.13139317804328,107.3330213243896,93.86257129076652,79.52839192390019,64.76747876405739,50.05360632928268,67.00735975975303,65.48246327060215,65.84782019771043,67.50835021626312,70.54138262126301,69.95439636537333,66.98239989042108,64.82228104039837,64.00724239323135,63.599302161227406,79.0357649177042,87.38727405991203,95.49929893814345,103.88205211240037,107.8917267435101,109.4272343339402,109.84672850208516,107.81518875633773,105.29959590891862,77.2985664303688,76.76893315584793,76.58542129362132,77.365133097061,79.77823895318777,80.22556779517626,77.46569232778776,76.36160324105361,76.08279350335573,74.72498502986599,78.60547023949081,79.54154952112307,119.43850744137552,117.07761527480406,115.68807030641332,116.23968762773364,114.80174660916099,114.96701209136162,114.58320253910136,120.67051480616486,124.33293157224514,125.2412014345391,124.92140363485899,122.20728512185627,119.16945436086338,118.6373082630725,118.66412854762278,117.6537715570359,115.16586606551317,119.47238215105234,120.2996776514225,120.24715669872029,-57.41285319797795,-26.90940439204533,29.065752690339515,0.37484595,0.512639,0.124916844,0.2567894,0.4011767,0.0,0.36768267,0.007601084,0.47405767,0.24475959,0.36652565,0.13566776,0.46335647,0.0,0.14791088,0.46451378,0.06251904,0.07583046,0.06860358,0.70533544,0.05032321,0.015745897,0.0412903,0.43512356,0.16351913,0.27965358,0.014344358,/content/data/frame190.jpg,0
373.7993977864583,16.65425419807434,96.992431640625,114.53218531608582,0.9942512512207031,376.97142677332215,378.603412601832,381.66575709657604,386.4290495576986,392.2407373172136,399.9892406348968,408.5740714098486,417.15613739146085,427.55828935644547,440.5792535726532,453.8198693557154,465.7501041675145,475.44175749210615,481.09796761017026,482.348719157082,480.86994383948456,478.45994516522495,370.0717795227258,374.5002094305397,379.7473755419999,385.1725738645765,390.1402275613883,403.4672072963978,410.9496924389247,419.6080544287382,428.84817399308474,438.9426679472244,398.5252067857869,398.7487085833661,398.71326598074813,398.92129312760613,397.1918063499782,401.2031938064566,405.92134026433695,411.1654446231729,416.4360909980686,378.98441136399754,382.50697311806795,386.76300996918053,391.94177918941034,387.18090131447104,382.98003130646026,415.0765581452135,419.574426349749,425.4740775453581,433.31479388889807,426.25191426353217,420.4751673478439,402.8811735081662,403.6281919965821,406.0688000051031,409.19115280328583,412.5321946106418,420.81629369406295,430.425957584169,423.8830639061453,417.1079112036388,412.71805016291165,409.2928849102109,405.75002138104793,403.9756466475561,407.7523051975017,410.4601929461399,414.0521346290725,427.88563269586814,415.0039976800133,411.3415107590257,408.47606255795415,64.62877718495002,75.45319296469175,86.18664499556716,96.46038766989264,106.2203211499959,115.59027540956777,123.6709102791387,130.70030108917996,133.1291085501288,129.98153674069926,122.4650589760613,112.75309773239186,100.98926661572257,86.77631192704642,71.94571469428489,56.722795334636075,41.61344139740564,57.450452077694806,57.24407561486029,58.7060409889532,61.12256047950402,64.46440919691617,64.92276687672232,62.365619756946586,60.493854666070305,59.841678829176395,60.015230027087696,73.4045097720151,82.69032420228169,91.61671549840659,100.87122837207933,101.57771294214228,104.40957402412597,105.75904712521528,103.6042368282012,100.64938954649399,68.52240492511423,69.71102849369362,70.07525622426093,69.88852003411256,71.7500615336177,71.61131396386368,71.90407485859618,72.61623237499288,72.95771507235347,70.9170395403862,74.2221840902195,74.52038036385804,110.88526069605281,110.18094700076017,110.15712472214857,111.201692317762,109.88578175981979,109.73751510899746,108.5221283408912,115.17870212905694,119.23737779161704,119.69888938382535,118.66812527495901,114.6720363416261,111.21429977539036,113.07221632362808,113.61973551664218,112.79866152662767,109.26059440191004,113.91555611600377,114.49206672717689,113.90870762050196,-61.302248845539154,-25.748030035296303,25.17873832321098,0.396137,0.46248192,0.19423254,0.23420572,0.46069467,0.0,0.4134381,0.004964308,0.47336888,0.2697572,0.44629452,0.11432678,0.44708568,0.0,0.24128476,0.46378344,0.008299228,0.052481648,0.053091902,0.8322546,0.034751642,0.018414762,0.015558275,0.08254886,0.71123964,0.02218086,0.11530592,/content/data/frame191.jpg,0
373.19010416666663,13.337085843086243,98.75179036458337,110.84919154644012,0.9909568428993225,386.2784543557729,388.0063752337155,390.72418376027144,394.80098574631563,399.3380917128783,405.71932734438343,413.3126641520482,420.92255974061294,430.45048306324975,442.75921122254056,455.5288736822357,466.7688409573892,475.5631195042414,480.5125577473079,481.42641851057346,479.9020037416791,477.31710549695936,378.20641734475845,381.2685133322195,385.1552124264102,389.5112738718055,393.76073197097674,404.2295167407931,410.8913200427333,419.09169454320477,428.189053883961,437.7162953511238,400.4670263425935,400.8431568505607,401.00116892810144,401.3665522838016,401.2377965632254,404.84886747489134,409.0795586914243,413.68990069302265,418.31474005199493,385.6743125665926,387.9395474508524,391.5109141561255,396.0700575330359,392.26321085054406,388.86297599427155,415.7172354095587,419.3339197360569,424.96717576972003,432.6418000569998,425.964207043706,420.4719484149424,408.3330419114305,407.88986360328147,409.12786339462394,411.8447244592131,414.45406642981953,421.8224979665262,430.34120383071786,424.7931757670251,419.1512538260009,415.5241910249048,412.77798638927874,410.3595917013163,409.0582388150347,411.11306182143426,413.2932391995921,416.20134090325007,428.0624031939469,416.88421916043194,413.95866274949555,411.63415401031244,60.47857754839837,70.56959852853082,80.4573829703838,90.07243315120044,99.70893006523907,109.36388464838706,117.38030881337481,124.13689399047296,126.42035661583338,123.76934217579453,117.15973649609724,108.16431851297567,96.95496337718264,83.13945354869642,68.64750344727094,53.865332663322555,39.34749187526623,56.921345469244066,56.444010958980314,57.63089933970706,59.71377356316368,62.521896225812654,62.35467909937331,59.75628249483455,57.73512015604831,57.16988178950647,57.85674017980386,70.5335791166907,79.20860431256617,87.42951376277699,96.10471338679696,97.70430668597264,100.25167909396791,101.28114607427962,99.54214504488498,96.87165808107784,67.20823736282668,67.77717439888721,67.7235060302441,67.60925559559385,69.8600010510317,69.93986535555855,69.32067715677677,69.42839446456013,69.59367306002987,68.23543677725985,71.61442311411092,71.95095050472366,108.24683095387817,106.94620749438268,106.27485735184212,107.13069697140395,105.78978853908,106.08076639832109,106.15145736815742,110.77478633796932,113.78277590428802,113.98822847285788,113.11261504455089,110.17000431821317,107.98666344779815,108.71170574463791,109.16034286085471,108.42167931163958,106.3726560410448,109.12295973806665,109.52706217757073,109.14347883070197,-61.61056068617023,-24.616348970522836,24.648908568400543,0.40913212,0.49648368,0.16901508,0.23641005,0.4031115,1.0,0.24889642,0.006779463,0.4777893,0.19187531,0.6550021,0.38239017,0.41416842,0.0,0.49372593,0.53740793,0.27154553,0.051828314,0.013695396,0.70649654,0.029883182,0.09857638,0.030600559,0.08527818,0.6977514,0.02768438,0.030225864,/content/data/frame192.jpg,0
379.2102322048611,18.428046226501465,89.86420355902777,108.64950656890869,0.9896233677864075,384.1670146720926,385.53780318042743,387.9813734036111,391.9891480444164,396.95603284729617,403.7952683583511,411.4707996403845,419.0206120384849,428.6763391105528,440.93604989380594,453.41658761606936,464.4816523248139,473.38914707159825,479.0120198386252,480.5954599643262,479.391721564415,477.22631044319724,378.02540531279806,381.7644939667364,386.26851140846054,390.9441698058149,395.5221770169055,408.19624915953466,415.03862035717077,423.2019393546204,432.10287130755637,441.6806569457559,402.8832381794995,402.9200582117711,402.78006359983414,402.89209736835335,400.58532001516994,404.4746865456513,409.1964748947921,414.3358185740273,419.3890416121409,385.3764260613576,388.5891720431242,392.61441249704274,397.6069850619896,393.0045121129084,389.0359762960684,417.7699199376481,422.1724355544445,427.89377742846045,435.5824420694088,428.57086813588194,422.91109762440044,406.7001575274455,407.4060405986421,409.2989422935928,412.1469383735651,415.14088570429584,422.5324877547808,431.1385252871571,425.1131111837776,418.9940616711873,414.9482527452521,411.8123718836203,409.06647018397064,407.82015327903275,410.83929101385985,413.29170488346085,416.58589323293677,428.82034755673806,417.1091099325502,413.7253816059038,411.02632869573273,59.7262784417627,70.23803629366381,80.77376058278014,90.90986162801289,100.69087239578937,109.99696847125176,117.89849455246019,124.91288166700906,127.58039897334766,125.26561726532259,118.79467921721266,109.76305480063627,98.64385578526355,85.28430001945662,71.1091782074675,56.50430413827331,42.24182994706314,55.75416009328967,55.98118846449768,57.94091486554879,60.5580358212581,63.58905186324586,64.4673277554424,61.90920588901258,59.87694293641579,58.94659599604785,59.33261183670061,72.4339844171634,81.21748160486663,89.5260407866009,98.12727182046308,98.8744356032314,101.84448643771157,103.26168466169145,101.34313406076512,98.60253621760035,66.96820294231776,68.8160743128704,69.13484968724407,68.65224537442919,70.7008939407965,70.40305811411298,71.09362411405431,72.10831597216395,72.55847933421524,70.68023804257405,73.87033092301692,73.99794986982249,108.27013382561063,107.65667385357119,107.61901452972393,108.68528784925252,107.38559044586088,107.43862901070975,106.86513641435056,112.31161806856585,115.56276941113583,115.72728610239596,114.59303016524132,111.05744446193387,108.40238441851875,109.81947384544253,110.49612936463961,109.78817914937713,107.34514902586477,110.7805326405039,111.13792319857487,110.42880730056845,-65.80577545145717,-23.849748519070562,22.04016249964015,0.37684536,0.45222417,0.22101702,0.2453684,0.4432931,1.0,0.42440957,0.006817875,0.47591752,0.22173113,0.5929902,0.28305918,0.4480074,0.0,0.40394655,0.54050744,0.0083907945,0.039556623,0.05822725,0.866634,0.005851675,0.100809164,0.028804325,0.042938236,0.7649234,0.023310399,0.033362854,/content/data/frame193.jpg,0
296.2720811631944,47.521838665008545,66.97724066840283,93.18590211868286,0.8002294898033142,287.98963768781977,289.05449272451403,290.80508763749606,293.38086288900354,297.3198997321728,302.21697218309373,309.49157424955956,319.07919536794907,329.57541982286733,337.7100427644661,342.00547485237655,345.23796480885017,349.59495645410084,354.0390752684239,357.8882138959678,359.6890842248244,360.02648871937595,310.82091343248567,316.5250436108007,323.4904615341419,330.2843111849089,336.0090434194971,348.4739873081334,350.2582813464849,352.41214601448155,354.8357236585859,356.57464784994573,342.7114768610068,344.68138269589485,346.4818531142447,348.1309973968375,334.52322258786427,338.5616988448326,342.5779000865746,346.1893119133763,348.6657110702482,317.2476285751112,322.10542481538715,326.2885353722996,330.2209453651131,327.2505334266557,323.1391101606672,347.0281508620012,349.3184983207792,351.67337133982255,353.3030133200357,352.145279068147,349.7709370725996,325.0726907911914,330.597074527069,336.6276983082763,339.1504670884068,340.8394491226477,341.37567579080905,340.6698337463815,339.109056355432,337.7220600751942,336.008976767746,333.2666837801059,328.7559532057072,326.5232928375291,335.90891249378006,338.45037042492635,339.77426082719785,340.1082327565664,337.76175785816497,336.48708977410024,334.2022144240898,71.79646403654182,82.03963178795888,92.75967615574686,103.71229181132739,114.13409292093806,123.43063917698385,131.02819230576955,135.16537980615595,135.90646063140395,132.09930594189453,124.73278777803793,116.3536562200199,107.9232494698604,99.65599954128297,91.22296004695397,82.58231367821679,74.43557678085082,67.6776091003027,64.86607327471128,63.55853587957863,63.647812567624754,64.55898366286574,62.59166558221517,60.544397059794825,59.08147943614276,58.30242377569055,59.931040985230155,70.26492676881145,76.82649173431571,83.21986100585275,90.13355050514483,96.23045278767208,97.67418303846864,98.42590814837152,97.47361458897939,95.37745034193279,76.61273956845366,76.16013418725541,74.76721589892996,73.89246498679816,77.73040945274039,78.59344631961173,70.93256069690582,70.5046631198501,70.34595863524325,70.54201809376883,73.28425109483288,73.2415673134116,111.52673640345319,108.34948075313798,106.14010184162824,106.9329844078516,106.129317588296,108.64957359740903,112.6060415397916,114.85629130509199,116.83094940983534,117.24511006098395,117.17961805032725,115.21406457478774,111.29336862723467,109.97511029793334,110.25643400908724,109.98290855281512,112.36198282269243,111.5336081989943,111.83242799481884,111.76438988726912,,,,0.3440832,0.3948414,0.7592417,0.39550525,0.13810672,1.0,0.49875903,0.61480314,0.4820588,0.08997833,0.25931615,0.17900087,0.49284914,0.0,0.32357278,0.45982108,0.11413606,0.20638843,0.035821293,0.5960548,0.48798156,0.0038740872,0.0018405791,0.017997589,0.15481362,0.11682336,0.21666928,/content/data/frame193.jpg,0
379.8369954427083,20.063170194625854,90.40378146701386,108.6244547367096,0.9888013601303101,383.6618232043287,385.08827241864196,387.4899342134127,391.3074496671808,396.3956334503025,403.4746803166351,411.2876854757743,418.88889995470333,428.57765054775666,440.7000846266788,453.081597999876,463.9854674655493,472.88571839214364,478.5638405523954,480.17917423539893,479.20837663151946,477.3079360756461,378.7042259985581,382.94019110657894,387.77740687663544,392.7436922435295,397.7165175251346,410.8806024924123,417.8278410390851,425.8682728491576,434.75451549986946,444.4021852505885,405.3013385142621,405.4369421987409,405.3964324092504,405.58012107400475,402.50471015667216,406.3900410491759,411.05961396244606,416.1770787714869,421.1459299914648,386.13338652883596,389.6487528728244,393.9151663630879,399.087362896729,394.30707954131367,390.0631371746892,420.0416147941074,424.38705889018166,430.1495142897937,437.86805099277353,430.95094616657235,425.26538089578514,406.87463571547846,408.534876683341,410.7740448087027,413.65303297133556,416.7865863914783,423.8476819980069,432.1212937192961,425.9687781496657,419.7945043012727,415.67541467528207,412.4668241345219,409.5619715512496,408.1805286819826,412.0336786101461,414.61077016935894,418.01720526985844,429.86234074948914,418.1831602187493,414.6609257017824,411.8514078657182,60.19446401255958,71.02019247175019,81.82816390679801,92.2220016039839,102.18431758692125,111.39350421729597,119.16609282006206,126.28816288534051,129.00360850599407,126.79459740938333,120.26657769018152,111.32207987997603,100.30487779073198,87.06328114051371,73.02381878025557,58.5848369732808,44.47614513867377,58.44348002851859,58.70527862204983,60.8479893180819,63.633219927075245,66.69397382141705,67.58278066800972,65.23634395641855,63.148415486258656,61.9189348288529,61.9556609076641,74.78415326902456,83.55885026424829,91.89974133384831,100.4520384970495,100.44032220196863,103.45611054075303,104.9548173633726,103.09912870382936,100.39115727141706,68.53362638477532,70.26482552437105,70.65224797411094,70.5122662178297,72.44518297624819,72.084378581513,73.1156728244158,73.83054940587056,74.17681720372491,72.43270139266237,75.66605309550656,75.88227623350437,109.52488723214626,109.20065352769333,109.4421428404942,110.51365551939577,109.3609057175727,109.2771279922033,108.37942515232973,113.63687171765181,116.50988130663436,116.60145953615574,115.48903305758847,112.2026122874035,109.72070785629634,111.20660289470612,111.96188437839436,111.32997361724537,108.86149475503726,112.09528543047566,112.39793566826103,111.69226974185824,-72.78155306761074,-21.941934645911132,19.329662646034986,0.44238052,0.46690482,0.24853495,0.24737276,0.47811565,0.0,0.46716306,0.0046494706,0.46894395,0.27380836,0.53064024,0.23344462,0.47831243,0.0,0.36380157,0.46378344,0.15412316,0.04709208,0.058194328,0.780137,0.0018093407,0.039103515,0.018592346,0.0060113533,0.9059292,0.0047264737,0.02382769,/content/data/frame194.jpg,0
294.28629557291663,47.322617053985596,66.69647894965277,101.59997892379761,0.569928765296936,281.8015407708863,283.0817258090089,284.985648081557,287.94634974361,292.5012124900657,298.14175183873607,305.8966911212942,315.6079931419396,326.9658585607935,335.7326871769757,340.5012468643461,344.58261026787903,349.9794090941823,355.26510280666224,359.564040093894,361.5547103237962,362.07188068388956,308.58500394291036,315.1007894679349,322.70549449248875,330.13941055863614,336.4963468009695,350.84322973484353,352.81772362990563,355.16117748566097,357.7992717260045,359.7860977146082,344.2711249847467,346.1391864449172,347.8405575328672,349.4170089461083,333.87909430740115,338.2866368615627,342.7032631617037,346.6551068815638,349.4241233359594,315.4455902978213,321.09703195841615,325.9905985244569,330.4812137523494,327.0318392580896,322.1780231644547,348.86945527246303,351.455096330023,354.249510938177,356.1840145499394,354.85585461580104,352.04559795465894,322.4786115859102,329.13943546623875,336.11676249097866,338.8992664914045,340.7806628906728,341.44275896762,340.4511845235044,338.56879254567673,336.83990134090755,334.85117866614337,331.701669527159,326.6280086133305,324.1622839031939,335.1593065967617,337.9960514611798,339.53418400038134,339.8354809540232,337.0949729280094,335.5612805238426,332.9556261571407,71.90226590689494,83.28839994323678,95.06966239568942,106.98408893070182,118.27567207189318,128.42124982032215,136.8860511496857,142.35998914684612,143.68070767627808,139.51495990609484,131.24096084427964,122.09032942647383,113.06227044341581,104.22962827086366,94.92638265360699,85.36314932592444,76.26792149159627,67.17914311691348,64.64879845462852,63.644554001620804,64.04195517097563,65.06852020460394,63.81199469125927,61.79842615449215,60.312089134865175,59.69348240016895,61.52331400701054,71.93385917541133,79.03751930573452,85.94047225189342,93.36658356349534,99.56083718233424,101.43764810663214,102.46504884489056,101.67937022064262,99.64371001365359,77.14417959725247,77.3899494284714,75.96434270096438,74.70068463027667,78.99542886036431,79.78577653004567,72.82891700174653,73.02757125931944,73.03712736008978,73.14982394620874,75.98232125100682,75.74075537742718,115.81086663684967,112.93860069215373,110.78667580362503,111.83718559165507,111.05499512586323,113.74163290472073,117.90065143588242,120.32580813647502,122.52105159283033,122.88857995515727,122.65357981317153,120.07594698606697,115.83385941467276,114.76965860470254,115.27589940163347,115.06281652194684,117.78283888402787,116.75958033393606,117.00840957080084,116.77396898756744,,,,0.41227594,0.50542986,0.7684779,0.46829444,0.11373505,0.0,0.53361386,0.2439713,0.48881894,0.11516344,0.27626142,0.19503702,0.53789157,0.0,0.39536634,0.5708592,0.13676453,0.42898378,0.05067712,0.62914854,0.5960153,0.009902884,0.0021701886,0.007827997,0.12932684,0.10316884,0.151588,/content/data/frame194.jpg,0
379.83024088541663,20.08637237548828,90.35009765625,108.56912612915039,0.9887007474899292,383.6418734111396,385.0668893961255,387.4668173084767,391.28032849402587,396.3646004462664,403.4404919489557,411.25188596863654,418.85139140020647,428.53569230381845,440.652580741179,453.0294182545131,463.9303041300882,472.82811832975403,478.50379869692506,480.11713701286544,479.1457001328936,477.2452413648234,378.68892718849804,382.9247556420903,387.7603403898265,392.7247503861322,397.69550865337465,410.85494625340243,417.7985102809871,425.834396245024,434.71566223017453,444.3593963235435,405.27874542731456,405.4142528619893,405.37348414955136,405.5566599159024,402.48010144868726,406.36433858484725,411.03161455670147,416.1462126068941,421.1120592149714,386.1148821525868,389.62794151703895,393.89240513770073,399.0631164671461,394.28442542830066,390.04238071674524,420.0106710934199,424.3544453907116,430.11435003504494,437.82895524866353,430.9155911301591,425.23277429694417,406.83785747297793,408.5009103216855,410.7408093895142,413.6190377775549,416.7512824232258,423.8080475756799,432.07736742166753,425.9264558804434,419.7563403342938,415.6399195566978,412.4330759327345,409.5272956605547,408.14323281789643,412.00055872111284,414.57674142553697,417.9813948422493,429.8186021468164,418.1457082843124,414.62540761998434,411.8171694043633,60.16594164008279,70.98784881282927,81.79187599312081,92.18159210394515,102.1404722271941,111.34430026515383,119.10966058439044,126.22492689782575,128.9370402549871,126.72857968854987,120.20567111863465,111.26897521550654,100.26059971753784,87.02666409031508,72.99397231806961,58.56237228418945,44.4608435116761,58.410009898972476,58.67196634869174,60.81381860447436,63.59784408764176,66.65879784482945,67.54770720262331,65.20206574293411,63.115060994951364,61.88614057542486,61.92187726392763,74.74665421038844,83.51772042445191,91.85513955114902,100.40391921406263,100.38983265323168,103.40417806526648,104.90258743947697,103.04743241776168,100.34022683703097,68.4988917393498,70.228552898712,70.6157741294478,70.47664410346783,72.40811427213248,72.04762178581791,73.07940800840151,73.79307790919893,74.13892083817746,72.39540219932087,75.62736711561502,75.84379850311188,109.47090415667344,109.14629978550784,109.38708368390098,110.45724297172501,109.30457557539557,109.21991643196725,108.32125752779893,113.57431777363445,116.44414780691295,116.5366423085984,115.42607928538109,112.14451631835527,109.6661202827645,111.14961995642625,111.90365476527177,111.27170866060715,108.80346209304616,112.03354776583365,112.33685922090308,111.6333465536045,-72.80317262713926,-21.9437564529653,19.334230292209533,0.39040732,0.48861417,0.17621638,0.25028324,0.52494615,1.0,0.48678625,0.010313453,0.47443733,0.31513014,0.60540617,0.32115942,0.45685917,0.0,0.41008437,0.46378344,0.04730157,0.024315687,0.034067858,0.77483267,0.001812911,0.039198253,0.018599367,0.006029474,0.9058688,0.0047256025,0.02376559,/content/data/frame195.jpg,0
294.01551649305554,47.245712757110596,66.92290581597223,102.02913236618042,0.5909455418586731,281.24822414754624,282.38650449836393,284.0686389771203,286.8046204198081,291.3301966837579,297.1914969228579,305.35984397288286,315.44528382511515,326.95325552599314,335.84004578064895,340.72131886156717,344.9418515903149,350.27885825328644,355.33849422999106,359.2883190654776,361.04639880284554,361.395615269114,307.29361565068115,313.7000334306871,321.4336168172808,328.9653277925701,335.30068794333533,348.86238348919136,351.03266607446244,353.77410254209195,356.7598949363412,358.7712191894646,342.92801693106446,345.08464553417366,347.0876942043086,348.95631208588003,333.37017833396374,337.93052810138806,342.4764576289665,346.3272016970502,348.97835841410597,314.296838701233,319.89918215598465,324.8376508997532,329.276435710015,325.8257000461185,320.9575007808299,347.6127777556209,350.2383122752582,353.144129260362,355.0965538394994,353.7054823420559,350.7969871039038,322.3208738874154,328.92354120686275,335.9425710587842,338.79029111604723,340.71987391850564,341.3456802179725,340.30480307755624,338.46763095180273,336.78363738595084,334.7525436845771,331.54521524731047,326.4577385747495,323.9586876568377,334.98622308746474,337.8619079013521,339.446244182115,339.6884399918347,336.94531045960787,335.37956140095406,332.7412559199148,70.6300572698776,82.27961514655038,94.27535364952405,106.42467573431814,117.9518695565292,128.25931250408158,136.9064939809131,142.57446558188659,144.03517895627817,140.01731043844177,131.78420001872416,122.53781962829538,113.30067081853717,104.07900041399819,94.44087260698618,84.62191528421408,75.35563408707486,67.01173375277187,64.30720353917107,63.262568087256575,63.79644535770569,65.0491161220126,63.695704365320616,61.4465629178153,59.885789060839066,59.39285001937559,61.44217153151607,72.17421610606984,79.44907750564218,86.51624293551076,94.14000335173955,100.43888963674065,102.23604851599869,103.19298760038873,102.31190802672656,100.26339473400051,77.25716820944838,77.21976023907888,75.88503787218717,75.114259267731,79.22820190377156,79.96070046363678,73.11637371484858,72.87413047012939,72.79877450016536,73.1711720858015,76.10496112522179,75.92261004063184,116.30645888949581,113.47536297513204,111.36546149536964,112.43988612696583,111.59918468441066,114.28167039420856,118.42099440382407,120.96041615515068,123.31708909766081,123.76125583753007,123.4746170821314,120.73719434522822,116.24686593474797,115.51175480106453,116.05508988064335,115.78651291351322,118.23312261506234,117.4895899445458,117.80537568270995,117.50806040357921,,,,0.3841392,0.53516537,0.800379,0.43411064,0.12298514,0.0,0.4584933,0.43469638,0.49092463,0.09404272,0.30860242,0.27438322,0.49186316,0.0,0.40970287,0.5708592,0.19221099,0.315293,0.34184152,0.7420571,0.5139329,0.012538805,0.002661998,0.00988989,0.18380989,0.094817825,0.18234865,/content/data/frame195.jpg,0
378.73111979166663,21.165761947631836,89.96571180555554,105.3601655960083,0.9876047372817993,383.68674523659286,384.9616351826689,387.16612555164073,390.91580330432475,396.13846088733186,403.37130011611606,411.3342293576728,419.016146929952,428.5196044564256,440.3064876213127,452.50459230349406,463.320913409412,472.2972427966382,478.15598134640436,480.07565816119404,479.248791526132,477.37190381439166,379.3600815239897,383.786308275024,388.82718752953434,394.00317311316485,399.11263513089756,411.34791086816705,418.2340362799217,426.26290505153867,435.15807229719366,444.75581581570697,406.0535204963873,406.31674356444125,406.4586152893456,406.80113158429015,403.28464426969754,407.19959474451093,411.787870716648,416.8193922098495,421.72676652382694,386.40241391448376,389.8811555580834,394.19268332255785,399.36569597537596,394.6545614708308,390.3473291957431,420.3307663848826,424.4974965933047,430.2699410220744,438.0393207870254,431.163839899409,425.4597314316205,407.1808227022961,408.8304375777713,411.0316234342938,413.90640985017967,416.9865206587535,423.94906056591503,432.050278189914,426.1950890708516,420.2598267544573,416.2559709532571,413.089984268706,410.10241488060524,408.6727252937599,412.2350010180263,414.78139727029304,418.13233491673003,429.8041818614608,418.71047387643193,415.29762843120136,412.5507270239008,60.61924891721693,71.34333757645987,82.12511013659946,92.45004986450898,102.14704933164202,111.06508063834873,118.43938088296433,125.0275010665516,127.52625506635655,125.42114122114512,119.08795456468994,110.41519570196822,99.72182355981387,86.96526757762007,73.3434342421109,59.21377986175599,45.4584510056467,58.92261727282227,58.85207327957732,60.976920000155914,63.90506845173961,67.10616134209468,68.09856634139294,65.91024434519184,63.85790473186742,62.58754388951322,62.551412795013384,74.97624772532674,83.58505654780953,91.78950156412445,100.19454593480185,100.33231056897672,103.21122291545777,104.71388307025425,103.05186025920834,100.56643734839496,69.33278478532787,70.62996982851055,70.91159190943785,71.03277369379587,73.07332708711868,72.80275270345632,73.97059830041925,74.51785118424097,74.92884662314634,73.50196794426815,76.62671793070612,76.82146185479928,109.30720812640733,108.68990108584968,108.71431755183768,109.7733365483893,108.68420391045248,108.80965480838526,108.49374040385352,113.60527480681667,116.35211969452004,116.37040190022587,115.29528612239328,112.06727106390791,109.50195205050049,110.83426213935294,111.55070455338964,111.02389669185972,108.84560880814722,111.59379509429067,111.78741616238624,111.11560915824056,-76.12814230075415,-21.865666139343617,17.75868761634229,0.36870408,0.43303096,0.1316263,0.25877652,0.41877785,0.0,0.39129722,0.02119167,0.47181255,0.22664103,0.5101773,0.13624847,0.42063695,0.0,0.3827232,0.46176416,0.014903808,0.043018226,0.015773831,0.82231474,0.012905543,0.33654726,0.02845104,0.017125757,0.5698211,0.010141877,0.025007395,/content/data/frame196.jpg,0
292.7859971788194,50.00782585144043,69.8756239149306,97.9076156616211,0.5144633054733276,285.9890227230005,286.96313814311736,288.31146044121635,290.5643296161731,294.1811673149406,298.8331699512014,305.9713678321856,315.20189169197664,325.6051034077021,334.25798619149117,339.87147452063545,344.53571997399393,349.7508274199387,354.64581837500975,358.8739723373774,361.21739424059723,362.242121358051,304.9932450034692,310.41804373713865,317.83529311287987,325.31402793642184,331.7296737651692,345.50029219433964,348.5664342193575,352.344000691082,356.4150656369271,358.68586748391755,339.1462123467245,340.3971891051291,341.55442506578186,342.59841715668665,329.53703126702896,333.77049342637076,338.2038393142522,342.27221514711835,345.21618460695026,311.94059989772586,316.9042122540498,321.84866117894927,326.55213686904807,323.0004523861094,318.08080422583254,345.8282729400971,349.07792591723575,352.61276492811464,355.1445718007297,353.3296446326614,349.6708613233057,320.64018150938057,325.9218339972076,331.62040754170266,334.4102292023328,336.4832691989935,337.8823712639907,338.30896682477453,335.74337797036094,333.81266488043184,331.8114396066865,328.8037227628762,324.2640973876884,322.32440658203257,331.18011431168213,334.01774475957154,335.8190022699966,337.1476131598727,333.8121606717483,332.16244588232655,329.54207335386457,76.15491741698324,86.6252904296487,97.26176168760611,108.02954429313904,118.3139868522925,127.58289009667041,135.30990217802628,139.9729011154726,141.18251175313014,138.0161302406612,131.39461670670607,123.42642480504728,115.04866839147161,106.3613418519868,97.00905159511593,87.18303276989599,78.05330162652825,70.89841583869793,67.21765393276783,65.81232629110836,66.11100340858312,67.31658212749676,64.54608671567848,61.93795875503874,60.453845005123824,60.00179215799403,62.96945417377947,73.60838344906924,80.56323144459547,87.38297952452112,94.70975845605517,100.84250469738417,102.53383771189473,103.40983027059664,102.380495246007,100.30474512767213,81.20002250178759,80.03156789792564,78.57496153285828,78.34225521959851,82.53651515379352,83.50054815096374,75.35483627675066,74.20714176514448,73.90932950562001,74.86971749418198,78.07205188694815,78.08428244897368,116.02066368410304,112.81826626525144,110.68495232221011,111.51261787917247,110.67139471094106,112.96506102115126,117.41552199268025,119.56065682819171,121.8352542461056,122.35831473211219,122.35683712055342,120.27132496187295,115.79260029247106,114.7178094544788,115.0062938533574,114.63933497520138,117.01064942267985,116.1715131181665,116.6345027418456,116.62213562330162,,,,0.5298686,0.42814675,0.5360901,0.41834253,0.14813414,0.0,0.3774619,0.6737039,0.48870057,0.1569687,0.3539608,0.4707658,0.551166,0.0,0.43294165,0.5731187,0.05393469,0.44078216,0.047548186,0.67216104,0.47369522,0.012991666,0.003711186,0.0074627222,0.12089868,0.0778212,0.30341926,/content/data/frame196.jpg,0
377.9566514756944,23.034929037094116,92.12266710069446,103.01614022254944,0.9817371368408203,382.8305475553133,384.23794592726426,386.5473259716837,390.3001371610522,395.5626111989201,402.85485531003235,411.14369360252,419.3374441314903,428.92015757450235,440.5597692870648,452.38607869447435,462.8719858934184,471.501062277202,477.1438228966143,479.01641448094676,477.9721290520421,475.89342433257843,379.15747966859226,383.57658124305465,388.45586559369605,393.43816414424407,398.3270125334012,411.0040129568015,417.7522415889515,425.583951260857,434.065713452002,443.07318092510496,405.7497674551528,406.0983796063664,406.3463409362203,406.8222881657155,403.303930391248,407.3090667793541,411.8674658485313,416.9147803350216,421.7925320816482,386.1530930620185,389.75787533476074,394.0342881597111,398.9981383578448,394.4707008370829,390.1656216855953,419.9199404973158,424.18034018921196,429.99147725403424,437.5905774252441,430.90729657236744,425.20968641311606,406.98927200459275,408.6816463038428,411.12599128931964,414.12642469452,417.23331144829956,424.347957700903,432.551493317045,426.8545831452043,421.0783459790182,417.0168569202124,413.6296473133422,410.18466664022975,408.43549388882366,412.359085427736,415.0945957028796,418.49506086082044,430.366501035494,419.478163705892,416.0025714780695,413.06122437861467,64.89795818680162,75.59842257953568,86.40593346807594,96.60009328255919,105.96742796760977,114.41473604157483,121.12512482796407,126.81459302838655,128.8900851740499,126.52515191823655,120.23549977536535,111.69594072896818,101.08074953942557,88.30448353290981,74.70805701393941,60.71656128455537,47.21034472209346,60.66253330888776,60.50416299930553,62.23777392533007,64.81016502893192,67.80679271310498,68.70125136298128,66.85412458381863,65.14202169202167,64.3037978202286,64.4568224364802,76.41132901192967,84.71360706270133,92.62521108716925,100.7317284481984,101.66007385703757,104.32989952405445,105.70969997130543,104.20404915591224,101.92346806722374,70.4727795017962,71.24330353854886,71.5940967031682,72.47585610775803,74.1327189404237,73.75677412289726,75.6474511714337,75.52899119669001,75.76893951276443,74.72023679488433,77.9154251184424,78.22083330984324,110.98316933773653,109.79974114817632,109.47948585538164,110.5398488898651,109.55340452594386,110.11844173209055,110.40655655030464,115.33009115773048,118.05903997193549,118.12349776002144,117.09841409103359,113.83711379861393,111.05767747138138,111.91916303007288,112.63518383654755,112.15569982855656,110.65421946447302,113.15115560935355,113.34966467071885,112.72555589540377,-75.2428202835053,-21.519480206789282,17.559712806517634,0.42398468,0.45841476,0.25968,0.26614547,0.45245022,0.0,0.38757005,0.18460204,0.4682028,0.21266189,0.45037654,0.15798527,0.40037036,0.0,0.31678408,0.4677718,0.025267893,0.03149485,0.054763705,0.7532612,0.00661392,0.17825972,0.025358424,0.019669376,0.73118645,0.011330594,0.027581628,/content/data/frame197.jpg,0
379.1814778645833,35.540123462677,88.68142361111109,97.0035309791565,0.9690845608711243,379.99309872845896,382.24864202354314,385.2992825603523,389.3737565421436,395.0149599026782,402.528098582506,410.508967846645,418.17898691752004,427.23384264537924,438.422895438646,450.13015793192267,460.8558338822156,469.601018916456,475.04533256415425,476.55502966593457,475.6026392082866,473.77059872993453,376.508255752033,381.02762399081337,386.08567578851887,391.1278268902718,396.1867130105205,409.66075149148605,416.7932135990529,424.6667796175265,433.2595316682055,443.08727535329353,404.0021019435521,404.27599910675474,404.3290176158073,404.60135714565496,401.2400849699278,404.86222083777795,409.1721333561046,414.1136679344456,418.9733868668077,384.17892614955036,388.0698699865457,392.25185536099866,397.174068694416,392.7360347616858,388.4779647218831,419.4693421838057,423.7234296777475,429.14472920589753,436.47974609371437,430.0151930058353,424.67153924550666,405.6900665402407,407.3003159867759,409.30338044456795,412.1005291620367,415.15295282478013,421.9876918763109,430.26873686192476,424.49869397984975,418.63156093139025,414.71327351732543,411.48145489677756,408.4873366767906,407.0740393871906,410.4012448378706,412.98306201863835,416.28793676574105,428.0315174407407,416.90101639750924,413.48140755697625,410.6433267327018,73.77672590129046,83.95315743443777,94.1945689906868,103.78645437613044,112.49706619429952,119.98346145423031,126.05440857226688,131.57306538877987,133.20843470864162,130.56944995536338,124.33065309957907,116.35559807486763,106.19538119272545,93.90072787613013,80.65367369453703,66.80256305346168,53.37984841808786,67.4680749135764,67.47345551342855,69.3992419297592,71.70683585036357,74.29181686547382,74.43941043137325,72.07900614871254,69.8882173841508,68.57849057075077,68.20022503452932,81.82667568435664,90.13586908209197,98.15581447565378,106.21219947001963,106.42189369223979,109.07107764833253,110.37964230767035,108.38460191658237,105.8932211365534,77.12098899831025,78.70945586169154,78.76682117384838,78.21922111797285,79.96727428335215,79.85920089380073,80.3611161531237,81.28299226112657,81.42944101854681,79.32237591409594,82.22665442139993,82.64878693707368,114.89988736567224,114.30769528497426,114.28637409432864,115.10711157687065,114.02319997054764,113.78054220236024,112.71255384124767,118.33846880491024,121.30982961997772,121.6523077493166,120.79508209833811,117.83586319138317,115.14122686955028,116.0352598476928,116.60101725987148,115.94792830631421,113.29206976987616,117.24337970489049,117.698777579676,117.21334409333667,-74.10900297815365,-22.88488550592499,18.408078950474525,0.37490866,0.4893829,0.29217672,0.2367899,0.45869365,0.0,0.43975767,0.02364913,0.4686236,0.2373256,0.5022831,0.2247988,0.47443774,0.0,0.25167015,0.46378344,0.008748712,0.058310363,0.037640043,0.879083,0.046580933,0.21602784,0.10604528,0.009070056,0.567315,0.020164061,0.03479686,/content/data/frame198.jpg,0
376.5799424913194,37.11646842956543,89.37448459201391,99.57154655456543,0.97480708360672,380.1352740929483,381.28666292223846,383.49456068874946,387.4964912329004,393.10995734030905,400.45828916098503,408.446382336131,416.037500136701,425.12461116128526,436.46677591217434,448.19113094833875,458.73084138715444,467.6397123202512,473.4963952832296,475.60393996830345,474.9476130465341,473.1857944573235,376.6705742972379,381.25705357312114,386.3152063975351,391.3763664492888,396.22493564752733,409.157985977846,416.1109234884088,424.233161436928,433.05100721282247,442.3055543883985,403.9135168137427,404.25292577366673,404.49354669231445,404.94607298044787,400.527546194176,404.6686958739963,409.40296906759033,414.58765334145545,419.63348881907484,383.2008209894904,387.0546478127588,391.5487932801108,396.5598649248068,391.8529861656998,387.3823198617158,418.3222130655072,422.71819543936033,428.7097389278674,436.424144146975,429.628152211036,423.7524252553842,403.7272004740534,405.63876794581734,408.36442337289776,411.42428520319027,414.66214497996236,421.8665215934926,430.0100861074795,424.244941079367,418.20720843061923,414.00874872497883,410.538013108853,407.00029234946254,405.31337846965454,409.44585366066553,412.29591464646666,415.82830821568524,427.8490558633266,416.72965383675887,413.1395834632525,410.12771975884726,77.7760988798309,88.0934418604409,98.50313467388419,108.30658897261578,117.26030658554218,125.26638971038638,131.74940922372508,137.53077796736113,139.86450033355777,137.76189113349614,131.63486751311677,123.4450817902853,113.44836016575773,101.31864014268781,88.12036268778029,74.39929060004516,61.075884712349485,73.3436345117857,73.15431272523469,75.0221730230881,77.79614706209554,80.95096534501128,82.2709690017283,80.32262397642452,78.45039438556245,77.57454877038526,77.8067765157474,89.0617370152193,97.31125421394904,105.17203609028051,113.24618332805657,113.87009130642673,116.59659424103451,118.03351120505398,116.63302282088661,114.50641989931536,82.78713669544497,83.4104143846036,83.7856786104642,84.97014872096901,86.50976721690583,86.14664229003995,88.82779645002248,88.49474735750954,88.80264185685773,88.0152290229168,91.15368471302509,91.39413470578492,122.87148299824462,121.96166586285344,121.80695656859594,122.96631125645199,121.98437051829205,122.61420392744166,122.6649475504028,127.84049085022288,130.71747978527543,130.72719407323598,129.60718082723778,126.03600488625293,123.13619734516988,124.45667816999052,125.26040018239895,124.79713405097777,122.92641430545855,125.57497503519802,125.73379367267638,124.98435487349037,-74.06918746825157,-23.41232211011492,17.605724722159124,0.38527244,0.42390922,0.31227666,0.27268103,0.5132783,1.0,0.353196,0.15444224,0.47010985,0.38977456,0.41755632,0.2524944,0.4327772,0.0,0.20776862,0.46920404,0.012119707,0.02881035,0.036429632,0.6358576,0.0058339685,0.08313192,0.018713182,0.0022375907,0.8533113,0.003795876,0.03297616,/content/data/frame199.jpg,0
376.57996961805554,37.11672592163086,89.37440321180554,99.5731086730957,0.9747990369796753,380.1355586064333,381.28696549917515,383.49489790407563,387.496891232125,393.11044540585107,400.4588925101166,408.44711100568594,416.03834789876976,425.12560148561204,436.4679441769505,448.19248314951926,458.7323589395578,467.6413696386103,473.4981444835901,475.6057222326739,474.94938501418346,473.18753878485313,376.67080445511687,381.25735568553443,386.3155878642874,391.37682731755865,396.22547258210375,409.1587258113255,416.1117724023726,424.23413777583244,433.05212188964333,442.3068142542832,403.91417436987746,404.253588654586,404.4942133481916,404.9467467357397,400.5281506298398,404.66936527768434,409.40371274446323,414.5884783577436,419.6343929964625,383.2011535965099,387.05504088016585,391.5492568534821,396.56040711388863,391.8534545113717,387.38271806977394,418.3230966710726,422.71914801086797,428.71078549712274,436.4253117429268,429.62921318872884,423.7533940523058,403.72785510718234,405.6394525683868,408.3651507566475,411.4250605912849,414.6629711649054,421.8674608035979,430.0111530771052,424.2459176030752,418.2080902319457,414.0095646591782,410.53877459275407,407.0009983321753,405.31405798738285,409.4465980103292,412.2967037090351,415.8291526958668,427.85008892983933,416.73051245761366,413.14038576163716,410.12847480590096,77.776895475723,88.09440031896557,98.50425644386277,108.30786454313429,117.2617226255892,125.26793135309035,131.75105257465054,137.53251201872826,139.8662709973014,137.7636288106597,131.6365090670658,123.44659485957699,113.44971640245384,101.31980608345029,88.12132156864973,74.40003421920878,61.07641930855479,73.34436156939137,73.15503681268392,75.02292641428207,77.7969439725116,80.95181174948735,82.27183611495343,80.32346052322809,78.45120156007405,77.57534220427806,77.80757359292261,89.06271066474838,97.31235728522688,105.17326248467079,113.24753639292102,113.87145415941086,116.59799986849492,118.03493937544653,116.63442901985326,114.50779273527877,82.7880119065168,83.41129937390687,83.78656948706379,84.97105818001282,86.51070083010477,86.14757020638876,88.82876642939772,88.49571211187649,88.80361144159761,88.01618625440696,91.1546911818723,91.39514494690847,122.87298706868741,121.96315565971854,121.8084439383193,122.96781681459869,121.98586067135693,122.61570396158676,122.6664483806343,127.8420728764624,130.7191069468762,130.72882138723844,129.6087905700213,126.03755860298979,123.13770556855798,124.4582071096137,125.2619417311368,124.79866833180995,122.92791923768581,125.57652151911287,125.73534264820199,124.98589209151822,-74.06898856170051,-23.414803492629385,17.60702330406644,0.41224918,0.44716334,0.24142908,0.27943116,0.5470286,0.0,0.38092119,0.24268435,0.46938717,0.33265704,0.4262814,0.27502906,0.4124825,0.0,0.27771193,0.46920404,0.057313398,0.029210735,0.03337817,0.6506522,0.0058339685,0.08313192,0.018713182,0.0022375907,0.8533113,0.003795876,0.03297616,/content/data/frame200.jpg,0
379.70621744791663,50.04075050354004,84.60183376736114,98.11717987060547,0.9812222123146057,377.5933552515819,379.8371669037949,382.7427828998095,386.7638640556013,392.3517517752996,399.698825656747,407.49350216271387,414.85288717345384,423.5457585485701,434.31944411889526,445.7240588366003,456.4745222169131,465.4740858062405,471.1671576250337,472.9561785813703,472.4199558269238,471.03010529842413,374.4755543017294,379.2250509585533,384.7009560005606,390.1128965061921,395.29152909359664,408.8949672951635,416.3060881731658,424.5367684899493,433.3234234057818,442.91006136298256,402.89864202707486,403.0186057974197,402.9099408260836,403.0538075215363,399.5323824169395,403.1389941499633,407.43472033631815,412.4632859245903,417.45188464307694,382.02251955244105,386.13514378833815,390.6269637895389,395.7186412408455,391.01185807955994,386.4706953107627,418.60622188217667,423.24754043361554,428.9707119722525,436.2539388669411,429.8298066807329,424.16540995060404,403.2566244726868,405.12034382445745,407.52301238000064,410.34183465133174,413.4691071177135,420.38947764386376,428.58025776079376,422.6454583131458,416.5003152299146,412.47565846039925,409.2637643055409,406.0970548198861,404.58009982042586,408.3952375561489,411.05400286537315,414.3841729886126,426.47082812896497,415.08530206548585,411.6164760283241,408.76534691150437,88.35088758168695,98.375066267085,108.38676714836038,117.81560088536844,126.39772648548023,133.72831008557932,139.75369291720563,145.24914803954744,147.34082241579108,145.14955017896864,139.27876439290958,131.71535535435487,122.02632641731725,109.91628065765053,96.73696849216594,83.0240652800785,69.61902802390046,84.45699862045058,84.42249868509225,86.24954606529764,88.73999084978595,91.66155148638927,91.59829224771556,89.15188821675474,86.9942983313872,86.01127825502135,86.02199807830448,98.33306771884418,106.6784097919035,114.76087583187655,122.9926053228537,122.91138029196736,125.54127752061868,126.85336985469803,125.06051713174111,122.78390036402106,93.20786932749706,94.69858795422806,94.87314036313774,94.85067610498436,96.63077381725907,96.44229441044081,97.1813200802626,97.64855349082382,97.7540779574665,96.00400627721592,99.35378086941864,99.68371281836107,130.75884534833403,130.41597943257602,130.65479814702758,131.69174718052545,130.7998719191446,130.9846879886445,129.9984221392715,135.30469606603674,137.99948770116862,138.04371442871707,136.97790784147764,133.712779500358,131.03936435080414,132.42422516123224,133.23654564897151,132.75819941342252,130.42310258847283,133.7296505021077,133.95437729829246,133.19415760796983,-73.69930675262572,-22.484364430490945,17.51159436972168,0.30701134,0.5105128,0.15706885,0.2636287,0.40434322,1.0,0.51541954,0.07852257,0.46997142,0.2512003,0.40540418,0.124898724,0.442491,0.0,0.3932425,0.47122732,0.008037931,0.056288328,0.028209625,0.85678405,0.0005550878,0.0039966437,0.00755184,0.0008361676,0.9631035,0.0011750923,0.022781732,/content/data/frame201.jpg,0
371.8833279079861,49.9090518951416,87.83232964409723,103.47795867919922,0.9748054146766663,375.04561354045643,376.76823199800987,379.3508117188689,383.4250868516261,389.1450400161032,396.72165325056767,404.8424411634004,412.43581468782685,421.29105782423994,432.0866385083342,443.1532629454414,453.03286362273263,461.2117000911723,466.29053793349686,467.8017247225709,467.09566836522333,465.2857864902602,370.49443803077037,375.0931966290701,380.2885220022576,385.6036488475006,390.6524003225496,402.9470481336235,409.8484278093921,417.97749409905083,426.98009012257063,436.45666670213615,397.9281757888799,398.23993420520964,398.42068925111454,398.84838935093046,395.55342144315335,399.4527996750729,404.0220011005031,408.9961583682737,413.8610314402246,377.56024729005316,381.2589498223109,385.62198191803975,390.6763509952442,386.10864093586724,381.7797899879048,412.70939339306415,417.003221293069,422.8473408582857,430.5169072751889,423.8938431496899,418.1340468273687,400.29614312383353,401.7514055362449,403.9652255719986,406.77852295187284,409.57204400373723,416.5015894041471,424.48597838401037,419.02788208364564,413.17155774115037,409.31625807265254,406.2129436550148,403.09503383362124,401.54984167813944,405.2396441226607,407.7739413301318,410.867437896308,422.4576391372133,411.4988667404356,408.27731993065925,405.56126109771395,90.88900286980396,101.19401293825885,111.2875857872441,120.84676850338091,129.8246885248105,137.88265403040222,144.5138596083005,150.3802127398876,152.59958746657375,150.0042478694089,143.42721255524737,134.94669826881236,124.74138028498673,112.51915809432485,99.57446711841048,86.13408381316557,72.88704149910282,89.48908753106707,89.3699817831257,91.25061287943862,94.04244272960004,97.22199074697656,97.61580020085039,95.21670291244999,92.92161267845049,91.61694123080468,91.5259753028834,103.57490667922647,112.07570058345608,120.17365542296902,128.5494928355103,128.47119426739027,131.11279211682375,132.36262348124,130.7374489572556,128.23637997755412,98.13087658821159,99.23245210443683,99.38825359873789,99.6724680013368,101.65437506483667,101.50051641713088,102.19519694508054,102.21016981617485,102.27693712716936,100.77666728563071,104.2745312891786,104.70682760893996,136.84846753608198,136.61375686473093,136.74711385503122,137.74429374753652,136.68788108816625,136.70380132826705,135.80630241841044,141.25847026116443,144.2907912138804,144.3881333792944,143.34403651700813,139.82811329177457,136.9911353873989,138.78890870224822,139.5174946787807,138.91720318942026,136.24372785318337,139.6715531621363,139.94387734357207,139.26176425759877,-74.66043201190507,-25.276954993463843,19.44526452360553,0.3576664,0.52384156,0.1176479,0.2587236,0.45483696,0.0,0.37808362,0.057113327,0.4701757,0.26840362,0.48879528,0.14249466,0.44147593,0.0,0.36323702,0.46920404,0.0040202015,0.01999162,0.049979903,0.65708435,0.0005891651,0.01773875,0.012346799,0.0103563,0.95063126,0.0018509964,0.006486641,/content/data/frame202.jpg,0
366.27284071180554,49.30866193771362,89.72102864583331,106.35299921035767,0.9865108728408813,370.42617556293334,371.95549387180523,374.3261913229968,378.63083265794694,384.6084839592109,392.40361279407773,400.80382199146885,408.5276622073825,417.72096156954274,429.02540512856035,440.5019028927195,450.6751763919194,459.0640093816976,464.2659372062434,465.6435271051872,464.66404742050116,462.5374991310887,365.72079771103176,369.9958898126336,375.0841145149846,380.600837332203,385.8284158234628,399.19444423958646,406.2220194720088,414.5345432497047,423.71221031053125,433.0914693994087,393.8425794440245,394.17307520066447,394.34595476088856,394.80901319353427,390.9609339479992,395.18781314164335,400.17870109470437,405.5888618227582,410.7158991331287,373.0137131920656,376.7109274175516,381.15220495520543,386.5033585000741,381.8781066520768,377.41501425692917,408.7483477032425,413.125384469722,419.1566914583131,427.1562535205244,420.4509242973957,414.440604909476,395.73932529687215,397.5320041432012,399.98712743203373,402.9212761610544,405.8649259822238,413.38227148482633,421.9445279324176,415.9082840272496,409.40902352771195,405.2239369683877,401.9067207870984,398.54975444005754,397.0659675859948,401.2600151433585,403.94840964219054,407.26194405518527,420.00263097272506,407.73842116401227,404.2354734647843,401.35172464451625,92.74776956932777,103.09820915030974,113.09287885242247,122.57724329776119,131.53449110630277,139.85727286859645,147.00575311191812,153.5044621069075,156.04967461456982,153.11426313030768,145.83352068587203,136.60785371194783,125.90036628293649,113.17570342513363,99.84688064688021,86.23857057748234,72.84145632223456,95.13504638828425,94.55229245126583,95.53316420950131,97.73230951486428,100.6173933564871,101.57842616490345,99.31139635486795,97.16268518957432,96.00201534164367,95.90059555695672,107.42104633187313,116.06023195872854,124.27051440013452,132.85252612099276,132.18548707508018,135.04734687000138,136.34656987437592,134.5769629355628,131.70697890812363,102.35031953762083,103.27738346934342,103.2166951481559,103.39767231654048,105.752634772448,105.78558051311774,106.11559322784296,106.19018707060616,106.05005927358997,104.33052894775972,108.18917425974371,108.78024260326225,139.8101097210203,139.93776971176595,140.45769777203736,141.4960781424786,140.3641321728137,139.9144543815529,138.3166886530213,144.5770487926875,148.19926981004778,148.343992210473,147.20807540806055,143.15081999606593,140.04733274636908,142.49520660300163,143.30216805802968,142.55506576562692,138.83288169628304,143.33895531313908,143.71575082747614,142.9029396207568,-72.20009644081335,-23.808983832552503,18.61057919258284,0.4028252,0.4753185,0.17538953,0.25186187,0.5321723,0.0,0.36981085,0.3018441,0.4727921,0.31642243,0.46447468,0.13073799,0.460832,0.0,0.26937258,0.4720228,0.005037791,0.020727497,0.16070077,0.7739482,0.0010646712,0.0135681005,0.016284732,0.007186487,0.9455166,0.0033725698,0.013006905,/content/data/frame203.jpg,0
357.8243272569444,54.72240686416626,90.89203559027777,100.87165403366089,0.9785480499267578,366.550783324881,367.93101950714833,370.2274834271325,374.4119341266605,380.44303021195566,388.25791003753284,396.3295826881198,403.7202478662453,412.561858882783,423.60842359801876,434.88725768321245,444.9930639907766,453.31269121028663,458.40443579398107,459.5721461881527,458.3956408273119,456.2768474993788,359.8385102169056,364.6341569881648,369.9724077490195,375.41505815524096,380.51454432977704,393.49389856801326,400.6831056191345,409.06439861396933,418.35077953640024,427.9763258305688,388.0613905115827,388.3449542339065,388.53884032028793,389.0035305731651,385.11990344749006,389.2777329589399,394.13134967149904,399.4030952608901,404.580747693747,367.1142365802125,370.7819703618503,375.2921234242525,380.4591483050966,375.6651627652366,371.19337494915345,403.0332917063198,407.51113102223366,413.67996681932533,421.64991655353185,414.7327077353409,408.6692167358995,390.01641997285844,391.64568574458514,393.9212048013695,396.7772024806696,399.63557386303285,406.8209822677626,415.11602109809434,409.1578316068856,402.93864300226016,398.94743806647864,395.7929959275661,392.7228923964292,391.2343136243451,395.15931100340873,397.71449052003294,400.89945530578194,412.9950777290887,401.21655750436605,397.9177162982545,395.20889542378075,93.15865815224316,103.34412059558275,113.40370823499077,123.04438418059912,131.99110190299044,140.12780247366652,147.18184192588507,153.63887702043164,156.13562303824278,153.4187142575868,146.22749785600013,137.3999919746865,127.1576219845031,114.87234501538218,101.93020163899655,88.59753721183253,75.59377495699118,93.67659078127677,93.99518646476693,96.22339740305314,99.27984673039897,102.63263015825093,103.8529335873155,101.6498701931845,99.4031566363397,98.20581102839168,98.07212609204065,109.73829224091857,118.36729449797691,126.49336751664022,134.89979723327582,134.2000021535901,137.0936471963679,138.42817336113552,136.94696100494082,134.44149216948983,102.2820111281153,103.2416870112639,103.75762471963796,104.9810846687335,106.65524156647757,106.2279750150874,108.1692745160913,107.62103568730905,107.63650443918647,106.4677839586049,110.1647218635691,110.67188624998283,141.14040688469424,141.5218443726864,142.21220957424532,143.3715506810206,142.36324635213796,142.14989445765707,140.3200363472775,145.79125596536767,148.8562477377801,148.82378067460456,147.61527000437565,143.92036670203711,141.31184019316402,143.89635550509308,144.8334343122715,144.24699978738897,140.7502393641593,144.4639591333338,144.7013366545646,143.8533041793223,-71.4140904830084,-25.015523417651004,18.639080411825713,0.34718806,0.5100034,0.22545435,0.24087194,0.42071062,0.0,0.3427624,0.029773569,0.4701948,0.420246,0.6240238,0.12498361,0.44759175,0.0,0.40511557,0.46990463,0.0022805973,0.0138782915,0.064147644,0.75214803,0.0037749421,0.011211649,0.018022384,0.0077530984,0.9302512,0.005058281,0.023928553,/content/data/frame204.jpg,0
357.9471299913194,54.8808331489563,90.75151909722223,100.84758710861206,0.9786150455474854,366.6213698130408,368.0169184694861,370.3317672753337,374.54316708037584,380.5962418028485,388.4307307209774,396.53312802080166,403.92579153743105,412.74782271209637,423.7612256479299,435.0219902178784,445.11591447806694,453.4083755045442,458.4552438632786,459.57758605619676,458.34797664078644,456.167518423269,359.8040927703654,364.5491868601339,369.86140111782606,375.29745668586474,380.39506256346203,393.4081469613765,400.56438402708625,408.93143656373707,418.2192445091632,427.8715489435258,388.00889665208075,388.2975357174855,388.4873578025573,388.9462676245042,385.18182359632283,389.31229691451506,394.12286505300665,399.3694664082314,404.5314679639134,367.10642020484255,370.7614907615258,375.2567743420509,380.4490315876491,375.6940482260067,371.23412546462373,403.02158316707926,407.46779547367424,413.61480385258585,421.5975164379188,414.7004309515302,408.654948102615,390.09085166266175,391.6900356468036,393.9466794876122,396.7945012600333,399.6437151764892,406.87472047532003,415.214319643078,409.24337781206566,403.0076328740055,399.0240055053455,395.8746727450842,392.80714467652376,391.3132623229078,395.1980907441887,397.74744909796493,400.92235258674043,413.1026896036938,401.26574330652795,397.9729439722799,395.262432323412,93.59826233823205,103.7269793795174,113.70062744432936,123.23793212560251,132.0827281011679,140.13726954814945,147.13471924230856,153.58095924369775,156.0736400236234,153.33484548998706,146.16763356858348,137.34883389924238,127.0926346942347,114.79996680135704,101.85713518492753,88.54179684147559,75.5530785707603,94.15439502739434,94.44549739429064,96.59766912044891,99.55820046082451,102.81091614532554,103.8537510448593,101.61705165097364,99.33908203897965,98.11202969642076,97.94198976168751,109.70710719720472,118.21473742864062,126.22198925752933,134.5196365615247,134.02303786609775,136.85325226241082,138.13242344809504,136.66169180059092,134.17302154959444,102.63249449365756,103.56902513043309,104.00515211852607,105.10783117860089,106.84140394777745,106.48391867128561,108.11082291203681,107.57911044893513,107.5649798263232,106.3570388082208,110.03625909665742,110.57071256873947,140.9639073643569,141.29183302294996,141.9369222732974,143.07115178937255,142.05873126974853,141.822182194743,139.99763678014443,145.50503792666936,148.60861747650316,148.59459505161414,147.40275385468064,143.7239014385019,141.11490089326742,143.63968754417095,144.55279698052743,143.96257118887647,140.42141119487195,144.2344792797287,144.480354998449,143.64951911059265,-71.20296866613012,-24.886430154177287,18.64316135694839,0.35370222,0.4944329,0.29946914,0.27122566,0.44613636,0.0,0.3405279,0.061221555,0.46919784,0.32677785,0.5224062,0.11320907,0.420572,0.0,0.3257512,0.4768795,0.00077137776,0.015191388,0.034873664,0.7807118,0.0030712252,0.010229279,0.021236546,0.0072123026,0.9319298,0.0050879796,0.021232754,/content/data/frame205.jpg,0
355.3577745225694,58.351388454437256,88.59347873263891,99.34379053115845,0.9693652987480164,364.5498516211925,366.63472804669306,369.44778679882177,373.8063484509527,379.7745021572361,387.2677922755697,394.7285244356666,401.31746432709417,409.39645662385135,419.8276654773202,430.754555388981,440.64692363857256,448.89306857818457,454.00487408437726,455.3094520015196,454.6948654712339,453.2225948839941,357.05817980818154,361.75325481793874,366.68757788385483,371.73419641735796,376.4322806578688,389.0648181930696,395.8968413999223,403.9908905088802,412.91750530238573,422.49501635262607,383.65723408156,383.6326592892069,383.46104786878914,383.5468198272954,381.27084303769436,384.9422111414793,389.4197901792444,394.4893385536968,399.5528649138312,364.16039427691805,367.64502664467915,371.86945903040777,376.7698687407642,372.29242470980984,368.1032042319909,399.3917165212404,403.70037716917955,409.6376782664137,417.495465456696,410.6567380958502,404.82568735861474,387.66789561742775,388.31846146275745,389.88585145373713,392.4274008511726,394.93277197615885,402.05706005844024,410.3444176034152,404.7332361157911,398.6897486091529,395.067881818344,392.30787718999846,389.8310600054693,388.48998051009426,391.314884333454,393.47203025998823,396.28695068497984,408.3191875421505,396.8490231187251,393.9284101250315,391.61191352817497,97.10123905719749,106.67853338597854,116.00747558090735,124.86260071535139,133.20647637464648,140.8355904501375,147.53116085232003,153.78321256458116,156.22525838974076,153.72814399707033,147.15757569032655,138.9825011781008,129.1850711388979,117.37554933279512,104.79675871948493,91.72363001046783,78.84194806460485,94.85906726242655,95.49650547182384,97.6996318758242,100.67057398741184,104.02704936373742,104.7869671729004,102.67719797847954,100.56775208984212,99.42457126204698,98.91580875446306,110.64600695367459,119.476383208036,127.87593851830076,136.51768894128895,135.48281910376062,138.5075472181577,139.86733581524317,138.42742422883487,135.9224439130374,103.51108530864741,104.94115560911993,105.3865928168772,105.8770583488043,107.66366031939597,107.26863039137055,109.23301856756284,109.48601422514001,109.57544557877759,107.98295853225619,111.55436830398193,111.93191129721457,142.43517245984077,143.06838992999917,143.75813972572092,144.89670900508838,144.00102408374096,143.82579234911069,141.8446171418546,147.16244304113235,150.31327462231843,150.20504179388942,148.89357852940282,145.09526138985677,142.63314218363678,145.2507892357506,146.22001023518442,145.7440330657289,142.32659856157426,146.0762066649542,146.21479470891956,145.30855793947487,-70.2252968939786,-24.544714559380633,19.82298711584862,0.3264824,0.4863329,0.1315623,0.24904962,0.3776391,0.0,0.31530967,0.0328778,0.46833575,0.2996032,0.61655086,0.18246445,0.44763288,0.0,0.31137553,0.47516787,0.00080390205,0.019009266,0.01611347,0.7649475,0.007068527,0.01461136,0.04706108,0.032726344,0.83921593,0.0156235695,0.043693054,/content/data/frame206.jpg,0
354.94034830729163,57.119070053100586,87.95703125,101.31840705871582,0.9523550271987915,362.9607306944398,364.717048204915,367.36118543712496,371.8980441493504,377.71958584727247,385.05676424624585,392.69229213248127,399.5971701358126,408.0667750508296,418.63662788362194,429.5865711293998,439.3724227166233,447.20608692540895,451.56470918493983,452.2204990330265,450.92940620214154,448.58201871346796,355.616135137128,359.75699114968353,364.19009660745775,369.0192446226165,373.56441910347246,384.8298905114915,391.34756168807246,399.27156159521405,408.23433688287696,417.8081091943084,380.8577685101345,381.02089164215033,381.0173515524109,381.31915054369745,379.78417560422304,383.3488466832573,387.5824026813284,392.2942440073682,396.9558718599085,362.97960151057384,365.9659045403571,369.92794616335675,374.7370221958015,370.6164736888188,366.7320730820849,395.5818025141484,399.66687040830766,405.38251740547753,412.95680934842085,406.50954863634,400.9212941417893,386.3171992477702,386.6103853492813,388.07762753798886,390.6140529200052,393.0144511690553,399.9866814631507,408.1622813817937,402.54622794304555,396.7121926633205,393.2096815018706,390.58644964095197,388.25611763068525,387.0923593275619,389.6306000473054,391.75030940007605,394.4397666654651,406.18397633002746,394.92229140489246,392.1078620871872,389.8708478570119,99.02444861867434,108.36820568275766,117.27854995861958,125.87076445050752,134.14108803953764,142.1349150391752,149.00839241028348,155.2766847370931,157.50183223861268,154.27626334827278,147.06701009592234,138.20838663985637,127.87258555386938,115.47507533666658,102.58336206966771,89.45472005355737,76.53941826639095,98.10488403899978,98.70449987354459,100.35891026643878,102.70780872483738,105.64711950914398,105.4652813684238,102.97365605758284,100.56508697704612,99.31017770413246,98.8504878117244,110.98934320194712,119.16937095033586,126.9045938509937,135.09701372518475,134.66241245238348,137.32866890446485,138.4420615500876,136.95891250983846,134.35981268337696,106.00425550196644,107.22948889466932,107.22140864889764,106.98592202436782,109.19047033431252,109.2386909220836,109.00426958556136,109.24095918838543,109.1839699034092,107.32551337592281,111.02218595875183,111.51646510054843,142.67316086356982,142.55508057244538,142.65749315831567,143.63702185784473,142.58963358754795,142.55294999643024,141.196251367365,146.09400356786819,149.1460682032614,149.11566763733117,148.04722724688486,144.64176237355287,142.58026340119568,144.275941022383,145.03238971689893,144.45703273681215,141.46585619556572,144.72334749184665,144.95352941691021,144.2916594556375,-73.36501023470649,-24.79121248017883,20.1357491993229,0.33838284,0.47646302,0.16035292,0.23087783,0.4372059,0.0,0.38525695,0.009518996,0.47110376,0.26834399,0.52012116,0.13486189,0.43656772,0.0,0.2783722,0.47591197,0.00031023525,0.009384457,0.11690261,0.5924628,0.0026319786,0.021161467,0.038794756,0.017977178,0.89277625,0.012284808,0.014373557,/content/data/frame207.jpg,0
350.0962727864583,53.200603008270264,93.58528645833331,101.18616342544556,0.9521769881248474,358.26898271090863,359.7397360533076,361.97335461067587,366.23376678219785,371.99238917627065,379.4369798100437,387.8264598470589,395.6702726135656,404.58781856819854,415.3165234705771,426.01098100376197,435.4895628443901,443.13415174534396,447.6719498757091,448.943336413937,447.97469748786955,445.65639955995834,351.5354158074188,355.34753447575577,359.731512559384,364.60288600036284,369.15975829419165,382.33307543862736,388.4973268723609,396.28068565009426,405.3283781213219,414.64070968347386,377.61343405494915,378.4491436847399,379.2218698550191,380.26114578939826,377.6343067119134,381.63660611651164,386.2388351860668,390.9774530283304,395.42664007147584,358.4316920922212,361.41311483850393,365.45181111961847,370.7957323951455,366.3979960171729,362.3867475694623,391.6699273065334,395.6889414827193,401.5530254368193,409.6341742088142,402.9804937087818,397.15384519786744,382.6948621281753,383.97920360952594,386.15999096797793,388.9529898564591,391.3854251757207,398.2842037910173,406.09017220132915,400.60782844414547,394.8121415235546,391.04751104477066,388.05592518179515,385.0401483146925,383.66891462824043,387.5641113927259,390.0101711144615,392.84032680629025,404.30878067317224,393.10351841753595,390.124956252968,387.58920707165225,95.49739924634477,104.95474294138984,113.8909251968837,122.54837352808374,130.96099514645925,139.38467550957864,146.60903934766355,152.96747741766865,155.49918451198215,152.38420100641304,145.44323197718677,136.9076903845115,126.82122497809297,114.73669481044016,102.15605545777208,89.39214346560846,76.77149939332534,97.760779795253,98.05166893014717,99.47571391266996,102.08643168523537,105.41056876695194,106.41305700530154,104.07110002204496,101.49796967803147,99.65554878792904,98.68920411715203,111.20277449891597,119.54541047483514,127.39850882347952,135.6721651553189,134.24757013051828,136.99500235871972,138.08918119730504,136.53955287787403,133.6086960248108,105.3256378968149,106.71135361745053,106.71354654916348,106.46840139080967,109.05432383648207,109.08484394550362,109.51824107344709,110.0020828681869,109.86190893611922,107.68155582157078,111.76156679140945,112.35150884658464,141.42498496523046,141.22943046066268,141.60002868275365,142.5262709290373,141.33424246418417,140.94434933797857,139.64614100130774,144.55759153588554,147.75519718150446,147.8729351785551,146.91097637120401,143.39615555403788,141.3415449991623,143.40106251014805,144.08063250701707,143.24016790648238,139.85584461973303,143.11567741673144,143.5146172909278,142.98576611558445,-74.71355457191764,-24.87638565806622,20.270485834837,0.2679341,0.49121445,0.17324892,0.25248325,0.36824572,0.0,0.2982653,0.09509139,0.47304183,0.32207394,0.6217919,0.19338334,0.36509797,0.0,0.33654144,0.4768795,0.0010129686,0.030384524,0.016210444,0.8637532,0.01001812,0.02251201,0.079142794,0.026078228,0.8424108,0.0103035085,0.009534592,/content/data/frame208.jpg,0
346.11195203993054,50.60030651092529,95.55194769965277,101.38980960845947,0.9545373916625977,356.29094157382497,358.39800342794734,361.17299838921156,365.73977968252177,371.63183750924276,378.90223630516823,387.12779857136235,394.86714563891985,403.59648736129174,413.9448518701272,424.2281517552391,433.2541350774116,440.54998826803944,444.9292537073845,446.01693232135585,444.78793467901835,442.2001654931472,349.06139490580756,352.4150730495407,356.6620445300943,361.6626147591062,366.49958611242306,379.5932796095516,385.4255377386328,393.0222858061247,402.04814221892195,411.44613680589276,375.3846601422126,376.45642432052176,377.4491022021282,378.7232143143925,376.08554798813685,380.2179203027976,385.0048295335421,389.9080638976835,394.42983043557604,356.74664775864034,359.7127936209764,363.7448984641974,369.11305988576504,364.85818739010364,360.86405927094467,389.89310309532715,393.96429783913055,399.75593409017034,407.75056480511034,401.24038217506927,395.45251694546687,381.41746046613764,382.9528173404413,385.0499077436475,387.89819286914553,390.3949752848933,397.34313304702965,405.1182322985993,399.66269558513096,393.874482261242,390.0334648644053,386.94397940620047,383.9354983892565,382.4056530078228,386.3830327154248,388.9074741230229,391.8380799213027,403.5165779666406,391.9801894137778,388.9294693307529,386.27566375794163,94.62647390510107,103.79353331483554,112.27941934360257,120.40449839241896,128.33471716042266,136.37409249511012,143.46259027043172,149.80699299651377,152.1418934391152,148.9335374080432,141.78322388900568,132.97875906842245,122.60037142737393,110.53654025881376,98.03130377904307,85.49328116866005,73.04163307910392,98.33759411734842,98.3655431877709,99.34145090192739,101.39302435118788,104.09624480875752,104.44076387688438,101.98495868542886,99.36114361099129,97.42586991325268,96.40145018389349,109.50494108479492,117.8094047226021,125.57072524199666,133.7143983272851,132.16967191510236,134.902531150777,135.86050113123085,134.0488444169955,130.83922654413487,104.88570814667457,105.86229391949337,105.55766065503119,105.24632657555334,108.05311958729368,108.31620634826588,107.25836231543569,107.33146936757089,106.9175417491032,104.82522676439032,109.01356248757475,109.80454873799535,138.7123796050409,138.80697422740488,139.38137331196202,140.2062987553191,139.03864547901793,138.18630035863242,136.57824254219452,141.56662221921357,144.82505306379548,145.02495345979852,144.10119099496035,140.66251982959994,138.58666680385414,140.77668025165255,141.5085412371135,140.60079836141995,136.83186548975172,140.51882215694258,141.02540812330545,140.47869703845592,-72.1199622699709,-25.816936694340452,19.89458216020801,0.31760168,0.46103355,0.14018571,0.28632203,0.44070166,0.0,0.27987474,0.026505075,0.47037786,0.40528646,0.49731895,0.050166104,0.4544436,0.0,0.35701528,0.4766025,0.0051675495,0.021757167,0.05649213,0.83649963,0.023436973,0.027342407,0.1659807,0.020757567,0.7338982,0.018327912,0.010256187,/content/data/frame209.jpg,0
346.12128363715277,50.61079502105713,95.53493923611109,101.37372493743896,0.9542928338050842,356.2872466548344,358.3939742406819,361.1685289715008,365.7345857819956,371.6257088815271,378.89495428764667,387.1192116350968,394.8573309180083,403.5852878011111,413.93201062584274,424.2136791488257,433.2382305719451,440.53292633463377,444.91149703903284,445.9990031016132,444.7702004297845,442.1828417725078,349.0588468957641,352.41199300565813,356.6582907386294,361.65806766772914,366.4942716747688,379.5858879636142,385.41722085224296,393.0127637572638,402.0371882911411,411.43369196248864,375.3779361596217,376.449530311236,377.44205071254714,378.71596069725797,376.0787128153734,380.2104295626801,384.99657938909706,389.899035894872,394.4200850911749,356.74288054555933,359.70855585290985,363.74002103539794,369.107330841692,364.8531333470449,360.85963886391954,389.88407746592554,393.95462634770035,399.74534380261923,407.73870623423295,401.2295563918684,395.44260936014496,381.4097794287015,382.9448927310888,385.04165044791,387.88948371607256,390.385870037539,397.33292553079616,405.10679132592577,399.6521200891125,393.86482501832484,390.02441696774736,386.9354216313547,383.9274178855252,382.3978152016542,386.3745639302222,388.8986048556643,391.8287457371015,403.5053910834374,391.9708326850581,388.92059657403297,386.2672120059534,94.61796649992806,103.78357163003227,112.26811144180158,120.39190151272146,128.32086221583188,136.35896216882202,143.44633541145947,149.7897316495023,152.1242616790846,148.9164146276771,141.76723544789013,132.96416738424625,122.58742619022803,110.52550885064477,98.02225622522383,85.48622267044425,73.03654993387437,98.32849797305101,98.35644260958014,99.33219550389242,101.3834434876635,104.08623510123073,104.43069951420148,101.97528391632295,99.35188508886773,97.41691840660616,96.39266119312896,109.4940733314686,117.79721953346905,125.5573087823077,133.69968993990653,132.15520858604134,134.8876342757618,135.8454522820474,134.0340829724572,130.82497427944202,104.87557319719178,105.85200404259786,105.5474191057325,105.23613441688144,108.04248215367363,108.30552717806484,107.24785096361131,107.32094641790559,106.90708446569761,104.81510140978833,109.00277268747777,109.79363345434467,138.69687832846637,138.7914579441607,139.36576590496145,140.19056048058712,139.02309244300852,138.17088254026385,136.56307982915712,141.5506681401963,144.80858206115067,145.0084507445771,144.08483482716224,140.6467091790945,138.571185470596,140.760851490522,141.492596372173,140.58499750252486,136.8166625414906,140.5030343029075,141.00953990351525,140.46291554994548,-72.12520737664497,-25.824740018304315,19.891742136466103,0.3306822,0.44703054,0.15863661,0.27126166,0.35923108,0.0,0.29069194,0.13152002,0.46775758,0.40631253,0.5276695,0.16177803,0.44215056,0.0,0.30982938,0.4766025,0.0009368802,0.022053253,0.019892244,0.80161965,0.023436973,0.027342407,0.1659807,0.020757567,0.7338982,0.018327912,0.010256187,/content/data/frame210.jpg,0
348.85430230034723,52.39563989639282,93.79220920138886,102.90747213363647,0.7646000385284424,355.6247800962769,358.2468774300522,361.57353255460555,366.4613291980088,372.3411338629722,379.47499379948295,387.268573103517,394.6093408246385,403.19431912717664,413.5131295344877,423.9536902367151,433.23150286819543,440.633156777549,445.052675553825,446.2672122150462,445.25033485009993,442.8040158387036,350.10134401339695,353.4280561819492,357.6730957669177,362.4678481277481,367.06274959866886,378.43858162511117,384.57395076560744,392.25082172817525,401.21577562769147,410.77227947593116,374.7815460602901,375.5210129382585,376.05287646285547,376.85600812384047,375.25522838627967,378.944624459631,383.1535956761415,387.5477758761374,391.73040012567776,357.56396875691655,360.4630459874846,364.1152107308522,368.83453620412104,365.04228428038823,361.44892453935785,389.51162778571546,393.47656845524233,398.89906058176797,406.28082637692876,400.0580621498784,394.6960734647537,380.9804033314195,381.9619907024732,383.5935300363374,386.12363012093886,388.37277194985734,394.6813561130407,401.90116479471425,396.7582545073822,391.40039507172537,388.0214766034169,385.3866658184056,383.01176957387463,381.7353088916674,384.9006730294303,387.09019099860814,389.65870929639595,400.3314905977082,389.68512250800995,386.99646586830664,384.70220775665496,96.06466811121986,105.16830885293504,113.73284332232346,121.94042220847855,129.9657031952205,137.9271243452722,144.87078486845934,151.17271144493378,153.35204245998773,149.64691328371737,141.92215480414785,132.68099754227535,122.0158380552661,109.46063055246545,96.59375304103233,83.69329685567332,70.96240303694353,96.7847289887924,96.56861319868383,97.45082992367514,99.40371834469283,101.98706808219141,101.12055133779718,98.33189472791474,95.68061846864387,94.17322895790721,93.87725524961385,106.97077408901482,114.74821178149267,122.05336932627621,129.86987663760516,130.45003986809908,132.53586288807307,133.0903820808735,131.30693641810024,128.4572832122459,103.60747831588557,104.53796898496788,104.16528397907352,103.53549246954728,106.01031507909751,106.30873983921406,104.38239711909813,104.4901109100301,104.20782040095378,102.2166830586174,105.95501552249837,106.64464434672881,138.65733169413073,137.9091867678155,137.7065517627344,138.3719129657606,137.14448804104882,136.93658290652212,135.97762544186583,140.48046525909785,143.42571684657202,143.70744795643344,142.9456198309011,140.03984269065722,138.33399158740326,139.40864900283577,139.8869574131222,138.9859345697879,136.13516256550372,139.18249714918096,139.7142281844902,139.36952049985678,-73.85978010167858,-26.49281730898915,19.565186449477288,0.59380627,0.5183382,0.6968077,0.4380098,0.36934227,0.0,0.49664694,0.0018004718,0.48113754,0.11252853,0.56514513,0.53134066,0.46380305,0.0,0.28284636,0.46432096,0.6149596,0.09147951,0.021405296,0.35062632,0.002249275,0.021329537,0.08045552,0.054991905,0.8214359,0.013226332,0.0063115004,/content/data/frame211.jpg,0
343.55826822916663,50.02984142303467,98.40592447916669,97.76814937591553,0.9090335369110107,351.8610934894474,354.4432277148415,357.7852638565877,362.9297557690297,369.38937252459584,376.9884726313292,385.0673794661532,392.2954640415031,400.4552929730853,410.56031399185304,420.91078298471405,430.2345260405215,437.6687096309382,441.9945119795855,442.6769758765819,440.7236965066986,437.54093197202315,345.2496431041742,348.86828859714444,353.20780026247957,357.923425121943,362.2357134733931,375.86834174646066,381.8279230093816,389.2398683320149,397.63891964887733,406.5768169690855,371.3660972719081,372.32717474445235,373.1112857198459,374.2059687625966,371.82777272042586,375.6118327064323,379.847749377368,384.24993396434,388.53411038620396,352.8667777105526,355.88952807216555,359.75839190985425,364.6161301749991,360.51323663506776,356.6887701493688,386.0091361458297,390.23670510808006,395.8651582469698,403.3797008509282,396.91210591003767,391.30004553128964,377.0076737690135,378.2201573399361,379.96935775579186,382.48273248190526,384.6635221061646,391.1037371256505,398.1193985575577,392.9995151413139,387.5339056686498,384.172045478411,381.46705705297643,379.0420336028095,377.66191663905045,381.1956685389508,383.3848199489759,385.8856484771706,396.6720072265016,385.75159244039094,383.10769502468173,380.7626962573966,90.8458167782519,99.70866214423441,108.06162158055231,116.01149789630436,123.63175233562943,131.2444051515311,137.8676151778549,144.06102378498764,146.12656787117012,142.08714260791896,133.99921236454975,124.95313268136233,114.8460423317738,103.0149108282989,90.72993777155644,78.25971737510991,66.12815282144584,89.54264161676402,89.85681741670706,91.2934327427065,93.70665608021665,96.70147399501876,96.32515492358944,94.00440040804679,91.68275903643809,90.60887487999862,90.0487056190963,102.66158314845525,110.17430277050008,117.11945562588518,124.56104376059957,124.6310420429567,126.92413509548642,127.53804361086806,126.17978131445126,123.67262513861061,96.95168002229184,97.81668845955284,97.84792550099083,98.07628389946186,100.1914145014016,100.15772804797162,100.33600723287091,100.23222395752092,100.08852512065788,98.5220979976235,102.28806893529837,102.86875554090366,131.81382305426524,131.24040022215343,131.39550149415155,132.2163642072352,131.16725571232382,131.0517180748284,129.85518735528458,134.4595117784571,137.38286387526898,137.49431212090423,136.57190438825637,133.2446104689734,131.46181861998048,132.99507310302,133.69679444602224,132.96023232899609,129.79187568612397,133.01747677649837,133.39351782558953,132.90742216182406,-67.29700044686562,-29.07264252287522,23.06456468350513,0.588956,0.46279165,0.5182568,0.4322138,0.38496345,0.0,0.49752837,0.0034818852,0.4815593,0.23979266,0.5007385,0.4439506,0.45407704,0.0,0.30313432,0.46432096,0.30460647,0.10833764,0.05565401,0.54850036,0.011555099,0.042936105,0.07163881,0.023304773,0.81217283,0.016439138,0.02195334,/content/data/frame212.jpg,0
344.19219292534723,46.13081932067871,93.53719075520831,104.22980117797852,0.8387277126312256,357.38495364120445,359.3148972947141,361.7723356078573,366.1740481334287,371.85108535027285,378.74161468943646,386.17073000779726,393.148528704589,401.1488013180086,410.7482591898803,420.2807553865242,428.67842936486113,435.29416385333536,439.3267596494619,440.6529989211141,440.0269944823623,437.60796482550643,351.7856227571723,354.5803818139168,358.4285758023439,362.9051524052518,366.99012398063826,377.3796692339163,382.6427883199261,389.790958333126,398.50242104350156,407.51267283210166,374.29693471617253,374.81477688983404,375.09610613245593,375.56839393999866,373.72623218198976,377.26189734965783,381.1666494263854,385.3489398292515,389.39157764013333,358.3820690476691,361.16972898893425,364.539980479253,369.02588713521675,365.66820120976064,362.36068808259915,387.5992010154099,391.3654933155659,396.4897239569652,403.6381474434403,397.69262611494923,392.54421114105844,379.12516448537434,379.43541204665667,380.623527021072,382.89833783944204,384.76665953046967,390.81186295197665,397.62896704739535,392.76724525793514,387.6393504366901,384.6995189329301,382.4711906401718,380.59593943710627,379.5316834331021,382.0558709512276,383.9366202878358,386.07178969686606,396.455057759035,386.0073254789086,383.7132581467206,381.7639927473001,93.89017609519365,102.0107478705273,109.3988005183076,116.68992945871368,123.9953274534936,131.6270573798858,138.80589020428715,145.5669767058892,148.1670981076744,143.8832208346803,135.34601727344852,125.43059750895836,114.72181384822515,102.78311076041136,90.97632932968858,79.21479660613508,67.5264766560812,96.54618462660974,96.11920889455504,96.46038019541032,97.90369802736231,100.04836522911582,98.49607998167002,95.80619922008282,93.01599149964719,91.40771102367376,90.80675943613578,104.23608666965765,111.58318847330237,118.42493911718493,125.78885961814804,126.40605958813521,128.22266527592808,128.49561871782424,127.06971971844514,124.200886824575,102.77826494779747,103.5344353684548,102.76580002673526,101.61582159759128,104.6957529991153,105.36447513983266,101.74395233819895,101.81385877647662,101.30183530549994,98.99330508643351,103.05263485799614,103.87520782165647,132.9846826070833,132.46215490537895,132.49006678603502,133.10992077031534,131.9352883376111,131.59602181386788,130.60860176017923,134.70371599412135,137.77763858800415,137.9412034014639,137.10096185950368,133.98792237518228,132.37643620778735,134.25632075322136,134.7573032265347,133.85308204787844,130.40778383036314,133.82191974522294,134.2732065464067,133.81568728469182,-60.40330833814762,-32.75361937500913,29.41386445908157,0.4707059,0.50218683,0.58059514,0.415528,0.54429173,1.0,0.53756434,0.045129675,0.480574,0.35463455,0.7997079,0.42231795,0.47892407,1.0,0.3985942,0.4782069,0.28376195,0.14482988,0.1716289,0.53556895,0.021819644,0.037965786,0.05457137,0.03839534,0.80672586,0.016549159,0.023972843,/content/data/frame213.jpg,0
356.2317165798611,57.084317207336426,84.73027886284723,89.20437526702881,0.7794787883758545,365.0391526488156,367.14409092694086,370.0338033259692,375.0655942772968,381.180088662775,388.201256193922,395.3626392662555,401.8833063512313,409.1434164519843,418.10386968381135,427.18381493672223,435.0432609787661,440.90007357710715,444.15495507281935,444.31334835685436,442.2135861734591,438.56918161670615,359.18090924709304,360.2218609772194,362.43365969116905,365.26057784636447,367.87002186307,375.8637018268126,380.66716239905463,387.25643148161123,394.9111593881101,403.098165293696,374.04283943120134,374.5762403796536,374.88762275390377,375.34567124779596,377.42614230956866,380.29652530460976,383.51238430988246,387.22353097933023,390.88665880262903,365.268722419459,366.9231027863892,369.00528857908176,372.3618129433264,370.0585417090719,367.990952663028,387.4939384625402,390.72899607372074,395.1991927100772,401.7682295628786,396.1203940131578,391.701757341687,385.8316639529847,384.65452590055884,384.8404186832521,386.6641203542468,388.0802775410081,394.4238727381619,401.7673426880959,398.03077971867015,393.6518769515832,391.09302307985706,389.06320915720204,387.3062113165374,386.05602413182885,386.9364706674664,388.37166695028253,390.09096304209066,400.62834025132673,391.31834988841047,389.4100218600019,387.74111174056134,103.32948259073457,110.66331814554701,117.65992434952815,124.08753338626022,129.94644513426687,135.55902262607918,140.67842117397322,145.45944190009436,147.13536088247605,143.16615598263806,135.42511729467765,125.83102712276938,114.99839398542206,102.81404883212491,90.82090175923202,79.2513011990261,68.3067703046965,96.93275466154448,95.5176023868571,94.8583864467478,95.53989548391323,97.43815206020298,95.89974971229489,93.25253695259462,90.48021423478757,88.87150313387147,88.06490327978162,104.41893488676594,111.18077448909277,117.46144304923565,124.09367132540389,127.07034849629112,128.26191900021695,128.11324305642708,126.35350483648779,123.5920000769116,104.37527384980112,104.7327992343289,104.01046205518803,102.70812152894067,105.37776137397358,106.01239365553761,101.91011287553371,101.94644922004849,101.23563822288585,98.28996657722593,102.34581722921682,103.45063351428973,134.2674904874715,133.1917432780104,132.53769545713848,132.812907377121,131.4974487605624,130.962286823333,129.69547871194123,134.5154645049547,138.23610839105044,138.75519173509684,138.12053393195634,135.03834418350266,133.7082936055911,134.69996636172976,134.82611951427518,133.6838694568988,129.80769708372804,134.27907090279973,135.03212329923542,134.86075229355987,-59.265522139580455,-36.47021972835082,33.549246969889346,0.53018326,0.48600113,0.62276167,0.40906182,0.3986387,0.0,0.4416497,0.0778045,0.47974423,0.14719123,0.6759054,0.5029717,0.42257452,1.0,0.32754534,0.45824218,0.71796465,0.13721818,0.16798149,0.6901868,0.013538935,0.037160434,0.105258435,0.08941581,0.6739868,0.0508914,0.0297482,/content/data/frame214.jpg,0
356.21796332465277,57.0602331161499,84.7392578125,89.19565486907959,0.7791344523429871,365.0371936710733,367.14192617566573,370.03135608359423,375.06265513954827,381.17655178725704,388.197032946522,395.3577159398507,401.87774558062375,409.1371459510632,418.0967232312594,427.1757808512966,435.0344585734353,440.8906986243378,444.14526193092706,444.3036397308284,442.2040828149639,438.5600345261398,359.1795229566612,360.2203729259343,362.4319554199406,365.2585972226454,367.8677861465913,375.86068466805426,380.66367566593294,387.25230059792614,394.90628019725574,403.0924857614986,374.0400002754239,374.57334907992555,374.884701014209,375.3427047304192,377.4229724105133,380.29307480404896,383.50861943494056,387.2194033119164,390.8821730369463,365.26674099954664,366.92095963836533,369.0029418817514,372.3591381205191,370.05609204833416,367.988705124655,387.4897843607631,390.72452572075446,395.19428536180146,401.76268004189177,396.1153966105329,391.6971918939976,385.8276723510309,384.6506493726945,384.83652398297147,386.6600473734249,388.0760661201804,394.41904118323896,401.76179325380775,398.0255955614882,393.64712086504903,391.0885171405157,389.0589016474233,387.30207556649935,386.05201059698186,386.93237106235495,388.3674270439506,390.0865550616473,400.62290216308503,391.3138219216805,389.40568044667555,387.7369334757391,103.32407371807477,110.65719233535651,117.65311456850988,124.08009525816261,129.93843425352298,135.5504630737135,140.6693611619332,145.44991450735458,147.12566965606317,143.15685277582804,135.41657083256428,125.82341855505872,114.99184438899518,102.80869034698792,90.81671569433591,79.24824614951682,68.30478516531753,96.92797111710371,95.51295718418442,94.85380568738648,95.5352481019228,97.43331910936904,95.89506715184976,93.24811317708745,90.47606147465683,88.86750763733843,88.06098663444499,104.41341951195824,111.17459809365661,117.45465267125584,124.08623259727662,127.06261877560414,128.25407279455996,128.1054113849607,126.34584519265479,123.58461039091834,104.36976274318786,104.72725317692291,104.00498661166881,102.70277339899346,105.37215226667232,106.00672250816228,101.9048427569285,101.94117554929258,101.23043403924581,98.28505035512255,102.3405045172372,103.44521279821686,134.25905719207674,133.18341514498837,132.52943126220532,132.8046162781548,131.4892862575601,130.95417663643116,129.6874923650509,134.5070069682365,138.22728713343605,138.74631973318532,138.1117239726138,135.02983553136707,133.69991497589325,134.69149078856873,134.8176316086956,133.675493214845,129.79969976664867,134.27063647533237,135.023615255238,134.85226100236588,-59.25150371942831,-36.486856436843524,33.576948520886205,0.5919607,0.49198604,0.50629103,0.419922,0.38891944,0.0,0.4765922,0.004232675,0.4836623,0.14263757,0.6204889,0.5154568,0.4510964,1.0,0.3566171,0.4585179,0.19835408,0.108420864,0.12249728,0.6434548,0.013538935,0.037160434,0.105258435,0.08941581,0.6739868,0.0508914,0.0297482,/content/data/frame215.jpg,0
355.3333604600694,51.20728397369385,86.89274088541669,92.15014457702637,0.716214656829834,365.5875287914151,367.9981432305341,371.0056387187054,376.1792043043148,382.7820382948594,390.54547789540277,398.54078552001465,405.82791656450695,413.3394676991527,421.77914344817646,430.0125048366615,436.50124372982873,441.01687333378527,443.48617320794506,443.78026773120996,442.23352958981377,438.63063440050814,361.0516727740056,361.9457230907223,364.35490726288594,367.5767401182846,370.8001713134836,378.7811597908119,383.4091543305062,389.92303164840973,397.865093136621,406.5884363014286,377.5808889893965,378.55058032522163,379.34506725456026,380.2198567527962,381.8000611636204,384.8725415229735,388.0086918306623,391.4455969600418,394.69586543392984,367.84166246853357,369.57822076283804,371.71937818043943,375.37107051907253,373.32398281370035,371.14970680677186,390.5364777593311,393.684373392893,398.06721226712705,404.6338150251663,399.3435409742174,395.01471280305134,389.0216668673902,388.29164740851445,388.7738978339677,390.7060467821916,392.2457390462823,398.30356552927447,405.38608930604573,402.0627750555086,398.077158224895,395.6270614971613,393.5288994201894,391.30945466005755,389.4716110556004,390.7776688829773,392.3974725742985,394.1329993627112,404.1231438111806,395.7810953162716,393.8952191291544,392.08683111466746,100.6763986537087,107.89526575876903,114.37388073468537,120.29018329110772,125.53731205408508,130.42037526154786,134.9727040655389,139.5525572695558,141.36157473332491,137.34887840139277,129.61948508636988,119.6760517066225,108.36687157070651,96.22072821331426,84.57241991831518,73.61030361620237,63.14737849365355,96.31819398567598,93.84440887343726,92.33603418279552,92.1614460434073,93.37187371753339,90.53064181960451,87.62522257262106,84.63224066894611,82.44442326358535,81.16991369787604,98.80971572637964,105.13891723864981,111.052596540472,117.26787761930177,120.92877441785731,121.58827248830471,121.1188417367141,119.29711664764568,116.51654586457266,102.65957254034265,102.77156837493067,101.35946646900584,98.96396046043265,102.32697944893812,103.59364231966879,96.38376216849622,96.53433566432739,95.50101392671831,91.84868884325704,96.00907836383374,97.42000375984367,128.65327714264572,126.95162856690854,126.02869773299517,126.08265241178151,124.70644559267203,123.94663110259012,123.19821920159939,127.96302503711195,131.64434103856024,132.30100493946475,131.96722545150737,129.36489756831452,127.97287212850051,128.08776804355102,127.94672526669433,126.75677611528863,123.26805841200985,127.77978608952594,128.69335098176384,128.80842485629728,-56.931851360299746,-39.26374190475293,37.16564798896118,0.5364286,0.48689398,0.32738486,0.40887982,0.31586033,0.0,0.3043854,0.033263795,0.47264257,0.20084204,0.747452,0.07526679,0.45375752,1.0,0.40172866,0.548043,0.20973977,0.3578396,0.1227565,0.54675,0.037066717,0.08093784,0.050835308,0.069368705,0.7231812,0.021096552,0.017513828,/content/data/frame216.jpg,0
358.25469292534723,46.508079528808594,84.06605360243054,90.17288017272949,0.8491198420524597,368.5258860256764,370.779846311171,373.5742838531173,378.5138354880303,384.71021115531045,391.69596801507595,399.17319594909185,406.05132076614024,413.1304817032445,421.37183393381576,429.68082382210366,436.3750815326215,441.2359569047657,444.21314898568687,445.0452592219762,443.8754831201299,440.56268261742144,363.9926408372538,364.98595888752357,367.24763297473737,370.39705535052354,373.49944836704066,382.0564440752339,386.2376761138819,392.5334379246334,400.27263843242,408.5166801741258,380.2588251403158,381.13971098321167,381.8634829382485,382.67215830953234,383.71379887730257,386.7470772623625,389.9730652473952,393.4708937966923,396.6912479976098,370.42529199260264,372.0470059348885,374.1514645519883,377.9243584990443,375.7791831342412,373.6147587383085,392.78722587099475,395.8451323094532,400.22796158918527,406.94650874558477,401.5501110736534,397.17559541467057,390.1815088099884,389.6535616440801,390.25079113278724,392.11394513398346,393.4516899132317,399.2317234521861,405.9557173523581,402.3096690059803,398.34298191489734,395.9523322244821,393.9650737310781,392.0438211296425,390.38005858341995,392.1487120638892,393.65699248800104,395.27590082514655,404.89216726582526,396.2294905391791,394.467090010856,392.8025889777632,93.19116282471923,100.16815458704632,106.3096887359166,112.03689627739531,117.3694422461328,122.77971315175813,127.73313479553157,132.58114308203216,134.61980542134074,130.74583229322872,123.28479947302289,113.99464109465634,103.44603014300783,92.09986627079851,81.02224718302199,70.5194159676634,60.42778972087358,89.1947105204807,87.37800379610783,86.16281236415648,86.36169429543801,87.86346700555768,85.51791983639853,82.72598154041059,79.85315152104306,77.97692726969308,76.97105655504542,93.54719089219466,99.93883022757535,105.86906683620973,112.123747493073,114.93108759383135,115.9494771121052,115.68005517296187,114.11526276668992,111.36409281574124,95.72472746111649,96.10599307552097,94.9025432623236,92.89835439307276,96.05475047129111,97.06140159564447,91.35313672611328,91.40459861902076,90.47141887617583,87.3539981355737,91.35806427169308,92.62519809674262,122.15857152268822,120.83125585496168,120.09053739991045,120.35585090118161,119.15145298693682,118.81671527019301,118.48265476848309,122.4025043778899,125.63561924494579,125.98575876646,125.39462098822423,122.58786135749492,121.38146404648346,122.00300555490671,122.1302316859373,121.12212293684438,118.3433935588505,121.72196776551567,122.36629594741207,122.28466896199569,-58.63358979227699,-37.64591223708711,34.864685881321684,0.6658443,0.5268195,0.19966435,0.3710607,0.30960503,0.0,0.25471348,0.001079775,0.47261074,0.26588273,0.59069973,0.31387326,0.47977978,1.0,0.4173426,0.5345564,0.22069839,0.36897784,0.23526719,0.80748594,0.0114819985,0.04450926,0.06726466,0.050509654,0.7862151,0.017171312,0.02284798,/content/data/frame217.jpg,0
359.2691514756944,45.49659490585327,85.08159722222223,90.43604135513306,0.790946364402771,369.19740362611765,371.8481777861631,374.7441610725404,379.54085347085936,385.95329698531214,393.2995349134303,400.9635050577658,407.7755751028378,414.7378693537207,422.68570270197483,430.44077505586256,436.86197367118365,441.5766811962443,444.42017753971766,445.1028684157721,444.0807823513482,441.2948879090437,365.6684656813263,367.06627882388835,369.9693451065351,373.89163352977175,377.7492176501007,387.4023712919717,391.90330493373307,398.30362002991615,405.9623927427425,414.02126418593934,384.70722652652836,385.6374503338551,386.4178865584287,387.2866629474339,386.72197996402116,389.929920722397,393.3266217142326,396.9971985618224,400.39811377472614,371.78812109313645,374.09477968442184,376.7947434747243,380.96522138094224,378.38683608962015,375.5874904228933,397.04016550494583,400.4324129415928,405.00709383492375,411.7000531098527,406.29386403117576,401.66062713443876,392.1873072101812,392.2440973158872,393.1988496363226,395.2312555823263,396.733455595252,402.3906220759899,408.94485165138275,405.1118380893457,400.9816976851704,398.4548177434335,396.3099926799267,394.2265374128647,392.59692108896485,394.8432432250422,396.55152608696164,398.331906735566,407.8033572662876,399.06175937034277,397.1374386537137,395.26334575994554,91.93577345462108,98.97276582506584,105.15900948742149,110.97982875867848,116.25532847057093,121.40693719839965,126.11889561531916,130.79446877742959,132.64389408555962,128.84739514812657,121.63326965453655,112.74081687503076,102.55775808485487,91.70914344795597,80.99891568063674,70.71381323050693,60.753446753864594,89.61366002421519,87.46868618544431,85.90775875413433,85.64821707165257,86.63947107971245,84.22335432210423,81.48186929613607,78.84433290035139,77.24619224754511,76.56123093159059,92.42539931729118,98.67732402450577,104.44653768458642,110.53140070718689,113.48422099582086,114.45368589617863,114.19250121730192,112.66094396367384,110.04656152692723,95.75119272455487,96.16859143074527,94.79328701536934,92.63351003781969,96.11007100403276,97.23851197682484,90.67925638490101,90.84444867597915,89.94866957653832,87.00193290250843,90.98445266799479,92.18057991746639,120.57594325798823,119.12258357687341,118.38284708976806,118.61792494403863,117.42265153521322,117.08371560961558,116.89773359250074,120.74802449064356,123.88379307470251,124.27679910606889,123.7762997121394,121.17429149627276,119.86457109840961,120.34404143218188,120.493250085103,119.48331184441804,116.75091828078484,120.10900238884977,120.77365911549839,120.67062254236879,-60.4293506500159,-40.19596499146866,34.831010838084325,0.6269986,0.49654537,0.48735768,0.45707935,0.3618168,1.0,0.47535512,0.014210317,0.47975487,0.09858429,0.5293213,0.34311846,0.5053173,1.0,0.4880523,0.44256756,0.51294345,0.04262475,0.028215572,0.51341844,0.037332956,0.025191054,0.042436223,0.026488837,0.8036024,0.017612007,0.04733656,/content/data/frame218.jpg,0
356.01925998263886,40.11125135421753,92.49541558159723,98.22704744338989,0.7879301905632019,370.5642838642687,372.138846617024,374.29282790546074,378.604703822814,384.51605051866045,391.4272100397475,398.8963507892646,405.8603579711938,413.63867369585296,422.7464432187721,432.0057159268015,439.91979716570063,446.08387750680674,450.09429271804277,451.7983030830157,451.56646049326173,449.3316479979667,367.4931810236832,369.87489132763517,373.53812930402495,378.05386075224294,382.2933995895602,391.1071802871525,396.19265757535067,403.4225576246556,412.1476698958111,420.8526112504181,388.65525467843366,389.13436839599115,389.46189461948734,389.85397339653537,388.0315159810257,391.50822742887283,395.369605491818,399.52255201061905,403.3264594719039,374.0845883091393,376.63328302934565,379.6112016453015,383.88187858855497,381.0764806766418,378.11385359669,401.32901882840514,404.8074726612415,409.67712254752007,416.75781683063195,411.0158362789081,406.1347344267731,392.29624211748137,392.72895429608224,394.1409219673494,396.295563675903,398.01748969298274,403.97048149779516,410.74949727666615,405.9146529356963,401.1810109518922,398.4317909043892,396.25754736470697,394.21333281771757,392.6421863339179,395.5665301243285,397.3654899325945,399.36796452304804,409.5313593968299,399.6445857044501,397.53313476896574,395.68168210002676,87.50286136517394,95.43487933341767,102.58975846774361,109.5728229854923,116.27580614197122,123.22818922726876,129.5963393844903,135.41862421212818,137.85316461255752,134.19256831663526,126.65073919978596,117.25608739354243,106.82481487916122,95.6246587823232,84.438800078441,73.31530892112828,62.29422152353429,89.84146169213484,88.53305702866392,87.94292598688455,88.55357571963566,90.1390055448993,88.35621900375084,85.46159060572683,82.58245397746578,80.80451520100502,80.41409098712214,94.47025144376566,101.83378118054964,108.69686703515009,115.88624960770997,116.68489424990184,118.39117393080832,118.68691567974321,117.35267032276295,114.52225021674055,96.05977727890314,96.58860517462057,95.38346492474409,93.5181855878262,96.92324145299204,97.95183875928424,92.72542149497289,92.73724582536339,92.0581934302939,89.58624795856392,93.42704761169696,94.40609233198552,123.38172987869706,122.83717133785527,122.91788310703292,123.41016307245246,122.38096155201077,121.90803049086658,121.20304606759072,124.88627229113496,127.92498468657324,128.13554629192265,127.34902808719602,124.32028522522423,122.77937755188248,124.52746042103817,124.93874056169716,124.08806324519037,120.97853133083576,124.26192937957751,124.73864731777485,124.38317267699209,-59.547697860565556,-37.633181222034,33.60669333880925,0.5941036,0.4978562,0.61699045,0.46521148,0.34109953,0.0,0.46268395,0.040652633,0.48066017,0.13206296,0.49714077,0.24150431,0.5145661,1.0,0.41276914,0.46396092,0.6295628,0.13128828,0.09323455,0.57714164,0.029149786,0.061252877,0.095724046,0.035426084,0.66333044,0.057994466,0.057122305,/content/data/frame219.jpg,0
356.0367296006944,40.195481300354004,92.41314019097223,98.1912260055542,0.7895307540893555,370.5699069423531,372.12752093062085,374.2726962293299,378.5757552777895,384.4646948734166,391.34758704125755,398.789524637616,405.73648228785567,413.5162315122164,422.63650284696104,431.9152593467801,439.8534937362152,446.0468813253198,450.07121479087914,451.77381011761724,451.53404564671075,449.297449564798,367.55600419394057,369.9495807238039,373.61807229281374,378.1378141187021,382.3766145472092,391.1642222476589,396.25035926388574,403.4752278077077,412.1951425513388,420.88369877941295,388.71109087517664,389.1731812516755,389.4842731770044,389.8618044208481,388.0091868654849,391.4843530105067,395.35158487819535,399.5129195896603,403.328724194154,374.12198572869477,376.6822347001186,379.66600623433897,383.93577539170343,381.1187377519016,378.15018545692243,401.37378587436774,404.85592252928666,409.7214859242731,416.79187251777256,411.05565907652414,406.1768850728563,392.25259099095666,392.7047084464945,394.1290663016048,396.2854400668436,398.0085149974706,403.96020674013045,410.7348611112177,405.88903286263997,401.1430988684909,398.391057282938,396.2137193141298,394.16969893133705,392.60500381802785,395.5465379250233,397.34864825426615,399.3553439268848,409.5191831156243,399.61489972967024,397.4996115895172,395.6470045689296,87.36294956835796,95.29855377546923,102.45911804864416,109.45210213375556,116.17550130965033,123.15334341054208,129.54930771246268,135.38946427358627,137.8255328210863,134.15898140659442,126.60322258238081,117.20845010977679,106.79457855545128,95.61257436843248,84.43843614724204,73.31880836692397,62.3030956137459,89.75030180160036,88.4590051862978,87.88165382926988,88.50570233522006,90.10272516344719,88.32989448736373,85.4333368492656,82.5536840145147,80.77498195679507,80.3990379524846,94.44301059750799,101.82179221376666,108.7006214697936,115.90811465695538,116.66030466247864,118.38470697483919,118.69584806245454,117.35557176350274,114.51991215192061,95.97856652133328,96.52274386979836,95.32923104219994,93.4741623956991,96.87015267842959,97.88759428878011,92.69022759951126,92.70100818660642,92.02390303882537,89.56007535745323,93.39655621498153,94.37302457118668,123.33676087801899,122.81346345491801,122.90475079762996,123.40314401106356,122.37256904705316,121.89641123345228,121.17660512831714,124.8760742051641,127.92109492508928,128.13044198706478,127.33916094064793,124.29777120673461,122.74401119056363,124.51978106905705,124.93707757943675,124.08745494539812,120.95968707423182,124.25415723548971,124.72780777248278,124.3657415793124,-59.61285698383485,-37.63031527445966,33.599275527968565,0.56802684,0.516113,0.7212975,0.45676863,0.33370912,0.0,0.46707898,0.04013217,0.48037505,0.14475979,0.5224213,0.15793641,0.48069707,1.0,0.35305315,0.45768434,0.18873289,0.09008606,0.048653435,0.5137925,0.028592296,0.060771186,0.095415466,0.035523593,0.66519636,0.057356022,0.057145067,/content/data/frame220.jpg,0
363.087890625,45.397765159606934,94.38471137152777,100.51031970977783,0.6613288521766663,376.1863874268166,378.73485467022954,381.41690360286475,386.0682315010724,392.4015941493584,399.8198396104975,407.8103017602071,415.26250833267545,422.97443401373647,431.21749450980934,439.0030792820387,445.02803492451,449.15817047531124,451.78063829016094,453.3342369194831,453.76503404803805,451.8062529048235,373.06164527143255,374.49277649563794,377.660818349061,381.77439749863635,385.9276818171091,395.58860073853225,400.5597698397538,407.65991025545435,416.5170637045966,425.52980634763026,393.2176061824245,394.39211139036354,395.49406102758064,396.66901914619154,396.0415976790653,399.4545851263093,402.97573554995137,406.3838308430337,409.34872428749367,379.4218914031681,381.46620257004093,384.4217071043832,388.93050473307056,386.4459446232651,383.5173954629552,405.8569555450546,409.2319524138017,414.1952854414948,421.2966731588074,415.9615507929468,410.99893667108205,400.8490180052442,401.2204514850267,402.3798632651004,404.6442980048073,406.2765305536297,411.7585253802134,417.6849549789152,414.25734858165254,410.29777703314636,407.7046657377956,405.4296199480629,403.0023494437153,401.27306460807137,404.0162295224356,405.9879976994385,407.87260573381735,416.69183690051636,408.42604460215244,406.38488763460134,404.3246760680709,95.14182119728247,102.3566091199523,108.56049323403101,114.51313413923283,120.04804043478002,126.06444828695271,131.8704827265878,137.79360535847928,140.45495878958212,136.52009243986572,128.4726605977919,118.41560659232569,107.19824576902947,95.6358460934371,84.78002660572585,74.52555746527723,64.42004920698307,96.77258717821513,94.08217916806126,92.72882097362674,92.97556383201842,94.3690369716725,91.91697859436482,89.1173831670076,86.04763371295985,83.88303702015918,82.79867181950247,98.4120159743789,104.83781912859786,110.85680785269416,117.22518480934791,119.36278658829562,120.24110978403027,119.94760929056547,118.43123560503308,115.66331157394195,101.60776805295411,101.51474882782941,99.8787779686998,97.79001146266901,101.82246927857814,103.25273961305413,96.64994903296417,96.56731799705851,95.45809662738807,92.51679048315486,96.89488024866853,98.20510768793375,127.09493509030692,125.58179648100192,124.92617593276036,125.09532728510283,123.7989459720908,123.12663243051595,122.9747563852277,127.15501405037857,130.54407990618563,130.96657367242366,130.52523019536744,127.94364655497358,126.27426814200253,126.94526608591158,126.97292958218486,125.84723089092961,122.74393010187475,126.44183790152272,127.25778163853512,127.2082274597899,-62.20121244056834,-46.41322154131981,38.09278606818751,0.555891,0.46257985,0.5600534,0.5008229,0.3758015,0.0,0.4960318,0.0024414025,0.4818876,0.11537553,0.50229615,0.42948323,0.4919273,0.0,0.2845773,0.45163807,0.5134911,0.105242185,0.074123204,0.6325801,0.010833973,0.030493123,0.032119956,0.058682997,0.78177017,0.04743996,0.03865977,/content/data/frame221.jpg,0
368.5471462673611,50.00150012969971,90.37239583333331,102.57224750518799,0.8822219967842102,377.8659361445578,379.80261916339924,382.07796048390145,386.3158828053914,392.12957995585975,399.1342724821549,406.8765035909353,414.1475418237001,421.9471776807251,430.60733085273563,439.1807881451365,446.4422668677777,451.8777030798641,455.36020400541804,457.27088082816516,457.83523674278814,456.3637031260831,376.69728052953417,379.1691493845245,383.01259885090514,387.80635569714184,392.51435940901126,403.45974172176136,408.5677665462466,415.6672618275826,424.35109001046743,432.91859003332075,399.8628641555105,400.5645417360889,401.1844242450104,401.9325787992139,399.03556668844504,402.65400634238085,406.5342760631232,410.2935845995492,413.6404989505861,382.7707223356404,385.571433203308,388.991426817846,393.67159936958177,390.5589553771552,387.19705981378326,412.1765072958206,415.86528234772703,420.945703444783,427.8944548623345,422.32368151805196,417.23386231472705,401.5137357961742,402.9116362406948,404.8523818679254,407.2455204903641,409.1449283894351,414.44208918551544,420.0906885339361,415.92949907229536,411.5877904039408,408.78286652883764,406.43469355302057,403.9158176594731,402.19043613023223,406.05019288834535,408.1854925211129,410.3160344084352,418.9389032900018,410.27375760330267,408.03181037351834,405.8875051393104,96.29068014689818,104.08377914780633,110.88947539428983,117.60037622227141,124.17052555238442,131.19724970485106,137.6159068442167,143.99273837558923,146.84806060433365,143.33411527326163,135.8939624834278,126.87179513832228,116.82296721939706,105.96915224805417,95.30489143102093,84.96432971292995,74.58433043024205,101.36804190725303,99.87434093840784,99.18429910844816,99.85675892304991,101.49366546200955,100.43921041075042,97.84294870539597,95.10018732398268,93.29602237228355,92.63469208711972,105.396153890664,111.84274123343782,117.82232119561098,124.27949516394771,125.1442970176227,126.56315428537297,126.70689175455415,125.47792612190068,122.829853779176,106.81933971633673,107.52665542702259,106.27890825490894,104.21478038554108,107.9764366143996,109.0453263058493,104.34024987298169,104.73949698074865,104.13502487168498,101.83769777837912,105.66770853971832,106.46132395691592,132.34127289068033,131.12566709527567,130.89939356401362,131.3001299891675,130.25312519311223,129.93347953188544,130.13094247507712,133.46154770024685,136.1238089091106,136.29671645676586,135.7219866762067,133.2092294560615,131.63518971852153,132.68690457251955,132.96430644303865,132.14119813965746,129.72225324180812,132.21500372050488,132.70048450593396,132.497643879764,-60.30232768838636,-39.43790769353005,34.84065247642063,0.6127991,0.48730916,0.7874913,0.5212825,0.383319,0.0,0.50543046,0.055209946,0.48065013,0.13157083,0.4884182,0.3996633,0.49674404,0.0,0.44190088,0.46432096,0.7137773,0.08354796,0.007891555,0.5292926,0.02457645,0.08305737,0.066718556,0.1896826,0.51999885,0.093476586,0.022489564,/content/data/frame222.jpg,0
373.35438368055554,56.426751136779785,92.66314019097223,106.83937168121338,0.5691881775856018,380.58279917461743,381.72535312018795,383.5504278204675,387.5042526192267,393.280901623669,400.4834051629926,408.4342497374436,416.2566900310634,424.99031317510395,434.27704599280816,443.2968220083603,450.6600276737174,456.57180569666474,460.7206708132039,463.1213639539857,463.9870210945302,462.6822003751549,382.4878867905933,385.97772188379724,390.20030311621093,395.1572791948265,399.85962460977606,412.936106268748,417.5924521854851,424.11762562699147,432.23509468167737,440.4647980797882,407.50910159372876,407.83627536505,408.10127587987876,408.4427397187567,404.82672982451265,408.53845642527057,412.52295519791875,416.4746250239234,420.05064947512454,387.86691466527157,391.28235543752317,395.2836393082399,400.0691995310281,396.6284454706581,392.7286631092041,420.3767304765738,424.24614453403314,429.51611512175,436.05280467652256,430.92059951014875,425.692773159103,406.41564014361325,408.3558874391764,410.97524153881704,413.55724659825285,415.74449427274646,421.32948825348774,426.979582279959,422.4865557877251,417.76013504772885,414.78604721492565,412.1999614624015,409.2827587969201,407.3541422408336,411.8610537880143,414.2813518316392,416.62076962124286,425.7655608026737,416.8299166046429,414.39428921582095,411.9965305060241,97.91790451031216,106.17314280721473,113.49987441243924,120.95798293821673,128.320699531743,136.26148374579924,143.88531884649717,151.69770642146943,155.35516897424878,152.08336248530998,144.7468570852165,135.75139710975276,125.6396153969565,114.68172413335371,103.76060113715671,92.97006796153498,82.22681427680791,100.30949250911866,99.54554702588919,99.43493273290383,100.25639764848567,101.79802083494423,99.6952564983504,97.29368073574898,94.77270267070222,92.86147873159909,91.95326087915257,105.69686326147341,112.61843706360357,119.20040397146344,126.16047689677565,127.65294836423719,129.27118770969204,129.6326347179072,128.51838389410835,125.96013320633026,107.37489927999287,107.66964529640683,106.4442911077918,104.91234619436024,108.9581470643023,109.98394466244964,105.37135539107587,105.09849915996462,104.53443504146549,103.06619555487141,107.0945121068618,107.7171196518591,136.13653353477306,134.81065215968326,134.39764628205376,134.9050888735149,133.9346710184601,134.00397402523623,134.77530143641206,138.58582818874217,141.55402805520714,141.77945960222394,141.0720248406958,138.12749910754127,135.62734862491465,136.76535764124486,137.10246568412958,136.4098864794625,134.3269830442482,137.1315043240843,137.5659147360593,137.18405662065493,-60.97314907206116,-34.833011230701985,25.168078770455562,0.2996458,0.46437472,0.24947213,0.37350523,0.35509697,1.0,0.4379542,0.078842714,0.4715451,0.18251406,0.5596072,0.15830496,0.54559916,0.0,0.38924527,0.46081012,0.03576793,0.04778789,0.012960087,0.87544584,0.02075788,0.06282341,0.10369578,0.122090615,0.5947448,0.082696706,0.013190768,/content/data/frame223.jpg,0
372.82318793402777,70.97870922088623,85.19959852430554,91.36950588226318,0.7642093300819397,384.9332196729313,387.7020378631599,390.8467803356136,395.8796857992155,402.2957129124348,409.67277234233336,417.3823946287095,424.4559665575414,432.2129237055135,441.06794115725785,449.81045417128644,457.2939435181423,462.8737715134641,465.5674538616702,465.348378998986,463.6226661420532,460.6144288361861,378.7781780212385,381.09592955196314,384.5227042789531,389.0330375759197,393.52060203983365,404.6950995976019,409.8176295665093,416.8222643439474,425.17588385956464,434.202896187394,401.40875445862446,402.3528179822437,403.1340000447297,404.06496364703605,402.71805058511336,406.3900313972218,410.52351894082085,414.94975329170876,419.1492992062884,385.70428025717666,388.3676978333199,391.75572012408884,396.5617803052306,393.24782697588836,389.84984985591524,415.42118054230787,418.9529408946063,424.0467418766883,431.40642732763445,425.5811089635439,420.518749099664,408.43078935604035,408.9414052712205,410.6276843914599,413.1452709902341,415.1443601546945,421.96335444083115,429.4892772070358,424.77556019783265,419.4771926221183,416.17513672692434,413.45803855528897,410.810008240174,408.888371666105,412.1283524290514,414.31556221459033,416.7130536754218,428.2623024369039,417.4315593620778,414.8695232173772,412.4949051536997,116.99752806565212,124.71652844486135,131.69735201586218,138.50683423641095,144.71666094191562,150.86915384363982,156.42216114698448,161.3666511277019,162.73812041528345,158.80920926820107,151.50333511787375,142.47570847594938,132.06349628698985,120.69704518030571,109.32080752726787,98.12916472451869,87.12263959256452,116.66093295601917,115.72700234733914,115.07556146113848,115.26691049884388,116.3304287052855,113.74183981411733,110.89983002062425,107.95265488227369,105.86681672529286,104.86025327776457,121.11137389635226,128.2757924234233,134.95433424815025,141.9631352514985,143.72261577788686,145.29553434183129,145.32219165240014,143.54907858130804,140.53303164412694,122.87621333293096,123.17477651835323,121.98479129904746,120.41128456203333,123.73416831915009,124.80589807516998,118.80297104980724,118.47446985513861,117.4748435822043,114.90267125493631,118.96647009266363,120.23702195200192,150.50517274235727,149.91398691951645,149.5134606648382,149.8288390647968,148.47299557509962,147.34659186462545,145.51274012120513,150.53650276120186,154.47881118376006,155.0717615258099,154.47667415494027,151.6236491869035,150.15266755118967,151.2610470247065,151.49345381030324,150.34580398150126,145.74229099978578,150.7264434511682,151.50349196402567,151.34217569678339,-60.12456092063757,-33.629848864604234,25.494259307477922,0.3145292,0.5073549,0.17114548,0.2111183,0.3346047,0.0,0.40388867,0.0025602619,0.47626868,0.22729777,0.60700107,0.28007925,0.5044815,0.0,0.31703562,0.46981505,0.020138768,0.05278543,0.015182325,0.82239294,0.078687586,0.12426447,0.1658426,0.07849436,0.4633025,0.060848236,0.028560188,/content/data/frame224.jpg,0
372.69550238715277,70.85996675491333,85.39596896701386,91.44809675216675,0.7611443400382996,384.9695610107852,387.6979392911362,390.8200375217252,395.855626974616,402.2721690193274,409.6445000718427,417.34622644918835,424.4078363823835,432.15813531668834,441.0316272093138,449.82052593210966,457.34046823956413,462.9610966768861,465.70684589288817,465.5346507495392,463.8344150296373,460.83804554802094,378.76254289781036,381.09341569502016,384.5116570640078,389.00533644405505,393.47131684274177,404.64728267731465,409.78565548060374,416.8092792672138,425.17771075610005,434.2153001856221,401.3325588722345,402.27518436389494,403.0554489216581,403.98611768908995,402.661645575231,406.33702682956744,410.4806662399011,414.9222328129953,419.1364319402961,385.67177491152495,388.3390532191187,391.7174230335569,396.5059112129751,393.191422879488,389.8008641396669,415.37390657387124,418.909489651546,424.00483983250814,431.37751428109675,425.5282494677296,420.46642782527715,408.41829810284713,408.92838844145047,410.6163273114893,413.1455538567369,415.17465509038465,422.045990894581,429.62937971462696,424.8706623395449,419.51397793548136,416.17801263043816,413.4453582513648,410.80251339199634,408.89060179163175,412.107222244227,414.30598403115886,416.73554395417824,428.40764843546197,417.48083116904627,414.88689245139403,412.4991712518583,117.06442375026653,124.78901049477787,131.78011630846532,138.59603779774665,144.81514345250184,150.98321718032508,156.57207003433058,161.56519938036692,162.97241032525966,159.075532062764,151.7902895248776,142.76525858032215,132.33703933058985,120.95247182802007,109.55272294857139,98.33203059306024,87.28481212246628,116.59984156747306,115.69446637366917,115.06487093111699,115.27313574391815,116.34883211964242,113.79319024026066,110.96488533779731,108.04726802232555,105.99375623352404,105.00463818397688,121.16051752142208,128.35967556938914,135.07586175722759,142.11477484519668,143.8359937003969,145.43129412117446,145.4734435363435,143.6909562807881,140.66986228189387,122.8323462099647,123.12216595495636,121.951375030437,120.41558351394377,123.69441425326667,124.7498829650539,118.85937791850228,118.52515869645171,117.54109020440153,114.9988178788071,119.02695520227502,120.28436042779825,150.5594010170911,150.00130063700095,149.63097577067148,149.95541638072984,148.59892340064485,147.4534718358966,145.58653530981854,150.6735131674697,154.64975843860307,155.24541653779636,154.63335391761547,151.73567973790574,150.22831487540458,151.3915641680664,151.63075752053658,150.4821859571794,145.82478023503865,150.8786547112232,151.65348707015056,151.47591532542526,-60.07526229842311,-33.572029895326395,25.41598987195217,0.33776915,0.47155136,0.10889722,0.2214271,0.33770138,0.0,0.37225163,0.00012592415,0.47294232,0.2884837,0.5651303,0.26488444,0.4145918,0.0,0.41671932,0.46080285,0.18718125,0.023773644,0.19417386,0.7515316,0.082204744,0.12791657,0.17040224,0.08087558,0.44357094,0.06633471,0.02869515,/content/data/frame225.jpg,0
371.40543619791663,69.50742959976196,88.55490451388891,99.02105855941772,0.941289484500885,377.49878212055773,379.6701926647167,382.4276495883772,387.63061481902787,394.7619196594587,403.2756509318861,412.16379349445975,420.3528470587515,428.4445900918506,437.2563722707092,445.7266132183949,452.7788946408134,457.79544924128425,460.56221439054394,461.19205033201877,460.209539409596,457.31651385496707,376.8574583024066,379.43660701938774,383.39872752379335,388.3244237852122,393.010492996367,402.4202892733547,407.3598354378812,414.20223646973994,422.25100266210427,430.2792153291204,400.05495529680604,401.14804942667996,402.0677488606292,403.0911508163385,401.3560954398912,404.91515578784004,408.6494947868281,412.52867168842454,416.0173139020611,384.1293709996105,386.8683212514121,389.9920392345868,394.2694566255141,391.555566163879,388.4222655067567,412.4639089607252,415.9062384582172,420.7680679329969,427.50426984844194,422.1294450619836,417.30792231110337,404.92775562298624,406.01125645510547,407.79089286715026,410.1995188573759,412.18761206983737,418.18453512497837,424.7175177768761,420.4711750215328,415.9207222484781,412.97204919258786,410.4381401872405,407.6818784418716,405.5079606792518,409.28841408331976,411.4366930582895,413.6891242961839,423.4342327121516,414.2323372563456,411.82792183497577,409.56583709775356,118.32917679875953,126.45081522486163,133.67142732851698,140.47685397061696,146.66991729254948,152.6765469660536,158.00228268146168,163.11764576991732,164.90735355103345,160.81412110271162,152.98518980810098,143.5244346700244,132.93443258672602,121.46210208136654,110.32787423496885,99.7067160668991,89.28703485802258,119.21873649214402,116.89952754448228,115.32326621182138,115.27339806158832,116.51873134630662,114.64875362048573,112.1357097721596,109.61548068900726,107.96108833812511,107.17905219576505,120.47428633796318,127.04194509603057,133.18233558267218,139.7168551453213,142.52124273656906,143.57664005780566,143.46632952806846,141.96890392616228,139.17293039008803,123.98619823028048,123.40999126672992,121.95381436628053,120.38647703153094,123.80912061458291,125.13160752727502,119.32183699817192,119.07690866819618,118.33537756080031,116.21056657557592,119.91664978911379,120.88175183307143,150.02735903054457,148.5999301519381,148.0045365928782,148.2756065707037,147.11401367432234,146.58125099901628,146.20594022654086,150.23508987081374,153.42245862321784,153.91918534505345,153.45262315266575,150.86149786388452,149.32345390640577,149.97324135749662,150.11003349690878,149.09293145877263,146.06308543457942,149.48505617651904,150.20947233077783,150.11712311747166,-57.41577183040331,-38.42632375627886,33.900228400544634,0.4163681,0.47863653,0.2043124,0.23036988,0.44927195,0.0,0.29733393,0.0046019293,0.47223526,0.2434282,0.5109052,0.39739406,0.50145143,0.0,0.39729685,0.52328926,0.023880672,0.20150569,0.039353427,0.7845646,0.023739496,0.08278959,0.14697108,0.0911781,0.60728365,0.041109152,0.0069289445,/content/data/frame226.jpg,0
375.159423828125,77.1212682723999,81.057861328125,87.48537540435791,0.743145763874054,383.37364343852846,386.193731606229,389.53329850203147,395.02284257285993,401.7874968197526,409.38161876193936,417.35999768212514,424.62675217724495,431.88955196923007,440.0320479407849,447.7696311193919,453.3589594837922,456.68140445482834,458.22062247140855,458.02415757533254,456.0975476024772,452.07791099558426,377.8624533126071,378.6199557356284,380.91096000226554,384.27336968888005,387.698216128466,396.524425206523,400.7963931487112,407.00579018040014,414.36880290071144,422.2581853567624,395.057946820622,396.3963416330039,397.59366242296215,398.9245827212706,400.58733202255587,403.4652389512764,406.5377585733389,409.8250680094046,412.73571700165724,384.96897819199467,386.37717945927346,388.5501636829553,392.41300444523176,390.3869480806547,388.1216274833473,407.58489137708295,410.7663906032497,415.1476916949964,421.56364687617315,416.452875135721,412.07090449771573,407.74996894574815,407.15692304030637,407.5262216039961,409.4912115953271,410.98008223624,416.849584422641,423.7822916517124,420.1979414596277,416.3233773803847,413.8975299388658,411.79822396211347,409.7897353650216,408.1410997234204,409.68045227499647,411.31515259400123,413.0651056023832,422.5065682463646,413.9927713297861,412.0777094655306,410.28774637511816,125.75467230234449,132.47950106173596,138.3045722835675,143.5493596522408,148.3349884661393,153.1472239220136,157.45920820367394,161.63372274931191,163.02328779094057,158.61626548521417,150.40151483470947,140.41615848959486,129.3884875708212,118.11719567555531,107.48165359640006,97.72042316825849,88.58203032534396,120.27956727816684,117.41843342183961,115.30145642981455,114.74965645113281,115.7381226105108,113.03721680555543,110.3591537914121,107.74396555115709,105.9368570705721,104.65498572878471,120.76755386670993,126.78930899507588,132.3775548220675,138.27668286604955,142.1829846894368,142.86616591339714,142.3757013779532,140.66656253285612,137.87636303528666,125.13543587479785,124.56632155501848,123.0784959068643,121.09499327435606,124.45973229363176,125.82424253881845,118.92792546177208,118.83632277318219,117.77835520918859,114.78655658465385,118.76709982472084,120.05368927752653,149.86206078844032,148.06739523061378,146.96452739392555,147.06864496585308,145.7012813272654,145.11542209358026,144.6044894664376,148.7454641247307,151.96181417227194,152.48674469642776,152.18216372319785,149.94271921155143,148.98575614225513,148.9152973490642,148.84163474573882,147.68469009814862,144.61958867318447,148.1527529924182,149.0329685396464,149.18813432070817,-54.56175075980701,-39.81099195257374,38.2113037156809,0.6120517,0.5204086,0.16770893,0.33106804,0.31640533,1.0,0.32705712,0.024022179,0.47389293,0.2063157,0.6228617,0.10829102,0.5218818,0.0,0.424243,0.5378007,0.11873097,0.3867541,0.45821255,0.50173753,0.015102544,0.019914,0.09088191,0.024803886,0.8244007,0.012749148,0.012147757,/content/data/frame227.jpg,0
369.6783040364583,75.64352989196777,81.70049370659723,94.79448509216309,0.8789730668067932,373.8030158693833,375.2329867028798,377.32225014445737,382.2756708609886,389.56786917567825,398.6510042050216,408.57459958624776,417.9528983652514,426.50421927959337,435.17587571478094,442.8482076206475,448.2108202987897,451.1512839764635,452.967321102328,453.81504647058375,453.06434619266497,449.7444676281872,374.6867696844439,375.9979474994045,378.5815710658352,382.1862904799008,385.8852822109506,394.132899676032,398.1481620125227,404.31253009997687,411.66822187787136,419.26426263653514,392.8980672501136,394.2271347017517,395.45171542001185,396.7559028179119,396.7347824016715,399.95292700612407,403.2090510685447,406.44005776917965,409.0723227051475,380.91233104209823,382.6546755438817,385.02950192953483,388.79968268476307,386.77000051371914,384.3535197854744,404.00864697462316,406.9693123473814,411.3376653279623,417.57795843020295,412.7484955723588,408.37280299287573,402.2210325726365,402.4454378427191,403.44062643178114,405.4199959066095,407.00128452162903,412.5011527844139,419.05773005255514,415.6203975649531,412.0310591024899,409.7161665593269,407.61372235076016,405.07347530532394,402.6898786922529,405.44702190312125,407.10293033866515,408.8601659204383,417.66104336779824,409.9771477797815,408.113649044388,406.3244345081373,124.3174195613833,132.15864699487346,139.1471859317972,145.5361694764619,151.2208566368673,156.81548878330653,161.65455244673535,166.28480536892675,168.3562740970459,164.37960821944722,156.43087346014414,146.31323806858893,134.85282560047182,123.29186571256767,112.73314924297054,103.02792133707192,93.8730921564202,120.98318725013796,118.15181069185141,116.0931396477302,115.7680954247565,117.0260009731359,114.37504294324356,111.86643923090325,109.62346119652142,108.10294378238865,107.15883744563959,122.31696696157923,128.38148260281454,134.12098792222582,140.137458854158,144.23396529581723,144.88715908707383,144.57290220992303,143.07254580949515,140.30831386823215,126.69735485029074,126.25197510647143,124.83718520779425,122.92146514145915,126.55794654264446,127.86588001758227,120.8705778013007,120.73901421968655,119.85293648081651,117.23869678612473,121.07561873469551,122.20844938150634,152.37761810522562,150.78896277038416,149.86972631702824,150.1200727468334,148.87082216196308,148.63553462283846,148.85107813239904,152.7331801431264,155.66143262669138,156.03376895344567,155.5779205346103,153.23310005652434,151.55075550447282,151.99446731172867,151.98181540267421,151.0017670670519,148.75405304206208,151.7662990140334,152.45562465060135,152.47764683742275,-60.16868937105167,-49.55138722898707,43.343562488490335,0.52754134,0.52566886,0.3601633,0.35415813,0.365036,0.0,0.44268537,0.03166203,0.47670898,0.105411366,0.6782496,0.10363502,0.47578344,1.0,0.47213057,0.3934164,0.61313146,0.09841674,0.16256995,0.73547083,0.008695025,0.016517632,0.07618482,0.014063647,0.87315345,0.007003484,0.0043820245,/content/data/frame228.jpg,0
366.9666612413194,79.03730964660645,80.35313585069446,92.47405242919922,0.9546571969985962,372.4589931591848,373.9907779777735,376.1101719705635,381.1424247335929,388.66473625405354,397.7822385397223,407.84013972751546,417.37304066943835,426.0234075598302,434.65119998201897,442.21671584654723,447.10858921622,449.34878604735223,450.7369736352621,451.1464889075529,449.62622116858876,445.4650316772833,374.616055360711,375.56852197957625,378.09536098138494,381.71184634730736,385.47369660480143,392.4453180948911,396.0361632832602,401.6694257105522,408.38817082550503,415.55488651838385,391.84433654123194,393.2907130784582,394.6368835819086,396.0422318664938,396.10920785976214,399.24725075352706,402.4470609110819,405.6751999427399,408.20017372332586,381.42199956782787,383.3108799973752,385.26456694302396,388.73431165136634,387.1792793636546,385.061929177098,402.39897193625893,405.1624989126984,408.8392765625076,414.61951776072726,410.2029054043178,406.4310610004847,402.11789566508224,402.16363657772763,403.07739985622055,405.03904706336436,406.7145547835654,412.3305936787154,419.2308605356449,416.1904507286501,412.7876654779269,410.3581156213862,408.122733971283,405.3221539122552,402.73226117315363,404.9743959823648,406.6771709879943,408.5000642560917,417.8975977599117,410.6416887755828,408.6242932809353,406.6429521156682,129.49454464404099,136.80071538748962,143.44258296247025,149.41067574915667,154.4857905683166,159.2033781960754,163.0634601308384,166.7251738042829,168.22541356501114,164.23909848472903,156.71558978327084,146.70828106758017,135.14452461261152,123.802967596499,113.52482479070767,104.14181289396065,95.41216748734178,127.16811109552455,124.08363047644724,121.55898740884405,120.55761164695859,120.99758889209133,117.96805292796961,115.37116230215287,112.93108254424115,111.09531461972492,109.81657318632932,125.54384735200202,130.69572726871993,135.47986757712914,140.46751542660894,145.0923446769635,145.51131834056122,144.95812150578092,143.2424354653045,140.24909273001595,132.32063920968866,132.15745219547608,130.31877399671157,127.13868425431865,131.06606628107312,132.6683045399439,123.8278041415042,124.47035631709613,123.46884827001759,120.02286859661626,123.62220980151241,124.87020154177108,153.70977916853224,151.43131223103518,150.26920665239902,150.08928556125883,148.85648677542812,148.0178581794882,148.32585779459131,152.4957582658626,155.57142869107918,156.21364684655856,156.1648534530823,154.35894229664956,152.68789589458592,151.48490096276146,151.1821795268632,150.05745112953844,148.17802247703838,152.65345544456142,153.55642094416726,153.8932058172897,-61.354479297305076,-53.566518334050635,43.29758142581314,0.4864116,0.5168973,0.4260954,0.4098632,0.35429132,0.0,0.36612266,0.0017157666,0.4788683,0.08173974,0.34242707,0.34956494,0.42189535,1.0,0.37170026,0.38529998,0.40916303,0.35625982,0.06836114,0.5725928,0.013416184,0.009414018,0.21166289,0.08221513,0.61289275,0.062248617,0.008150378,/content/data/frame229.jpg,0
368.28564453125,80.17391395568848,78.75751410590277,91.54098701477051,0.9372889995574951,371.3727696067587,373.76408327835213,376.93534918301634,382.8969232683953,390.803870786259,399.85845152418597,409.403880315106,418.2912111608717,426.5233773511671,434.79656376438726,442.1520168102889,447.40322081169154,450.37976342349344,451.9956131880838,451.94122292601895,449.8235056295557,445.498350347924,371.6717621813572,372.94102871048256,375.66604991628293,379.69717564470113,383.8675900742191,392.63865003112636,396.4002273896536,402.20895285666586,409.10931386511993,416.5453669021156,391.48071428580016,393.1186815784096,394.6010666623777,396.2023612864155,396.27113317971003,399.44683175650835,402.6688605962621,406.09423581484657,408.95273643319285,378.93989256834556,381.17017158267174,383.636570595278,387.741375584442,385.61028170131704,383.0314912064099,402.86701151669047,405.8925459589847,409.9761075142653,416.2075409768121,411.413406364385,407.2286037561157,402.2034365697043,402.3081019764983,403.3249549998019,405.378208672194,406.99174716165385,412.6972182127805,419.2403595369042,415.945207975742,412.37032010105423,409.91329713940223,407.5849297037455,404.9858779031974,402.8095340981837,405.1714182969932,406.95009837665395,408.74849304390074,418.0088427436564,410.15973930551,408.18069196935386,406.1788527104521,132.00678801121362,139.4711459841556,146.1198791893819,151.96111310121805,156.92391841799702,161.7599113361157,165.9116227701373,169.8674389049273,170.99555723681385,166.51844707351606,158.5746664728011,148.67821850052118,137.3124215598108,125.8915435935051,115.19472330511417,105.36709633254091,96.2060545300168,127.64229521971247,124.82335800073137,122.28502791565083,121.13134478561426,121.42275533018135,118.2824592027612,115.67361558363623,113.21343999032608,111.53574233655019,110.2916051953874,126.85361350344697,132.3458645131458,137.39274655499693,142.72073334239144,147.65654977506892,148.15450843653701,147.5263981403844,145.8738167795278,142.9631225926189,133.4305989668042,133.0872403857351,131.1958316264102,128.3069603290477,132.3241201938588,134.00200117823994,124.9130066666988,125.30776656621498,124.30246009728131,121.14454131543147,124.97389207020677,126.20115952192572,156.6869898007974,154.11573222950955,152.5198655008915,152.4455380355057,151.20182320948715,150.74386990509333,151.06889542563738,154.99475010151218,158.20333687938808,158.90438001882228,158.83664590770388,156.9286326335606,155.64905048412913,154.41613906877714,154.2023690355336,153.11642983789784,150.92792073772148,154.53929140285408,155.42210683739404,155.74951565580636,-59.9322202868613,-52.43646614983655,44.00709655533162,0.5118383,0.54723626,0.35834548,0.39332378,0.42231756,1.0,0.44136927,0.000253266,0.48401728,0.31588867,0.62455744,0.42112187,0.45795745,1.0,0.5247454,0.4652246,0.24849749,0.3503926,0.66800416,0.5021845,0.056166008,0.026088543,0.16123618,0.1572268,0.5727748,0.022050412,0.004457211,/content/data/frame230.jpg,0
366.63115776909723,78.96074867248535,81.91205512152777,92.46009635925293,0.9722653031349182,371.6702715472832,374.09518257226614,377.2518526288196,383.07370837828284,390.73059207213043,399.661973590662,409.1147248012813,417.89324739490553,426.2966195068643,435.2512003465248,443.44603648551913,449.39200000578245,452.7575813378871,454.4302867802445,454.20800183674777,452.0814679413819,447.8903267307674,370.13216416168393,371.7239150174479,374.64417255075494,378.6046878418824,382.5403819095129,390.54948460098535,394.8173627907104,401.0111219104724,408.2657870435836,416.23631458108076,389.40049325189585,390.73308857832376,391.8514076208579,393.09425106966285,393.5162895749327,396.75603707500164,400.1738730923687,403.8667612662564,407.0662174710066,377.7949237383203,379.9968818804011,382.4590354871792,386.2867581419215,384.10648157746937,381.5691517212803,401.51896417628615,404.7349634545267,408.999759864421,415.438080698838,410.32947511549213,405.9608405811091,400.8372724937569,400.2682542529992,401.06082387681926,403.1585867782936,405.02338431904684,411.5489340718478,419.08745691908604,415.39391733894655,411.05737696232825,408.1933189247321,405.7745582328877,403.2783694761124,401.2345046553681,402.951667747751,404.7297488978818,406.8145861798731,417.8395940048487,408.6939692687306,406.3961618219798,404.3186288872481,129.82447560971497,137.58196354320745,144.6441001026679,150.8913175212743,156.48800163862256,161.89283504161762,166.64014492601325,170.96926522329667,172.2549559929666,167.96739343056754,159.98615902280025,149.76765827012792,137.97704639485084,125.86371397459888,114.51528790556647,103.8866657447378,93.85044962374677,126.8376357602373,124.65568934727176,122.97271681652984,122.69518138033872,123.68572890523546,120.65873002566784,117.916217120064,115.23723120384582,113.40482211099145,111.92591829511181,128.60030139795313,134.74408740764932,140.50904596231985,146.55358675759692,150.0234592225989,150.99058257547773,150.56839857845614,148.74576388600903,145.62109044161411,132.52932599142213,132.66257659616198,131.21867015981897,128.6802226624467,132.27074746914667,133.55728473628082,126.02676393538408,126.54225443805231,125.57466154361127,122.23967315892469,126.20782180706843,127.41486105844109,157.6296621874066,156.07358822379214,155.34948238902217,155.40060951320913,154.12321177338407,153.11575413898714,152.39180702249166,157.14141832186817,160.73739906925556,161.42398125861914,161.12671515692395,158.56441362554023,156.88620594966534,156.71021383624347,156.6332420863518,155.50712931521147,152.43829825040973,157.58090922407632,158.43380171211464,158.5189606796681,-59.357956855228785,-53.204124205287386,42.11745182691647,0.6092428,0.45958507,0.160942,0.34269688,0.2997205,1.0,0.27489957,0.51761585,0.47237143,0.37452087,0.67325836,0.22172728,0.4968814,0.0,0.38376623,0.5304216,0.85167086,0.5821536,0.09279792,0.775462,0.02386135,0.013957132,0.10379071,0.029625518,0.79766464,0.024654144,0.006446515,/content/data/frame231.jpg,0
368.1441514756944,81.59780216217041,80.12801106770837,88.79575252532959,0.9869122505187988,375.57494892667114,378.4816082039692,382.0745491982012,387.55988713030354,393.82476414210174,400.7433636124692,408.09139089812476,415.0078150937453,422.46094149330315,431.46808417203886,440.492159062381,447.47964329159447,452.01357003432804,454.2905396695305,454.12992500362077,452.03623099869856,448.227696460173,369.8298736630395,371.1249083995782,373.8423171861051,377.49693595226626,381.0199410694899,389.0120719710748,393.4461932977208,399.7466971816144,407.07799549301217,415.1513705247057,387.8083511401519,388.90790647874275,389.74178614452444,390.68958034420456,391.81909096263104,394.69619508362354,397.91613203147654,401.61487711916385,405.0781717384813,377.5387949071219,379.30217582341663,381.71021131939045,385.4166000367358,383.0625526370713,380.6577641752999,400.6672321719116,403.7471798691557,408.0469041478632,414.3277956276155,409.17115599989427,404.81801205433686,399.56082709955575,398.56399553835524,398.8824430589656,400.85598568385376,402.68929453819794,409.22378177085113,416.88927849737684,412.6529483935192,407.89500963444243,405.0939543888346,402.97536063312356,401.25837340502545,400.0047451026834,400.79162930718155,402.37547701843573,404.4503747441947,415.6418965679211,405.65623909402876,403.4217492402703,401.6436352039928,128.53126241301436,135.69698579696274,142.23787500609728,148.3731024673973,154.31995431120026,160.1075887458652,165.3415665359014,170.14496694939635,171.73180606037545,167.9368249125356,160.24297022471103,150.441493422417,139.2371327143086,127.32589980538467,115.68946284528897,104.57263709834552,94.04457724800398,123.28274362580152,121.48956779664155,120.14906187893394,120.1282808600381,121.35832727877374,118.3703159015256,115.35507071956312,112.70626882831971,111.07698804289947,109.94883657424185,127.14596488902225,133.89436578225934,140.22642226452535,146.94828798143396,150.11404629796334,151.34854806045064,151.1804326661436,149.26016363126098,146.24157455979707,129.93506723806468,129.68994394213416,128.57443764726065,127.10063025794693,130.2374209011316,131.27236899194804,124.48866196055633,124.08963083122035,123.13722250860997,120.556597221076,124.60858787415674,125.82967279605191,157.25325355908467,156.20303091128642,155.83224977340785,156.13581015823218,154.8481618290822,154.16248982419404,153.29627954206478,157.9574455673653,161.14868476647723,161.583777822858,160.98927047115774,158.24901494862138,156.72737691954467,157.70116327076244,157.85326737269895,156.82092961157878,153.46976167260868,157.5725775407609,158.1840869669062,157.96715015076165,-60.65078915635363,-53.45682046810776,42.95318511238928,0.5732705,0.54429746,0.16070993,0.430421,0.30923846,1.0,0.27079582,0.0059966766,0.47580436,0.16185413,0.7698485,0.17955767,0.42528704,1.0,0.40819278,0.46767166,0.5012498,0.31378075,0.21742049,0.5388112,0.01718376,0.0030115368,0.051481426,0.07721362,0.82285666,0.01921659,0.009036451,/content/data/frame232.jpg,0
367.2486436631944,80.62102317810059,80.76999240451391,88.57776832580566,0.9818770885467529,373.00024580386304,375.97000097997096,379.79972977866436,385.47342630073575,391.88556109675346,399.13575317511896,406.825501159924,414.390067672275,422.43412639248584,431.7461935687238,440.5934195559065,447.3899400651745,451.76412289716023,453.89425748761664,453.41887390059776,450.77560836310624,446.6016550655203,368.1443374735835,369.58672789905125,372.34412091329546,376.04108930710464,379.6167884464541,387.18900199867414,391.60126797618807,397.82662366501575,404.98911870455197,412.8815924405821,386.6221422019214,387.85616662989764,388.82589301421547,389.9021774462192,390.70538272664527,393.76338772056226,397.1840632420203,400.9428177539426,404.40789298990114,375.89563399241297,377.95898369552947,380.3679929054345,384.07735368531144,381.62824820069966,379.20248931253974,399.3344811780779,402.65036627747,406.89849649534307,413.1779136516126,407.8913952477809,403.54391369957983,397.9348479691106,397.1905255292335,397.7463455853303,399.8324194145862,401.65643799398106,408.11079623424655,415.4903544328154,411.77388672089785,407.34089073969585,404.4830867700879,402.0947077785536,399.94525601779014,398.3361211593873,399.7283005635444,401.43594728849513,403.53390982555067,414.2834272621049,404.9383644076251,402.6425133313908,400.6762990910015,124.52195515760522,132.12927096698704,139.21265367276652,145.7958553482402,152.17493744583484,158.52954521450323,164.38226134742703,169.60660241134605,170.98511597871982,166.76201762043462,158.34254436216366,147.70798911446047,135.80721204307736,123.39062090835051,111.52857954679273,100.23694273659142,89.6459873369567,119.83460481880473,118.2220487495243,116.97930340159797,117.02443170730388,118.23717810429416,115.65357468316265,112.8293682714879,110.18358117486807,108.57585281427048,107.2595419291121,125.01022530559639,131.6771642850873,137.95263437769614,144.63582410885564,148.25196797957534,149.5170493996294,149.35308470053235,147.50179146775213,144.49598528202142,127.19904633375512,127.50380653161702,126.48525503317282,124.53806652660846,127.72778813931322,128.66492115444612,122.22980088979142,122.4878425524469,121.61851920402327,118.50360806917547,122.59069745613667,123.7412760165779,156.09807797263824,154.77515274644983,154.19038544498312,154.50606183977482,153.18002584591807,152.57362255343838,151.81564061235366,156.8060342080015,160.36272503635928,160.97131410245524,160.4128204334134,157.39757423989076,155.5083689221261,156.3009240998017,156.44860003377593,155.36996193539989,152.02256685026745,156.48428833168992,157.24609062492127,157.01842804774378,-52.82158203301127,-43.328921564497854,40.50274293383973,0.5729511,0.52220017,0.16114695,0.43752933,0.35800055,0.0,0.31979838,0.107970685,0.474811,0.2133222,0.62368166,0.30772308,0.4215042,1.0,0.36989692,0.46694005,0.4005712,0.35709357,0.13125516,0.4843249,0.017068608,0.0062618954,0.22651573,0.043748036,0.6673329,0.02991736,0.009155534,/content/data/frame233.jpg,0
369.684326171875,80.36044979095459,77.80221896701386,86.84949016571045,0.9808059930801392,375.76580788955266,378.3926934165843,381.9225354159509,387.34790874832424,393.2812184882964,399.8984587696233,406.78793818095926,413.62473396282337,421.5059962099805,430.9434226715748,440.2686549306114,447.83097032343454,452.89615870758763,455.2925898509423,454.7320350394475,452.1096625010742,448.19492282515967,369.134704067361,370.5567893455263,372.85963421134187,376.0511480423841,379.2141101540583,386.68637232137183,391.1866295684832,397.31271815708374,404.4210542235005,412.6553763012026,386.20036723718425,387.42193977700384,388.3192759788796,389.3485604148802,390.9608714262732,393.79164899767954,397.0969736937687,400.85970361199037,404.39804823107636,376.5812440629099,378.48927075267676,380.8104144985203,384.34917221292045,381.9349981599231,379.6265765073656,399.45612065553036,402.62705271138714,406.7606179825844,412.94836958827636,407.6925019978439,403.5518706225877,398.80907983633324,397.7665577143988,398.14329132302623,400.12996608045455,401.9864505883282,408.7691246720701,416.5052569068051,412.3263722842563,407.4280681950877,404.49566607040384,402.19694905175066,400.37227598905156,398.99966275723864,400.05529211395503,401.6802537810985,403.80556084119445,415.41901501311924,405.06728127598836,402.76333999930125,400.87368052111805,122.27746544624706,129.33279175531226,136.00872263105617,142.3954370911706,148.7931032360815,155.31833197163098,161.38537899009634,166.75985463138628,168.11411773450442,164.06272737103853,156.237229885321,146.45485951841522,135.22707175304032,123.09523576342863,111.33687210364792,99.94897107926599,89.12470133937688,117.47438448597543,116.81961598902063,116.26004577312435,116.52602945980387,117.70755349600296,114.85500921811504,112.35073224393119,109.96137962855471,108.43512289367096,107.03319542444763,123.50291735484456,130.03779947563154,136.2209852910085,142.82257764607203,146.30256711656003,147.70625257035366,147.55228915136277,145.60008145184332,142.50738281534387,124.81769103070731,125.27664924274296,124.40445905337782,122.47279119831646,125.43538965867569,126.2682705676142,120.31429674399172,120.74379473756603,120.00378573081125,116.97050448800343,120.77308723311785,121.81499437105066,153.54551324179556,152.77716216930963,152.4255652552534,152.6644772219425,151.40846868401212,150.5312405954014,149.13205260036708,153.9920848063643,157.44235005010742,158.02064621825497,157.44069145689093,154.58547603636976,153.1481093375582,154.05989455749216,154.1649077347381,153.1358407173239,149.4697409368514,154.38954461823815,155.04983244130847,154.79196778584225,-54.55320826144715,-42.664211270320024,36.83112073498546,0.6585696,0.51188505,0.110769115,0.39020565,0.32406634,1.0,0.31707394,0.15493757,0.47039276,0.18879864,0.720781,0.3621162,0.4102939,1.0,0.47417,0.5349184,0.6758856,0.4740451,0.023251377,0.49603432,0.022482058,0.004274151,0.36008054,0.015446811,0.5725856,0.019633545,0.0054974104,/content/data/frame234.jpg,0
369.40842013888886,80.0293836593628,78.00840928819446,87.18158626556396,0.9809169769287109,375.64760760129934,378.3825383091779,382.0400053376336,387.6043113032027,393.69261202481795,400.46914526977946,407.52233215665086,414.5299733959429,422.4273604591256,431.8004788838718,440.9957547745317,448.3718611757413,453.19483596304207,455.35856600871506,454.5893533988011,451.752540494458,447.6065084721597,369.14096380859667,370.5684089267275,372.90344024357455,376.13421302233917,379.34453266254127,386.78226037938344,391.1416660283074,397.129578006716,404.1338519610007,412.27975401128754,386.48386280632485,387.8217817932538,388.83392219144497,389.9787616796299,391.5775548367821,394.435148254619,397.72512601023783,401.45552905552165,404.9494083897551,376.790548314883,378.7104417171125,381.0472502121578,384.5927550141226,382.21902798040065,379.8978430642176,399.6034848872599,402.7168329549664,406.81554838719995,412.9552438551665,407.82301823637175,403.70523711171296,399.49033787530357,398.437914771285,398.7853219304814,400.7733919416099,402.60669155666466,409.3394469786755,416.9873494013864,412.97630185788773,408.1981493754611,405.2846122586567,402.9679607058075,401.10119401920855,399.6944670574417,400.7355754602646,402.35917116578037,404.45761017873417,415.89497096647176,405.75981723744746,403.47878719497584,401.5719373453647,123.04684603580233,130.10494978235562,136.74925785150953,143.05426207047987,149.34912078443762,155.769722650564,161.76279156360403,167.06757494973755,168.3374716616637,164.16373436661138,156.21177857917232,146.31568337852337,134.96732180424118,122.7683684478468,111.00558762486756,99.66521399890809,88.89675034750525,118.23550397105896,117.48645142119766,116.84588780569935,117.01280848850749,118.11782047791229,114.97675466602581,112.3641561753178,109.87523369792676,108.25565690942432,106.77400473838986,123.94703979678506,130.51305848952057,136.72753886321283,143.34906163715104,146.87762088910256,148.2190599360067,148.00660295918857,146.02266099005044,142.89526386100817,125.5702332988138,125.919146382694,124.99806921895338,123.079530525368,126.08149317003397,126.96192595659457,120.58140101776735,120.845062551691,119.98703156399804,116.91843720832301,120.82491184520784,121.96737240889227,154.0028396144206,153.19621896236137,152.79786914600447,153.0076260591038,151.73527247626498,150.80008389405882,149.39898778110967,154.32898611022404,157.86528388197922,158.48944133663667,157.94525690090126,155.08018374534922,153.57691547528214,154.44631728558755,154.52444453346857,153.4738266683567,149.7484496077318,154.80127901105482,155.49563812240032,155.26906972711663,-60.57860835736401,-50.08577118126894,42.87579796895154,0.66134673,0.5024135,0.167274,0.35868716,0.33454993,0.0,0.28855374,0.075172745,0.47153884,0.33400938,0.7270879,0.45827028,0.3987639,1.0,0.38648033,0.5349184,0.11627587,0.25632113,0.11014302,0.41609943,0.032918755,0.0063958117,0.407526,0.018699566,0.5054199,0.023066554,0.005973304,/content/data/frame235.jpg,0
369.60202365451386,74.16750812530518,80.45355902777777,89.66964626312256,0.9908010363578796,373.72156987070144,376.7304082189252,380.636373494126,386.30908438023346,392.9484608382657,400.3744742768915,408.2476425760962,415.95382769463856,424.01953445415654,433.3345926252907,442.4349466825859,450.0581356670282,455.31861093463453,457.7875927976707,456.8476946895739,453.5490272734718,448.97011378341733,368.09411145541503,369.412922944486,372.1558287683297,375.9834510291159,379.8189011776706,388.3346601744979,393.01752326800096,399.33036360475745,406.58576051702573,414.7928053861348,387.67822396051287,389.2382633076809,390.44297234911016,391.7971392100158,392.9472229993969,396.11931658091277,399.6164422774104,403.446610766336,407.01991486264615,376.30046765639696,378.4097899844902,380.89252596905004,384.72965649990334,382.37110365335815,379.8468118786922,401.24840134558843,404.36093756059967,408.4676219358915,414.7179321687564,409.65253517592987,405.50908762760287,400.7204149655116,400.18016884969563,400.76868106088426,402.8660899915747,404.7719417539049,411.2235386969121,418.7053126076886,414.4829929169332,409.9428115974927,407.03579190989814,404.6137260640902,402.47761703115026,401.02288057241174,402.65250827049243,404.4154249186806,406.5414099689556,417.36082718601824,407.5085693936933,405.1661902267715,403.09536597023157,123.26210538562577,130.7005805906869,137.83411130427393,144.35403310463346,150.44110894864326,156.2249335108232,161.18477427514097,165.49537175962564,166.04139338788372,161.53512115704007,153.78293396965705,144.21985906766633,133.0223879017974,120.74932455038845,108.71088618083087,97.03685987783153,85.73358876388374,117.7836935130413,116.04742246889606,114.52487424663687,113.84748135646684,114.28250796160097,110.35825409813958,107.5073380141956,104.89609447267149,103.38682576014176,102.27366869245466,120.16027359067661,126.67499390231816,132.88929777554958,139.46478763787294,143.26431801137824,144.34630462879477,144.02202932721457,141.73914018323202,138.5982747750428,124.45419552563382,124.61339571423792,123.25828925025314,120.6576026143145,123.97922456570852,125.249484550963,116.95193955046658,117.29910204377322,116.32680847388292,112.9960694864684,116.89257138731236,118.16911356516766,151.45089685027875,150.27134544078078,149.64257460482912,149.65432445357305,148.3510597076,147.101451749068,145.65784942647554,150.4173527042395,153.9756007034282,154.85351707666598,154.67359431093755,152.36024663437578,150.8723771414608,151.22297415660282,151.13297108486478,149.98661684627223,145.97158064981608,151.10827844421834,152.04571370192338,152.11559066811634,-50.130745803518245,-40.07177436865268,35.05515505968152,0.565431,0.45492768,0.25277928,0.41482267,0.33601114,1.0,0.33597314,0.042017933,0.47182155,0.17586388,0.7172143,0.09045752,0.43994278,1.0,0.33699757,0.5466953,0.36971128,0.26409686,0.24366115,0.46587145,0.011542925,0.00362731,0.044386715,0.14742805,0.7663656,0.021981113,0.004668273,/content/data/frame236.jpg,0
365.5401475694444,69.81750583648682,81.48942057291669,90.80419063568115,0.9856789708137512,368.65528051423667,371.5779422202659,375.4184927402791,381.3686101026026,388.5616317767498,396.63878055729083,404.85113204391587,412.59399234474597,420.7307830741735,430.15643872212127,439.52529065832334,447.6910612827668,453.59202258605217,456.41843915105335,455.55727773465867,452.1067217812125,447.34736180622076,362.50335117682204,364.54146604859653,368.08818839335606,372.5986456875613,376.9972491601699,386.5991499170657,392.0928371802991,398.9945660952655,406.6967460795487,415.1324025304135,385.0742079671723,386.4631288634308,387.4702938746167,388.64310282181475,389.0713583837961,392.47548935078464,396.1720431759528,400.4124961132382,404.4282379573571,371.27503347223796,373.8683930980181,376.8730665430299,381.24379586403944,378.37073673604925,375.2609218678045,398.93414152034825,402.4336456985339,406.9931567583334,413.74532291614446,408.37848926552954,403.7966619979141,396.430702702837,395.96094847675784,397.0426188365935,399.6645459362032,402.29334780472243,409.8557624705844,418.42951831807045,413.92905493095975,408.6553180564897,404.99024463274293,401.891321580711,398.91898585360246,397.13919034241866,398.90971124802587,401.2501040582579,404.1584463058523,416.88323113622505,406.0846935545337,402.94516162899504,400.2096660748249,121.62308914655489,129.63016529434674,137.35433349794334,144.2402345321043,150.3983972747725,155.9539184892608,160.6907804014253,164.88168109554078,165.2159046270334,160.41687428028968,152.03240352028558,142.03047532079722,130.6669077241571,118.13416178572322,105.64340487043546,93.39974345175938,81.5958529141734,116.52756368834264,114.24369206510664,112.54804996040457,111.65493726800565,111.89531387143177,107.10160927859056,104.0585157150295,101.45996672660533,100.13618889332525,99.49666976678128,117.30363644391173,124.24561376977317,130.89064784145967,137.80500918488997,141.47953906922464,142.53586988168138,142.2267358469271,139.68298691771338,136.40625188096635,122.50292317571757,121.75618103554336,120.24861598146242,118.3039364284208,121.4175734993139,122.91773445650597,113.93552900621631,113.28150044769887,112.16321552978337,109.31361569825162,113.11110554951631,114.59038240710646,149.46162314260562,147.67891795124092,146.61952807770115,146.4743947890355,144.90112811729853,143.22359357586504,141.69447870294437,148.15936590146703,152.80086434466716,154.0676728482448,154.07484962636954,151.49663917251337,149.01896856062194,148.3245227258418,148.07996020974474,146.63599245104615,142.22369627030957,149.46426004026955,150.70894068586438,150.90656512457906,-51.36854713195392,-37.768224216048836,33.05416248359311,0.5738006,0.47100857,0.43172285,0.24773546,0.3900549,0.0,0.27452087,0.005713194,0.47490415,0.4053515,0.6168579,0.25543073,0.4544091,1.0,0.4127891,0.5265323,0.66019994,0.36176664,0.104096755,0.7772394,0.050935317,0.010427199,0.029652558,0.07081744,0.7973317,0.02401389,0.016821869,/content/data/frame237.jpg,0
365.03803168402777,70.30001163482666,81.16351996527777,91.31505489349365,0.9916571378707886,366.0368633767138,368.2894794060544,371.58003330995916,377.1487963839926,384.0173494198445,391.84116308828897,399.9971454839582,407.63631755738436,415.9963233638914,425.8899516778147,436.06299164489974,445.089967044618,451.84506053084624,455.36198979813753,454.91026122946926,451.5435206242737,446.766156115036,360.25508075753277,361.9902218985781,365.334413793954,369.6527313437482,373.76131217406487,382.97996997670487,388.5407941806023,395.70691932079916,403.65134437991946,412.1051862598481,381.3088100547893,382.4115292402906,383.1087129126866,383.97112697315384,384.8503560242958,388.2159993607272,391.962617024623,396.31286313604596,400.5209182377644,368.2961071053308,370.9476325813406,373.95926305137004,378.0986343535408,375.1033992341974,372.02385893098074,395.9235090715314,399.66290631507724,404.25246805023795,410.8753243219795,405.19014625715704,400.5741749609968,393.3867020651113,392.5679044380198,393.39852709545374,395.9646370561027,398.5076357934063,406.2732550291796,415.26916727269315,410.3276500500633,404.9679950519445,401.4016201109678,398.3984738797756,395.7261607123423,394.11536363517945,395.4089194122634,397.6434125457505,400.4833433139533,413.7290460603939,402.3411303648414,399.2991421256699,396.6771073805376,120.4136615521785,128.7087129666637,136.82244071786988,144.15655248077178,150.7775767055589,156.77262216311055,161.9170557307715,166.6258474736103,167.33820349921564,162.76636787968562,154.54081015359782,144.56922350652496,133.19815545845563,120.35608106750635,107.33353535597877,94.62218290360374,82.31221691681944,114.68398205447107,112.56035552001612,111.0935423113421,110.39410858484337,110.76642885806655,105.84937811633301,102.79188442450595,100.3690202884747,99.50878443713157,99.37921201821501,117.2020669126025,124.16248028496432,130.80440486716418,137.7136384893115,142.15742676287994,143.2389353512881,142.95294661690298,140.4634723886611,137.28109906129282,122.01974951756176,121.16199231798055,119.78236625652619,118.15912693534108,121.17608699651078,122.49103298313435,113.64392801871878,112.72271537462393,111.81163287251258,109.38003957158065,113.10696517997661,114.37782447518265,150.72313780586035,149.0165452467685,147.7683563079936,147.63851283756685,146.04373065927155,144.55367233433753,143.14689540233167,149.2239029177498,153.5576246840933,154.7928358071872,154.75651490482085,152.29660161959464,150.21387447205177,149.77202785362272,149.56371660383445,148.11661504474534,143.6667787302506,150.2644859937991,151.43973921656516,151.59011075678825,-52.77870865684665,-38.85564484679932,33.20282921895245,0.66331,0.44156775,0.12912914,0.36435735,0.4003786,0.0,0.32847354,0.06846294,0.47184885,0.27181432,0.6265987,0.054813575,0.4163977,1.0,0.41493866,0.54760927,0.72493106,0.34653702,0.12270516,0.45701468,0.031880625,0.0124309845,0.04877513,0.24206933,0.62542295,0.03459011,0.004830866,/content/data/frame238.jpg,0
363.21196831597223,74.27576637268066,79.7928331163194,87.89653015136719,0.9921203851699829,363.34738469290346,366.22868329593894,370.2624502595344,376.458376443048,383.93262507465806,392.3392779641055,401.0989311800531,409.1965759741121,417.3941879660139,426.4992815716396,435.67082089225187,443.77567670297174,449.5580193323887,452.24048609601306,451.3295467149277,447.57383925712384,442.39973048027605,357.28503559891357,359.1148055363023,362.48171927442206,366.86649677657243,371.01866398147183,381.3975220691267,386.59513737718225,393.35579241300894,400.89185806647856,409.2887726256664,379.8121608813253,381.2965112542257,382.366589662982,383.6230511627922,385.3889863924804,388.519897292054,391.79148588501357,395.5349905674566,399.12423481763307,366.1717998794191,368.8214445722216,371.87013919421577,376.12229245750734,373.25659231455285,370.12097885136774,394.59465073352476,398.286958455045,402.82772055800524,409.3609456607734,404.06961228352446,399.4280782659536,393.82989946962954,392.92690666662565,393.48015573129885,395.7277579544296,397.73966932393284,404.8112782351451,413.16328897000784,409.0328349724256,404.6185297087213,401.68226910762024,399.0732767570007,396.3988603044787,394.4789318336383,395.67675902927385,397.5402944578747,399.8178252292308,411.57775803726327,401.6908286535521,399.2589588643077,397.04342271831666,125.97522635741552,133.74922412644773,141.2513973729259,147.87555547044903,153.7224137519799,159.00758601647576,163.41727673246496,167.37999129192104,167.5854455416855,162.5767312080079,154.07487969625146,144.17426069721404,132.9792296298627,120.52278616852453,108.20868327233075,96.35498210030691,84.89112848115619,119.35204272160335,117.25465534292634,115.6121215435167,114.5450136712663,114.68181866520754,109.29785798719658,106.2227806002349,103.67070310038397,102.47889556338214,101.5401525892863,120.77922676974521,127.02344538959805,132.95732624534065,139.15245714236116,144.41793899344628,145.0071551255278,144.35966618313213,142.10338496392433,139.19890438829935,126.81890273304707,125.79338551530455,124.20241645752793,122.30596937049631,125.65797934543224,127.22958490598504,117.1876406680376,116.29356261797639,115.17248842748921,112.43373864149598,116.46624352000453,117.91355177418973,153.2335483155759,151.36409696136215,149.87316425677562,149.63275512241233,148.11415399208488,146.7418227079943,145.25327271946225,151.05712266186708,155.2525261041959,156.5430969073139,156.70396481866555,154.6197483902106,152.5793324439499,151.88743948178416,151.5329491718938,150.15997662912886,145.77632604479584,151.9269774798493,153.14865698342874,153.52877877974169,-53.23342568204457,-40.741964515867394,33.98758129770448,0.58728313,0.44504467,0.16785328,0.34179068,0.35437155,0.0,0.3241331,0.05332721,0.47128367,0.27921286,0.5347102,0.11511518,0.4749833,0.0,0.24952579,0.5345564,0.86974645,0.3281187,0.21674162,0.8184626,0.13469824,0.034357317,0.061533507,0.28189984,0.42452735,0.059677187,0.0033065374,/content/data/frame239.jpg,0
363.220947265625,74.27017021179199,79.781982421875,88.05729103088379,0.9923392534255981,363.1298794842444,366.020274167559,370.06201872259487,376.2622576138504,383.748428695199,392.1891443728283,401.0014562995753,409.1532415490275,417.41365126178255,426.5784219064527,435.80666730490873,443.9713169306863,449.79677260860353,452.4993749528408,451.58425644209393,447.807458205053,442.61988034408006,357.1073929712896,358.96891192036753,362.38214981337967,366.81199701374123,371.00120794581255,381.49257134236905,386.728611844045,393.5218654175736,401.08174134487274,409.4869784267415,379.83578768284036,381.33393799386477,382.4177640611612,383.6852279195626,385.35134573121576,388.52156894217524,391.8353913443372,395.61587096593735,399.2360292816989,366.02445784539213,368.7259989179472,371.8130870810206,376.09421768221665,373.1903421717405,370.0135954465685,394.66903712251644,398.394768351848,402.95771067309784,409.51773326130547,404.19323560746193,399.5254478318664,393.6977341960972,392.8924021939076,393.5106417609705,395.79558173690083,397.8515011733234,404.96990382671055,413.363769240792,409.1931226902233,404.73194593101886,401.74633045679667,399.0859238967416,396.3481043381966,394.3670911576556,395.68739815797625,397.59683690886635,399.9255157643031,411.77755542436637,401.7991767478901,399.3165505150562,397.0532233211874,126.11792311252475,133.94680779244788,141.5084976440465,148.18692603040813,154.0734001062889,159.37349166061665,163.79000053394606,167.75828745320064,167.95366221629206,162.94792396799517,154.441834584579,144.52619375514186,133.29259835845994,120.78855683547458,108.414232944122,96.50617262544112,84.98595829439425,119.47047000291631,117.34051348267235,115.68725059982219,114.60995277049946,114.72503933911932,109.25212425765271,106.17557952957011,103.63757821881546,102.47215704978309,101.5778986684804,120.85066484768748,127.12999209807066,133.09651818036318,139.31633863636569,144.64191960611032,145.23565859843353,144.58701060596104,142.3082808014172,139.3914086493021,126.98046931032758,125.916678288853,124.31725053777345,122.44420994149021,125.7954035930656,127.37200613004319,117.25675489830834,116.32238233692412,115.20078507509967,112.4976946088721,116.51866721133942,117.96725896906325,153.48398178087353,151.61780008584776,150.12781873251933,149.8825106644057,148.34883766918284,146.93850522797732,145.42428783053617,151.27295922014764,155.50579566145666,156.8196940924206,156.98838905227362,154.9043663859054,152.84759667246743,152.15845030066941,151.79976566548913,150.40877545179666,145.96051030652956,152.18449397073334,153.42325940527832,153.8067469359149,-53.436954591227504,-40.836314209546735,33.97347604698082,0.56482005,0.42381135,0.18588454,0.30466393,0.367132,0.0,0.30440813,0.0023380127,0.46989807,0.34234005,0.5705161,0.2371441,0.44961986,0.0,0.465085,0.51942587,0.21223253,0.45868653,0.10242838,0.82486975,0.13231634,0.032817617,0.055669114,0.27943015,0.44651797,0.050086856,0.0031619503,/content/data/frame240.jpg,0
361.85611979166663,77.30038833618164,80.60915798611114,90.16024589538574,0.9933542013168335,364.00110038080095,366.2826277004277,369.5174337840008,374.8914413686401,381.57879764131974,389.2430980271222,397.33696343488657,404.9024816642245,413.0445676996794,422.74490710760165,433.0290208146457,442.27451604840985,449.10900569270166,452.4720293128921,451.64656181347436,447.92795983283895,442.9637082814477,358.86715284714796,360.8442517847563,364.09461712201846,368.189291632915,372.0252804521797,380.5206684346292,385.73451614575936,392.37503021390717,399.89104451165485,408.20439680323875,378.8725612185075,379.92345813713985,380.5878677727568,381.3769384520227,382.7261164690432,385.863955723025,389.2936885753311,393.3572058862695,397.3304856521363,366.7302476474818,369.1655150967373,371.94923985954676,375.77271162921636,373.1478150702914,370.31429295716083,393.3830718759274,396.6840680661692,400.94011965465063,407.30966313705085,402.1116761592948,397.84728309546495,390.57335859695706,390.0483873461262,390.8212877513789,393.18899311957034,395.53508868189203,403.0973373882291,411.8963718401451,407.0776946718345,401.7639394950413,398.39511198786704,395.5721593978103,392.9691193099519,391.36158771261034,392.6540746513256,394.7270102727541,397.35505866474944,410.4221329561501,399.2302300615862,396.37191890227143,393.90765297657765,126.89950889266811,134.42588635306356,141.84181584415705,148.566902218804,154.55982180167962,159.96632954123743,164.52474751966724,168.89546134427724,169.391177780328,164.94876015641466,157.36293154701502,148.14264452905059,137.20487772359957,124.81466240539612,112.27233365811026,99.91676109643686,87.99538215659499,120.58564080835095,118.93770126007541,117.74870085066323,117.0470754019534,117.26405049246159,112.04295759574666,108.77692015143737,106.00688288876472,104.59270133752557,103.85116771703872,122.56911273630567,129.18596951623113,135.50196569244235,142.0519681430776,145.93707074375197,146.9905536164738,146.74688064584006,144.3692151627081,141.29948129809964,127.65627771648747,126.93616366335254,125.49354951465602,123.44199799238118,126.48046825243682,127.86521764790473,118.97492674631326,118.15303508615386,117.08809920978399,114.38958518104187,118.0303989541859,119.4744544014834,154.32027603956772,152.66111886750514,151.67185922864087,151.4808597567669,150.10457113876873,148.53600619376016,146.97977773297384,153.2454929016153,157.41600486910033,158.52058774233296,158.48760876673828,156.0941889548269,153.84368663551027,153.2433906047745,153.0543902495283,151.76984818721758,147.4401549460565,154.48731835572517,155.52448585725915,155.65160387973128,-54.73314306549694,-41.18220604657842,34.511263852090345,0.58567566,0.44197604,0.16491953,0.37469777,0.34832054,1.0,0.3608006,0.07868788,0.47530562,0.27153596,0.5288959,0.25310627,0.37571633,1.0,0.36786002,0.5313803,0.46553606,0.20717265,0.08131475,0.5249808,0.03312943,0.0073489035,0.045026746,0.10628764,0.7806673,0.018928953,0.008610999,/content/data/frame241.jpg,0
362.2066243489583,79.13478755950928,80.95285373263886,91.64066219329834,0.9861140847206116,367.256843451338,369.07664724250577,371.85985690622135,377.4161722392279,384.6750286580781,392.8768633798203,400.7137220278983,407.51498515529624,415.2213931403581,424.80996258830936,434.6320152574092,443.2606888483913,449.72459720118786,453.3301205986333,453.01151868037255,450.10246627325193,445.8610171962183,360.986035115246,362.5118873916772,365.4067817527665,368.9512141647845,372.30948301945557,380.7386133718586,386.2687789249383,393.28192769863614,401.16672378636684,409.5957132137746,378.63465890777286,379.4379870950538,379.85647533899555,380.4305709962628,381.55384480524737,384.8827619330072,388.7866038813783,393.21906531879205,397.5658443591127,368.47742924684667,370.8011070810943,373.23532910345205,376.53066511578146,374.02794371377087,371.5464839607483,392.81099569252007,396.3618467464715,400.7167273353545,407.26663598581484,401.4761623026129,397.1031351626014,392.05328459845896,390.8146980928052,391.185609402896,393.4256744710849,395.783874013173,403.9032151755046,413.39500520232065,408.51141008195634,402.49910734697795,398.8753292466635,396.0405475893487,393.83646755482266,392.42349128357364,392.92170046957824,394.84375026076555,397.5428342569864,412.127689661595,400.0653785621035,397.08742038697176,394.66657476852066,126.17295872565552,134.16996060550974,141.9479584881428,148.91767614470945,155.19064096096082,161.1445057054799,166.89149911166857,172.67096425861604,174.41355753903122,170.26144835431546,162.54753529392684,152.82742055625238,141.41079173427386,128.68290499166517,115.79074886451325,102.898464921668,90.52940599014143,120.88321121441933,119.36947684891425,118.68261497686808,118.78869872501325,119.68251386852663,116.1054048829079,113.19916769836621,110.56322465465442,109.30478411130213,108.9444388985273,125.90980915435065,133.33399353387102,140.35019022025614,147.6074473042769,149.75662558252606,151.47929927873332,151.56119964223382,149.18412270543735,145.95830368231924,127.41749029971226,127.55973933442117,126.68692856984634,125.09526268198519,127.65364126379356,128.43243211527906,122.60856904018668,122.51009851910882,121.78552446287696,118.92525176805492,122.49153574764556,123.67056341752925,156.7337368853535,156.72090287881213,156.82516771132134,156.86291594608718,155.52325016828127,153.48740835944284,150.72054599517264,157.99282633914888,162.98385874307752,163.93219875043872,163.33597459159665,159.65261471423378,156.65682461121864,157.58296401584468,157.75428948212527,156.4354740489608,151.32614330485956,160.24568608597355,161.27098425002617,160.87779695871438,-58.149706351542655,-37.72663054362828,30.362518843686864,0.4542461,0.4939916,0.21027707,0.23054197,0.44654536,0.0,0.27281365,0.002620673,0.47889116,0.32940227,0.40329924,0.639784,0.34112024,1.0,0.6262663,0.3492454,0.91309375,0.36182326,0.00789607,0.8935912,0.101640254,0.0399634,0.05407948,0.30791566,0.46533954,0.027624665,0.003436982,/content/data/frame242.jpg,0
363.03092447916663,80.83560848236084,80.609375,92.40168857574463,0.9866507053375244,376.31537368186576,377.46162343336056,378.9241277577868,382.7865688512773,387.983942429356,394.4254727261804,401.41723898931974,407.82975540831023,415.16541543278686,424.26327529518767,433.6751261193222,441.097153650754,445.77517551106394,448.05275831194166,448.1625087573425,446.82003200360913,443.57162766679113,369.97648080401433,369.1862541348806,370.13802829134085,371.9951329202048,374.14365022830816,381.888777691206,386.110610847519,392.39389985118225,399.7794419355567,407.39479838598567,380.1540385964252,380.6191958271238,380.7845650171514,380.90012154266094,383.7959312593334,386.45198985247447,389.5677664003558,393.031332764468,396.2785970343324,374.8307884085004,375.6373163827997,376.854073492427,379.9195416945061,378.55387366575695,377.2427768418539,392.74130634055336,395.5062363709514,399.2341099094132,405.4593744619506,400.06840429698127,396.3212190156879,393.8520157439726,391.247947508458,390.7458752402557,392.4289412134318,393.95478369235036,400.7293159804276,408.75682480956704,404.82149874005097,400.2404453570939,397.70041914349514,395.84552690542955,394.6146676632675,393.7500408856495,392.8716672137504,394.13115370234476,395.90936735028987,407.73914486956244,398.12837714608713,396.11340298502523,394.4975249576485,130.4607035286611,136.918571480612,142.81556614588942,148.52026951832465,153.74755911417446,158.75449524741373,163.22747028316857,167.73949178594907,169.82252298732868,166.48171044097228,160.37742186265143,151.54218716277586,140.82857815013222,128.97450563885113,117.67987554760315,106.86241800138225,96.51372294106692,126.61141781645267,124.04654475234904,122.06212769018576,121.36304524331581,121.86547770658464,119.27483582478752,117.28946375001672,115.17338052060812,113.99112117608874,113.69861304121132,126.75873429411047,132.3772386912271,137.48624551450436,142.92989007727232,146.86385467552788,147.63940422183703,147.12006902677774,145.31118923005147,142.38052320547558,131.6401143580674,131.74372496462826,130.22230726730646,127.1472724164427,130.5752059053063,132.0020013500203,125.35520282433389,126.39926292228247,125.8542051731162,122.3608913228695,125.70976364690664,126.64939030736264,154.8436426151685,153.1258954748094,152.09466030395345,151.97364797977605,150.62579804092215,149.73929519596248,149.0402590126791,153.59013073831943,157.2519464843097,157.94094346931757,157.55685656491727,155.12962427980423,154.02296624474772,153.33235003421154,153.1224455330715,151.82614644777215,149.09165785730647,154.53112547911974,155.46913291404744,155.53747744950994,-54.76411042445636,-36.490670802369394,31.49775714463818,0.524559,0.55240244,0.7219511,0.38396046,0.34204575,0.0,0.44767296,0.0030926191,0.48351333,0.21097562,0.5907458,0.71443754,0.34997383,1.0,0.48630357,0.43676507,0.85449505,0.36153585,0.6061596,0.6719246,0.08736295,0.021673346,0.062845536,0.43966198,0.28887,0.096265234,0.0033209303,/content/data/frame243.jpg,0
356.7896321614583,82.06318473815918,82.49118381076386,95.30140113830566,0.9870496392250061,369.28563814889935,370.83429636934414,373.02704448362294,377.7174387850586,383.5070871095576,390.2976957089021,397.50023486618113,404.06836354172526,411.5585993659443,420.69417846780084,429.85327445116576,437.0134218733432,441.4129327999823,443.461362243161,443.2852514748564,441.61490532145865,437.9362106707574,363.547972357265,363.2441376564204,364.5061097541813,366.72427314170767,369.22797236967017,377.08069365639136,381.29510627609733,387.4586627918485,394.8263347644845,402.7465375722818,375.6790841102479,376.3568099611263,376.7077806722986,377.0854924635166,379.6961185209809,382.4369088134723,385.7651917049675,389.4050017033312,392.80147332646965,369.5415171568072,370.58707941279187,372.0063402530414,375.2039578976861,373.66298867502144,372.1535457065528,388.1943765009854,390.9343897139139,394.62580733833556,400.9742099509864,395.6570055512598,391.87663276634987,389.95464575608133,387.85477228254217,387.49486856464034,389.19769868871293,390.8117167985326,397.7953171972122,406.083017289868,402.00197265426414,397.0681138725864,394.30560284301487,392.35659527671754,391.0348545133665,389.9786023010266,389.5641257850506,390.85559452788607,392.7886140230014,405.09598309876776,394.9006821924879,392.72326776660134,391.05142198597696,131.36594751489383,138.19041701536673,144.41585360367827,150.35679045763743,156.0914808525244,161.824398960689,167.03269293308216,172.01053509966795,174.04871254580644,170.2969996821435,163.45763615671524,153.9902168155569,142.74872483233034,130.69511654101422,119.3684559560466,108.41601371250766,97.85203967729399,129.98770829577978,127.80166760509641,126.10628790174516,125.63086517198172,126.21217862516315,123.35865385591046,120.99664895140151,118.48266023571816,116.79683383944922,116.06217327761468,130.42896679072584,136.44654141245277,141.9610524480347,147.8247039679237,151.1591523722666,152.19514939231598,151.79395139378295,149.7816220678415,146.51316407795738,134.95565292266988,135.31746525704193,133.77663236412513,130.56947504537288,134.10586870524253,135.53892611597698,128.35447450799722,129.43177603340897,128.7212696946541,125.07772766944234,128.58408788585518,129.66958964560158,158.60087525570438,157.77012267108034,157.29505439866136,157.21631715277636,155.88023109170518,154.47147445852937,152.92761504520976,158.01145359076813,161.7504946043661,162.3496706627628,161.83547575270381,159.27011798802127,158.05043026568552,158.09454657209776,157.9734107746237,156.69834590870124,153.22619082603012,159.35114557367058,160.23146083813447,160.14447564250304,-59.79673453038385,-40.4287359848011,34.79007132629191,0.60365653,0.51288974,0.43315822,0.39489862,0.3883793,0.0,0.43039152,0.0862998,0.47970977,0.34532857,0.6508171,0.660553,0.36335722,1.0,0.57295656,0.40915918,0.9279361,0.56646323,0.37628338,0.73408216,0.010303859,0.01130547,0.03369222,0.1870753,0.71470696,0.032798227,0.0101179965,/content/data/frame244.jpg,0
356.81426323784723,82.06719303131104,82.96096462673609,95.47161197662354,0.9858196973800659,369.3587684577455,370.864333037352,373.04031002712145,377.7821942539974,383.66786909299867,390.5395378267518,397.7597414598794,404.31432811060836,411.81406301540324,420.9837813119796,430.1541893034,437.305327850864,441.73327800781544,443.86075442699695,443.7421269138321,442.08535698267536,438.3714048771286,363.4809977948027,363.22618457176424,364.5090938040156,366.7368832653565,369.23730875709015,377.10510511973837,381.3452261046249,387.54449699479045,394.96565107367326,402.9661112638606,375.73700662409703,376.4078099751493,376.74960839963677,377.1106807221157,379.6712786746559,382.4525994632557,385.81647680618715,389.5134972447472,392.94799660823764,369.51388663251953,370.57458267326876,371.99672661289713,375.2342805407908,373.6867726131106,372.1603618361282,388.3229849284384,391.0871691901969,394.8085235651582,401.2310438962574,395.86253776031504,392.05394381625183,389.8739857166404,387.78936597905124,387.45116967367466,389.1574337457144,390.7885586374001,397.86069298191904,406.2799106153234,402.1242055478755,397.132047450907,394.34100606220414,392.3682261479292,390.9935721369391,389.88643778147207,389.54272391734366,390.84234117790703,392.79394882620414,405.2922812560653,394.9427204272763,392.7427236195494,391.05409798099487,131.4748925154279,138.34529111808223,144.61554594788333,150.57369678912818,156.28637089521015,161.97664699051725,167.17792944144134,172.16316668965365,174.22286181159396,170.4467142541761,163.4962495916635,153.87851645029554,142.5169274535599,130.35585921673675,118.9266084243418,107.90036476667224,97.29845074026605,130.13061580655125,127.97541502037402,126.29823421903251,125.82053176697151,126.38738922777532,123.49090988621606,121.14448949737948,118.59114016936292,116.83790514698332,116.01584352225174,130.584633045084,136.64417585705598,142.21350952284072,148.11541950532288,151.39495263176482,152.43850190268,152.03206677972017,150.00540872367276,146.70451554305285,135.12749592316936,135.4908695046822,133.93070465231563,130.70199042715004,134.25680056894436,135.70091914231463,128.44946072402954,129.52337022540357,128.79271706781594,125.0731927742228,128.63331902924523,129.7448578715872,158.73048553439747,157.96361315450807,157.5322534158994,157.4558816620866,156.13592864661848,154.68582816549247,153.04376034323758,158.21464842039376,162.01576156543138,162.60145588987007,162.07138784463012,159.43897285571217,158.18594755475755,158.2881384789178,158.1796720145435,156.9064475319206,153.3471851026186,159.63166403499412,160.50470162022395,160.3987207887527,-59.79864891240519,-40.484576084114344,34.76801630878524,0.58305585,0.48622936,0.4746875,0.3983448,0.36226085,0.0,0.43730196,0.0044254297,0.48328263,0.19642223,0.66310143,0.4049224,0.3558152,1.0,0.39767835,0.3804969,0.36906597,0.3167054,0.31076387,0.6766505,0.009613651,0.011258995,0.036450118,0.18477412,0.7158264,0.032308843,0.009767861,/content/data/frame245.jpg,0
358.39347330729163,89.29063510894775,82.53621419270837,92.43552303314209,0.9801024794578552,371.1860888278396,373.0544981539365,375.34017766762423,379.99595898725204,385.8758106525079,392.81280872074626,400.03528491234295,406.63650784192737,413.88341023437977,422.50305255306415,431.2701380183942,438.09189426933256,442.1307627792046,443.75673652467447,443.0016697311373,440.7448064568404,436.48249556393455,363.7761054293359,362.9651780400403,363.7346017141183,365.52261845954,367.826672995214,374.93327597089603,378.9120624398218,384.75093931016545,391.93580596229333,399.88889960630814,374.4466130921072,375.23546467015444,375.72285481436325,376.1932765340231,380.59442570135553,383.0641000605469,385.83844904443225,388.9525367635104,391.95752144658366,370.042949900448,370.6727551426489,371.8740637335074,374.88231780521863,373.79075521911136,372.5179812306079,387.2119393763476,389.5475092978461,393.07499782190564,399.2238914120282,394.3197952320032,390.82687164990426,391.9609362883056,388.9071157322806,387.98650349464407,389.55974057990943,390.9153600170046,397.5870648830411,405.39471536031516,402.56051573811715,398.5051978067459,396.09555590222215,394.2640867008325,392.89403765665446,391.84162178465374,390.3080768625598,391.46294790347656,393.0742672507337,404.40031874006945,395.90678755096195,394.0006017449248,392.3948162263633,141.1874579386278,147.1591863666908,152.60539941377831,157.49983618672525,161.82461917920762,166.10351172368908,170.0747643840142,174.068264754687,175.3213100157975,171.42453594598237,164.89403627273933,155.58412650943825,144.16026773837064,131.85013688049722,120.47471398640042,109.60580501130605,99.25191234912411,137.46060612843968,134.9878078336943,132.9370945541952,131.7653145922639,131.59615596132792,126.77421763349753,124.21211775668212,121.39279401807468,119.3420741270718,118.18618822031902,135.21712784362236,140.68342994506094,145.7268966255699,150.9885958241041,154.8811120854604,155.2951244545449,154.4258042635285,152.18556892133395,148.96475500187336,141.4558188786013,141.2313979930024,139.35550940321133,135.83703235885577,139.50320378700212,141.25078292219683,131.7701872705778,132.19064255013296,130.98729926897443,126.88100003166238,130.6908989413087,132.26721698735327,162.6518373139108,160.80163441645277,159.43296056506887,158.94183822695481,157.35595664063743,155.60683702505315,154.28499906671613,159.64477992439066,163.933305429935,164.96129510108005,165.01243508311245,163.07963466845587,161.7877864914374,160.23657563114176,159.71675275495363,158.19500936717492,154.4681707799944,161.55057234595063,162.80564072722945,163.2325190827438,-61.3848888123355,-40.92640750555689,34.140612432640786,0.46310604,0.42965454,0.34825125,0.40747342,0.36601147,0.0,0.4494758,0.06062709,0.4788684,0.1965918,0.28338602,0.61145115,0.4565838,1.0,0.54255724,0.43312576,0.894872,0.5302387,0.3861062,0.7939926,0.063545175,0.0263146,0.063390374,0.3510411,0.40900996,0.07626392,0.010434842,/content/data/frame246.jpg,0
358.3943142361111,91.33619499206543,82.36550564236109,90.88874244689941,0.9832561016082764,368.99545023594936,370.6655902313492,373.04710736883123,378.05164894383137,384.58460018371824,391.93432391163174,399.2665505494228,405.8888204851063,413.2461729833184,422.29228884268474,431.34435299759707,438.7467630219612,443.7637050054356,446.39306616544934,446.0858480770211,443.60101424660104,439.449494007676,360.4859974017844,360.8443838336469,362.5602948256209,365.0776980119812,367.74867611299106,376.20647791416513,381.0840900131705,387.57987578241654,395.18439133708546,403.40483176771465,374.54135496476266,375.1721765830656,375.49439867818245,375.9331358564365,378.92030162049696,381.739393905819,385.0596804726278,389.0709542044915,392.9314272677432,367.3156792024606,368.74724053951115,370.6215208373534,373.8471173649832,371.8833347217824,369.95479004143067,388.1249574335546,391.1623944210654,395.25175659675233,401.69202819133733,396.1670887664976,392.095932275703,390.34446477827686,387.91870759897597,387.48629576669595,389.3702152287139,391.1715313930762,398.67311868175665,407.2899073713966,403.6672263612909,398.73008255030487,395.6227969709976,393.23069479283504,391.48606295963464,390.48073600367,389.59647473945705,391.1609544784824,393.28139182323423,406.2182845487895,396.12678987678225,393.673976078834,391.63537492914287,140.11543256244659,146.94893849957623,153.5282019334189,159.3039644042154,164.4746584510318,169.61366075928353,174.61670388387563,179.5458906306559,181.0791336919781,177.06198642456707,169.4903067614858,159.58353429487633,148.00499173985264,135.65806916898185,123.86551149082248,112.29488049391841,101.10522482499526,135.98026526062088,134.55326915914097,133.62230564880525,133.36966560983745,133.8980042717092,130.0370371423794,127.47688748895614,124.78803687261322,123.18001431001741,122.2670387054475,139.0568504839545,145.49481752031974,151.4910244741371,157.7271265123672,159.96619497326196,161.2110464640807,160.8905080941512,158.54663911686663,155.08627181516738,141.35984199414278,141.31646819317803,140.1886063489663,138.0426563420612,141.03833499466538,142.10982129901404,135.17122555680405,135.20132783278837,134.23861082562823,130.81302967635145,134.6762948630315,136.0731756867882,166.46196774076913,165.51983573671973,164.98959232009938,164.7555220147131,163.30825945272545,161.3075128658367,159.1323414507577,165.59776165880675,170.47942054904422,171.4670456374988,171.1353322729862,168.03413800835284,165.9644366992169,165.8615994454007,165.6620942628756,164.2228667755271,159.51342891873662,167.65834874897496,168.8061552606567,168.80965272842036,-61.775776316055435,-40.64860073089788,33.83952972232225,0.59794366,0.5186767,0.24501678,0.4283005,0.34808287,0.0,0.30705732,0.012662989,0.47136799,0.2149941,0.70301366,0.04132961,0.3506719,1.0,0.3553973,0.40072224,0.45627052,0.39352348,0.10653245,0.62914836,0.03443411,0.023158625,0.03509142,0.25850445,0.6199393,0.025098698,0.0037733198,/content/data/frame247.jpg,0
358.7105305989583,91.72734260559082,83.83417426215277,89.89863395690918,0.9851551651954651,365.90732975307657,368.1809846653972,371.2139096887243,376.7387046702488,383.93317340873136,392.1689471714707,400.0933714167577,406.7850101380004,413.93191578648907,422.89090636219566,432.21332344141115,440.3206730031361,446.1796393619427,449.3291621142994,448.9340868979407,446.3306941287585,442.21711377429483,357.9451104695852,359.5299951578913,362.3357995141923,365.79772952745185,369.1395220684019,379.2545104946761,384.8240956065406,391.841921188775,399.7780738477634,408.36675133494236,376.338475767716,377.06973014489745,377.46871161746424,378.0603502892195,379.91357790013706,382.9625796594054,386.57218223245945,390.95944807846774,395.2589308631543,365.30126847609534,367.7080961823681,370.29016690120284,374.0524542590954,371.3258842108179,368.66148472173717,390.7633893821038,394.28700609319446,398.7555574336137,405.6228040728338,399.73366469796713,395.2392098955984,391.26067669506153,389.8714351610495,389.86692448001247,392.01155880405406,394.1883015896185,402.08556208288724,411.06391997332435,406.62220123727775,400.8576762579879,397.3548607630836,394.67068082847175,392.8148908420827,391.6997270327489,391.71778583202536,393.56913908296815,396.0842376017446,409.97384622444156,398.24398576153453,395.40771582183606,393.0955883046478,137.31427099084203,144.65136469879258,151.63586653979496,157.6896763152563,163.03931830493798,167.99869475668675,172.87575369077945,178.03922640310634,179.63704915852804,175.76902603588496,168.3531256183271,158.97966036127445,147.78087070123024,135.43019520847042,123.28742256670057,111.31241961028638,99.61624618651388,134.16541696382797,132.93905506110366,132.34522695685644,132.42614915336492,133.2830113690601,129.3388307179747,126.53860764626404,123.8756822464602,122.49677380500191,121.65558483952441,138.5670829098824,146.02136430407586,153.02912364088843,160.21116309007016,161.3996037648319,163.02202146674904,162.95818391673424,160.45097185596478,156.97222404334343,139.5526233136211,139.8411654388592,138.87494733949143,137.03467949711285,139.8030545243812,140.7223332487381,134.43355332103908,134.41273281469864,133.5156409825986,130.1718277980051,134.05366267099384,135.40576422828497,166.5444228981305,166.4774024726869,166.56396382424805,166.57121049214356,165.15836102452158,162.8760657306707,159.52979626645333,166.56469685010438,171.3765229130347,172.2374232009911,171.64951717405688,168.30798022764884,166.37079222094985,167.41507114396586,167.52123772215828,166.16780835925897,160.15846881908192,168.41230138109768,169.3336184317393,169.01476504433663,-63.35901846170068,-39.68562359181019,30.504350407454726,0.26462397,0.4702141,0.14787403,0.2130772,0.35260558,0.0,0.45305583,0.00032782299,0.47456872,0.21748538,0.5195479,0.30842048,0.40915096,0.0,0.51950204,0.4373231,0.4317368,0.1710738,0.044132814,0.7768769,0.1565632,0.018507835,0.03130223,0.32141343,0.43185252,0.03539745,0.0049634012,/content/data/frame248.jpg,0
360.22238498263886,90.22073936462402,82.07603624131946,86.50320625305176,0.9902971386909485,368.2514290241701,369.6379492404738,371.7957183398432,376.768933335267,383.92519056036315,392.2782578841134,400.1950725254378,406.6288019065948,413.5254600461434,422.33277859226706,431.2839740885266,439.0695522118614,444.9044387998958,448.48732381587627,448.5068010945822,445.84530644315316,441.69511784250096,361.4890298456378,362.7525100258342,364.8850616796237,367.5384851397974,370.01385669782377,378.7255707615574,383.8079401886615,390.29436278586013,397.46959922074996,405.28139866147865,376.1288003199576,376.5655851008486,376.73357044249576,377.0655349193218,379.364299284406,382.13819973662606,385.36218743136914,389.3710946087016,393.43077078553256,367.79721337814743,369.6146482774476,371.5383512836136,374.38677800372835,372.3254146280427,370.3050816125027,389.5042800920001,392.71114164079086,396.8615375123568,403.17224077858725,397.39085174148386,393.31764727053263,389.9556975806864,388.2313582576406,388.14155426724125,390.011147190522,391.9888581909142,400.06057845114617,409.3315465634662,405.13714429266395,399.551675766635,396.33198507635865,393.86703584234124,391.76148509206917,390.31722136469716,390.1040849933942,391.67124181107636,393.94702694709014,408.22956445467446,397.09678071873486,394.50193758727386,392.4185617311829,135.60567828890015,142.71828178467308,149.7527658011128,155.8709762603358,161.01197551368438,165.7414151657112,170.53578320488546,175.89209053373833,177.81901087946187,173.81685083441303,166.0947532954247,156.58384589841097,145.60992758391126,133.70799551640565,122.15659259369212,110.73224055394776,99.82783842906062,130.00650513379452,128.91858032399256,128.4097333242045,128.78503598358952,130.04716735604842,127.58171077233153,125.36382846756601,123.19767417697486,122.0701142187008,120.94679867376608,136.3711452415494,142.9960681195079,149.16780397202348,155.54972490551714,157.4552499431831,158.9194797373861,158.92544418995044,156.89005619079822,153.89168752612215,135.8626323501,136.10181061024454,135.49640011339062,134.102110331415,136.41280360162787,136.9763577482767,133.10828032928765,133.35322814546564,132.7849779205011,129.71313945087155,133.1972768912019,134.28901301094123,162.62092990325277,162.51126193468144,162.65671043144732,162.61386413060916,161.4143595100757,159.49808113365785,156.69994854609735,164.09590066182471,169.01576350531673,169.78347022127332,169.14352900889912,165.30257005006513,162.47658272656622,163.4152106065162,163.49230301206762,162.26006814872784,157.24091325673754,166.43974490386302,167.3361885124607,166.97687974299143,-62.80164218039848,-41.34283067670949,31.868711731785094,0.28035247,0.5491467,0.27694437,0.24457265,0.40221587,0.0,0.40820533,0.042243086,0.4748377,0.29469123,0.37281865,0.13209257,0.33252153,1.0,0.39722583,0.38915774,0.71399176,0.22688116,0.030067898,0.84712946,0.11800035,0.016047396,0.0464513,0.34037971,0.38882545,0.079580724,0.010715121,/content/data/frame249.jpg,0
360.308837890625,90.1318187713623,81.95282660590277,86.90942573547363,0.9897111654281616,367.36230119070694,368.93335027301333,371.2645468470111,376.3188867717405,383.434981618326,391.7394580725041,399.65110193481667,406.22386264459743,413.246642306273,422.0745205027307,430.9120090163367,438.59921218926013,444.27535393084736,447.66456343597457,447.54254473267395,444.8456634695051,440.7524267464345,360.03960628229726,361.2396045006083,363.5179925062015,366.4004691341416,369.1319034036937,377.39166173433676,382.6110181396723,389.2653546527754,396.6338042438303,404.55291692635865,375.47266913047963,376.14882891519176,376.5599186231404,377.135365889562,379.2311205718595,382.1473389860095,385.4773294184895,389.4542353038421,393.48026818558697,366.7566631689103,368.5420872833987,370.6355745897713,373.63043784700085,371.48288629042287,369.32421542284953,388.740246550821,391.83604300309315,396.053141546563,402.411419993909,396.7479780439995,392.5941360253036,389.9838346439204,388.3926247200286,388.3543885875714,390.2557021862736,392.2662880747496,400.18011694772036,409.2166310267436,405.10638043689755,399.58819041172563,396.35231705995903,393.9099351463153,391.82520808537686,390.42068758564704,390.2963222492782,391.86364624584655,394.17170750429034,408.07987223852837,397.106074250209,394.48794661443407,392.41387420006225,134.55447447549528,141.70091392955754,148.78635957258587,154.9313057631067,160.1212064842204,164.95863359411857,169.8931646911917,175.35966351827426,177.22805587530956,173.29985428158466,165.61706464370343,156.05238717755228,144.92455370813673,132.86340987533524,121.2698862965018,109.79215274193754,98.75214240361531,129.2190545310429,127.93958004667779,127.37783649574985,127.77483086467282,129.09090660865553,126.71172838169014,124.44847693641779,122.32152291274456,121.3341498532149,120.45754098262822,135.70379008171784,142.35128872362878,148.5505338276618,154.99190173436222,156.94214962581404,158.39365562500376,158.37746851901795,156.2733436607567,153.25889301068491,135.09991902799976,135.20921929088294,134.61764397281763,133.4509415250274,135.8119776364707,136.390735054174,132.44205403622863,132.47264418544367,131.85350603022746,128.95289971925837,132.48906440067464,133.63151727071892,162.27128805313947,162.218568066248,162.38931592616245,162.38018425999766,161.14900690311202,159.1591304399784,156.26202387581043,163.61991517212005,168.49107163573507,169.2723046356844,168.64681969275256,164.94544271896424,162.15054989662576,163.1922125452978,163.2674788583837,162.0353317670381,156.83641748844383,165.8831635092691,166.78006220855684,166.4045511876703,-62.42255533806894,-41.3083610343216,31.984235761380337,0.33323792,0.5086636,0.09665319,0.21579297,0.3872816,0.0,0.33277172,0.0013137914,0.47512245,0.2338312,0.5795952,0.28698346,0.36389595,1.0,0.36781946,0.39285922,0.28375426,0.09411888,0.033792995,0.8784709,0.116522625,0.016224513,0.046409585,0.34134883,0.39092997,0.0783119,0.0102525335,/content/data/frame250.jpg,0
361.50797526041663,90.4379768371582,78.26283094618054,85.44601249694824,0.9846181869506836,370.60900459831413,371.94811639488745,373.8500782809213,378.7228049959318,385.9686731162219,394.38912790439264,402.0069067580117,408.1831361774687,414.77887633266266,422.94994218865656,430.88203323638743,437.274429065958,441.609827628987,444.0701277341883,443.62627459496014,441.0313120447364,436.77274209187243,362.92225050849083,362.99318603239766,364.22058282043076,366.0428894928312,367.98712514360227,374.90004229372056,379.6530050558278,385.9221884762636,393.0895564706079,400.8308991489281,373.5058514547512,373.93509029010085,374.1147369834027,374.40505818958957,378.029489585626,380.49230460396734,383.29435481954295,386.85218074260735,390.4942761184806,368.39782604388046,369.5348524992942,370.8829253928092,373.2348474094568,371.727914817336,370.3049354040144,386.2719203036752,389.2714813464729,393.2208178241056,399.2123462776805,393.6509596446714,389.7693149724788,390.8774749309581,387.5897836816349,386.5544064706264,387.9811811720645,389.4342692599528,396.98259311872505,405.6565682638178,402.9397286836114,398.27792923098843,395.64982972075234,393.7100524639925,392.1548949609131,390.9451147880102,388.7488438930583,389.8147973141261,391.50967764638324,404.7340198959055,395.69319134585146,393.69784764858406,392.0886332640386,135.69445895302957,142.2612974697325,148.7146684837448,154.44222273124586,159.1587757848925,163.67153225636076,168.67087399992442,174.37271685111938,176.58248515960634,172.25961532546432,163.72596194390587,153.3711997586601,141.83530846442468,129.81355000816419,118.71222837063038,108.06511288048799,98.04131540351729,130.06133770767354,128.52756766154053,127.71723086764266,127.8628697014851,129.07736801033963,126.89718278096362,124.88615983786224,122.70534817204185,121.38971246319397,120.10808461380543,136.28737951971266,142.59749521415856,148.44648034666238,154.51619723585472,156.5941938743259,157.72512250571668,157.45144006264917,155.3898407800823,152.3134327923943,135.78028380169297,135.94156215613143,135.3012279900799,133.81142767076517,136.31814518859906,136.90269900901566,132.71174446690355,132.99477761982328,132.3260582433739,128.97205946036317,132.70928455793916,133.86932873294828,162.1805951840836,161.80399381689074,161.55676227071248,161.28573836279907,159.93339958988736,157.97027611637222,155.35773667625625,162.7600458393194,168.04799449226374,168.92161359019104,168.38345884768177,164.62163771624938,161.85539216320274,162.3966882552964,162.24094698786848,160.80683534056266,155.82454489143544,165.35954928981783,166.45373513190685,166.25507227278462,-61.89683758194347,-45.45423733251527,35.93704399972692,0.56544185,0.4983988,0.5440654,0.41677666,0.35171732,0.0,0.49821284,0.046119887,0.4792686,0.2274203,0.5182774,0.30387923,0.37343463,1.0,0.41032094,0.3753833,0.8654262,0.32344767,0.22120057,0.7360859,0.09379575,0.013198866,0.14682776,0.31686163,0.36634824,0.057975605,0.0049922713,/content/data/frame251.jpg,0
354.49503580729163,87.14496231079102,83.82774522569446,89.13159942626953,0.9852489829063416,368.48858172292523,370.55354362199824,373.04124428950263,378.508214118676,385.9750806701676,394.3230907521879,402.2208499385688,409.02474467018254,415.7670678284965,423.4578469481412,430.5412554569093,435.6918661053369,438.52678505490803,439.9927597163587,439.52798932825806,437.21809267600855,432.79365428149356,361.81962423716607,361.2054497060571,362.39193609110856,364.38303664669866,366.68657723572807,373.64737492616024,378.0156192191168,384.2363594944594,391.7024036465976,399.49859332523226,373.4155124975904,374.63941167803534,375.6286274088724,376.70220282532654,379.4198278640097,382.264653856955,385.3868866271608,388.83994069387444,392.0294763320991,368.1626852597548,369.0833023654522,370.4237224651448,373.374290526897,372.014768767803,370.52688258249316,384.85423322886174,387.6052196304645,391.51368212054587,397.8017475770681,392.561715343127,388.6523412010491,391.01721110620446,388.44804827638643,387.8234009038985,389.41848907624734,390.93439102867933,397.8584293805687,405.5580955133817,403.51642855413445,399.5128227466037,396.8200960077262,394.7128315434605,392.75527563746766,391.0935125531954,389.88401173662476,391.1767374552085,392.9450554448579,404.84596142517694,396.9016027963613,394.8230681203619,393.0157945396327,138.98881091764616,145.70094755705614,151.8521823366542,156.99319832595813,161.13328417502981,165.16169584212878,169.54709258051537,174.37986181680427,176.27974457744023,171.84940913329774,163.6077882017462,153.11953161627335,141.24747655280754,129.3104168768804,118.54239150670173,108.3563507456519,98.82424497437505,134.75212820808173,131.7499689310749,130.017718571985,129.85263943354795,130.9207927519392,128.74984971447975,126.58997081715924,124.03022732877326,122.28822930602882,121.2107267732822,136.70832938645745,142.6660771863859,148.08346398477244,153.71843597644147,156.41030206483282,157.2063591382228,156.5548212194335,154.40109119169756,151.05659065204566,138.73352285788042,138.19865726907247,137.00555981324942,135.28122425103794,138.24469250729962,139.40305793461394,133.79347194469264,133.85211730633947,132.8235188467739,129.32817496524513,133.17087100780518,134.63120362717981,162.81968098877297,161.5180140679162,160.77789927612758,160.35959126390281,158.89447725293832,156.8089553700289,154.80778998514216,161.42288987603314,166.68455631312116,167.75257256495354,167.49301312870085,164.38278802657442,162.1775655990101,161.38986639811918,161.01762550006552,159.44669610562306,155.02229596224078,164.1733248238059,165.51811989680317,165.6406063989578,-62.79738706091486,-44.34407183901168,32.992482965873556,0.6111023,0.5280634,0.28090954,0.43101922,0.3850729,0.0,0.3138781,0.0535563,0.4722425,0.25779504,0.7142201,0.033521336,0.3404504,1.0,0.3831806,0.35119003,0.52425563,0.46004647,0.039255556,0.62611973,0.15720704,0.023225902,0.060650285,0.20950994,0.50034714,0.04420119,0.0048584994,/content/data/frame252.jpg,0
354.4002549913194,87.95273208618164,84.09564887152777,91.08345794677734,0.9886813163757324,369.43094517474975,371.5548209804839,374.17102647909405,379.6619413474882,386.99725376283084,395.1608085552701,402.93084031726994,409.4324118671966,416.03235684558695,423.8679893518196,431.5112138556518,437.7067332915145,441.5662942335499,443.31971264616095,442.49329115471045,439.8675740530833,435.1854809531598,361.17911163115843,360.916172812208,362.0679416165141,364.2107315054394,366.6775527183097,374.0065441522638,378.3250953156413,384.50697928224736,391.98036629645486,400.0556716543266,373.6910781571316,374.8606144404295,375.74529124296095,376.7104518425282,380.0626045949869,382.9113394707785,386.0519860946421,389.54690084210995,392.89196549588206,368.19501008463715,368.9234783520038,370.2992144620768,373.32023639100987,372.1131911663623,370.657586907531,386.1119743416151,388.502533345638,392.3458268405957,398.8084920253048,393.6686562875857,389.8809046909305,391.66775052482944,389.2169557115632,388.68407466733134,390.32511283881666,391.8650478820684,399.0731686662448,407.021878496838,404.33564544971415,399.85706156557535,397.05510618667665,394.97557660131025,393.15181792994935,391.63869778944974,390.789533143114,392.0637915241497,393.8991497908337,406.26339981899326,397.16394237845907,395.00162601546333,393.21124916181424,142.03304139475912,148.52890598287559,154.4335267215356,159.30354564380758,163.30461448250918,167.41027838041498,171.80173988979584,176.66633850130745,178.1241349891903,173.5388387369565,165.42250319017984,155.1470011845573,143.254917553837,130.90917932017936,119.62301086082942,108.79976755996013,98.4250484597159,139.6386386607499,137.28400875990428,135.47506473598224,134.96646108123187,135.63985000085376,131.82802297341132,129.2552320792569,126.27350088854,124.22002071732668,122.66359672391326,139.53333348871766,145.67465633177306,151.32896555596744,157.22210722304118,159.3727783871376,160.2719571268717,159.59733691069488,157.22070002697836,153.56693499432967,142.8263612047511,142.14050947925824,140.5868542743943,138.28980866058117,141.47179166878922,143.01207199626003,135.446516897338,135.37368147149536,134.1033352258102,130.45067445118303,134.37143864975496,135.9964504216363,165.1196237820537,164.3326428691409,163.83709486675087,163.36464181826176,161.8429612350468,159.0663353852784,155.94925929546662,162.91362245054387,168.4293098329601,169.60556287153923,169.42600204800837,166.49038910233082,164.5830455907588,164.21342209159883,163.80227979378998,162.1775351285687,156.342095014866,166.22698284672532,167.62873253957022,167.82749898343954,-61.46205025614832,-43.46175327305425,32.162060735546056,0.45189914,0.52998567,0.3235244,0.41479746,0.39005882,1.0,0.47423884,0.0104431445,0.48396522,0.32617512,0.66903186,0.21765536,0.38061562,1.0,0.4223718,0.3753833,0.44085526,0.40467912,0.3027172,0.500111,0.2377123,0.03506242,0.050678257,0.31819886,0.2693061,0.07819284,0.010849306,/content/data/frame253.jpg,0
357.9571126302083,95.04960823059082,80.90464952256946,87.60762405395508,0.9777069091796875,370.4135273922043,372.5941584052785,375.5042063165966,380.93811398923765,387.8194635329936,395.45044625620045,402.8856232126027,409.5795135487382,416.44460234093066,424.1957109746766,431.43990399407323,437.02551915254446,440.25345692419796,441.3662813525887,440.00064766723017,436.95368360112843,432.2267113194395,362.0365333448083,361.84905220553827,363.01817361166883,365.1989738117535,367.74111673603386,375.040956616417,379.2236762170162,385.0330067328369,391.8910679979085,399.2862134277737,374.6033951439966,375.7324207951879,376.5870345146464,377.5761926376489,381.3200599315994,383.8319230806417,386.64739858618987,389.77849559289587,392.8497097971675,368.7163106644856,369.2478931183455,370.6108292108146,373.64632302422376,372.3428968961474,370.92431707578453,386.2029599751023,388.29328115514306,391.85628126869653,397.8817795213433,393.1037597588789,389.6362876443953,392.94056008870666,390.1316076823406,389.4488221705892,391.095519343667,392.54389174333966,399.4112426285242,407.00609765880625,404.9189941650576,401.0539169104637,398.4986384946746,396.4611475252051,394.495764686224,393.03139471478187,391.78698978862343,393.02292596497915,394.7772605407478,406.03651196644296,398.2243236888181,396.1973223139988,394.47463197537695,145.13342303538693,151.5594339382501,157.52113302247898,162.57043162388945,166.83025350487924,171.18544673029953,175.46174867934798,179.71331172775172,180.48277425145022,175.67273114761184,167.6007499491974,157.548923555498,146.18941316062492,134.58910265343587,124.18957815462731,114.3872556050056,104.99886630855265,141.44893098283927,139.20970956810532,137.29914018742951,136.55983681489684,136.98436462132418,133.88644393413773,131.62375878752337,129.07124375957224,127.35460029002888,125.94988440524767,141.57859716091426,146.9437052490497,151.88286937281816,157.13801217032216,160.29753572788286,160.86390491095472,160.16994365723275,157.9742471674932,154.71269131023718,145.11490645701687,144.44471284517567,142.9741393500157,140.66001821912022,143.78682602180106,145.31522387743445,137.87053485133143,138.01179973890316,136.94101828261864,133.49360422815622,136.97609012327422,138.4603896979332,167.79404297558693,166.42096506176694,165.3068560653336,164.7879156408685,163.20836691239765,160.91865884049702,158.6382121908742,165.21117767780999,170.280396483159,171.52855172138322,171.58556147773206,169.17790499477914,167.1262367804493,166.09850715214833,165.52788949525757,163.93179803687235,159.13813474212338,167.86211254947318,169.3101841722383,169.64139594310325,-65.21791041877412,-45.96100321396376,31.261679082631446,0.5430618,0.4302344,0.21229807,0.42166042,0.38477552,0.0,0.36883527,0.0024876595,0.47138727,0.3524127,0.61659163,0.032889184,0.35702932,1.0,0.23435691,0.38522425,0.909678,0.52079517,0.17773862,0.6420876,0.16238801,0.014276859,0.08886743,0.35219255,0.19566296,0.17402695,0.012585308,/content/data/frame254.jpg,0
354.85953776041663,90.48145866394043,84.59695095486114,93.30127143859863,0.9775099158287048,371.6216739605484,373.92458351643387,376.79574205219313,382.27404166923367,388.89483198344027,396.16310487592864,403.4523123088201,409.88925972015943,416.41026561760566,424.00337757797143,431.6862671513569,437.78874907641546,441.3285082501012,442.70179941900494,441.88345709002493,439.73991230688284,435.57684170739856,362.74338842934,362.3338852618582,362.9649795718598,364.7753952224718,367.07074211724415,374.73853806718154,378.79006567158535,384.79797846306013,392.0333780542971,400.00259768523284,374.5710650806702,375.6323535184723,376.4027706316714,377.2307660727627,381.3552142136615,383.7677247973794,386.4766990375006,389.60891202616347,392.6520814787732,369.3178518135248,369.6215528014765,370.831890562284,374.11142278801043,372.9298491657979,371.63973225392766,386.3206142541127,388.1077313028176,391.8317905091181,398.51995574200805,393.34620463814434,389.7346627472619,392.5065073428621,388.96180649650546,388.22657836371616,389.86276585136704,391.28987153535223,398.8100963263579,407.10183600929906,405.3001441960929,401.23326437294594,398.6374614440857,396.5805010391585,394.29726808269237,392.3281099564019,390.73007111402177,391.91670986730406,393.65391301899115,406.3709622876073,398.42578701404244,396.37608729765793,394.6086435116589,145.3023731207007,151.4733644470274,156.82490565549716,161.4006809990518,165.37254456900803,169.6829243954155,173.92786459696077,178.43720597503474,179.9520071628252,175.60368223066956,168.2671501904244,158.71742280975724,147.5591993266488,135.83691443908998,125.27724730443701,115.41610779095497,105.9104750789883,143.94906219214346,141.95073117985612,139.92990404525486,139.17780882580033,139.68597026924135,137.2514640702322,135.35427551709353,132.85248115395166,131.0441092403491,129.17350762025663,143.23825546534877,148.19780624706127,152.64508475431956,157.455557850962,160.8130256935509,161.2524374923529,160.39809202487282,158.47665891155418,155.18384990287208,147.13126582223424,146.3767748424977,144.67916846973372,142.11840770588998,145.58660104875563,147.31000689018342,140.23538016478042,140.55817382729165,139.5309065201797,135.9221708053379,139.51785329702753,140.98871664165125,168.2430324253569,166.44006598759955,165.1182936748998,164.59636495162084,163.09425662192626,161.15164205140667,159.79780392211882,166.40332209870587,171.45790915389,172.5438625777711,172.42809864013242,169.67924733715535,167.4644637211146,165.84478295507265,165.25309689968225,163.72267321935635,160.08834491208682,169.21820028811848,170.5128851607493,170.79156747099262,-66.12836128968897,-45.97463769799302,31.20446406473427,0.5092954,0.5136423,0.39012423,0.41846225,0.35868695,0.0,0.36716247,0.08231997,0.47468394,0.29686093,0.6099795,0.08242838,0.35766265,1.0,0.35656032,0.39348978,0.79342335,0.7095384,0.2027757,0.6705523,0.110141024,0.011177829,0.04156334,0.46729136,0.17896616,0.17780583,0.013054454,/content/data/frame255.jpg,0
356.94121636284723,99.2307300567627,82.41623263888886,85.0872745513916,0.9893479347229004,367.31904361695825,369.6314057080913,372.5836638432601,378.24507210789085,385.5608271258223,393.537089664241,401.2166698772652,407.81175200785356,414.2399339745079,421.6063755449235,428.39413778017024,433.29905145512,436.0276354362622,437.2598569609081,436.54491396360095,434.1630385384374,429.9205403186815,361.11075492893514,361.0699823338259,362.6238825628891,365.1368531859181,367.7800411134109,376.5072357141683,380.7698904881449,386.67493927614396,393.4937153399864,400.79269453010704,374.7066109237382,375.8096527926204,376.659216254711,377.6644939668897,379.8966467263946,382.638169365228,385.81148166752985,389.4044604883701,392.79866415954837,367.26440274046905,368.654499015429,370.3166220480641,373.5417513617711,371.71073350619054,369.9139291496107,386.530797395576,389.5291639528206,393.2945689494405,399.3202618958317,394.1922446214925,390.3683691856589,390.934983192101,388.9154297407462,388.67164315539077,390.51814662456275,392.307025596863,399.5531577342735,407.57595927333415,405.09947219602213,400.5766323356793,397.57626351202805,395.18765402066725,393.0258696664091,391.1024858617319,390.6170336327921,392.18657618778695,394.26918581615905,406.8713805911954,397.9912803906437,395.6111820529899,393.5174808424719,146.69073475995765,153.29044827272054,159.31426979990198,164.56586768716585,169.21768028212398,173.8273053064728,178.60364183135567,183.4256896722868,185.08687699531703,180.92109174837287,173.05817939786516,163.06170308619159,151.68494099635868,140.29161304282144,129.813302579347,119.9113648888283,110.53521535787635,144.24938167646096,141.70488448640236,139.7837950721059,139.2067498054179,139.88746561041302,136.8820089608776,134.386077381532,131.99045387183202,130.4538574238039,129.29243336149187,145.29567237743603,151.6197243191155,157.43829223891507,163.45652080917353,165.60878070468908,166.5940783542148,166.16328678099165,163.82793818463773,160.41573541650664,148.3304814004638,148.18780318272496,146.92719085933518,144.7237118936742,147.69404672122656,148.90400596467094,142.3804759500165,142.64504289599594,141.62632748100341,138.18815610874793,141.81710877982943,143.19657904522737,171.36680593083287,170.4410772283822,170.0021670430424,169.61964287064194,168.09582684648566,165.76209710382216,163.3089495148666,170.5152036868389,175.84323459477253,176.98498897615417,176.71852322434233,173.51702095852892,171.0087227976083,170.65443119013236,170.3493016131501,168.7447802552012,163.7697568264402,173.31953298012826,174.67846936450547,174.74079523158716,-63.61565980025075,-46.18481651051833,30.485580707969337,0.38467023,0.50039536,0.51569486,0.24931784,0.3369557,0.0,0.3053943,0.0003647898,0.47338995,0.51490414,0.5672227,0.3692741,0.37300315,1.0,0.341606,0.52154636,0.9120518,0.32156673,0.077499144,0.89155936,0.120010994,0.037917163,0.08558048,0.18860039,0.5076738,0.051973213,0.008243967,/content/data/frame256.jpg,0
353.3658311631944,99.10303974151611,83.83135308159723,87.80126667022705,0.9791673421859741,362.0504655735052,364.0441367835091,366.73818900538504,371.86254920837615,378.75494834892066,386.7182349236454,394.2949099238096,400.7182782976858,407.020683758671,414.69322350796074,421.998085991148,427.85206548349186,432.0868570209198,434.8350258827828,435.2102077918728,433.72523676576867,430.54415362411726,356.89795510926575,358.55108194858786,361.27549343436556,364.56393693099085,367.5997471405003,375.85587964268404,380.67339571803274,387.0292191650029,394.21419890148655,401.7134818783393,373.63668449085014,374.46766199079565,375.06250071810797,375.8151473293641,376.25325833892003,379.26922991479125,382.71798702971347,386.59000914915174,390.3157441106385,363.0985439170321,365.3624827551635,367.4556297349774,370.8603590877029,368.3113364465749,366.11479024447715,385.39263237042434,388.93725109445404,392.9873530539565,399.20856392984865,393.54946337379636,389.46013316958954,384.9438704198584,384.1999624786585,384.687214769702,386.6462123310908,388.55729007798874,395.42276042428165,403.1680324101909,399.73696615660424,394.883958457955,391.84585289529747,389.4541953955772,387.19099289166354,385.2621897432322,386.353788736051,388.01557731498866,390.1687096284062,402.2737552876571,392.7424347910333,390.35494409518105,388.3180803677649,142.9451856686723,150.3709074441571,157.2399354308286,163.31529247125138,168.82972297861514,174.10438799257147,179.49137772993822,185.03580168910833,187.46530896563695,183.98732456329714,176.50218108743724,167.1942257702778,156.67373366755243,145.47934974468848,134.70947741348127,124.40895613077694,114.53289462943256,140.83423635688445,139.42511560526043,138.86540739918019,139.51617612686675,141.35706505171413,139.77926881389533,137.32836859482518,135.07794596411628,133.69397361654555,132.8510326480718,147.58141594559274,154.92708610253163,161.7475003307373,168.7999870082837,169.3881060971051,170.99443881838454,171.1716049132146,169.00400653693367,165.7564806146895,146.8758476240071,147.78669776147325,147.26382824640976,145.5952101283516,147.8969312329047,148.39504484616322,144.91481219094513,145.50630365908395,144.89189005964423,141.62723219926613,145.11961044405572,146.12800838028818,173.56209432624394,173.95226040116518,174.45211986442416,174.54068093171327,173.31577875531684,171.40163635086412,168.64696765176922,175.23664079826045,179.700295686647,180.3926696526537,179.66269711127757,175.9903016353262,173.55166318649304,175.32364441662833,175.50689586631609,174.27788026635744,169.2064560565904,176.79961615118333,177.6649423078823,177.28700346300025,-60.51565591550424,-44.407786705608665,28.830515231388752,0.3057934,0.5008423,0.16562217,0.2324797,0.43155015,0.0,0.40423137,0.00020374318,0.47216892,0.2946463,0.6657054,0.18977794,0.4501798,1.0,0.47958273,0.40347427,0.49892455,0.05663814,0.033360906,0.8790336,0.04849779,0.034565993,0.0377695,0.060613547,0.7710068,0.042054586,0.0054918174,/content/data/frame257.jpg,0
353.45488823784723,100.17904758453369,84.70220269097217,86.68869495391846,0.9798688292503357,364.33818086665116,365.462981267157,367.23144352877,371.5499591156061,377.6592834170029,384.92784546620607,392.18640617561886,398.50675998668464,404.9416889727763,413.0131732134346,421.09187478795275,427.6064300639317,432.2013109432678,435.23377545202595,435.9240663122396,434.59125292519434,431.4222233148346,359.5457471745056,360.5160739987356,362.67333291929873,365.3777714642621,367.8044713151362,374.4944515171441,378.83853314507803,384.9278919696459,391.85355315477085,399.12066119642236,372.3441479610632,372.8499286732219,373.13782216845294,373.5275209941356,374.857045037871,377.5698883045243,380.73598819817545,384.34831029849454,387.86327589743803,364.74076269527836,366.43245552832354,368.0213587081077,370.9639072658613,368.9147502415012,367.24888386881673,383.8033302867978,387.00332808784765,390.78130784171907,396.704733092325,391.1857265562191,387.40364829918497,384.3526661206909,382.9171886396721,382.83207804411546,384.40214268042894,385.8721102126468,392.3781088556991,400.0233797697289,396.4210435080536,391.8340341109642,389.29076098726665,387.4353946474347,385.9184028368719,384.4579964118808,384.6292623802753,385.80785485973433,387.50058006914355,399.164411632604,389.7827549796337,387.87053973473775,386.370397670536,141.82028283205187,148.81678425716768,155.43031745445728,161.53556805452592,167.2312597598799,172.80021409058065,178.29788794872695,183.86430009138428,186.639873398124,183.34661139840262,176.2519350113704,167.18355963154295,156.86687691550924,145.87541068632686,135.3364074254361,125.20656933013623,115.57601851668167,139.86802192501318,138.49126588756837,137.77801162877216,138.45756329461693,140.3914212404046,139.57130827736313,137.34585826276412,135.2585606671792,133.98803398742746,133.0898727512232,147.17003544859278,154.00864529460603,160.2421523816953,166.74338907251013,167.95110200598378,169.44148144805285,169.54178626751298,167.65351099343582,164.60203587847968,145.94268566259825,147.034375613953,146.58112828764308,144.8968791051982,147.19773909780758,147.60081851324082,144.7149390472506,145.54669337139342,145.07173823937603,141.82114469580318,145.16565658643435,146.0410993421724,172.42019418083896,172.65248196296386,173.05902123431963,173.17793363016597,172.01921672088554,170.5792470075802,168.19448240862016,173.8414137072093,177.7144247904654,178.2354431297381,177.42312724343958,174.01338962811838,172.12634824531108,173.9865664440308,174.1674400230919,173.04543602943386,168.56942414273362,175.11232791562622,175.82151777378226,175.43278621964782,-58.70478828173017,-44.112394718133785,27.85877043090962,0.55837923,0.5392583,0.6328841,0.44428107,0.3719956,0.0,0.512794,0.0048361663,0.48157018,0.20775884,0.51521945,0.1600622,0.39360073,1.0,0.32780433,0.3899166,0.91956043,0.13089707,0.047757845,0.67584443,0.07565711,0.035786774,0.051321093,0.22604546,0.52557933,0.07768797,0.007922237,/content/data/frame258.jpg,0
353.7337239583333,100.83517169952393,81.97138129340277,83.16786861419678,0.9914249181747437,365.8384195057406,367.55595689653586,369.8098182632533,374.2357057004012,379.9429874221444,386.6536899197097,393.35982981843415,399.3652152112415,405.770568606989,413.51589839083067,420.77512996493283,426.17537912270456,429.6392839372568,431.41075011611,431.3350894972633,429.7511181722059,426.58240814888325,360.00479930312457,360.51395886235025,362.44526322921007,365.07702169619637,367.70114063572345,375.3519571066167,379.3413132894886,385.00448889766636,391.59281024014604,398.51343689910686,373.0678053183907,373.8232128580097,374.3801176049088,375.06738359339255,376.252719408522,379.007196615319,382.2624978642288,385.8199746211082,389.2141406774995,365.1884767060137,366.78957562261246,368.63871305708966,371.82897347800076,369.67158103618596,367.82229191165607,384.28328300346436,387.4784792997185,391.33516022412294,397.00447779227864,391.9113593508655,388.06941318177854,385.5869727514953,384.2772094527259,384.4866666467043,386.3274313851341,387.9592237428913,394.4586755346783,401.82503300346565,398.2222038951367,393.5947739155849,390.8475897285776,388.77099454719877,387.124024261225,385.7359264346403,386.2836078314708,387.76007552386864,389.6871489279834,400.99179062091093,391.3944085741279,389.29211233891414,387.5334505850996,144.5615487869554,151.29461218288094,157.5284844354966,163.3203556689939,168.82882229496744,174.20520555111068,179.41563988957432,184.27374285028253,186.37536391604596,183.20639810165395,176.50173941167958,167.51593596570083,157.2378522431078,146.33576323264623,135.9756836007692,126.17872800795294,116.94818753347853,141.5432320151212,139.68376775979976,138.54947416025442,138.7886863990847,140.2688660363021,139.19803539077563,136.9412294524465,134.76080689145056,133.24517639661724,132.39106622171136,146.68902854523606,153.31728898630342,159.40450967539778,165.7858603510378,167.84344966110478,169.15834662714866,169.08338199795566,167.10456443997361,164.0834577608952,146.93839509465454,147.3657922283048,146.66811316384877,145.29346221429083,147.69609583095297,148.35861254632474,144.5328763926759,144.8504796713019,144.17266902943788,141.31614308324976,144.70996114481423,145.6766669792476,173.20976783610257,172.75503080118494,172.5966842320301,172.71540103133225,171.40803503025884,170.12000802375033,168.09281621052327,173.5013637064734,177.41763800139486,178.02636720865974,177.400226362794,174.46388765435523,172.89692940972094,173.9904362309722,174.0653949115357,172.86476516991402,168.56367998006573,174.48389289542618,175.29590461922913,175.0695711633066,-61.58648320598405,-45.91695434743398,28.218781639387533,0.47944668,0.6218761,0.3490816,0.2289588,0.45979476,0.0,0.17242177,0.0010857767,0.47420228,0.26305276,0.48587045,0.120943494,0.40043873,1.0,0.6800151,0.5255606,0.12293059,0.32586327,0.03260393,0.8007131,0.077062905,0.033616964,0.088259816,0.13311113,0.57339257,0.08162465,0.01293199,/content/data/frame259.jpg,0
354.62711588541663,101.52313041687012,81.60538736979169,83.03415298461914,0.9913279414176941,366.7463968167244,368.2758071294347,370.4202566648613,375.0506148788638,381.15527036313915,388.2864071907916,395.2730198307024,401.4859741731202,408.11681006789286,416.07487860995843,423.49250407589307,428.90002315122683,432.2053446873797,433.8357191124246,433.5711575037153,431.6153935618122,427.8503586659381,361.12615526529976,361.25708196273604,362.99525339489446,365.48921544619543,367.9679556727956,374.94541324334386,379.13099336241885,385.05172489888037,391.94814986068195,399.1648804993324,373.2380952561018,373.9905867243972,374.50863358478614,375.1712818407673,376.58057455512653,379.32314885492065,382.6213821164811,386.29083369330147,389.74599488075705,366.1346537753226,367.700712576044,369.35364802589663,372.408642408413,370.3801100673111,368.6662605928608,384.60839148161904,387.90588829906596,391.7066229172485,397.39185566168953,392.1703065422107,388.37085773169406,386.6733807758719,385.2010508210233,385.17489220733046,386.9780696801688,388.62886261216704,395.21799141994734,402.79588850561504,399.4461546381658,394.83381109438324,392.0140497307093,389.8280994908141,388.21975305945443,386.9110651439712,387.0144375473383,388.49933159510715,390.4445596349349,401.9758342289715,392.5122957469498,390.33524519660364,388.5048400782948,145.8682815515349,152.71566171100358,159.07524267032568,164.90497584624654,170.37121446150104,175.63351150890503,180.9730639194413,186.06656084915267,188.16428033299826,184.67125463388447,177.20214934879004,167.26141883748232,156.10834689965304,144.56385491549872,133.7135802896264,123.54414824668447,114.08535359317614,143.9087997546717,141.7458129112672,140.28165511045222,140.25629827059265,141.48331512779532,139.88897004319028,137.3007520539595,134.82042015782372,133.15450042617158,132.2397863551489,147.5449806869451,154.32470301301873,160.57543872017868,167.08493950818684,169.1717548679003,170.4705809652346,170.3427841552807,168.08940176647684,164.77009967029835,148.48051415183772,148.97500667872555,148.09635164346992,146.21301460450331,148.74194587306465,149.56323547531792,144.57582807140852,145.03560676084953,144.26795285850767,140.97635056350146,144.46099030222604,145.54780958085394,174.30446150759008,173.8535439037728,173.7362711177634,173.76105483780884,172.27945994088714,170.56138927568145,168.01164752184832,174.11018873826197,178.58795305936792,179.40001929300615,178.83586152860744,175.65640660614326,173.98216030475623,175.10536823728262,175.10163850419167,173.70476437564957,168.5368568951476,175.54751384145766,176.56689503211146,176.3795234568147,-61.57894671825499,-46.177657498421105,27.746665627866452,0.54013395,0.5165727,0.4528894,0.41394374,0.28885877,0.0,0.33800852,0.005142523,0.47385758,0.4719255,0.70586973,0.631412,0.40552637,1.0,0.31256273,0.4975897,0.81958765,0.43888402,0.18240859,0.89526373,0.10365411,0.041853666,0.07098122,0.19650792,0.50686234,0.06687817,0.013262675,/content/data/frame260.jpg,0
352.0296495225694,100.3560905456543,83.44577365451391,84.83857154846191,0.9910076260566711,364.06756476108023,366.3199126067777,369.10239027564876,374.02189406105845,380.34819308427734,387.7418544970875,395.2375363035667,401.9651236327204,408.76648725607356,416.64256480548966,424.00331876284304,429.4839422985917,432.7818907116175,434.28665890205025,433.8991058027218,431.854832532121,427.96745048582034,357.60807185616994,358.00274286906114,359.93909145793106,362.70384412636156,365.49478379903763,372.9520710457641,377.1787038964576,383.2410029644667,390.34141908155925,397.85210433329325,371.12294323583455,372.0742011078189,372.8332237345252,373.700383427425,375.5468236051248,378.40692020993754,381.64672079115167,385.11319020716803,388.41280128713004,363.279139022551,364.66776325254807,366.39547141343155,369.7071125561712,367.65524350696666,365.8654371632661,382.870070466373,386.1161940364468,390.09270473953325,396.0618671525399,390.79445031072476,386.8156792301429,385.580090141745,384.00026224814565,383.9912237722277,385.7409683381437,387.2074921549795,393.66990231218756,401.15791703956484,398.0023572384316,393.7793591961133,391.21914945257186,389.2270104994258,387.41610527639216,385.78439185856575,386.0423418906536,387.3934438542267,389.1444839653649,400.1760515324479,391.27187541245826,389.3433182993041,387.6883851915818,147.77572795262222,154.73283006837778,161.09512218988948,166.85880566933952,172.12155308703996,177.17670379468473,182.04181288514428,186.50780909337936,188.16374647620364,184.14877598099383,176.55418066212792,166.69920784784426,155.48337248689654,143.88269647961488,133.06050358394634,122.93229209032734,113.46133617406889,143.29326284633999,140.9263624066449,139.39357160339648,139.402737509992,140.8866707846381,139.04130769957032,136.45352741871227,133.93238124598088,132.20650565960375,131.24720145054846,146.82706117108228,153.42286697522127,159.52339221244483,165.87420950484557,168.4388671858478,169.47236638990034,169.171023178028,167.00329992147613,163.8105789075055,148.10955991915353,148.35529481057483,147.40003804256503,145.58874445937113,148.23527331666378,149.17773240376664,144.1420118403912,144.60630248014127,143.7959647331934,140.32517784445758,144.00978734206865,145.16278011293934,174.7084383190911,173.7662037527059,173.2662082507195,173.2545513777834,171.78266030216992,170.39628127934952,168.3827491426864,174.13114094082516,178.41480812193322,179.2054790676391,178.72174614736468,175.83925815206044,174.21673794740332,174.84833899870682,174.7450291279431,173.38448819203677,168.8716035625746,175.1798468724039,176.24073153588415,176.21864961989536,-57.60657314292536,-44.84297767360129,29.655746518997617,0.5478807,0.47405404,0.36512196,0.29830125,0.31089464,0.0,0.27568266,0.00063352106,0.4733221,0.3107253,0.5516227,0.094554566,0.5020836,1.0,0.45588285,0.5185697,0.95612895,0.26828873,0.30425927,0.907968,0.035343736,0.043218773,0.07846982,0.05657967,0.747603,0.029032374,0.00975258,/content/data/frame261.jpg,0
348.59705946180554,99.78047561645508,85.46169704861109,90.71927833557129,0.9807792901992798,366.3733118203458,367.746996085137,369.5832340262324,374.3365731783779,381.56581758073116,390.0216041440718,398.2665161165157,405.5284313672209,412.21220562143986,419.288588088247,425.6476783484573,429.7467569962681,431.5481633357839,432.3131737983451,431.79312656656487,429.77344521856634,425.2940999576837,358.7182497909326,358.32081881607274,359.01253399854033,360.4989748670105,362.4119390139325,368.84683894425353,372.3913631961261,378.0216404768996,385.2112775588279,392.91307804319223,368.71567862783616,369.924373486263,371.0182531855711,372.1868508230664,375.93340225734954,378.5690183170728,381.38199782641897,384.32083310033994,386.9556445552577,363.77590151138645,364.28129390483446,365.35272253457003,368.39644842688404,367.09311517258567,365.87519006951516,379.39618125648377,381.87393255562034,385.6390126110493,391.91787923002835,386.7841469342167,383.1053704772992,387.79052261655363,384.9590307079327,384.0146582612317,385.4994818091554,386.60901236967993,392.920475216404,400.22425587198836,398.5152557988837,395.3136489241119,393.1689488600863,391.36625450400686,389.5434644940355,387.860656253974,386.45038193677834,387.50957603134657,388.8715221502254,399.29820765085753,392.5990031528688,390.9884568597132,389.4903313775053,151.72231127432548,158.1295156041543,163.91429971820125,168.81750300411755,172.65353427926925,176.4454680200814,180.53076456622404,185.16474967972295,187.12659681295267,182.70136122523922,174.41773413527957,163.9385935923283,152.09508987170744,140.42066022458846,130.23936621213372,121.13040600982072,112.84344856972868,147.3191893412661,145.1447026775663,143.84171657130904,143.92394848017972,145.4220577405166,143.46171599692295,141.18012929598925,138.28326973567079,135.60760836500336,133.33965776889815,150.30746563385986,156.11370155022092,161.34659165518644,166.67084982681408,169.23441806832966,169.7564313908846,169.08970600081335,166.94558992414653,163.52897188135302,151.57886451275326,151.44762957572888,150.32678263794006,148.22117079446497,151.1084042964855,152.2305230289669,146.70226509540558,147.04091287603856,145.9083537473311,141.81663982898985,145.69337502305152,147.21054822627974,175.4554147844236,173.97858213019316,172.90759473535093,172.4969867346141,170.9455399621714,169.0854558705908,167.24570102784566,173.2468978795755,177.98671447998998,178.96338142763386,178.76226267000368,176.1583863232325,174.55573683691784,173.89766743725403,173.42093909000158,171.88827724426767,167.49366206040185,175.1692415123551,176.45231364967648,176.76488963911225,-61.84693683532067,-50.354414711770026,32.17850408053543,0.59605086,0.51588506,0.19313289,0.43923184,0.3810006,0.0,0.33615088,0.010210852,0.47661945,0.3145918,0.635103,0.0532753,0.32454318,1.0,0.38469863,0.39868566,0.879356,0.5012757,0.105345085,0.6077068,0.09566635,0.038322642,0.06611469,0.32256696,0.42682794,0.04218683,0.008314649,/content/data/frame262.jpg,0
346.61881510416663,102.10071086883545,87.422119140625,89.2912187576294,0.9729325771331787,365.0055340158982,367.1583182754357,369.5933298319819,374.7294412896036,382.3745627101437,390.6298285015265,398.3138347705711,404.8350572952095,410.4502312359954,416.0695053776091,420.9591864628945,423.4342388435679,424.1414723935131,424.9815537275991,425.3227262014612,424.3565668852241,420.658907425014,360.1730465808665,359.43282301943253,360.1871258530236,361.7531646681713,363.938584482584,370.26546898387625,373.6838070526488,379.12272983729144,385.9889727656965,393.22386973207875,370.3253561850632,371.91587645632154,373.4217071433484,375.0286282179178,378.16623664870673,380.52149227388657,382.97377640541515,385.3086204389353,387.3395482626568,364.9781674106848,365.57170022022996,366.6672074607113,369.7236070073484,368.471848266319,367.139168038392,380.00185887832606,382.37880022299294,385.86817650641854,391.67328490595446,387.03506045165256,383.5759886120397,389.57822917489386,387.0219647167657,385.71112348686137,386.8675270122225,387.72173551800796,392.6253617567317,398.4411517542184,397.96020202908437,395.78107940784327,394.14239135676706,392.75336210718365,391.35732036459575,389.7420743495606,387.7634751792383,388.5410603837291,389.5118148627319,397.70197240280834,393.4584625308415,392.2383845471425,391.0495370650757,154.57891083810472,160.1549987523082,165.0103709920378,168.93467192697545,171.9125992499819,174.99688271689,178.60907662028202,183.27191824606467,185.72459834714363,181.79329130580714,173.86029044225745,163.88245172787896,152.84668456066794,142.6854768181484,133.96817842756903,126.16297673639332,118.87375051239168,152.3620242176508,149.45528838783304,147.69217009886364,147.26061438183237,148.06085606986912,145.37543528566619,143.23544978385274,140.7756869371071,138.73596795070733,137.02884742008357,152.92249995634776,158.472900942624,163.44737060452846,168.3992891618802,170.01743150257798,170.37943069746711,169.65286489221722,167.6053127339868,164.4608929882714,155.01304035721324,154.9479863920549,153.76975344857956,151.62679178853287,154.7531374402567,155.89066215931427,149.67585620058674,149.85252887270295,148.7234280864987,144.91424571841551,148.82056835844634,150.28021430670987,175.82806112269893,174.5613034382988,173.79551748774776,173.27372541947727,171.81530569949865,169.8589287235381,168.3034836905136,173.60513915990506,177.76004126507368,178.6017575702063,178.52587830846994,176.415616069355,174.9010133794669,174.07226827041092,173.60702320857203,172.11725164145398,168.29544934060493,175.41911398967125,176.68320207290935,177.04665102728126,-59.891973896352134,-51.50045785676181,36.28447884619958,0.633221,0.5330639,0.26648352,0.43796912,0.38593832,0.0,0.34459728,0.011190392,0.47214618,0.2642157,0.6920829,0.08559568,0.37310594,1.0,0.36848253,0.5423744,0.24684785,0.39668792,0.39448357,0.6397217,0.06902647,0.04682249,0.14383923,0.20683473,0.478924,0.046989128,0.0075638625,/content/data/frame263.jpg,0
349.99820963541663,103.15544986724854,85.06027560763891,87.57956600189209,0.9907053112983704,364.5151546477001,366.27578663925146,368.5523332568862,373.8832432978203,381.6314842407025,390.46177435643216,398.8014696564055,405.9195060327253,412.5083947054466,419.8487467840192,426.35724725141483,430.60025737659066,432.6176611853637,433.732284087479,433.4217061072677,431.20686791405944,426.4774568407705,356.8675712263895,356.6972497734357,358.078745480935,360.1298881562151,362.344341102433,369.14292942149467,373.1173879413934,379.25856323368595,386.7624072443789,394.7305741053379,368.19282264471804,369.3053219902522,370.2910030378966,371.4205346853306,374.1908583215039,377.03720089835605,380.19666157988445,383.6247960181747,386.79398183714324,362.3951373275547,363.53498764336115,364.8731728192917,367.9294264585154,366.29978470787165,364.81460118235196,379.58054515123035,382.7637627304988,386.92129500515074,393.3737404694015,387.73905534633013,383.63183695503955,386.5058390129651,383.95167965555606,383.25569808049806,384.8667101636721,386.1774018592649,392.96648741923053,400.7265895844913,398.82936404418047,395.04765430304536,392.5135653742082,390.44639892979984,388.52719551850123,386.57380221982885,385.5621091701105,386.78722278832015,388.42007806263973,399.9255577325446,392.1800761603821,390.28662791983055,388.59574129398453,151.28009483841566,158.1836332075068,164.57214959598008,170.04537551292105,174.56882665455674,178.87886975605852,183.64421842258002,188.81473416776362,191.20466868414388,186.72023711166383,177.55808646857145,166.11916369741095,153.66237452841798,141.5078601707624,130.72537008240369,120.99324808309011,112.13094801417608,148.120969290448,145.61005155864194,144.09737768487383,144.2265763706717,145.88509911723648,144.63178729858473,142.11958854223343,139.1513043306136,136.70302525377173,134.60293428608804,152.3280105014977,158.8521087738696,164.71015571703768,170.72097345047183,173.2032670176838,174.05719359461852,173.51464681276937,171.3222093226114,167.89855377209545,152.38723831115678,152.39270067498785,151.44556938309623,149.97686377966096,152.58703429096394,153.49740111803388,148.81140706735175,148.86258540737447,147.6943724564349,143.85615355919884,147.91514090654758,149.44693305372442,178.36260746805704,177.6602239023622,177.26071964124972,177.04989870692114,175.45153086846383,173.39756931276636,170.93787690232332,177.66622498556188,182.8699972554922,183.84454059339845,183.315010774899,179.82248057951773,177.70231918326215,178.2706367963051,178.06400033335166,176.48567160257278,171.36407909307798,179.90427822505222,181.19844501722028,181.171515312966,-56.939584141561625,-45.169291343621985,33.82311480404162,0.6113765,0.4983988,0.5518677,0.4265961,0.3806098,0.0,0.48422152,0.01568321,0.48195678,0.2556109,0.52242434,0.25439242,0.36180753,1.0,0.32155523,0.39145595,0.13568039,0.21986122,0.13443565,0.6878527,0.029396549,0.012201046,0.09996657,0.10378132,0.66316456,0.07906451,0.012425383,/content/data/frame264.jpg,0
350.53946940104163,103.75169849395752,84.37171766493054,87.1968469619751,0.9913567304611206,365.2609168188377,367.0516250103254,369.45433523601906,374.9374281546631,382.674112421654,391.3655766169273,399.3809649668976,406.051688910072,412.5171720905484,419.9283107543142,426.5481735567386,430.93954503055227,433.1693772721319,434.3192319717668,433.7929516970996,431.6145980399162,427.08125194831786,356.64144405798226,356.3166281608845,357.38865065868123,359.1371762228896,361.0148161139903,367.5437743723311,371.6149389475772,377.8042314772902,385.2812183230351,393.25216944089703,366.6970595557318,367.6430144056376,368.37630669548264,369.24656233069146,372.7410875532831,375.43845560788367,378.55083310795203,381.94744673659704,385.21108545636014,362.0558572854013,363.11891593592117,364.21746044488157,366.9291154594053,365.4512983947991,364.22667064593645,378.47766291748246,381.58142427212516,385.49800341087456,391.9426962035287,386.03873747998546,382.1630780156028,386.4387848314422,383.01294553688,381.93451784085516,383.53154518679753,384.8175805128306,392.141400795104,400.53183002886254,398.83420302623125,394.78016159775757,392.19801226960897,390.09531728789324,388.22664592167274,386.293860205126,384.3779013871376,385.53862371862505,387.16885581175967,399.8670303261072,391.80738872976144,389.87103244263477,388.1493376114131,151.10298783357416,157.90596945311222,164.15292124048736,169.52010314737913,174.0518526170238,178.54107331673904,183.73259562470685,189.34035602863014,191.72218543283626,187.11778966430052,177.940880671866,166.43053987819533,153.89522392152227,141.55184250513275,130.6251917716111,120.70714147086017,111.58512103568572,148.23501822850432,146.20588011913753,144.81419020636304,144.85974070807586,146.1631580082684,144.25063255116083,141.81899602616625,138.98574047497925,136.81265068079927,134.80937659972074,152.10298459452824,158.60958702711562,164.48294798775032,170.55621724323,173.15844284508483,174.05289416337638,173.47105019736128,171.19608220156854,167.694883598155,152.72052802953823,153.08468880786492,152.07485660620418,149.92776805001157,152.66004349943472,153.59895076024821,148.2237607963702,148.77374092816186,147.79387033535005,143.68342012851787,147.53937752746464,148.95016141723562,178.26304280864633,177.89167228431018,177.49644598273687,177.15734468491704,175.45702338273895,173.09069867453584,170.22105760585828,177.78041392871972,183.55724162920367,184.67531980987826,184.1681491042188,180.33776572215066,177.7307377808259,178.29698973557487,178.0269236268369,176.29970922362702,170.75669932408962,180.83750839364296,182.2596869252472,182.20179066901386,-56.91017398574127,-45.69721200045497,34.41094185798025,0.6511942,0.4864828,0.6680728,0.42769048,0.335309,1.0,0.4565403,0.12985508,0.48106426,0.1805026,0.46449316,0.24446063,0.36361498,1.0,0.37989497,0.35842687,0.47172296,0.27172938,0.047512,0.6130852,0.05780554,0.022441333,0.21576756,0.06520977,0.5558348,0.06861371,0.014327342,/content/data/frame265.jpg,0
349.24093967013886,103.86259174346924,85.024658203125,88.3441801071167,0.9921637773513794,358.9472849341759,360.77916588869596,363.0524529588023,368.1153370778638,375.70746034104104,384.46165189520354,392.67579506252747,399.5132653787135,406.1160718877479,413.6678144238981,420.7951122663417,426.0358867417832,429.56342649085946,432.3364617863465,433.159431176535,431.8853893821803,428.3040887027314,353.48231701613696,353.9366610142971,356.14127778458874,358.97358406349076,361.8237837973272,368.9201270843333,373.5657810774188,380.1767041726149,387.98986460373965,396.0059207323019,367.35985635914267,368.0460791233094,368.5508745446392,369.2418712137069,371.23007780726687,374.0961900308672,377.3571714857143,380.9574129724964,384.2890267357244,359.09853336264297,360.91263144242146,362.51070953557775,365.6845222040485,363.6494327681167,361.8343015533927,379.6288646213253,383.1321399166368,387.14275081828157,393.4060540189564,387.67040790464284,383.6404833824429,382.34592422314694,380.55516330322956,380.2369135079528,381.97389770032714,383.7118518389653,390.27915262776423,397.88889921426176,395.64053849936073,391.6267871202365,388.88059121729265,386.6838935685325,384.56377744253325,382.7356309391005,382.07404544192036,383.5151928644095,385.4525483663883,396.825673818593,389.3239103702168,387.1289030186916,385.2285760841768,148.75456727232796,155.79760300775246,162.40196395835613,168.00317931183156,172.63179447690237,176.93287111048957,181.7622114417822,187.48196876208758,190.3261671508816,186.59382656561525,178.45323502376573,168.37903190932695,157.1684751379122,145.86746060923974,135.2243729530782,125.1836629993634,115.69797241089401,146.6681970617795,144.3284275999615,143.17547427630842,143.47892844177,145.0769449259616,143.45806669851365,140.91927500544512,138.40619478695177,136.69555395596944,135.72198382130105,150.35394863204385,157.11022149227227,163.3913281040102,169.80376607175,170.7447276872379,172.06174410400257,172.00033734314684,169.71856877224207,166.4168906469596,150.7160703290104,151.6438002345547,150.8042817286344,148.34152813566442,150.95750796283806,151.72458064521325,147.41647743022332,148.54347284344263,147.95076300929273,144.11189894445175,147.51297602544955,148.551390385257,175.6528074347708,175.59478758725308,175.78853040414936,175.6735270034934,174.2990973505551,172.2000830848026,169.9597978834202,176.8271248516996,181.84970249043505,182.70329943463344,182.10502899649578,178.32939784541105,175.3696210389578,176.34447706329837,176.3417852254588,174.94894870954738,170.31738895191035,178.93065078932398,180.0865044734661,179.873912472825,-57.45935378529153,-41.78132154273977,30.239695010527246,0.4178468,0.47153884,0.23631945,0.25563627,0.33340567,0.0,0.26693976,0.0020849134,0.4771324,0.314142,0.6206694,0.39290068,0.27695063,1.0,0.5488513,0.5244782,0.70598143,0.36730722,0.05954834,0.90563726,0.08798112,0.028650442,0.083485864,0.13192783,0.6398758,0.023505595,0.0045733,/content/data/frame266.jpg,0
344.6797960069444,106.14290714263916,84.927978515625,87.27280712127686,0.9880561828613281,358.6864046586956,360.48405984845795,362.4273277147252,367.04493558830796,374.0969693092716,382.30930079204455,390.38017068631683,397.36115213779374,403.80295407429696,410.7333921279233,417.41879114454525,422.1357442295386,425.0000386481536,427.36353082856215,428.43826311846374,427.62670356579576,424.2879990895491,354.61919516161396,354.5436640866489,356.07574951993905,358.3607252752502,360.9794266582737,367.39920754108203,371.50370348391044,377.64657090396724,385.0909386214736,392.8483327068093,366.81222809168315,368.1479077611138,369.3623350862751,370.65994646969955,372.6107112633249,375.2909252162223,378.1673763925641,381.09571929007814,383.6840006887154,359.83153534369524,361.1348614956429,362.46205952473395,365.48966648456985,363.90834540220635,362.3216060576058,377.8819719261166,381.0268861360583,384.7780745518218,390.7172515167394,385.4502324543972,381.7052394594521,381.80702850688334,380.40468486099905,380.0960873607472,381.6036376791489,383.06340991095703,388.8080943578396,395.43808103128265,393.6053538295623,390.27471432429536,388.02417543326635,386.16313032067177,384.1820032833579,382.17873190815664,381.7867630825136,383.0112997114688,384.57521119316465,394.57615286341695,388.2693268305475,386.465426282066,384.8303002327057,152.92061113328583,159.09722408981048,164.62852700767917,169.41648554537727,173.3243260348421,177.05580458538228,181.11604930586128,186.16336657361916,188.81731006957523,185.39697585222785,178.1528403902301,168.85567667711814,158.08494538710113,147.50091318147503,137.75970789665732,128.58966735227787,119.97404674597352,149.48098840175317,146.73699750729227,145.20322354873122,145.15131934308374,146.4355660958057,144.7443285726553,142.65955230110532,140.45661671401706,138.7664747035655,137.49387596620593,151.38957751703134,157.177954505998,162.51410634976483,167.90494019491132,169.86156332852468,170.73399718227188,170.37526202961345,168.37883214682222,165.35885632245288,153.12436401080106,153.6540053867213,152.55772489262313,149.95099768187663,152.90771467040335,153.87856364215875,149.20841797581213,150.49998375212058,149.92049186672338,146.05566663656307,149.41076947098605,150.389858196374,175.92532911370898,174.90556596811672,174.58028296675894,174.3448507334216,173.0528760905503,171.39227234842394,170.09102798271604,175.68440995352086,179.94269590411074,180.669829193233,180.28681797854657,177.42111281423394,175.3160492704826,174.95481098054643,174.78073994282119,173.48264166486388,170.07795673718078,177.45573850620343,178.55940980962055,178.5862701580151,-60.81503003168037,-48.957117855921396,37.21979093476435,0.36535338,0.48014304,0.29259184,0.25573966,0.41828072,0.0,0.36127403,0.00027971104,0.47654313,0.45704362,0.520147,0.2055898,0.3657435,1.0,0.41005427,0.51992184,0.108287126,0.17345296,0.056028455,0.9401993,0.4221608,0.03126077,0.1105272,0.14047891,0.2740184,0.018546138,0.0030077705,/content/data/frame267.jpg,0
338.4092610677083,105.24950408935547,86.46435546875,88.01301956176758,0.9737758040428162,351.25119167167736,352.1583667024016,353.45988922781055,357.064744776148,362.7938039515741,370.3431463972197,378.5071535335878,385.78343932454163,392.969609589175,401.2068548696725,409.24538644399945,415.0867736944447,418.9676965681315,421.97840499676704,423.62654652285573,423.311302707868,420.58032067895647,347.9493924665179,348.56838981605915,350.779106551729,353.6943910420588,356.6690516863707,364.102811448048,368.5423057957421,375.02661366005964,382.5468471854324,389.8411246057417,361.779968083174,362.53138615398893,363.2297987947222,363.994997018322,364.8777829412679,367.6604704452359,370.81113020627754,374.05149001164614,376.9815099485868,352.4427295034624,353.8600424538364,355.6440576083721,358.9431294260514,356.87676750240075,354.9476137857217,372.8747348403349,376.43253862670235,380.6164139730688,386.5727292085835,381.17115482899953,377.00336996710917,372.50865428536804,372.15434886780827,372.2594248934861,373.8501795430161,375.2854557944279,380.7326828318446,387.2522248282485,383.44372172506746,379.51962649514553,377.36910113949057,375.6599026459005,374.2619473793152,372.98574092719286,373.9979431959366,375.22586560426726,376.84153028786295,385.89650078823115,377.8633547418656,376.15666802578176,374.73035296554826,145.4714104328025,152.42595892882446,158.89637332708617,165.0021393242223,170.60963539304612,175.97745500824794,180.86846496962062,186.00916072354994,188.8478029502353,186.00192755975377,179.36921708157115,170.53574255001786,160.2333817918502,149.64986877529896,139.59326561629473,130.05095047548912,121.01499142391503,141.65438050598186,138.74505283135454,137.23365839017652,137.56491399986885,139.50921864515226,139.67468434906914,137.52765596685958,135.70735695868575,134.66801301395662,134.60073325932512,146.13719829427237,152.71560653493907,158.81729954950242,165.03586261269584,166.95893990521972,168.32515801316413,168.6422400212141,167.0742046825112,164.50894960755795,146.79316881985005,147.3026599095781,146.55454051398442,144.91102909405072,147.55570732917317,148.1730285865815,145.78024890039023,146.82084243869076,146.68355711574304,144.02458252293468,147.11135877988272,147.61135044039543,172.95583073451007,172.67829505802456,172.85078933233171,173.27665837568338,172.16200202444816,171.67938821307325,171.0220956993344,175.0881787529488,177.9575414664273,178.10410588723016,177.19838661727863,174.13494974655714,172.48721111209852,174.40142478876078,174.7194762547956,173.8746376872573,170.99466759258075,174.18650098966145,174.72000505006008,174.33031441605272,-55.89764860138423,-42.99591090798286,28.845720601763894,0.41618317,0.4951985,0.17065184,0.25786895,0.36795735,0.0,0.2814139,0.045631118,0.4767971,0.30684945,0.42003626,0.40823743,0.45709613,0.0,0.55621135,0.48306862,0.3574615,0.22643463,0.06365551,0.88864285,0.13827088,0.030573837,0.0957036,0.37843525,0.31575638,0.033058632,0.008201326,/content/data/frame268.jpg,0
334.5154622395833,103.92793464660645,87.78846571180554,91.18042945861816,0.9827584624290466,348.5031583533874,349.59023170972034,351.08234052569634,355.09244461938465,361.65826732217204,369.7862373570084,377.93675302120107,384.9167644352374,391.4558839041806,398.7703330232225,405.8748345286581,411.0682466638923,414.7177690572953,417.82949634280794,419.8452790853137,420.1103157736011,417.7454703408912,345.03852544677727,345.7869301241258,347.74935368150403,350.32155760000586,352.95823047500005,359.8968223657382,364.1655571759363,370.5562061429674,378.1456604184689,385.6672658495943,357.9668395363974,358.6858051131054,359.348791398642,360.05680046469956,361.6615216667045,364.4650775249762,367.4857125113758,370.6151789093701,373.55101832941443,349.6028936534274,350.92846024665056,352.6110688698284,355.73100375573006,353.9404686113461,352.15397694113074,369.0849261102592,372.23399357537244,376.50124469141997,382.81253395615954,377.29006780612326,373.1395165719679,370.65310278403217,369.2482596406072,368.93670669504945,370.4261301876562,371.6342126606505,377.29298628143044,383.8708415807357,381.31198764872283,377.93331606815775,375.914813763187,374.305354522499,372.69859853994467,370.93515141162413,370.9078025262595,371.97726883519454,373.37532285505574,382.72765360728135,376.0164973559288,374.5303445121858,373.2075447639885,146.86194207756614,153.80121875021996,160.24663396617188,166.18423447867394,171.42309004617732,176.50528707657713,181.6005536589671,187.3357195937374,190.6744944755501,187.53274113346924,180.10376386946768,170.77653200488385,160.18026881594642,149.47271226138423,139.57877444860446,130.30717622336795,121.3796352586188,143.67589638900768,141.15735980749537,139.84426765816897,140.22418466497265,142.23877066955913,142.25228369936133,140.38755732571587,138.6164536834051,137.48660265297463,136.78527836276032,149.51570026135585,156.19327937277762,162.29273624320967,168.5075299534351,170.6454060506353,171.71144844999208,171.76884621798877,170.30021074782144,167.71806770894386,149.13300499649438,149.3868666960916,148.68563371013272,147.55099246715895,150.1878137115682,150.74857183969675,148.60163053427982,148.9546160466008,148.54801537115054,145.8166877006488,149.2696418147308,150.08465294640837,176.94622141293166,176.45985668777303,176.2080460730565,176.4085567396919,175.25576225422083,174.70656063613546,174.1850372509075,178.79081519825695,182.28564861778045,182.60756133546215,181.74591003359615,178.4718046515511,176.39535023131862,177.81494879459274,177.9530073505207,176.9932887566008,174.22378286386834,178.7378782953108,179.41969282266155,179.09043011241852,-56.683878183127774,-44.76762712546692,29.139380749285046,0.54984945,0.49988487,0.4915186,0.4288993,0.37740004,0.0,0.4692516,0.00320773,0.48064485,0.18629812,0.4923945,0.44224885,0.46175697,1.0,0.4597717,0.43944064,0.7851609,0.13951515,0.071041815,0.668437,0.13039775,0.033625957,0.036654063,0.42168868,0.33024895,0.040800344,0.0065842466,/content/data/frame269.jpg,0
334.5115559895833,103.97804260253906,87.76570638020831,91.04778671264648,0.9829478859901428,348.4932102363664,349.57635616005865,351.0651319274331,355.06633677001844,361.6179321930391,369.731372402432,377.87261989875,384.84093063481293,391.3681214190159,398.6704191614579,405.7633482213143,410.9488797409771,414.59237672410984,417.6957546041332,419.70544649163793,419.97003250111754,417.6078718554087,344.9837433993756,345.7360184260083,347.6999683033581,350.2722139786226,352.9057691861484,359.8284518763471,364.0944283273998,370.47772454207205,378.05426595359785,385.5630865274811,357.89379082170115,358.60525035165864,359.2611929914438,359.9626269199444,361.5858789222557,364.38238678483583,367.3958956813543,370.51997598880973,373.4504179419154,349.5547371341173,350.8777811458061,352.5581292577464,355.67028890039694,353.8838335215918,352.09990815003965,369.0008385063378,372.151892533335,376.4166642190291,382.7200682098146,377.20118137155544,373.0532979746243,370.57384528095116,369.1595582020242,368.84162388001766,370.3297142335867,371.5363453504108,377.19083992620716,383.76634505741174,381.21000228488055,377.8382417564368,375.8227637390882,374.2149978558185,372.6110481482252,370.8560241207887,370.8168464537767,371.88513794620997,373.2817410233465,382.6206327381381,375.918441645295,374.43415118678934,373.11277105374444,146.83621803763322,153.76732757309682,160.20422607785812,166.13249869720784,171.36335544333394,176.43374395594248,181.51270258320983,187.22939235661224,190.55724081579712,187.41721853213738,180.0011193051485,170.6901195364693,160.11236434732774,149.41809857964373,139.53334721761524,130.2738723328122,121.35913454312151,143.6285009653117,141.10211126449286,139.78286714786745,140.15739288050136,142.169950155886,142.18109260739158,140.32209081726438,138.55908277723523,137.43533951708142,136.73823297550393,149.43466898750808,156.10097760940107,162.1907018112908,168.39539970186013,170.54470110156615,171.60551979265364,171.66243681554005,170.19659554763365,167.61994108238133,149.0818713609223,149.3287115022823,148.62571463493813,147.4907051906203,150.1252046736974,150.68743284919802,148.53631778920894,148.89089977097447,148.4857599737423,145.75915455094045,149.2072613857697,150.01906158948395,176.84750596579497,176.35241903811573,176.0942931758562,176.29388697842433,175.1408027976052,174.59512874935598,174.08271924949395,178.6790488741143,182.1709342771763,182.49487288924018,181.63716461311887,178.36749655238563,176.29533269685462,177.70875039104985,177.84414648061863,176.88418944290243,174.12027536745572,178.62015864093792,179.30395740948697,178.97841027286321,-56.61069364220127,-44.90988617140135,29.257375913098905,0.5261448,0.50541973,0.47251374,0.42697114,0.37740004,0.0,0.53177357,0.0023434367,0.48197317,0.1824873,0.5556281,0.23965976,0.45984557,1.0,0.3703933,0.43944064,0.6564292,0.11351593,0.11666932,0.6419379,0.1344987,0.035162617,0.036415614,0.41285023,0.3359794,0.038534757,0.006558791,/content/data/frame270.jpg,0
334.98776584201386,103.75529479980469,86.51944986979169,90.43758201599121,0.9828161597251892,351.0396080750407,351.6894015791627,352.5056742056531,355.82137503754933,361.5892897638856,369.00444316796757,376.7391518777097,383.4554118698214,389.9184035341631,397.13546576796745,404.20882805409383,409.4006104581304,413.02874466715224,416.2058492767235,418.4339455890254,418.9823858349799,416.79622545609215,348.6646422010899,348.76587740730855,350.25169540783935,352.57970733197203,355.1959713895029,362.04799759146556,366.2043479687279,372.58825776449714,380.1889241462724,387.5300023781359,360.632380071789,361.4841135631532,362.32976333627334,363.15331313769684,363.7767082854617,366.62534385865484,369.6466587072593,372.5902597961787,375.2637968375827,352.45804590429134,353.45254139634216,355.0343049054902,358.2616349592994,356.5990171851952,354.86619246163684,371.100521824084,374.06556632180616,378.1150845367514,384.23467116745235,378.9811977257833,375.02378590539075,370.55453964610695,370.06267377523204,370.2951520227933,371.7791782211405,373.1190969500135,378.2837597487996,384.2474466523348,381.6405491275178,378.36582687624457,376.3657616490448,374.738643551414,372.9429731451338,370.8983813102437,371.7673536204493,372.931106498543,374.3786271531261,383.1891319532711,376.957059603905,375.43718442468753,374.0314218170203,145.77574447697287,152.04885362436144,157.73275417467062,163.21997047518926,168.09537365613647,173.1184161621254,178.08073792047298,183.82454417483103,187.4253032689047,184.8634142624736,178.4795917928036,170.0346469810955,160.17881643056728,150.27125001771506,141.00645220944946,132.1046689955442,123.55516250009805,144.42846771566755,141.784019968196,140.29782032026873,140.34561357092906,141.81666699209563,140.86962514920825,139.15966369213956,137.67244847402168,137.01535838916678,137.15446886518697,147.65883154284882,153.67589409879298,159.14884713644284,164.7496908635161,166.56250952823854,167.58720044481157,167.6272475470431,166.26472752997807,163.8464996596253,149.07520588871844,149.29771925807137,148.41394032260195,146.8284573684881,149.73519714064665,150.52172067601077,147.5761143211098,148.00534797306094,147.73717599102807,145.35361981635634,148.45869009699027,149.13690339495082,172.8517481295787,172.19266248164217,172.0234697815987,172.16988654125169,171.16110191193235,170.60966023560547,170.48444754655742,174.57729891250398,177.73354875586705,177.94609401271168,177.1933818492365,174.29718266068096,172.33917627029427,173.32484212342632,173.46735184871528,172.58383165724348,170.24534868695707,174.31299838753546,174.96015593718175,174.75264971969077,-53.194903217817256,-47.830277601728326,32.0673320685831,0.57711536,0.46397024,0.23986827,0.28187698,0.30101976,0.0,0.41418573,0.0017934198,0.47420624,0.3215041,0.4911845,0.07337615,0.5042333,1.0,0.33868018,0.5327809,0.056815624,0.35692006,0.41265738,0.6985853,0.34312734,0.01657074,0.067364864,0.20784171,0.26670107,0.091140084,0.007254144,/content/data/frame271.jpg,0
337.84611002604163,105.24829387664795,86.32218424479169,86.94764614105225,0.9853367209434509,356.9606938992844,357.19380615590325,357.9268622368094,361.11579051872525,366.52850798626736,373.26354546319914,380.3656427033975,386.6770556819737,392.42510989440086,398.86424207087964,405.2871178329202,409.4931012584592,412.0466829680556,414.6301530968525,416.74357403954275,417.1744809638001,414.880460833931,355.1678054189352,355.3097194393149,356.63614708517605,358.5490370089069,360.7490727993738,366.85029357313374,370.4871252523978,376.02974788940907,382.61087493301113,388.90994323574193,365.1623472754308,365.95270504058857,366.80940377782724,367.6915847867417,368.80589234390146,371.13642721645374,373.57134767291774,375.8579796542204,377.88252204031403,358.1975495722483,358.8263786532398,360.06200296810925,362.906676487426,361.5547510224384,360.1485929399648,373.8583722695384,376.4674210642053,379.95080562417013,385.5099085589095,380.7403673598527,377.3030530057633,375.69345031207155,374.67161588210723,374.1598435573373,375.4049518171258,376.4534687819589,380.671971014791,385.79897920004055,383.7582519177819,381.2216853382172,379.6754198491337,378.4063032159945,377.27645442712816,376.17883239404557,375.7401517444448,376.64352081915536,377.7665038537984,384.64711211151143,379.8874093392493,378.64576505147386,377.5112924507732,145.43556040869709,151.05183131961212,156.1630681708849,161.0403034513596,165.6049727832252,170.51832790113565,175.1820096179556,180.5755073269586,183.9056655414239,181.3375003230832,175.10365046649372,166.92534936127902,157.70456059260755,148.8500448861979,140.78009085532995,133.21559066527277,126.05076568053312,145.88760875639844,143.49623359981825,142.2661939292355,142.3784807275863,143.5906035159975,143.3217383417791,141.8203738902793,140.47914507136426,139.8591687087939,139.66972302217425,149.45556833860974,154.37077049366178,158.72340991203998,163.18165383446376,164.49323677440907,165.29082721362636,165.33747578466728,164.25123137599735,162.21121305749,150.4641625595691,151.28184030507384,150.51722911825357,148.47337990789697,151.21963806436577,151.85516809660328,149.2433456367338,150.31977649453017,150.17060181467969,147.52884118376755,150.28751864384503,150.79668521587985,170.8297122434925,169.5168730695317,169.2320997437705,169.33917192716092,168.4142665237589,168.1558989882443,168.72628520210378,172.12840945630853,174.36104203188552,174.39857357784365,173.8574414471966,171.66603449186096,169.9550251058091,170.27050775616704,170.3210120949783,169.55761982829188,168.22589983021692,171.21949927017317,171.76257172266594,171.72394563617945,-56.41863771957114,-48.403434917589024,28.937200328356358,0.6159409,0.5184248,0.70979744,0.42113745,0.38614067,0.0,0.4141634,0.02758316,0.4806279,0.19174112,0.37166193,0.55043423,0.43433306,0.0,0.35598993,0.4726981,0.7217429,0.107603095,0.07750177,0.74030703,0.2514055,0.020394439,0.11374618,0.31224954,0.17178234,0.11438801,0.016033977,/content/data/frame272.jpg,0
336.55571831597223,105.70622634887695,85.40801323784717,82.80378341674805,0.9893799424171448,351.2152454653211,352.2633100147063,353.5002741720367,357.5421338338075,364.3347034371157,372.4215657676599,380.44025019800364,387.25739267918976,393.07339121553036,399.45434907863375,405.57627307208986,409.64243224038114,411.9286659191692,413.90386713626594,415.14135054645396,414.96876922316534,412.28408533689793,347.69457975049056,347.4165183180414,348.6953159291215,350.69547030045356,352.91683097075827,359.72059200036165,363.7254854403155,369.7757433761396,376.9283354210376,383.95167626639784,358.509785969339,359.8096133211511,361.02572489460675,362.2871183716721,363.7052467965841,366.38282608198836,369.1466135594654,371.8864451536365,374.29587920895716,351.4785402628292,352.61715640171946,353.8478024735445,356.6260587791767,355.114959657329,353.69782086727497,368.57006573069276,371.68444051989445,375.4252327931967,381.2402539123936,375.9564345753596,372.2208959192047,372.73157499577883,371.03377698177354,370.4285053066909,371.84210706845624,373.0445470196146,378.2289844141361,384.15534556371273,382.5690097572301,379.675213581929,377.7268607919977,376.0650836541657,374.5743300810495,373.11810682296243,372.180174277456,373.29613419239854,374.60370146621716,383.27837635811494,377.8650248141144,376.3506910524069,374.84063349070294,149.34583939933992,155.40723683617347,160.87630115736388,165.79173197294386,169.85567973494756,173.68000146646318,177.67773532583954,182.57670277140562,185.41676543923285,182.30589713403407,175.34066984672288,166.3877181851615,156.10191774447443,145.96802320005855,136.67427977920934,128.13488858328296,120.09208180327597,145.89187324127994,142.7891327705166,140.89928450549192,140.57392066493142,141.8013702772538,140.7806230098203,138.6991307327766,136.82008292718962,135.759441768151,135.24199102342826,148.5419626695181,154.20892341801854,159.32534174262543,164.54389404988999,166.8499876232662,167.46470359149964,167.1067123449116,165.3536658268596,162.6369959645652,150.65919481530625,151.00601907102777,150.01628036247757,147.76889901515094,150.5597242943651,151.43161093081576,147.03933042367763,147.82849091662985,147.3218161959162,143.90086841074125,147.20973699382154,148.12387859516502,172.73024522794677,171.34678456734977,170.75490350713562,170.54657926067395,169.33041576193253,168.42525418059662,168.0850641437379,173.0750169076665,176.72254220446138,177.2747828906421,176.80376556910142,173.96154647470098,172.04009098279246,171.79895606458882,171.65555064303913,170.45451267459617,167.91542118073747,173.73963002108496,174.70170171561182,174.6906202487453,-55.767806964530074,-50.07809817680996,30.487616882048407,0.59207875,0.5538027,0.122830845,0.3961051,0.35615456,0.0,0.3600797,0.05474452,0.47620508,0.4347669,0.66431487,0.041784998,0.44675425,1.0,0.26865074,0.5410239,0.9324594,0.46529293,0.10586297,0.69527733,0.3935127,0.10568108,0.06028117,0.18379997,0.16343434,0.07919381,0.014096889,/content/data/frame273.jpg,0
333.63028971354163,104.19387245178223,85.54543728298614,86.20767402648926,0.9873020648956299,345.04748267688115,346.91935002856934,349.08720181442385,353.76544044002503,360.72571536883146,368.9263320072738,377.36404881195375,384.975129090108,391.80760331426524,398.71053086393914,404.83704130855335,408.77806197172055,410.7647458612273,412.20873073165245,412.9810474112379,412.544416841792,409.7594078596918,343.72718112898434,343.7015118489103,345.45901278467403,348.02612423216544,350.9046599113983,359.07082372677706,363.07671127113065,369.11448604206106,376.2849278160954,383.320431678734,357.2709188421617,358.65083533530856,359.93356249563607,361.338254191122,362.4571924764539,365.1508143819321,368.0194134661999,370.81467042895906,373.27475306400623,348.1546217008426,349.7654168124023,351.4385753874904,354.5376368815703,352.7649674545785,350.92859961350916,367.7702925789668,371.1475139885067,374.9025109883172,380.5678869674937,375.518425724814,371.6889335515193,371.7350309663244,370.2104064502571,369.8695963497881,371.56624758811955,372.88044011866515,378.09225354591115,384.030563710338,382.4128317887655,379.51530466523093,377.44253650497865,375.53211436323926,373.75576688542736,372.1720931595044,371.6379002110118,372.99908423409744,374.4621869529179,383.14977382031236,377.5052822638144,375.8519752974696,374.10675405694184,148.38012987907678,155.11259688403607,161.1853701737511,166.64476297489404,171.26272380451064,175.71786999556008,180.03105514045416,184.5550206528839,186.71621001809945,183.1455410169758,176.08861628501768,166.80726931079397,155.97297713749072,145.36218898279998,135.6802581869836,126.7369897515972,118.28425706550954,145.48748626979122,142.0818486034122,139.96641752006778,139.45534110556451,140.34597201672833,138.2726797419417,135.76011782687766,133.39539320680646,131.93254946222652,131.47508379852886,145.98519776366985,151.59187908105795,156.74045346520057,162.06733161391224,165.5883453874509,166.0067059408364,165.49841349941823,163.75945696908872,161.18205283705163,150.21446292254237,150.52538616244956,149.16889142293257,146.39520331477325,149.7729796691142,150.9790535372869,144.5030696872543,145.32043246954956,144.66859738929315,141.15798266472035,144.69555845754292,145.70269078060176,173.7469773686691,171.72563409331167,170.42769836240944,170.24158837430593,168.81610166391496,168.18040006223498,168.3720410001887,173.1021438419856,176.71022228875162,177.3958750885771,177.1699817242935,174.85017680283858,172.8451242404179,171.76158218431135,171.57839490549327,170.2659627831776,168.1282290848854,173.22473114853187,174.28076644066763,174.41056186357386,-57.311204890628474,-47.05136704379925,31.501210016414525,0.5535457,0.39459825,0.32647008,0.41148728,0.37788737,1.0,0.3438829,0.0006847193,0.47401556,0.32918558,0.6825905,0.06565364,0.47726217,1.0,0.2776197,0.4425813,0.37124547,0.52635586,0.2627071,0.61367357,0.16058783,0.03663189,0.14576645,0.3077988,0.27829978,0.063721396,0.0071938373,/content/data/frame274.jpg,0
333.8614366319444,104.49753284454346,85.42287868923614,85.90274333953857,0.9886550903320312,345.5719393720693,347.29007401161505,349.2950050178438,353.8052372837468,360.62706433230966,368.6982617529768,377.0358213241617,384.5654498059914,391.33409535924716,398.1530622626924,404.22806579068026,408.140879484915,410.1381271152692,411.6375866102994,412.49779291911887,412.1668762794966,409.47404504308577,344.7188204475531,344.6672026620901,346.36247457342404,348.85706027330224,351.6779098847892,359.5897963007691,363.519835380261,369.46741652474395,376.53052185176733,383.41878045567194,357.85974336585946,359.2034647335083,360.46246620651885,361.83355710462183,362.86633062240617,365.5241581064324,368.34029508353655,371.0613560444218,373.4468338131245,349.00643142887236,350.56612293805495,352.18649038294683,355.1972554735159,353.51799085126396,351.7364491599944,368.06997911264676,371.34056887917905,375.01139463488647,380.5783460696149,375.6380982047649,371.9013570101279,371.87376935904723,370.4120140112011,370.0807901594287,371.73455002897776,373.00345602170813,378.05110218211826,383.82516068784946,382.22903996190576,379.4285984535512,377.4357193799717,375.584243914849,373.85792360756335,372.30360216676485,371.79204478287255,373.11492487825734,374.52095808631486,382.96660718039766,377.51346863092385,375.9200421555367,374.2222434242681,148.02786452947362,154.66875283798083,160.66128833639073,166.0741083632829,170.66388246303404,175.11640646259798,179.39987161595138,183.91773963984565,186.11729875953927,182.60617109582824,175.67972294954234,166.52900353820723,155.8432494648581,145.39912696394214,135.87328001246112,127.05755087385887,118.73002792361837,145.35163810977673,141.93350049178525,139.791672679342,139.24458006604544,140.08100815444567,138.03989370117597,135.5830198287856,133.27130369732652,131.8544504773418,131.44856792884747,145.67888356420508,151.14760391393293,156.15452295960176,161.34159735434343,164.90431208230245,165.28794018264216,164.77819535043557,163.10641441616053,160.60234046902588,150.01926284048955,150.3272000112829,148.95995848142093,146.17416484838407,149.5542849627983,150.76092212482104,144.31017970450853,145.12355766528532,144.4814259012279,141.01736621103663,144.49500775038467,145.48939203789013,173.2285632231442,171.1376896179197,169.80454863672094,169.61209865740034,168.21338631488015,167.63912693114855,167.95857841332838,172.5493478804459,176.047738528413,176.7097192694896,176.50726031831812,174.28468486433758,172.30510807685823,171.11328468471424,170.92259810313533,169.63889984537673,167.66975598251543,172.6068764276772,173.64208306569049,173.79158478642444,-57.475120201614764,-47.435885514309966,31.337440572320563,0.6358564,0.4383947,0.25404117,0.3888497,0.39189017,0.0,0.3375792,0.05047261,0.47170022,0.31366262,0.6213135,0.023141723,0.4842106,1.0,0.23890358,0.5410239,0.77619535,0.47537827,0.08189177,0.623059,0.16021426,0.039458048,0.14150448,0.29540068,0.29309735,0.06316111,0.0071641365,/content/data/frame275.jpg,0
338.104736328125,96.87469482421875,82.70166015625,89.01653480529785,0.9809086322784424,349.1696636334239,351.19309425791323,353.58558723654676,358.7436228558588,366.27224274883696,374.93193694163875,383.45093408056977,391.0242213724723,397.56034382224277,404.3272303239858,410.28548760001615,413.7778917990014,415.1134568956253,416.11851316491504,416.45799303709055,415.12254254572366,411.11692327187626,344.8869304398369,344.40885142669003,345.9626233409442,348.3017118615452,350.91643398398264,357.5858168798348,361.41635115574616,367.448073585007,374.7722854516483,382.10240585598495,357.1569640080583,358.8815407322467,360.4412546107296,362.0828030096849,364.37314768603886,367.06587778675595,369.77395225799654,372.55105411223735,374.92925645201615,349.98453566216494,351.29824139775155,352.62141639269964,355.73613578368935,354.2296942488456,352.7018024300625,367.5978403715793,370.86609260522624,374.6742533881834,380.55688392849663,375.4790528882239,371.61228425021744,374.8914940198274,372.50150643945153,371.84196910268645,373.4817825053896,374.835604856153,380.67565954348254,387.2291701575267,386.0191614869292,383.10028656279337,380.89343499965935,378.95115603931947,377.04165418248783,375.27936596178046,374.0239863433196,375.2864810381539,376.789713625801,386.44562674918444,380.6814407420035,378.9577649424744,377.24910561509455,148.11413741020687,154.7480117772584,160.75674630204827,165.89434080037864,170.0999971833993,174.00186049788942,178.10972039491799,182.64084297396386,184.83672426721736,180.742305020054,172.27394430385056,161.48862820730852,149.50780737214095,138.07372046603516,127.99626055601043,119.04778658334799,110.73749516789219,142.66664392993016,138.8367845516435,136.41718106276548,135.68941221284058,136.68016829283746,134.77989852615488,132.19689977555703,129.67468637989197,127.92752605311145,126.8043244977494,143.87162270313615,149.9765874420722,155.62196599947364,161.3402526012173,164.9324652451513,165.2246195131354,164.51020217565355,162.44284431119155,159.47084985042596,147.34796943222085,147.2088195493199,145.8213828399761,143.42739362604252,146.56995254405052,147.85483028227705,141.3904507234024,141.7860617036838,140.78584750650322,136.92518159843317,140.72517357334814,142.0652337428308,171.95574917468758,170.12683391441863,168.99708712548892,168.66353489188495,167.08911970570966,165.76849149425095,165.13129263216712,171.06819512863905,175.56903645199617,176.506634793611,176.22548263030103,173.38339959532868,171.08084627562252,170.35392423120783,170.0281460542052,168.51380949054436,165.22698802178053,172.327853343362,173.54739971812722,173.69128025135967,-53.27405444485826,-49.47342619950075,34.07455704390189,0.6469227,0.42784378,0.28814813,0.38809112,0.41398084,1.0,0.35311428,0.4419495,0.47210994,0.31258753,0.5802392,0.0511507,0.3521392,1.0,0.23757468,0.49931785,0.8836453,0.50789124,0.11161901,0.6157881,0.16886719,0.06279711,0.034916896,0.28781545,0.38845643,0.050614815,0.0065321154,/content/data/frame276.jpg,0
339.59415690104163,85.15420532226562,87.93728298611114,106.31881713867188,0.9741542935371399,345.8671663556088,348.35504977916844,351.57899886561336,358.26050962182126,367.68721775514496,378.23297580865983,388.8189313252624,398.5266871015665,407.18679934784086,415.5335675785027,422.7780994702989,427.4510887745564,429.3998520512687,430.4715942874136,430.2605233858885,428.05084161579725,422.77475348396547,343.38137227237894,343.512690829195,345.62620781138594,349.10756400668834,353.1593215187986,363.20238695054286,367.4996866279271,374.11948865095474,382.2352469433499,390.6697788746351,362.8950885238737,365.0727781019086,367.02581511571043,369.19523098208447,370.67434325206887,374.0652418475238,377.4346120627288,380.8434306963536,383.56107121443347,350.9998219391946,352.7970044304875,354.9426637938941,359.1695532725025,357.0424983535613,354.6084681998127,375.08005288665663,378.4231228888293,382.7097420257469,389.41236481504166,384.19295312898976,379.7800496237851,380.261681542941,378.9831459446177,379.2784900746592,381.6012129512201,383.67008573053135,390.40039655673536,397.92536773036045,396.33898237807443,392.8407764800031,389.8600729954851,387.04504146155887,383.6542303180195,380.9304681658523,381.4421036965505,383.4200074724213,385.60650307812466,396.60625824548697,390.193371256868,387.66552420903827,385.11559365140783,144.48031115115373,152.8355356018219,160.4242326060703,166.7134473770966,171.72419879268637,176.55748365585896,181.1579411018247,185.99390275406404,187.5791778472485,182.503978172168,173.1769500135233,161.40719974117746,148.0698928941856,135.11283458044636,123.36667731400848,112.76043675525943,102.73620010115519,142.30556452018936,138.5114555602686,135.76713080117952,134.45293763486188,134.89719716802756,131.46351177233373,128.70335441427596,125.80281391824428,123.76502078926205,122.2861062366519,140.09868121139516,146.5045720467715,152.51711177059406,158.6308219539169,162.19740004090636,162.60541265621214,161.8842309291249,159.46712842441775,155.85195749044942,146.35873266971976,146.1311219493873,144.08917295328865,140.4129225597062,144.77647656874979,146.6809435491159,137.31650117965182,138.1158877327689,136.9946477124322,132.63237886632123,136.91708166561148,138.3893726861843,172.33544965969122,169.63009803687237,167.83275585077718,167.30603676577812,165.54553084740837,163.62326169884545,163.2871953942231,170.1395852922542,175.25958316163087,176.52322531851314,176.74739879833942,174.27904947112984,171.26757812137294,168.44923862368523,167.92608605593705,166.2362564943469,163.25738569779787,171.78183340727992,173.37691832403289,173.95357625505858,-54.66663173590083,-50.93865266909806,35.4164707478472,0.6311214,0.5363025,0.34157768,0.33650663,0.33390805,0.0,0.38290808,0.09825817,0.47101554,0.35101858,0.5949948,0.3363079,0.32944006,1.0,0.26317388,0.472289,0.4676359,0.6126848,0.23276852,0.8813182,0.20039445,0.031166887,0.14385712,0.17875786,0.3509081,0.09005528,0.004860284,/content/data/frame277.jpg,0
348.3699001736111,72.5994930267334,83.50404188368054,112.56571197509766,0.9867172241210938,362.2179178411119,363.81765213150356,366.0139374287054,371.29225867481557,378.4207185364309,386.5526475037409,395.219172515585,403.13993127489266,410.9209995084706,419.8478037981549,428.69565677398873,435.1151248197404,438.60913510097157,440.48052922010373,440.7391056422557,439.0728351844502,434.00471798708656,352.7187809366286,350.2431467932758,350.36130203176083,352.15709016346557,354.65389124584686,361.9388950737098,365.93034855042725,373.11533677983215,381.8496459147955,390.67476999413736,363.2693768821732,364.74898537176443,365.90520828145947,367.00886005065,372.6262146309362,375.15465742894384,377.64370910896116,380.36062542378767,382.9357256625218,360.2356327933991,359.83263569082766,360.7359865436433,363.96786171613047,363.2457784423511,362.26837953390793,376.19930102158844,378.63760518669653,382.7920859608341,389.6713975043684,383.8872798108731,379.78990710007855,383.94813174133225,379.9055724656482,378.5398499983306,380.0483708036507,381.36232726317695,387.9564165174179,395.6912459792802,393.34541935760336,390.1013947324749,387.9997165547305,386.4272963916322,385.0612599225565,383.7237976134701,381.56005980619693,382.49855872760475,383.85032019367645,394.3851355380435,387.6126530285522,385.943737709784,384.6104942961145,139.56199997837285,146.31678164516578,152.24464370760143,157.9273911668488,163.06846143934996,168.6506075660905,173.84340761541097,179.9225621659727,182.7846237806605,177.3310090402456,167.34885289283193,154.90162191759828,141.36600448941516,127.98347499530846,116.03532163496874,105.32673047146118,94.99990908654308,132.2872555541071,127.52606299831949,123.23772085929531,121.08717112586336,121.14015690971509,116.96663877257532,114.04223170624553,111.45572273696625,110.6042425591946,110.3372323718725,128.74025143769705,133.74775824441548,138.10399319947518,143.00684080481258,151.28401571357298,150.64585142248416,149.17450359452977,147.35171533728987,144.42170857294022,138.36946960897876,136.65356271940817,134.3795378330891,131.32675638131275,135.70311160287383,137.9300603794556,127.28181793846142,127.11935423394051,126.11223787705539,122.63702341901242,126.9045005437756,128.2639429759307,162.7429784887361,158.82209489432535,155.75886281993243,155.21807933049786,153.24124503125293,153.05145914811163,154.51151096410067,159.7692127614273,164.4293772643701,165.51240958477717,165.55212678151636,163.11507862344075,160.98156549821886,158.82451834379188,157.9385986142157,156.1889647152917,154.0498639690406,159.59589184226968,161.19404002121644,161.875142039897,-45.858453301594054,-45.63501995765591,38.96019350856615,0.55432814,0.59162295,0.30569315,0.42095608,0.20941842,0.0,0.4376504,0.05115358,0.48286816,0.18391445,0.14217383,0.54927266,0.43055728,1.0,0.45976302,0.46201792,0.85563177,0.47171903,0.26675692,0.7413679,0.09614027,0.0058198213,0.1510525,0.078235775,0.20589635,0.433333,0.029522153,/content/data/frame278.jpg,0
353.4871690538194,69.5480318069458,82.41579861111114,114.27855777740479,0.9921103119850159,362.3149258165046,362.37732490656146,363.8444350815247,368.66323219352705,374.4897002280089,381.4885910921207,388.6136656021262,395.51955043451,405.1446550318961,417.6278161435851,429.7422553594837,439.76935755289884,447.01527819166324,450.96703528823724,450.8202821754679,448.1815134248597,443.4966201500739,352.32492263671213,350.19952208755564,350.4367800371935,352.2582772370817,354.56634879283536,362.687681502044,368.0338506458676,376.0252826557107,384.9232915422091,393.45660006190667,361.1057901871642,360.9002344736785,360.21383017883414,359.34393136307204,364.84305756377717,367.7324975344953,371.0864854073284,375.4415601749962,380.0091874626847,357.4152792154369,357.2398338828782,358.3558020471623,361.4592678724548,360.11848438557496,359.17559114042064,376.5249331111725,379.2883651735442,383.57677002006335,390.65006325740575,384.0454579718396,379.9358681231759,378.8565453244273,372.567793541347,371.59873992316057,373.8131678877122,375.7603072166332,385.59259412154756,396.66334030468624,393.13319801872564,387.65050940907423,384.4097455597501,382.0490426520347,379.87308894958653,378.84953625713314,375.270583889135,376.6432984796705,378.8764976664274,394.7828341146365,384.68741497143156,382.1659530771176,380.1909205212096,130.16608433255783,139.1028126963419,148.00736065436837,156.70426856985952,165.2301879387304,174.1963502982303,182.5129785090051,189.45289512177285,191.44073199711684,186.50228622382915,177.5274432468757,165.26170626349582,151.34257321807644,135.9052802836579,120.95348888868224,106.2320771574808,92.2492944245748,121.27382165516482,117.71738412782187,114.07320043441129,111.86201748410551,111.7604779640333,106.95292396813953,103.28483996829377,100.53329266842438,100.00647237076336,101.7384517248918,121.72263082949567,129.36714057325514,136.46646340219905,144.24468898486867,152.51096634487712,153.10154258993708,152.53579029516567,150.06747061777662,146.4870673932832,130.45567528901898,130.13743502542536,128.06467195861023,123.9134159635535,128.25705144296683,130.2528087686992,118.37802243738565,118.72330176174793,118.20600398699969,114.49498280873257,118.14121813583509,119.34381469364743,167.96966656471074,164.27610470742363,160.78025985162787,160.25601431338106,157.8814567478655,157.7899424418298,159.13144931349743,166.4266908992625,172.34139553017664,173.7531156823772,173.78013022162764,170.50851830236968,166.83334758375537,163.8574324789979,162.98342017855265,160.99720172341188,159.61237350287064,167.99811152585795,169.56094962107278,170.03957696157175,-36.14402517947349,-36.457190299505015,44.50223584604951,0.55359334,0.5296679,0.55241674,0.3196541,0.16569535,1.0,0.445051,0.034251846,0.4793199,0.38930643,0.25908422,0.17787892,0.4383974,1.0,0.4038914,0.40386185,0.9595782,0.515167,0.09438465,0.6744162,0.1292382,0.0017105251,0.032100715,0.07116785,0.03663337,0.71639943,0.012749885,/content/data/frame279.jpg,0
353.505126953125,69.48970127105713,82.40842013888886,114.36081790924072,0.992094099521637,362.35954815538844,362.4453370914002,363.93511824173845,368.7989411094741,374.6885912325648,381.7592379584688,388.9434396904924,395.89741902563225,405.5286503647677,417.9829086433616,430.0297676325772,439.9605404321197,447.0999745395446,450.9826028110926,450.8342144540952,448.2298887715157,443.5391120361022,352.457222387903,350.29241163257507,350.5127099803918,352.3129607012163,354.60220344947373,362.7126586224641,368.0384068138509,376.0341147860779,384.9502297421765,393.4976518586687,361.18968415573227,361.00931308136217,360.34811334322615,359.502133659962,365.0088950339833,367.90619385930995,371.2584447943336,375.5903566274613,380.1290927595073,357.5753180834062,357.3892232477876,358.47294862826897,361.5553259586174,360.2436521442777,359.3281120956585,376.5843484004596,379.343957946621,383.61633366506885,390.6951192154705,384.0834040345582,379.98571039305523,379.0489112440647,372.73046776579304,371.7485124553559,373.961749216445,375.8978814976268,385.7054431279145,396.75077681914456,393.3060786534949,387.8758999371214,384.6486719800221,382.28670740342636,380.09193227740377,379.0340036986908,375.436737337533,376.80548312496455,379.02771758147827,394.8799350878527,384.90511447934534,382.39441799738154,380.42153831011353,130.32233884116903,139.27417055824156,148.18617520347573,156.8757649975377,165.38076298010304,174.31526186389866,182.5936487973347,189.49816125694718,191.47305724596262,186.49864043187435,177.46372726714054,165.12904018101608,151.15133301174984,135.6935867423732,120.76169033277769,106.07856793208683,92.1366020629639,121.35266714798647,117.71750412964498,114.034416113583,111.82792762406228,111.75209750094095,106.93875988426025,103.25431403416147,100.47826324454246,99.93115019452846,101.64918651834179,121.69615417081937,129.34491100747502,136.44406815829024,144.21727539225233,152.54517418969286,153.10483084510102,152.51631612654933,150.03710748870995,146.44815581609674,130.53918330090113,130.21657502131478,128.12433272451673,123.92935354616638,128.2882952743217,130.301316952768,118.38138272710054,118.76057424132276,118.23643803353386,114.47322962957765,118.12565595354963,119.33659443281897,168.09414073122838,164.35100127793055,160.80629372763687,160.26630930631606,157.86436633300437,157.76131818122371,159.13160175660062,166.45867053252016,172.42661287538925,173.86508262263817,173.91088907207234,170.6426643427294,166.94905311288224,163.9131406996786,163.01624224003447,161.0051427965198,159.6089458583202,168.04487425891733,169.63691830761735,170.1402984680064,-36.06328998781183,-36.402862870758774,44.324325021545526,0.4878283,0.55784416,0.6383116,0.3675083,0.1888402,0.0,0.41799566,0.84086,0.48041022,0.34290397,0.22718534,0.5293024,0.39730376,1.0,0.35189825,0.3997526,0.9694369,0.6466725,0.2969296,0.83081675,0.12817384,0.0017130084,0.03243403,0.0718323,0.036756042,0.71645284,0.012637963,/content/data/frame280.jpg,0
355.0623372395833,58.765886306762695,86.09969075520831,120.18340873718262,0.9965303540229797,361.4892624074061,361.45908549202,362.88687136448334,367.4385912029841,373.2927408641415,380.0456090093448,386.98229372488237,393.9343269327777,403.8049419382361,416.5767959334548,429.34643211235965,440.42473406255755,448.4912070738591,452.9618089912543,453.3324937784013,451.66720599710055,448.0171875196259,353.9477392108231,351.4471040379779,351.26031748494427,352.9296906042416,355.3542344764832,364.9645311430619,370.61427636539054,379.0634000565088,388.2766173429501,397.15628537121984,362.7301284859332,362.4105953110937,361.5642834826955,360.46000222358714,366.4192510192664,369.2173056752176,372.54073780620354,376.8926607622485,381.43164964741305,358.6578395015475,358.4581285809643,359.96473934158075,363.48186936015964,362.1143492075491,360.82377782522155,379.09095513477973,381.3095451054385,385.9138521195195,393.5062539994643,387.0773073826982,382.67672570865216,378.8717222729226,373.944396330067,373.1645975006148,375.2401555114076,376.9538699136533,386.12122224295393,397.04660661793366,391.8253813306561,386.07579139327,383.1749306357492,381.0943481535013,379.4839470278736,378.6819614390961,376.735152823032,378.02932600782265,380.0071668599055,394.997352940165,383.4816425972863,381.18402787712057,379.4939701822221,121.08993074933733,129.99543461842546,139.22822112517053,148.26162766454203,156.90622005782933,165.79631955934252,173.4444505213121,179.80897301263704,181.5276775015888,176.5152579010186,168.23993192397984,156.6835186344117,143.1172909742367,127.57620963705271,112.3989662238608,97.3224959139508,82.6677029740307,110.56474617047135,106.48488824320074,102.02255585795228,99.08262542932206,98.42619048327845,92.44382868909626,88.6773576627723,86.10581683928983,86.28111458804669,88.42088611769273,108.82027890829292,116.33039378566446,123.25387475756638,130.8231528937742,141.03344623892252,141.27808513223485,140.43355271460004,138.13568870500364,134.73499404289953,120.28330751753151,119.37628941468333,117.02620786555902,113.07387867442583,118.17120711468446,120.41156263149264,106.64166550649989,106.10171749405461,105.20590881939714,101.95491675847487,106.3749559023903,107.86309345657898,158.67246146234447,154.9326901936588,151.2418828076221,150.6219945517263,148.24033490869203,148.15788887665445,149.01811793223112,155.0574122746549,160.29690875795956,161.79001490838613,162.08413345558318,159.84197273944983,157.3258085543144,154.78516242785446,153.81464428969588,151.73930977977187,149.35798538804087,155.60689775686828,157.3110574969714,158.006334315162,-31.753356452893687,-31.856202658651075,47.6310038913292,0.6114158,0.5766158,0.6458013,0.38786408,0.14795665,1.0,0.45542392,0.012513288,0.47826204,0.19323826,0.25496468,0.51905024,0.40284488,1.0,0.4622563,0.45324355,0.7024894,0.46252915,0.2911892,0.5797953,0.1749236,0.0012157852,0.03550082,0.09351509,0.08812443,0.5043501,0.10237018,/content/data/frame281.jpg,0
361.34819878472223,49.111247062683105,87.63335503472217,125.81667423248291,0.9961436986923218,368.927620285339,368.40976201180575,369.2532665724546,372.66488309583343,376.7202329412036,381.9913175262663,388.504261266798,396.06454840426983,406.5513055557442,419.61487230957925,432.0827339904754,442.2291583076253,449.51805929057696,453.8835004617573,455.52947364232443,455.33614576629043,453.0166342120434,361.1347511548448,358.8862808232102,359.7032380099215,362.09088857386735,364.9744485825215,373.79767753996816,379.3834025008496,387.52491064402227,396.24903465491616,403.94168519901865,370.95708603087616,370.55319698352326,369.67154969594753,368.40174380496563,373.3018625859129,376.15040930807635,379.4776546774377,383.6112517826001,387.80869307230483,365.90850443584935,365.76779435487055,367.38279484925135,370.9018359962017,369.49463169665086,368.1770675299108,386.3944154724438,389.0098447545513,393.47678238571626,400.37687232980056,394.2682405947828,389.9546882907631,383.39215045607216,378.2486867467706,378.224218167199,380.87102284565674,383.14957495160655,392.5404385087194,402.83021414557714,398.4200473986444,392.8430785716074,389.4664550867222,386.69357737939055,384.21594696623856,383.63816362048493,381.78840109873045,383.72799273460174,386.2977380357621,400.63784201471645,390.24512106119477,387.35462948821,384.91657266044456,116.06608879374403,125.18589466384469,134.4576325048564,143.73486880196162,153.24235632264856,163.2605253267958,171.83391424838328,178.08204118455558,179.99277717482323,176.28174226986812,169.95840077390937,159.61972847390257,146.83820282060196,131.87476200203912,116.92337999062079,101.88088649193782,87.31581376685983,103.27635595229731,97.62719626636982,92.63541255290465,89.6132100087504,88.79012892781384,82.57568116010299,79.06430500493275,77.14356200455711,77.60008684518482,80.66476968719405,97.60060389688323,104.56130284553342,111.10348469383564,118.31861997368014,130.99230929413545,131.0194416102106,130.19153250686134,128.05411793960627,124.9842966058959,112.38350907400604,110.152638751381,107.50033111727487,103.86249497150891,108.8324243468021,111.3830195422882,97.28763285593408,96.57975387922176,96.17226518794513,94.13465524803053,97.40587665927387,98.3770560903427,152.221794276501,146.21169379478567,141.56729821773547,141.01456389413613,138.5478628998476,139.7490550780882,143.72768751233377,149.78561826268572,155.07435910119432,156.6845248238301,157.06402628359967,154.69841228979942,150.77124576455344,145.95512017501164,144.7189034613931,142.6691492227908,143.96986255641286,150.1187563087176,151.93550559613652,152.66629630642342,-23.892238856746378,-23.50633219378012,50.33240572490518,0.7028286,0.5405984,0.53286827,0.4686528,0.13388543,0.0,0.57886475,0.010559588,0.47388473,0.16844258,0.35237494,0.26885372,0.43020302,1.0,0.14632367,0.5339727,0.9453,0.62737817,0.42354652,0.7154857,0.032842744,0.00024559873,0.021571135,0.02309364,0.010786313,0.83435106,0.07710954,/content/data/frame282.jpg,0
365.3690049913194,39.79074668884277,89.44612630208337,129.07265281677246,0.9972317814826965,372.21564759875207,371.7301923449805,372.65111159664406,376.2419978160691,379.51555265260413,383.43049576367423,388.2500867342587,394.43916577207574,405.68693523311356,420.26317605618965,435.00108758526085,447.9420650373389,457.9875194064845,463.60310226500906,464.8799241769523,464.84344856255154,463.7103134292805,363.1462921186462,361.7613843108536,362.55917182192724,364.7244232852101,367.3076187268382,379.5256201437466,386.1300697411506,395.02899335148845,404.00193910211124,412.513617427292,374.1829443055466,372.5337498532702,370.2996277032169,367.6379464514576,373.33259442783384,375.8207695553085,379.3043292105178,384.40725012439776,389.9036063764482,367.7830965014238,367.78117855434925,370.0957737015749,374.0870100238341,371.97461865904666,370.1339572351516,392.18435702800355,394.4883769243317,399.5713059518576,407.1189700701678,400.63379323921566,395.9913642631519,384.1986208730598,377.25207044871684,378.08457949503764,381.3010667511073,384.6721437725886,397.45872071516374,410.2823179598768,405.2091748476293,397.06189723462796,392.32172450572483,388.7347941963911,385.17822330440913,384.19813619329364,381.43245189571496,383.9490292574858,387.6141268731044,408.5592813912287,394.62024213270774,390.54413145939975,387.2790100507957,103.41571977000376,112.67631603783738,122.06870827408046,132.26866932067782,142.84620975309605,154.40239710532464,165.07294066086956,173.46272894886133,176.40923111119673,173.68606015310573,169.08166699868997,160.0773878551853,147.9386708160228,132.3517757445796,115.95637019923652,98.80968332038087,82.18008974403169,90.70795175740395,87.17355150272485,83.50641823208841,81.43697411057926,81.21883128783149,74.90536957402814,71.6757682682859,70.08274589290693,70.94447420512965,74.04464293332211,88.5871915886544,95.68570989167398,102.43825916162098,110.00753999750127,121.69196899985427,122.40635004717092,122.01069441407171,120.0445378587271,116.83186803281555,100.58300195276829,97.76878505460627,95.62834227135342,93.54188358205367,98.05602013201755,100.29602537123228,88.2571662118891,86.43177912462431,86.04681875836472,85.44337398552219,88.3909424433431,89.37010173890627,143.9359175793204,137.03165892657202,132.0947846845758,131.69528854132963,129.43819487835992,130.98026125432477,135.77042062310977,144.49337316635237,151.307250582709,152.8958646802149,152.8368260687006,148.84638831405607,142.94560141714032,136.0870134463562,135.04816468359272,133.13399349516556,136.21060217072556,146.54493491248962,148.0972211075235,148.25687000649413,-15.850771391549303,-18.484609609910468,51.504849661484556,0.5511904,0.41718933,0.6454425,0.4497753,0.1504757,0.0,0.44906068,0.013052025,0.4836515,0.3355224,0.13400455,0.058137495,0.39139792,1.0,0.43688482,0.35699993,0.92544395,0.71557355,0.004457044,0.8747881,0.059380352,0.0009493199,0.0121248225,0.019691268,0.04390928,0.74552613,0.11841878,/content/data/frame283.jpg,0
372.8586697048611,35.539419651031494,86.19390190972223,125.26727628707886,0.9976704716682434,379.1335950846608,377.8276798228892,377.67117875513827,379.8670588825477,381.89784548076625,384.5954841411304,388.3553624870889,394.1006414944312,405.326898441557,420.46812363171773,435.81708210497254,449.66236878603473,460.5624033923878,466.8785166172228,468.89097143639407,469.91993437351266,470.0634616308723,375.7223341340833,373.3352381403312,373.51903080093547,375.39770440021465,377.88778673380733,390.7092399711549,397.0375878217421,405.6468399528516,414.30833675826443,422.43030493562304,383.99720601394966,381.7346872713574,378.85251676575007,375.4762237285043,380.2187987730402,382.5331052394316,385.71568486223634,390.6813659904042,396.043348643029,378.67019351461,378.70429904586285,380.3653051684904,383.86554602997614,382.2963824787679,381.05023365498977,401.97789475721106,404.4975915153863,408.81953690102824,415.76898800446713,409.417259519753,405.2648024519739,386.8869430823163,381.99054371440405,382.92752968289625,385.9730913530714,389.1267755763515,399.9184277949993,411.32218313353053,404.05229324913074,396.02294266708566,391.8227566711615,388.8315855506962,386.5652857666778,387.2603254030573,386.038950464453,388.41492284936487,391.79469453432085,408.79947139800953,394.2640460987197,390.58049192666834,387.81470940240206,97.05477850745909,106.02176912440422,115.11764666294991,125.13530984586576,135.865717257242,147.29952381127885,157.37991465065113,164.76182460716151,167.146407373141,165.03844989861062,162.1108576169133,155.19682017754295,145.347440217533,131.58246930742857,116.17153580207702,99.981465847962,84.00963903853564,86.94908515389842,82.07623665657547,77.24645798421837,74.13487144610615,73.05095349100793,65.79816789116397,62.59138781126898,61.570237831789306,62.83612960528914,66.74602211380295,79.23303686111765,85.43980899817007,91.43449338261858,98.31270948639221,112.07692777213693,112.32634210905695,111.7606911438511,109.97742836183953,107.27776478355523,96.56847565331994,95.33312788508506,92.50316621452575,87.43019579593694,92.66039750710185,95.2912317957278,80.90621489080075,81.55775463115177,81.5222020899692,79.69254539206972,81.94765884855121,82.44388021657372,134.2333108602835,127.63669274462137,122.96636291875738,122.72516473109754,120.50549629803291,122.53455365218686,127.67709254507302,133.09698247432658,137.6937432690288,138.9911153483363,139.2127811418989,136.82951546854892,133.0282338229925,127.96272244939725,126.96283410807942,125.1786215858044,127.87331246742632,132.27399669679613,133.64394326793294,134.1362939963912,-3.575577034747381,-7.531082510466297,47.70902217967624,0.5627645,0.53065246,0.7779206,0.42872533,0.2927003,0.0,0.3962096,0.0017815864,0.5011234,0.17434122,0.3501496,0.4934573,0.44984674,1.0,0.48973042,0.45982108,0.971329,0.24725129,0.0979608,0.64417726,0.06329605,0.00037476997,0.013567297,0.04216814,0.016749717,0.8163908,0.047453254,/content/data/frame284.jpg,0
372.97539605034723,35.58503866195679,86.14027235243054,125.16128396987915,0.9976189732551575,378.59557688535074,377.3362819856156,377.40246807961665,379.8632935979465,382.1984252938272,385.21874297187463,389.24812945694464,395.223932744226,406.52166377029704,421.5684465922829,436.956931658204,450.9469616059848,462.1684509427366,468.7226221722671,470.8397446226656,471.868499389274,471.9611370926823,373.84847871885734,371.946297136202,372.24249294354564,374.15120294185715,376.68398203006944,389.80546860471117,396.2433369038369,404.9743956889025,413.8376162845031,422.410484642619,382.9970136830218,380.7169471701392,377.80209350682185,374.38751278892346,380.06516644408646,382.2762246716267,385.34163922162224,390.2639974846609,395.68655727061065,377.3759784232207,377.37480344268613,379.2001838214818,382.9306910674729,381.2932874316943,379.94731925355046,401.52265649135376,403.94648243216267,408.42203924001626,415.62896251284144,409.1123951365354,404.9422929826383,387.3333990821795,381.8869189306028,382.69885509867083,385.81753990901916,388.9671770637369,400.03159947873587,411.5470756594261,404.4686751145658,396.53195240818854,392.37800455809895,389.32736566808364,386.972297350103,387.6091815610348,386.03518211296296,388.4436594509024,391.7821439532619,408.9961772523408,394.5481063212893,390.9258091873921,388.11668810578414,97.93432316835516,107.02298783864946,116.24815615231148,126.35511042925243,137.04604569831082,148.34526727111728,158.4084809393558,165.77654439978718,167.9912103770833,165.5191408545516,162.08180579932832,154.86786397610962,144.68591684630326,130.55496085222813,114.89009350786453,98.49706051240652,82.36618022160215,87.36503083647415,82.97321321277992,78.27778061893773,74.97191805233581,73.6101849925045,65.59943627438749,62.46097598212677,61.389818965596305,62.50549991118562,65.93250408993681,79.43889414519934,85.64220052068268,91.64953357133896,98.50587846156164,112.5211537054008,112.61116840464415,112.00520968138375,110.19292865700557,107.47627518638564,96.95831495648983,95.32202139755921,92.35374304787591,87.42655953144177,92.72652744355383,95.53659746182213,80.31668293660239,80.54388612501077,80.4219835730867,78.62214167596846,80.99625139278456,81.6299665133601,135.01355765533617,127.91265567372318,122.79485226758358,122.42209025248727,120.17427415770752,122.21254534297071,127.43627156576345,132.6590040907326,137.46963849036428,138.94465310208273,139.29815886476007,137.1677871100473,133.6382172018848,128.0810740264696,126.92636134654899,125.11440260254601,127.64312185325392,132.1647334219486,133.65814487175209,134.28668112574263,-3.001443862930283,-7.1787321581870716,47.68820905656281,0.53292215,0.5316675,0.72581303,0.4405966,0.30301392,0.0,0.38361377,0.0017521357,0.5008107,0.1689057,0.27154112,0.4255684,0.45655704,1.0,0.5893761,0.45982108,0.84361136,0.2284541,0.016298264,0.6766982,0.041715376,0.00040050776,0.022367949,0.04381388,0.015808724,0.8499018,0.02599175,/content/data/frame285.jpg,0
380.6513943142361,31.235053539276123,87.53729926215277,127.44630289077759,0.9957923889160156,385.30145354751016,383.16416622775364,382.33789227900047,384.29877543310994,386.7093915580052,389.9358464684966,394.3183141773496,400.34842099544943,411.0659101238626,425.62624664804036,440.7185691117367,454.5413613393822,465.7869895946017,473.09824912791834,476.5370626851943,478.53894584374984,479.27583836988185,382.77537151047727,380.39667390385625,380.3786134827993,381.9783474676251,384.112200458734,397.4765155092095,403.2790587430747,411.688364529642,420.0738419550015,427.9779801029964,390.39570011182667,387.9049390168709,384.73909419577126,380.9966650200006,386.22873595588555,388.27425126858066,391.2022637032649,395.9495268493752,401.16217685046564,385.49539170427545,385.2053151345503,386.63916443683297,390.2736276179043,388.94923928019017,387.98046690010983,407.9166831690528,410.0667050797073,414.0850610265479,421.29769812684754,414.73859986680253,410.9352415531924,393.50215178547074,387.2907570815567,387.5238675509462,390.41236811430116,393.35661555713807,403.90699622431947,415.4680540062683,408.4743251616008,401.02700969668297,397.13645544231827,394.39439355861947,392.6472158915273,393.5520236156802,390.78394105215455,392.9387076690097,396.0412441624171,412.97867849314247,399.4017632306292,395.9652559378465,393.33214454119997,93.61271366330905,102.43629018570097,111.62298941991736,121.75381682054733,132.4355132709643,143.4269875327514,152.62047794106869,159.24883706127295,161.75375023380138,159.91992356615071,157.5671691561621,151.32935268294406,142.07414007350303,128.95948043334744,113.98310929121273,98.05281063748532,82.23055546165172,83.24049876498943,78.94653053769157,73.95077422917794,70.35612373654374,68.63479355154966,60.10529765690142,56.97597932522768,56.13005427101406,57.534346013535455,61.29977858238483,74.50904976078638,79.93026628996876,85.02629952559235,90.95918316601016,105.37532802317052,105.33688724305846,104.79922679900596,103.29061077192388,100.88213227162817,94.32977960733437,92.9606697929236,89.72091056216338,83.85018667502612,89.45691620303717,92.49582076246965,76.70769921270424,77.46172008264236,77.618468584994,75.71336649412868,77.55862876971167,78.0252371244629,127.72804458195121,120.17784510832224,114.97782942576049,114.5141335275532,112.40398355719046,115.07527593735591,121.59997165906968,126.0087107286727,130.08759016604074,131.37908005096273,131.73548451404577,129.76446701388704,126.03557460796846,119.7712497665821,118.67426093104378,116.89958584559541,121.3804663270568,125.0465791141393,126.43230679483992,127.08799693319901,1.5209088520287664,-1.4042296767619258,43.345085309637604,0.5753252,0.5296361,0.78671354,0.4821497,0.23448528,1.0,0.44015205,0.0016768385,0.49972907,0.16422576,0.30831614,0.23434798,0.45498827,1.0,0.5182508,0.45982108,0.6937996,0.21026234,0.01983344,0.45596823,0.12594664,0.00069272897,0.040480465,0.033640947,0.009834422,0.7397877,0.04961714,/content/data/frame286.jpg,0
383.8474392361111,28.92232847213745,88.72374131944446,127.06583261489868,0.9963002800941467,389.6331697240118,388.52595486855125,388.5011229330624,391.1841307440718,394.10869155404646,397.4759465397715,401.57133685703366,407.18824386715295,417.859096165727,431.9425275829872,446.2232557598996,459.5903486622626,470.6080028312187,477.3262353769352,479.63541224769574,480.8544014863971,481.29240147432427,388.1047412599261,385.2885239408335,384.9170173733548,386.53386288727245,389.11740890159194,404.04688246970693,410.4446015056971,419.1625535198766,427.69092032981143,436.1404765885187,396.3974375744167,394.12535978341293,391.1251784704701,387.61310801761016,392.1674108613885,394.2856438036458,397.2561467616289,402.19021076357416,407.6480516066422,389.7260560223666,390.19278916576934,391.9398404528706,395.82475120421225,394.164926379131,392.8626914223914,414.75704688721487,417.2539594613062,421.432868150304,428.80861871993625,422.0645704133062,418.0838900507599,398.68358429620525,392.33655612678626,393.69252658305106,396.990109460639,400.369443005158,412.31292006893625,424.09709921002053,418.42619767936344,410.3646094551142,405.8396441491739,402.29142436026973,399.00979172397854,398.8554424658919,396.55056897932167,399.30155390131614,402.87334460235877,422.1701964556711,408.7712303360844,404.7437262452414,401.32270395039313,93.61116578971655,101.81177104580308,110.34274169854791,119.98131346615793,130.21886905308463,140.95752578196874,150.2575434535425,157.3369785290909,159.74817332495434,157.89625488161255,155.60063798806834,149.53624718558132,140.502275903454,127.65936882275986,112.81964603547982,97.14838400193145,81.66275369401569,85.64682859509432,81.2132886181137,75.64927188105773,71.13184544984998,68.42758428312979,59.57828589446598,56.418529460903414,55.460156258842375,56.83164525471642,60.475848233554785,73.46388433313581,77.95521326127604,82.16129189121773,87.30750773509405,102.71079208217287,102.41796201118717,101.5170414873923,100.0047677548763,97.59559968483006,94.33576116741602,93.41886313695471,89.88860668247958,83.27264199442189,89.10350944933157,92.28609608582138,75.1614989606739,76.22539368784913,76.17163546718245,73.95062571369789,75.66807589772034,76.29053065615312,127.21219858214414,118.03782882277949,111.89639517386956,111.09511139955379,108.99313316188858,111.8834168578743,119.6821214755667,126.72648419717552,132.18219379717573,133.70495560858427,134.11618100342878,131.22294355905478,125.740241243014,116.45242028016969,115.14820858412406,113.3707700424498,119.62021090934837,127.33731027541506,128.82871691162495,129.40072619181421,6.980787139560634,1.8492509719233496,38.28668187577095,0.53165436,0.4007166,0.85237867,0.47440717,0.23709926,0.0,0.5311252,0.00070018676,0.49128023,0.18620677,0.32943648,0.436776,0.46709886,1.0,0.5401367,0.4338211,0.91197187,0.30534127,0.023384532,0.69919175,0.19405201,0.0009934995,0.03955846,0.032423936,0.029023947,0.6127885,0.09115968,/content/data/frame287.jpg,0
389.31377495659723,29.32689142227173,92.4573838975694,125.91711759567261,0.9954467415809631,398.4804001554023,396.6189094964752,396.12465308374027,398.56770266705246,401.22273564566416,404.55983328743014,408.6444758534483,414.18848930565537,425.27944775879195,440.39740399269715,455.71612853420066,469.77406196765253,481.22180926385664,488.26552378713615,490.683020262574,491.91699062685984,492.5297968885503,396.47871977442253,395.01895711444126,395.27543385406227,397.0523599147391,399.2772860617636,413.83278572102427,420.85994217264044,430.24105569497056,439.12426525546385,447.41667543384756,405.3668287588946,402.48198217428137,399.05502873649397,395.1449146402764,399.72763228771873,401.928838107714,405.1551178039909,410.3103295408283,415.9909054301479,397.23939362386767,397.4719271306809,399.64820578024035,403.4933844961518,401.5035924233557,399.8467360237601,423.9364381920975,426.73307713250574,431.6472173957435,439.3788461701813,432.19848815314253,427.620687942267,405.9679583603123,400.07993599633517,401.3477294980329,404.52379910482205,407.7565183013651,419.4283016659193,430.9483514909858,424.49544535610994,416.21924200392056,411.770479471455,408.34570105368755,405.55497474534184,406.41157238144376,404.4838922157601,407.0137917444449,410.462045067728,428.3746453479031,414.5864684346909,410.7082276132172,407.6024971631813,85.47711445878139,94.4366928899135,104.17205548038095,115.15147548450216,126.66627464012083,138.6625682897652,149.0396383396211,157.02661806692004,159.9121086015599,157.99068781026085,154.95603503309258,148.14768199296697,138.694432558215,125.41006773575515,110.24896234691977,94.1605869323484,78.59524754323988,76.07043657070943,72.48378352632179,68.43055041090247,65.86411685028816,64.90237973711368,57.29228189497141,53.96478271111958,52.94117686077273,54.86043388991942,59.24611633865905,71.21239651328676,76.11867428179397,80.70191879743996,86.247999194138,101.5114340962935,101.76919423282067,101.49162024932076,100.39874248806899,98.41830345167341,87.35657942911567,86.43650993549545,83.85635978899955,78.98453559848971,84.065058138534,86.50566026143031,73.2328054828028,73.64930155246384,73.88405961391447,72.69690846939582,74.51163619789372,74.8936561738222,125.9778155081708,117.40962359880882,111.73970215538412,111.53351205875055,109.66456193675293,113.37440757469358,120.99388547211862,127.78339734503197,132.71575734119057,133.7656840859819,133.6567979905726,130.0442383412681,124.62328689134995,117.59427964630066,116.66505525474963,115.35175745222023,121.09113543557845,126.32525131483777,127.37114323988192,127.56688603538441,8.147462220822165,2.5975982232608925,35.61704810247167,0.51989686,0.53101224,0.8558856,0.43309015,0.2685196,0.0,0.3692025,0.0057523814,0.5032497,0.1402678,0.287897,0.36434022,0.4209596,1.0,0.4683059,0.44096565,0.80862874,0.4013874,0.064716846,0.7876312,0.30108738,0.0015182124,0.026262231,0.019316753,0.017725969,0.41972333,0.21436611,/content/data/frame288.jpg,0
397.7339952256944,28.43082547187805,88.68701171875,123.74765467643738,0.9940524697303772,405.04025278677466,404.7405029019529,405.47841651740947,408.72044973864183,411.54281586143577,414.68070235567234,418.9142648165463,424.7906176481527,435.2560338301431,448.7529194665817,462.37969089278783,474.8984434627297,484.8675241275304,490.9580962393063,493.2370300247564,494.4114145937656,494.8874102326027,399.0940955815268,397.2770133419601,397.7765684547768,400.12707683826795,403.07926236741434,416.7909514580744,423.80036297007894,433.1667353335116,442.32913801604906,450.8629030353238,410.41352333344804,408.4024289252346,405.83073100300004,402.79609948521784,408.206770447896,410.245086481816,413.05999553432616,417.64914297036904,422.67790793383506,402.54324727030524,403.1756488731979,405.1291468177864,408.94745446453817,407.03970575677954,405.53049651924886,428.7052963112245,431.8160319887306,436.6060556385302,444.11427655632303,437.0274221523923,432.4622701080874,415.64500554404646,409.0051239499196,409.9207680951068,413.00200740855274,415.8556710987335,427.38172608093,438.6792849231734,434.1187531645517,426.9187991237238,422.8823334475132,419.54678812236637,416.196430444555,416.01467707987615,413.40084339136763,415.79198727595406,418.8948631571255,436.70860916356617,424.6646883099186,421.1626312521744,418.0677700619726,89.87542950240432,98.4173906606497,107.25551921208796,117.0120578843379,127.2645780288976,138.42317868132506,148.15751873960266,155.33619468314615,157.5175182951964,154.75921659342782,151.09582570945537,144.2759742517324,135.0522288681841,122.45739205354285,108.36087388063065,93.31133769989249,78.6968253142602,77.99484725411762,73.74433932017755,68.87391207814326,65.45748077461285,64.09936018959709,56.933615735293465,53.649973389546034,52.459074839668034,54.127659592684815,58.27643715593477,71.54302987465461,75.85222074744496,79.80366254573764,84.81746026190415,100.85829997867289,100.44903294858277,99.44809496625676,98.28619933038745,95.94348435981597,89.28473659914928,87.4063205096938,84.52861717216504,79.83897852251178,84.85604672825674,87.58582126382403,73.17879245452033,72.92609734702324,72.82060967504472,71.72912028911274,73.41598039627598,74.12015796023522,125.21856151883892,116.02271487182999,109.625035380071,108.80083660181168,106.68415273371672,109.51509559372722,116.99932111978202,125.10435549169186,131.18794406821095,132.79748519915603,133.11307195401366,129.81894987981997,123.64711561697554,114.61417387034957,113.19017880985975,111.44409141984332,117.12891924808453,125.68311265693188,127.19911513059647,127.7602674141814,8.05816276537729,5.260267654911173,34.55586541287806,0.5145928,0.5175885,0.6740973,0.44753656,0.24189112,0.0,0.4197096,0.0035351033,0.49799487,0.217424,0.4300514,0.32366866,0.40422025,1.0,0.44217098,0.3839335,0.57402575,0.5320752,0.022456419,0.4911897,0.32320586,0.0010341908,0.030064283,0.014157833,0.011324337,0.52244043,0.09777306,/content/data/frame289.jpg,0
398.0244411892361,28.382680892944336,88.66544596354169,124.01739692687988,0.9942722320556641,404.8297898314106,404.56307196152227,405.2848621033412,408.49940309428524,411.3030575703474,414.42874804475866,418.6525338611697,424.4786271755985,434.97524260543304,448.5754035174636,462.3053696542416,474.8424778005778,484.76554547189056,490.80427595070466,493.0794931661063,494.35671767806184,494.9696545164682,398.88252664169227,397.11143953096564,397.63867928553805,400.0222087090087,403.0271395648458,417.1095117849306,424.23608340546366,433.7063784600558,442.8471287096055,451.2657650471716,410.461880506748,408.3800560893743,405.72595238289074,402.60116447325333,407.90194069566235,409.9624184582129,412.84305927011974,417.5208418205858,422.62746460684053,402.38497914268095,403.08412533141455,405.0484189614443,408.8794737858321,406.94920485193273,405.42538722518134,428.8144197281208,432.0169723525602,436.8229457121585,444.37133219942973,437.2107159243314,432.6136896362837,415.3818475755225,408.63400277859296,409.64655626902936,412.77416275318166,415.70500568142825,427.4399932034696,438.89747421281,434.3044928342156,426.9242317665125,422.76398473609703,419.33936126042244,415.90569439617843,415.718559676263,413.10291365603985,415.5519732737786,418.73631937047037,436.94170283444083,424.72239506306784,421.1112844078069,417.92365625739205,89.95444557859254,98.54418336011622,107.43312912578271,117.27191010932087,127.62637269607693,138.82317880606644,148.54035526395714,155.69792011613453,157.91147020320435,155.21780000852686,151.58431816545624,144.73201979118616,135.4613268254494,122.82926088153084,108.73302641967383,93.64554077012622,78.99050118025482,77.89518227829652,73.6130956562237,68.71163227411495,65.27920726803647,63.915065990120134,56.70635875756341,53.422282579767646,52.2834143730704,54.11832190548366,58.50268441789967,71.56948942389286,75.87165423137691,79.80179381414337,84.79909316496573,100.83839213503433,100.48224495400399,99.52277646493434,98.36989743700578,96.00106185675745,89.34890223147856,87.5556412996864,84.67822044859437,79.9176769218141,84.97013251601497,87.68352164427728,73.35949934841608,73.19930408027616,73.11905343153938,72.01740992335257,73.70461616781226,74.38148652570246,125.40895510786316,116.10192892037047,109.65504401463862,108.81718005121643,106.74864351621345,109.64870166757918,117.30718775163614,125.68389363528621,131.86328229217247,133.45082941885192,133.71531859685396,130.25504935662218,123.87161453273119,114.53053482025778,113.13341777284008,111.40890256092301,117.4675205112158,126.47137363885157,127.96874412188585,128.48370722145086,7.990292726102838,5.250536676400714,34.71859012792091,0.54653645,0.5445095,0.8049467,0.45492858,0.21931912,0.0,0.3786412,0.067718714,0.5056143,0.30312935,0.23430704,0.12633982,0.37735394,1.0,0.46866402,0.38652253,0.6255651,0.64998835,0.14651212,0.70373356,0.30078664,0.0011685501,0.0287791,0.014797748,0.011995597,0.53731805,0.10515442,/content/data/frame290.jpg,0
399.56494140625,28.24856400489807,92.18636067708331,124.92555212974548,0.9964981079101562,409.39352337662183,407.67210389675427,407.1334015007695,409.51759994929324,411.459117740927,413.26939725939997,416.1252671785853,420.9501758345167,431.22929351078267,445.5426690024847,460.67111123809735,474.8680499000081,486.68037908629276,494.48999231955895,498.1601069284503,500.5848898356428,502.53343529718916,406.9885635917447,406.3668538256768,407.3441154383136,409.73447929337226,412.39078215132116,426.1486947234039,433.6877627696223,443.1581846220637,451.96602185018526,459.9910668973005,417.40421821664285,414.36524465874345,410.78629318053623,406.6711166381729,411.2587956407743,413.0615292377708,416.0041928908352,421.06289108195756,426.5367221787423,408.87805964881903,409.7244314677948,411.8999264374271,415.68759032989755,413.50460305101956,411.8546106993958,436.0754370777722,439.12829173574687,443.97916211441316,451.62131307728316,444.5464197247948,439.91399238027077,416.1643192209921,410.25714046315164,411.91221257363793,415.15074425740204,418.51626097735516,430.67130188094694,442.1925166543239,435.9844839283251,427.38938003177213,422.76169736966835,419.2729752757933,416.1061812244426,416.62825712736975,414.69714457618505,417.36303508806424,420.9919486976334,440.1613681482679,425.9375742264433,421.894363168474,418.59512903645674,85.29602420113834,93.0315810730117,101.44188361021061,111.38260088605801,122.1502778856681,133.91398971404513,144.27685863009575,152.4088064653027,155.62457528943264,154.41736188378852,152.38262582595894,147.34972405319343,139.7850561667976,128.51408541576225,114.9400136505662,100.0347323254007,85.47262288918948,73.50851747768542,70.15855277233223,66.0853590743227,63.361290356720914,62.400693212471836,55.71418473019356,52.70266956980382,52.06017612895308,54.371448540615425,59.17642238208402,69.1645060637885,73.09697659148242,76.72367869653365,81.34246172833488,96.42437748303868,96.63750397096602,96.2799103919432,95.55094489059789,93.64659377792327,85.85174624653953,84.0910669768711,81.61883724547545,77.64897665452762,82.10911216020315,84.39230516601644,72.51062855927212,72.079210938523,72.17997065850928,72.26775621865694,73.21241265963324,73.60012737695905,120.09102316764766,110.48822378214221,104.49796840508726,104.02458134304203,102.57843609574198,106.58436878260473,115.51755140619188,123.3928217513686,128.59723798563698,129.56190072405036,129.3079306516724,125.39844636790741,118.87899359660891,109.62319043918372,108.59314758538528,107.51305771419287,115.54965619703219,123.16562205287252,124.00291106642408,123.99273367795564,11.317449374234059,5.5698535998406475,34.665293012463614,0.5715396,0.5370471,0.8268156,0.43129197,0.22029942,0.0,0.38095412,0.00060508325,0.5043903,0.2477755,0.29858297,0.28085253,0.3781825,1.0,0.49941096,0.38882858,0.84473187,0.55952954,0.079590134,0.7444863,0.31189248,0.0013375684,0.048649095,0.020976886,0.022829173,0.5152819,0.07903289,/content/data/frame291.jpg,0
405.25485568576386,31.2980318069458,89.97111002604169,122.01991939544678,0.9970430731773376,415.9998453381818,413.0727555632331,411.3848265914029,412.931511161026,414.4722544545665,415.860252623817,418.0378143107239,422.45931066229537,433.12584965500355,448.1034510118991,463.48350127567807,477.69721555154615,489.1036714236498,496.9157665419498,500.80997082288576,503.5358885096612,505.8515941385059,417.49219439613177,417.4089292555273,418.4787909638678,420.4556060304076,422.7685363000245,436.50648592940985,443.71654628390985,452.1371956419315,459.61239007812753,466.4398697813477,425.9014063067699,422.299426406407,418.2557192840524,413.6368495081564,416.99453233989306,418.7346825756829,421.67407164305826,426.97441865876203,432.46932882938364,417.7233346910605,418.9052929840583,420.8030190401523,424.0648297929058,422.16634880419156,420.74045999944667,443.44878957501896,446.4640297337411,450.81081830232694,457.48062618225066,450.9281077761053,446.7922334175102,420.99884768905775,414.438365398336,416.6079719282112,420.05085741548487,423.7987051348815,436.32897203314405,446.7247956792941,441.73385757975916,432.79745832902245,427.4488785373059,423.31735922353676,419.9431507858324,421.51742967004134,419.1686248277653,422.1885254953792,426.2502113599009,445.01586387104396,431.16380159416605,426.4294140360741,422.5308634378569,81.14168515237182,89.75382556956242,99.2184856484008,109.87522797213691,121.54937509654589,133.83216373612396,145.3085883344187,154.47566095644044,158.48984279493516,157.88775566586676,155.6986518010395,149.78886469982282,141.18528600402342,129.4066876241505,115.25850848174488,99.80805747831018,84.89705165156316,70.03406913975516,66.85568935095624,63.356921394704,60.624152585306625,59.3210865177061,53.036931384811155,50.98162950841282,51.063131684979496,53.439255924182014,58.026285434975584,66.23888321768163,70.18111081355667,73.8461035869518,78.26266451197202,92.85897689420943,93.35917866596785,93.23599809948907,92.44730733630682,90.45236952311173,82.3220419409096,81.43574668111297,78.95977278441137,74.26252092919367,78.62611002140655,80.73679253296083,69.52232519007639,70.38029083964273,70.78616094406475,70.38215853421737,70.7416330107946,70.77866398313196,119.63167169053897,108.27868075752052,102.08525717975618,101.50601876282052,100.17663914782496,104.4129369999859,115.24484114667999,126.21938828462598,133.5779129027203,134.8700520843047,134.31431694535735,128.3323705042196,118.60426512359255,105.89568575872042,104.93128333726148,103.86316277409689,115.42804103834473,129.65465462534047,130.77219927437505,130.2216133868251,13.813087321507854,8.289561637411596,28.938010407940553,0.4864088,0.4015437,0.8782823,0.4117257,0.2198331,0.0,0.5702228,0.000927605,0.4828426,0.34595987,0.5147697,0.27228776,0.31396484,1.0,0.32279047,0.37335438,0.73270655,0.5302933,0.18036173,0.8173275,0.34163246,0.000807287,0.04664399,0.021761214,0.043296434,0.4737103,0.0721483,/content/data/frame292.jpg,0
416.23963758680554,29.98057794570923,84.32796223958331,119.07714986801147,0.9944018721580505,419.21988168846417,416.32106575145696,414.8559331582282,415.8519523938986,416.98501327776603,418.60083823945075,421.6088918775106,426.7846845770866,436.90198690805886,450.83477095006265,465.5390091266859,479.7592823198256,491.1958050763165,499.43785914125243,504.1649645259225,507.17896520214856,509.7287349262997,421.21872529191353,422.4176145438246,424.5394040587505,427.35824478862486,430.33859029648187,446.7834219974194,453.95859487531686,461.9141222170622,468.8026278402549,474.95198880148615,435.3877598432949,432.4389061701955,429.2187585383311,425.5594797345218,426.44920604314024,428.28510548521984,431.1157678964041,436.15155288112885,441.34209713115786,422.6837556804048,424.9765081700674,427.7373519699129,431.6675073964755,428.6478599084998,426.19547426511093,451.22441373637974,454.82761620752,459.33962746348544,465.55324965345125,459.49997817963987,455.0497837557693,426.3776244000787,423.30500078980623,426.55344635837974,429.9078697227311,433.6713505150034,444.6664765612003,453.5661797854937,447.4213839692064,438.624089891938,433.33745189595834,429.0610183015149,425.5987817146405,427.3502217167272,428.3205620120882,431.4337396105143,435.517708908559,451.771464594116,437.33233698963596,432.6603029243824,428.7769700432099,80.898192286339,90.17166249438348,100.26715688948103,111.07574225552625,122.38126408966241,133.79133285325074,143.9071489569978,151.6821018201459,155.37473343664237,155.35177995600094,154.4617811014157,150.0919749621589,142.4089467433755,131.4173978629929,117.92682391065276,103.092104352424,88.82304543122709,64.01797692050002,60.7264137282726,58.09329604064948,56.52342701335102,56.70947796246857,53.3859310751841,51.73526494432165,52.43873802361281,55.19366246574185,59.94296757111394,66.81712194574236,71.57796766939613,76.09637097998915,80.99228452284595,93.73919551211878,94.52639343485167,94.8202490894308,94.26170019872015,92.78006366964244,77.44997904116258,76.41050575791047,75.03339060710056,72.83499225358483,75.69686969502919,76.87949348881223,71.15707152604237,71.50666708936282,72.1024355386646,72.51838752783937,72.73438446505907,72.58491429492294,117.19944982763245,107.66517016348334,102.99690063939619,103.00800688754329,102.15234882477483,106.32476354757678,116.18054524781229,126.67595826388144,133.02087947335312,133.95366804472596,132.86461694670066,126.54295583208307,116.80262289997172,106.5992003020214,106.17252107393462,105.61059090982334,116.63418949248936,129.00144820854058,129.6497073076357,128.6677667745628,11.861617013675044,7.375069834495873,29.039821331060672,0.5393428,0.5105817,0.8024274,0.40704396,0.28296918,0.0,0.37210405,0.03276755,0.4988487,0.26706618,0.3942244,0.36428425,0.44649372,1.0,0.50502807,0.35699993,0.98336995,0.53551817,0.06348405,0.7480158,0.5801801,0.0014572704,0.07593139,0.0255686,0.085822426,0.2085188,0.022521289,/content/data/frame293.jpg,0
420.1892903645833,34.13514804840088,83.35443793402777,116.10268306732178,0.9959065914154053,422.8202192293358,419.55121681669675,417.79771171937216,418.47610541897984,419.401917761059,420.9201492707761,424.15038508350517,429.7883852892704,439.9093432334576,453.3461004589483,467.7128699318154,481.676768212109,493.1303895320043,501.6938864012252,507.2462317909949,511.32065064457356,514.9162761420962,426.33294694212094,428.37026224887575,431.84545862801485,435.82864632074933,439.7398024197134,456.73585793417834,464.86338677926335,473.51449412972454,480.96616001398456,487.5511713917802,444.88742890770806,441.8849678897372,438.68476876996033,435.12112732632363,434.12758709965914,436.0601622076212,439.02865028921724,444.01677587548846,449.1369939849681,428.15557504828195,431.5132861872934,435.24355363150704,439.79331539991364,435.74513816915197,432.29260010262556,460.93122907773466,465.4642452029734,470.4686970647061,476.75268547240887,470.54360195008877,465.47361246580175,430.7475830377198,429.2114059118927,433.89958808850344,437.69397311808734,441.99902344941444,453.24893171572626,461.5291685361219,454.78116844597525,445.20952821916467,439.3726314602064,434.54337564802125,430.3048511522597,431.93256254628307,435.15647462617187,438.82528601669657,443.42624386252936,459.82172329985883,444.1663738863229,438.95056900487015,434.5229428907614,83.48268878593645,92.70639498971335,102.5400777506981,113.1759818689583,124.35643287791525,135.85168370894394,146.02370070942555,153.79239197111016,157.77282263258667,158.61554411469706,158.45231457732652,155.04569519857435,148.3605836557673,138.64385050684953,126.26510402661188,112.24827406788931,98.59996451921418,67.0796358169585,63.24335138613309,61.03652225464486,60.40245073901815,61.61385041308531,59.735975801799064,57.99373135021491,58.83030349001645,62.04184214648841,67.29483788483543,71.33486443433287,76.14435183413957,80.75294964610896,85.6494786818512,97.69743538915189,98.71725460803293,99.21869382023506,98.99848840496978,97.95860597066915,80.22794695139314,79.42036931351109,78.57031512477177,77.29485599551147,79.80227212076409,80.51295920984319,76.87045587662368,77.11560744218714,77.95201349576831,79.12334071701794,79.11373678132557,78.71652082455532,120.91028497871721,110.84997757005021,106.34035468894932,106.68118022175159,106.10481951554473,110.98185833332766,122.05878780113376,132.8416865287242,139.21778635423914,139.86126250209375,138.56005170436651,131.66854481551718,120.75222072279989,110.16086923315147,109.97206241784538,109.78199334726456,122.29888204128724,135.03025448028382,135.40696294099502,134.11338380509335,10.188404458406945,9.098551609587554,27.756240803909872,0.52583134,0.51623005,0.6821721,0.39008376,0.31527048,1.0,0.42101696,0.0003426812,0.5017316,0.32294613,0.4542063,0.34849998,0.39416134,1.0,0.47906017,0.35313347,0.91526234,0.5690552,0.042931985,0.7221474,0.032263637,9.487898e-05,0.0409646,0.02437905,0.0087249465,0.88697267,0.0066001923,/content/data/frame294.jpg,0
420.20404730902777,34.08125281333923,83.36659071180554,116.22489953041077,0.995927631855011,422.84032582150894,419.56042961438857,417.8001947568019,418.4791467034906,419.39953463744166,420.9126411449839,424.143579706958,429.7961790800199,439.9523185972293,453.42285972472433,467.8164531195354,481.8008946904619,493.26370475774746,501.82579149578385,507.3728753701946,511.4480168953775,515.0489985251821,426.3781386427122,428.41682335435485,431.89256468990266,435.8739723902611,439.7818054184002,456.8017747798728,464.9400454692018,473.60127367279233,481.0648653244796,487.6713396857118,444.9312552033324,441.9163146876014,438.70216433539485,435.12405191334966,434.1440635486347,436.0710374591606,439.0375585999024,444.0320239883009,449.15781066894834,428.1976580350633,431.56113990802146,435.2953465191251,439.84516334894874,435.7949401989963,432.3412284528933,461.0113466789847,465.55226854250424,470.5610074422525,476.8457167887487,470.6320923552119,465.55839526228567,430.77699043694435,429.2153086846763,433.8969331203271,437.6931343213495,442.004611776012,453.27906469701816,461.584860022759,454.84119951065406,445.25646182185335,439.4128347343577,434.5752574315429,430.33247904373775,431.96492149991303,435.1537004155213,438.8261327326007,443.43301035561274,459.8793915558374,444.20848099975376,438.98660790039025,434.5513657183111,83.51605531875548,92.74466598981265,102.58376230617459,113.22840173453294,124.4264577019551,135.9459378489558,146.15232145620456,153.95629104744555,157.95073777083954,158.80259289898572,158.6484938425562,155.22969276093374,148.5173184223667,138.7614607018956,126.3463405785956,112.30126360185388,98.63253514335553,67.12619871982511,63.28692759317503,61.07528566523287,60.43745423333236,61.65111419416204,59.77675359367237,58.020305331554404,58.849012764678314,62.05248084426734,67.29887329233554,71.36240563953368,76.17706801279954,80.79333938527293,85.696722812633,97.75744503313453,98.78073193242436,99.28298994566053,99.06202900700289,98.01579808247999,80.28329619825749,79.48045482836282,78.62547399243127,77.33129380391767,79.84848613745919,80.56286000136461,76.90005004269366,77.1609302600358,77.99657909209799,79.15905143141583,79.1501523085854,78.75157884416063,120.99713229571485,110.91995015229666,106.40858119084363,106.74806132071429,106.17303915788932,111.05123819233503,122.14787491778492,132.94451851331237,139.32905099567768,139.9758896200927,138.67399907527346,131.76895311611696,120.83984102707899,110.22162879300178,110.03117675746203,109.84136482697409,122.3877480511546,135.1543440392569,135.5316236193938,134.2342969404633,10.085501439077277,9.056144108938893,27.798800348498467,0.49002925,0.5189291,0.8040706,0.49191335,0.32237652,1.0,0.3426153,4.4654367e-05,0.50600994,0.20947297,0.37452912,0.54743433,0.38861305,1.0,0.34952715,0.33325663,0.9897351,0.6398471,0.09281845,0.7715182,0.032589644,9.494532e-05,0.04076439,0.025284514,0.008996245,0.8856362,0.0066341236,/content/data/frame295.jpg,0
424.9163411458333,37.4724555015564,85.37065972222223,112.6791672706604,0.9956554174423218,430.1524280033489,426.62139702836186,424.20995151026375,423.51057528946257,423.38475329446857,424.6155953196407,428.08244089785086,433.85031763757394,443.5225427394521,456.40254668339065,470.15430018061613,483.4707390324232,494.48675521059477,502.75139069262264,508.3803145913323,512.7947369837002,516.905519895459,434.03723624816524,436.415577607893,440.5720857643296,445.2052615635304,449.4928081888515,467.66016881643156,475.8382217121241,484.206646689342,491.28875247178524,496.7799566241207,455.1462851778777,452.4256190155256,449.5656292778241,446.4255860167797,442.89551411540094,445.234380327789,448.5513283426322,453.6860351634342,458.8433084220784,436.39291445674576,440.4721083852465,444.5114644915136,448.87548716279355,444.42162186085426,440.5052246327799,469.8220335617158,474.8318472382242,479.76854565612393,485.39517261383895,479.4749079431442,474.32651215995827,437.3908668136652,438.7567407612757,443.8673579096811,447.621317082502,451.8923297623826,461.3806948119413,468.6280272166,460.35220522895605,450.7771971472464,445.0736589336999,440.348528930013,436.62000938613824,438.685124558895,444.40527731230287,448.14441517112664,452.69065376854036,466.81351636580206,450.32834666884366,445.2094403842523,440.9175698682518,79.34875557155603,88.7202788594656,98.56198596898085,109.3795222668881,120.57395031452869,131.80868363204388,141.6125436015209,149.17179253381158,153.5567496059112,155.2890863851951,155.63537643332597,152.87255938886148,146.86357637967848,137.69264857558102,125.98593821059588,112.86004874804009,99.74967371150082,66.00266200259169,61.95391664629378,60.1022920646875,59.96346011530535,61.689051141562864,61.81249358628082,60.8010255449823,62.416790553927,66.57137653342595,73.02498284363728,74.97003650763136,80.43805364508393,85.55476373170677,90.95986080478998,100.55065330382607,102.10020193658804,103.21718419368308,103.2865115145112,102.68568010696222,80.01170915870779,79.71921588650434,79.67813691018941,79.7606615674342,81.48481801300031,81.41358463411872,81.19726114907482,81.29019457577432,82.44879176208303,84.15600323066226,84.3665440660091,83.57465552435741,119.7317789136993,112.87509572641558,110.33965972153767,111.43740409037223,111.41349172570156,116.19374025381802,124.8936903812643,134.06233736325132,138.6127547813869,138.44667385831028,136.61915506798474,129.87197552033035,119.93969640064697,114.16543658279137,114.83816627319406,115.15976219077189,125.08125777694354,133.93953564417922,133.64511616531712,131.85490453241,11.133495152288466,13.864664351147695,25.156019972176928,0.6991316,0.5411854,0.6856064,0.503175,0.3154313,1.0,0.40966073,0.8777123,0.49814096,0.49029693,0.37833872,0.2922238,0.31995225,1.0,0.35552195,0.3440474,0.9705743,0.67182624,0.0153583735,0.84048176,0.013914399,3.766708e-05,0.037946116,0.03440975,0.0024805616,0.909023,0.0021885713,/content/data/frame296.jpg,0
431.07218424479163,40.76616954803467,86.38815646701391,115.32715129852295,0.9953159093856812,434.8865004021217,431.7965176850019,429.8174537708462,429.2990141351561,429.18890036114135,430.33214018403453,433.6476956979337,439.3176208784886,448.8999175681954,461.7389287291397,475.3832989505666,488.45716697845677,499.43010478244145,507.85768132526186,513.830600858852,518.6083128733699,523.022077788981,440.8596488410402,444.01612133832674,448.9729651766895,454.3699836505287,459.2209989876013,476.8460081235098,485.0366944601608,493.21486730552544,499.84479050026823,504.57667195606075,464.1204308949473,461.60109060165547,458.9488243654945,455.9968488770925,451.71539124130067,454.1385830478207,457.5018044874929,462.45226784760257,467.269058744763,444.1635776140244,448.3506726370481,452.4682010623376,456.86480426494876,452.5060302456196,448.4946602752468,478.1079487635483,483.0169740725857,487.8471569625631,493.23873120156446,487.75849017427294,482.71285581501013,444.2299312883202,446.7133891247265,452.1473954001001,455.87109530118005,460.1029815290056,468.54084850055347,474.91860051179805,466.5903400105641,457.6049273690455,452.0336273896715,447.49808483934754,443.75773877780904,445.8474423295718,452.55393126335156,456.23714173003555,460.6911733613448,472.7065047866932,457.37537863106644,452.37387556935244,448.2445265553924,81.32089503848515,91.06215307440476,101.07524340554366,111.98890504052167,123.55566038617796,135.32193044095817,145.71353944803548,153.98560884667086,158.7082763474424,160.23902195817672,159.6989208669047,156.44646073523933,150.34265684684425,141.16262930755576,129.4612611311146,116.55581793188826,103.57997912644105,70.61761596020497,65.83720245036982,63.603507135988046,63.53632445320557,65.59691784626742,66.38007927652505,65.45214656820569,67.3576906277393,71.81636635634203,78.42002936683312,79.11501069039979,84.59893894946782,89.82502082266123,95.38485491351321,104.21685561637523,105.829668942869,107.1727864238753,107.24563193577315,106.74755043884011,83.9943607951509,83.59340114818787,83.51712824299442,83.67340252936116,85.21048737414526,85.15221343927918,85.69172886286411,85.8540413005964,86.99397746280394,88.8327182862256,88.76731735302641,87.89125747921838,123.00012571402485,116.47606814035521,114.18518361365459,115.43255680108163,115.58053275374107,120.47829014643239,128.93091016950666,137.58170034067672,141.3801099916444,141.0249149126815,139.16547774803558,132.76318131139732,123.21718570723965,117.84294228247188,118.67924274428266,119.19364044804776,129.19752094858606,136.49949368985148,136.04579095568712,134.27734675239833,14.400684790905087,17.091451237363934,21.695302561904967,0.7005509,0.61094487,0.5724091,0.42559263,0.20561789,1.0,0.5287135,0.98304385,0.49757412,0.5096567,0.43214363,0.22598642,0.25466752,1.0,0.46169394,0.3398844,0.94822776,0.5671096,0.0048875688,0.8437684,0.032435216,7.610164e-05,0.018938882,0.026542133,0.0033712448,0.9153718,0.0032646537,/content/data/frame297.jpg,0
437.7620442708333,46.05719804763794,85.01269531249994,111.36888456344604,0.9950850605964661,441.64218921479306,437.56772768833673,434.88510306527775,433.92086220920487,433.4246693351303,433.83135336719306,436.0734934025245,440.9418388337577,450.2394570329628,462.9812409317146,476.414553172876,489.7150130797706,500.9664141199567,509.95897498577847,516.5271201513893,521.7619227116965,526.8283458115328,448.30719558508076,452.16147057773685,457.94882350491974,463.87400734347204,469.06020704267297,484.97142481643544,493.55458732995817,501.8218690834766,508.3176934466645,512.257372942369,472.3091348539959,469.3875863243534,466.4180682086121,463.2306995074472,458.1724970341226,460.420137401437,463.71764815955765,468.74919732250584,473.5731079573831,451.3463938659497,455.9564845714255,460.40156531741354,464.81691400094496,460.02884912120624,455.6507401944021,485.30475051060716,490.6579476172752,495.5816886802134,500.4099685143559,495.2727380995359,490.0527278875159,448.3677828769883,451.67810251827854,457.92487854048716,461.80335340072344,466.373022042988,474.5532464058599,479.20982905575045,470.4651097238183,460.81790181476276,454.6858441575825,449.7462274079797,446.3974492542875,449.8352921609139,457.7281211905317,461.6630690465579,466.4721634359779,477.2694346043137,461.0565070924117,455.5701589368506,451.1181121657807,81.33910608051544,91.4059124506378,102.13900378582885,113.53606604345131,125.54152635445539,137.7316162015931,148.91872588850737,157.77202997847758,162.93998418831302,164.9479359396009,164.32171856305374,160.8561429905351,154.79641808436276,145.92648952973164,134.52024279307034,121.78300333949777,108.92908993581088,69.56511375902605,64.4815802854036,62.87042909491443,63.77878641872629,66.90301879650723,69.48344518023538,68.70008797888417,70.66947766336635,75.57226489099517,83.27151489427968,81.59046049840865,87.23149901883932,92.66521764013365,98.25381780365831,106.22154056434553,108.16882536649227,109.89663855851069,110.32169752294365,110.19885013722215,83.96178863525941,83.6535071753445,84.13285254450395,85.36810124944017,86.38277509156214,85.82913342058549,89.53100421097747,89.75638240498029,91.21777799622394,93.92578141392104,93.66515887689368,92.37974204621023,124.93240342024764,117.9310822180958,115.97748059732132,117.60537175546018,118.15950730128539,123.76624541691015,133.17437010491489,143.07216373955896,147.70683666733646,147.20187353183798,144.72495574893406,136.69488527147587,125.44410555771216,119.54307379239988,120.81028496233463,121.6712044120823,133.34929738999102,142.9472611972095,142.36434549286975,139.90760488724715,10.675727993260264,17.841858354552887,17.267353822422525,0.6499342,0.57288796,0.5486674,0.32113138,0.2895056,1.0,0.49669027,0.9897083,0.49592078,0.46734452,0.320014,0.20705079,0.3064887,1.0,0.35809827,0.3398844,0.9706343,0.6121647,0.056816764,0.87387407,0.5536198,0.0003230306,0.056994773,0.0270728,0.005196414,0.35520712,0.0015860238,/content/data/frame298.jpg,0
441.83704969618054,45.4734206199646,84.40736219618054,112.86586618423462,0.9946304559707642,445.0969582220068,440.5785861392597,437.4434109310077,436.2563547404792,436.0638468146377,437.15569043290793,440.0502317429576,445.30156121420566,454.74799371364867,467.5763565169868,481.08030738523576,494.46393323158776,505.8531546853053,515.0155680635381,521.6784743230337,526.8734072425896,531.7629301501757,453.0348495642483,457.2612851312716,463.2289743227873,469.2506664820305,474.3762783037649,490.288739736117,498.84189921280216,507.0731236644466,513.5400789506776,517.4071015380036,477.4192056740285,474.48165654417636,471.5441881422825,468.43942315593495,462.607098604954,465.09487595134544,468.6721860781998,473.8906673432017,478.86399394433454,455.5139526915167,460.38130770174433,464.96693021018166,469.19243740568413,464.2353532697681,459.7481018149589,490.4923760110149,496.00961530421984,501.0205126971614,505.7872725985088,500.4576854444516,495.186706788145,452.56990496101866,456.7064176552536,463.2440139414249,467.2935099693715,472.08237722210873,479.94997065823287,484.090011164247,475.36815850942895,465.7460841728394,459.45346898542675,454.3747076343116,450.9824017695716,454.1484150579073,462.87464720446496,467.0006531549227,472.0009751853225,482.17822780056963,466.2085988645232,460.55603125836484,455.94106010067514,80.68319825315012,91.26553569052211,102.47257432426909,114.39901612231282,126.84386865039086,139.1746767917303,150.33518786669137,159.29888130268893,164.7041024809094,166.59488850262406,165.44190758330842,161.57205951744072,155.21776009706497,146.27685616370513,134.9007610760127,122.28334446419963,109.51787277680172,70.33461265553251,65.21514019502948,63.621291786057355,64.73938006358203,68.13370210908144,72.01014968554296,71.58372442763246,73.7419621753081,78.54977627986638,85.80314297220941,83.4741010102904,89.35304595720933,95.00872966255938,100.85391417730298,107.75589628540502,109.95915601544363,111.98081820320958,112.3672629397551,112.22543198975785,84.36639924295136,83.76465707792661,84.46563812213151,86.35887827377954,86.99920436649006,86.26362331934317,91.33400914478113,91.28586299043066,92.90079350572174,95.95693200636674,95.53616981473338,94.11221743047338,125.61254124751194,118.75289288076031,116.99312026262614,118.6973197542431,119.28838564677815,124.89778397721732,134.10566334158398,143.90668330701487,148.41829442325144,147.8470633900791,145.27279410912848,137.28795138631983,126.14549108284224,120.81062432030997,122.19711893190293,123.06673664466993,134.14108676970102,143.37715633711792,142.7701466728119,140.25339606217435,7.7186715919451965,18.651973455377878,15.055555477207509,0.73018533,0.5408788,0.33398932,0.30050445,0.23871002,1.0,0.4379147,0.29870757,0.50187373,0.5242109,0.34464175,0.3634706,0.27432337,1.0,0.47049448,0.3398844,0.99695635,0.6199881,0.00819076,0.76701474,0.29789314,5.9628102e-05,0.027114725,0.03259491,0.003532141,0.6368164,0.001989072,/content/data/frame299.jpg,0
441.9463433159722,45.533257484436035,84.07660590277783,112.67427921295166,0.9948299527168274,444.23130110739737,439.9380251033275,436.9178378916934,435.74725269632484,435.6000553872179,436.78808247345466,439.95508821684984,445.46895608503587,455.02475701102793,467.81958577500507,481.32977585212484,494.6018519832627,505.85726111132783,514.8533439621879,521.3565238589189,526.4457118053227,531.2638805312085,452.53254713885093,456.64581525361416,462.6484932718756,468.7809387970145,473.9712079106653,490.12589650073403,498.56619209881205,506.73928042710816,513.1164644722355,516.8968799795401,477.21885696281527,474.35835462406317,471.4809161024951,468.43422455051547,462.64169139783485,465.09205040283916,468.62152994804944,473.8669716087182,478.84040278049565,455.3661562860461,460.25413287086695,464.7566511221615,469.0221514640494,464.1498780208973,459.72428380718475,490.2353873309686,495.645512516621,500.5386066251574,505.2859278691801,499.9954802066385,494.84852468544284,452.42368088828243,456.66965807867297,463.25723279170137,467.329032846184,472.16488322093886,480.1433323775575,484.54171909510694,475.78905307307105,466.08250077819486,459.7493435552058,454.60583732558536,451.0442946810016,453.9486022168492,462.8581344441774,467.04526414138576,472.09706595784274,482.71843001574086,466.5371947750912,460.81487243596894,456.11798902214076,81.47685917956773,92.05943885497624,103.16935315721776,115.02150584597393,127.32707919501695,139.53537123891044,150.55422182583948,159.44378765158467,164.7969350535069,166.63991249576588,165.47709828030702,161.5943725941545,155.18475876094647,146.2636738245692,134.93118753616523,122.38500192247602,109.6547224596003,71.33800910575644,66.03045198991083,64.17285132437343,65.11368791173916,68.3859796538751,72.03779219316351,71.61387989993864,73.83519949707704,78.81739896145683,86.1791663626251,83.64011704503935,89.51297114277611,95.12860721584178,100.93089589995174,107.7063159697093,109.92167989751579,111.93826630966385,112.30479383498903,112.06302912012029,85.00213590805731,84.41149308036256,85.01217350772293,86.69246205038343,87.40080792353496,86.74437469449913,91.34983979294634,91.44195119027933,93.03726869153115,95.99059565729942,95.49154844501987,94.08887951960656,125.2726472846515,118.52946761430167,116.92954434170588,118.61819016325296,119.23483968233347,124.66727243593004,133.72254126185578,143.58311490238395,148.0720616419668,147.49031605235382,144.93468112247433,136.92523266668763,125.7464413306908,120.57659798689349,121.98635085458386,122.83208813608508,133.7466460074197,143.23837110399268,142.62817691797693,140.11003288624636,7.680771393619215,18.661533343070072,15.102887024369771,0.65231645,0.612213,0.3066023,0.4377771,0.2471449,1.0,0.43234575,0.89904463,0.4941553,0.6532627,0.39262763,0.07437389,0.257226,1.0,0.25720865,0.3398844,0.9821583,0.5532056,0.02164243,0.77126145,0.39596325,9.945919e-05,0.03319712,0.03903397,0.004592462,0.52463925,0.0024744945,/content/data/frame300.jpg,0
442.99069552951386,46.148075580596924,86.26689995659723,116.26174879074097,0.9953746199607849,448.72055261728167,444.0888098728598,440.6087670877906,439.02289672738124,438.4186517905942,439.5539220288174,442.7575679666643,448.0602932042058,457.7465815482204,471.0238751428594,485.20712139772576,498.8428045260788,510.3461705486615,519.3985207119448,526.1087822167761,531.6057681694253,536.709272383797,457.88492133853237,462.2205840015609,468.0043115176591,473.83072761956925,478.72507148434835,494.7689737822412,503.26415619904185,511.4955317206839,517.9848287564018,521.9314627322296,482.1967382923923,479.0879140691391,475.9278402589844,472.599282288484,466.41791103212154,468.89733328260303,472.5685142418289,477.9397919346712,482.94852224965683,460.08475351749,464.97241988457614,469.4289469189854,473.74904677138824,468.7869466784616,464.3820351212384,495.3126867450784,500.83933475784073,505.6735104600325,510.4373021765786,505.0084133952967,499.90975722719526,456.5596833592787,460.8750640585797,467.060543264955,470.9632329860398,475.73281657947655,483.4677164055853,488.2547878914857,478.9134093504749,469.23542006336885,463.06177823926754,458.1523912943806,455.1159301905849,458.089474796815,466.61036100610517,470.6217866672068,475.57855224609847,486.3466908467924,469.99083381856985,464.3839893079854,459.91048163809785,80.02650831051758,90.68375305008468,101.72485411873916,113.71320355564511,126.5063577783218,139.44101175285886,151.18016080107913,161.25922404986696,167.60376989960503,169.9519040634403,168.8081892437635,164.59493767013677,157.83572170837067,148.4449729260108,136.72592289637578,123.8828828596764,110.8100720399696,71.61331858020864,67.2019686013306,66.02692442603946,67.40033726645116,70.90899225598756,75.2790361322311,75.17604217497518,77.63650049832233,82.6968712375589,89.74933994670135,85.52826746824242,91.95442764065524,98.14861337266508,104.59951687557042,109.77104342011476,112.5574476193314,115.01395183289897,115.44148631470418,115.10428515474072,85.32362253738864,85.50574442652206,86.33298909713031,87.46623446525606,88.15812467764668,87.33928716789472,93.41762704640394,94.4182746069786,96.3574182738846,98.88007378776067,98.19971327717742,96.49802824709846,126.33960328113938,120.57066937450047,119.61740044793054,121.63550989079246,122.44117535030071,127.9865669244578,136.49444739726994,145.3127358823907,148.70503776144108,147.66632513774107,144.82911208310207,137.01352929140654,126.91031728383857,122.84880207435123,124.60209842377206,125.69424766039255,136.4811838744551,143.75540704309807,142.74488460268478,140.01693137642457,8.263085973035777,22.0991979174091,11.458326158562873,0.6984673,0.59594196,0.25463912,0.41698185,0.20364271,1.0,0.54234946,0.8777422,0.4943561,0.5634704,0.3665776,0.31793717,0.26025185,1.0,0.4671567,0.3398844,0.9887144,0.5898167,0.005559995,0.8029709,0.4984906,0.00010143471,0.013429009,0.0106364535,0.0078306915,0.4667567,0.0027550224,/content/data/frame301.jpg,0
