FaceRectX,FaceRectY,FaceRectWidth,FaceRectHeight,FaceScore,x_0,x_1,x_2,x_3,x_4,x_5,x_6,x_7,x_8,x_9,x_10,x_11,x_12,x_13,x_14,x_15,x_16,x_17,x_18,x_19,x_20,x_21,x_22,x_23,x_24,x_25,x_26,x_27,x_28,x_29,x_30,x_31,x_32,x_33,x_34,x_35,x_36,x_37,x_38,x_39,x_40,x_41,x_42,x_43,x_44,x_45,x_46,x_47,x_48,x_49,x_50,x_51,x_52,x_53,x_54,x_55,x_56,x_57,x_58,x_59,x_60,x_61,x_62,x_63,x_64,x_65,x_66,x_67,y_0,y_1,y_2,y_3,y_4,y_5,y_6,y_7,y_8,y_9,y_10,y_11,y_12,y_13,y_14,y_15,y_16,y_17,y_18,y_19,y_20,y_21,y_22,y_23,y_24,y_25,y_26,y_27,y_28,y_29,y_30,y_31,y_32,y_33,y_34,y_35,y_36,y_37,y_38,y_39,y_40,y_41,y_42,y_43,y_44,y_45,y_46,y_47,y_48,y_49,y_50,y_51,y_52,y_53,y_54,y_55,y_56,y_57,y_58,y_59,y_60,y_61,y_62,y_63,y_64,y_65,y_66,y_67,Pitch,Roll,Yaw,AU01,AU02,AU04,AU05,AU06,AU07,AU09,AU10,AU11,AU12,AU14,AU15,AU17,AU20,AU23,AU24,AU25,AU26,AU28,AU43,anger,disgust,fear,happiness,sadness,surprise,neutral,input,frame
342.3177083333333,206.7000732421875,56.48866102430554,61.57133102416992,0.6100237965583801,340.5095903956173,344.35875221783897,348.7398140192123,354.6383086564158,361.4911525094435,368.62485886707736,375.98880241204506,383.5187298818523,390.4086217520653,394.8779668314778,396.6209962189082,397.60836936565283,398.09349691122134,397.8891371858763,396.1625960928104,392.99541670319195,389.54493283267857,355.06890460343493,357.20061778578315,360.95019861144124,365.58863898854815,370.09965180223685,379.5401317560236,381.02741201988783,383.12071637229474,385.5553072792086,387.53650091857116,378.2180691340877,381.04561784491534,383.6990926210883,386.55890008090637,380.8576891629127,383.9613375337003,386.8895511570772,389.097225435939,390.5827088984943,361.00038794016064,364.14357034367004,367.0123177707851,370.6354531082502,368.2989882512518,365.42079440549037,382.8489105389922,384.2442808927635,386.08180529413085,388.3338843465176,387.22528876636534,385.3405807149388,377.64292977000514,381.6870847200621,386.03862040776903,388.6080594913501,390.4607554135737,392.82949443329926,394.1480559350375,393.4940995292236,392.0761414452718,389.9916669620425,387.2014899568712,382.5085400008388,378.9059974156303,386.35627990584817,388.974510072032,390.86441915861997,393.7774612611406,390.8999896590426,388.98419870654106,386.3783655886041,242.81889459022932,248.56796295877302,254.33652309837908,259.2913744608909,262.30481283654944,263.23398811736797,262.6498515349663,260.6551862897113,257.67350021169386,253.66331273344076,248.85965691636784,243.87819704035428,238.81627745866763,233.35783729792274,227.63538625073033,222.65286943277033,218.43178460284093,230.56563668931653,226.21987895091684,222.4874712299261,219.5983886801539,217.86040619051778,212.78788636189324,210.76167910640527,209.25019872540162,208.86439069336308,210.04815191111607,220.5342689364452,222.52081334441164,224.47791971720721,226.69566577203364,236.18387986647667,235.24491025695443,233.91200297025557,232.49600903675423,231.22499230690687,233.10267169438953,230.05493555256885,227.95837229582708,227.46438845753232,229.95130019275757,231.7380055041624,220.30444571804037,217.98173541910126,216.6309448948648,216.89881141745445,218.6714704107835,219.78222611603883,246.95562003909572,243.02509075220632,239.51799002476173,238.98764738350928,237.91762798243985,238.43749148468578,240.37863142820288,242.18989082220105,244.0898496651298,245.161817802913,246.26644544684132,247.198637416132,246.49917525559886,242.06116850489843,241.36417694616512,240.500672991619,240.4758832990501,241.35163456840064,242.2268089236054,243.03996721010253,-82.57697077567457,-84.17273352246212,37.683517818222285,0.53693223,0.6314335,0.49611774,0.55500644,0.1217474,0.0,0.3704441,0.9481492,0.4727113,0.20906988,0.5025778,0.4043733,0.5511483,0.0,0.24227166,0.46215883,0.043562207,0.34177715,0.01597529,0.34437913,0.081041574,0.008430557,0.012057754,0.57807374,0.04772507,0.2597282,0.012943151,/content/data/frame0.jpg,0
270.11151801215277,154.67131233215332,33.28276909722223,38.63443565368652,0.648146390914917,268.7379899058201,269.77495398483995,271.2118739694976,273.1708191267188,275.77784036561405,278.5917999182931,281.83619547446864,285.4956669521881,289.4549992292183,293.2028260654614,296.4596083388004,299.33309183594304,302.0784802356826,304.29481971754905,305.4483609050201,305.7514119921088,305.66242382639484,276.7533568630291,279.26496031118864,282.1802463881169,285.2553466774421,287.84130220710904,294.6980776089818,296.2412345911513,298.12361215086156,300.0839548724342,301.456240096478,291.17128009990677,291.3658227156391,291.5131977072193,291.62736828308607,288.18250687007617,289.7080640749754,291.2220262625367,292.75070328978455,294.1260033288702,279.2846408911413,281.56444347314704,283.7110401415995,285.8314126168828,284.0528444515548,281.89792595404765,294.9459501197585,296.40876545891433,298.30624472733587,300.02466995776086,298.4914472194737,296.62639862871634,285.9695400570994,287.49970791176713,289.37813111737574,290.36894966638977,291.24001843553185,292.47079249706866,293.41497951186466,292.04067151549214,290.849264140561,289.8991773731395,288.8155710519197,287.2813314007678,286.77380621741463,289.28458618722175,290.29444698229776,291.07030452112986,292.83866625258327,290.90443719017264,290.1055664710758,289.1492953259607,166.55840046636564,170.46705704619535,174.4466129014877,178.24500351924917,181.53471663663413,184.19503530120915,186.28065450300545,187.710345563603,188.09286783839994,186.77324377865799,184.44384735104563,181.83754941905894,179.03277109733932,175.68716369594677,171.67125044239032,167.6270363380076,163.55625262168374,161.9873550326259,160.50167642495236,159.48936937413313,159.04286932522663,159.04196018301877,157.0056944153637,156.07548028073208,155.42715549754223,155.43932978216085,156.59221778273408,161.9709255341552,164.08481795327606,166.02693085373843,168.01620032495225,172.56541805565266,172.50666370421305,172.20776869578884,172.0544428296049,171.70481962032696,165.51783746916047,164.22922925179262,163.66216354387478,164.39357121345273,165.90179254102358,166.29851705404946,162.69767005031133,161.0354043855108,160.78920439242805,161.64666849781676,163.228832931069,163.4236187216168,179.16454421382645,176.88956920457795,175.1111986187875,175.29691785740823,175.03333846423183,176.69352056299977,178.97810097745963,179.2116648610256,179.66024502177703,179.8011482472453,179.88455997230432,179.5547651822134,178.77569386712676,177.09117770671,177.13381619992387,177.0681479463442,178.48604502839106,177.45912330932916,177.50409683344165,177.54527904111282,-99.14291519327732,-96.72665500167541,20.592059255096913,0.38597953,0.49084505,0.34720364,0.5226547,0.090252995,0.0,0.19616598,0.010230296,0.46977866,0.050868426,0.25852135,0.36283252,0.4589862,0.0,0.4007123,0.47334313,0.16057637,0.38817486,0.018956445,0.23287854,0.00011195469,0.00040340895,0.12678625,0.03652285,0.024288295,0.7853639,0.026523314,/content/data/frame1.jpg,0
,,,,,,,,,,,,,,,,,,,,,,,,,,,,,,,,,,,,,,,,,,,,,,,,,,,,,,,,,,,,,,,,,,,,,,,,,,,,,,,,,,,,,,,,,,,,,,,,,,,,,,,,,,,,,,,,,,,,,,,,,,,,,,,,,,,,,,,,,,,,,,,,,,,,,,,,,,,,,,,,,,,,,,,,,,,/content/data/frame2.jpg,0
,,,,,,,,,,,,,,,,,,,,,,,,,,,,,,,,,,,,,,,,,,,,,,,,,,,,,,,,,,,,,,,,,,,,,,,,,,,,,,,,,,,,,,,,,,,,,,,,,,,,,,,,,,,,,,,,,,,,,,,,,,,,,,,,,,,,,,,,,,,,,,,,,,,,,,,,,,,,,,,,,,,,,,,,,,,/content/data/frame3.jpg,0
282.19091796875,113.33160495758057,35.847737630208314,37.58327579498291,0.6448572874069214,287.64366085087073,289.28518701421626,291.2740100297104,294.1364289929188,297.5150254370565,300.9449107322549,304.0878464716004,306.9605301942509,309.6933352321905,312.35016196428467,314.32301996568253,315.4748638779668,315.8974596021651,315.7336669983769,314.97594576275645,313.53655417782585,311.2250518565445,285.8814784012903,285.97183099937786,286.81329665058007,288.06951463149005,289.47547148766574,292.0582379199016,293.52629610027293,295.69732699638064,298.4152463186177,301.27629700565586,292.44575980651433,293.3328772260091,294.16551763032163,295.0002453950392,295.85105242088105,297.12095517961734,298.3953041638655,299.74572150749884,300.95903435307685,288.9776098214434,289.4871166200222,290.4211452132825,292.09904158196036,291.42512121339433,290.4879367139968,296.5815331327863,297.4152326742522,299.04456330338303,301.6716132277412,299.9215987586805,298.3026054694566,299.64609137869905,298.9073284293076,298.91133513978247,299.7987711068729,300.348609794489,302.7558470929579,305.3432869006789,304.8840649233973,303.72322909797083,302.63482051194404,301.5748742207903,300.49249653375745,299.92765116299734,300.010711440494,300.78621757816205,301.510398574537,304.95254862420825,302.3480766007415,301.4995410746322,300.5841293705996,138.66369222210687,141.36013175900356,143.74467959771837,145.66088989040264,147.24203918763348,148.71224790029592,150.18540553036254,151.33596449960285,151.08749199868623,148.67060553064363,144.55897596158758,139.69930255222116,134.6078555251787,129.78569949571363,125.54637535145862,121.69956232873173,118.21993051735024,136.7700652066448,135.3448590703395,134.23900697926635,133.5402076402574,133.20799878825508,130.78634620302228,129.53211948060562,128.07860427485303,126.82455093910234,125.9574280935843,135.2316765558576,137.833774929308,140.19742228231843,142.58573355254268,144.60658605834774,144.55535500284242,144.03214931356916,142.86498554687603,141.22558101804395,138.27347544971684,137.10059664346002,136.09515021689413,135.65438249483583,137.36737555050485,138.27231416227963,132.87168510774208,131.75236530819575,130.80221847541347,129.58617848607378,131.73214224016309,132.74147306567983,148.13915792636467,146.94820389620094,145.95861226895138,145.63694371334094,144.7217094282224,143.8604293101228,143.33452201465886,145.81628466559397,148.03369313464253,148.76604615372378,149.04820943114623,148.37825410649197,147.71114823712347,147.07146434263217,146.68002176683618,145.76856973038463,143.6044729568331,146.35338816979862,147.15518725289104,147.5069874540655,-63.573266588389195,-65.77351569245904,36.70258640829519,0.43730024,0.49839377,0.53605974,0.36920312,0.12568223,0.0,0.1772999,0.020262333,0.46405914,0.065229684,0.21859169,0.21246596,0.46255678,0.0,0.37002093,0.47156674,0.043659322,0.29460713,0.028701521,0.28549957,0.0112601435,0.0009534794,0.017871851,0.8773328,0.02636355,0.06348675,0.0027314085,/content/data/frame4.jpg,0
285.77105034722223,102.40704917907715,35.461018880208314,39.76863670349121,0.7555274963378906,291.97535592938334,293.7516833562097,295.9473048217776,298.75986579618456,301.9666112101838,305.3793349824944,308.62525876680036,311.7771783559566,315.03716522247083,318.29826427853675,321.0222440485363,323.08525895474565,324.3320234421655,324.3685152062534,322.97706367603257,320.70298875771647,317.96604387268746,288.37606307089914,288.96300261770733,290.3231457276012,292.12890635490294,294.01557237202076,298.07600148997557,299.6089954963748,301.7708430932938,304.44139225322044,307.3361059195366,297.70861484518184,298.54457462817464,299.27194517272824,300.007762384478,300.53712052171636,301.92585842321006,303.3461998592659,304.9145933515232,306.50979459424013,292.4108705842845,293.2931953025514,294.52433793570594,296.46487972316487,295.4840679178469,294.244364838514,302.58460744132066,303.6309274956793,305.3232220329145,308.0318416403079,306.07059634478804,304.38233811694886,304.5079586467962,303.70861862924636,303.9583378950532,304.99165585621324,305.7643203913704,308.7373054640631,311.8682015417709,310.9372476864827,309.30701105065094,308.01830194141803,306.8253435347126,305.51660079117687,304.8246880442097,304.99967442998854,305.8868119992054,306.8262253218252,311.3443517295115,307.8648937396263,306.81935022682165,305.78023238204054,128.57015339189087,131.7039195444263,134.5642492023011,137.05896147855645,139.16565329158385,141.10205210185094,142.9152936972368,144.1432135407186,143.52866481274447,140.83248409258744,136.8346689708119,132.19268276302878,127.14651947653564,122.05598238695806,117.29556221429509,112.82531115787249,108.7422570892937,126.21819960468697,125.24596673463202,124.36369037243257,123.668469501556,123.14946951841584,120.0161385704876,118.59182767018788,116.96421648437199,115.65989547653464,114.94809558570437,125.31272370800312,127.72148165210425,129.88274186502727,132.15976365898413,134.70189617057417,134.71060595166676,134.1893275444067,133.05483162326504,131.52129858893733,128.87579787195696,127.97663670878896,126.92519091127915,126.11986896373655,127.95138630814918,128.9425776011245,122.595516631923,121.66577025608414,120.80171702013217,119.53600975440197,121.63126962418599,122.56831349950005,139.18589741700384,137.94073436875937,136.77265658100137,136.44489915573155,135.57670009811318,134.77404057875566,134.19385594790097,136.9608185729268,139.24521324493463,140.0017723651518,140.30849490107485,139.7184626993049,138.76842241974128,138.05172861043621,137.6812272660029,136.8591968749143,134.50352535946476,137.55616994211778,138.32251405480997,138.67627566647712,-36.275874050281246,-48.690880827588416,25.930120858234037,0.572809,0.427705,0.2787838,0.27268437,0.17450264,0.0,0.16771376,0.006914429,0.47387278,0.089549765,0.32830048,0.033714395,0.39247337,0.0,0.4616767,0.39657304,0.3263104,0.51587254,0.015583106,0.6374043,0.56124824,0.011697674,0.057077546,0.11009035,0.117188334,0.13543367,0.0072641997,/content/data/frame5.jpg,0
289.55938042534723,90.27444362640381,40.7415635850694,42.398497581481934,0.8894025087356567,294.2465169576692,295.6626507484,297.57564420709633,300.2343498331417,303.5816232643838,307.3292908516656,310.9135343879904,314.4655795394529,318.1728410725878,322.0609412293259,325.45638714406573,328.4243306981711,330.62755844200404,331.42124142648925,330.53469487324935,328.61476439497466,326.36543541764263,293.1496536174115,294.3959107917611,296.4101111963115,298.69743381289453,300.89549252946136,305.27553730521146,307.28609634309146,309.87195947284374,312.8236544801074,315.8397856805948,304.1332732567104,304.7272125334171,305.23977109366774,305.7993088184198,305.06666402478135,306.6748319547561,308.4169988423684,310.3042290443097,312.22224899915955,296.9854820048748,298.4319726481667,300.0650304527595,302.1330492407858,300.7291920793481,299.08309571052496,309.32014268878953,310.60264977069284,312.60869936677483,315.6005942129586,313.2874901441593,311.2982016004092,307.5189118178694,307.38828356941707,308.2461783364381,309.52905690900735,310.6510284694174,313.8747122631103,317.1409400776399,315.92155608317796,313.95123630771735,312.22466899549767,310.6142402794702,308.8280434083574,307.9817543129981,309.030367839048,310.25579879177843,311.568316254336,316.41606019706387,312.6738512481387,311.24481308470394,309.83222058560705,111.86030224737536,115.69069853152959,119.36785870670421,122.7983521122708,125.76304777655393,128.46655972577713,130.93161105838848,132.9771266097893,132.86834504507118,130.43443827686156,126.3961436857392,121.83582131310581,116.89780362226588,111.70220491768141,106.57146393450496,101.6023031955517,96.88676292495752,111.7933520479306,110.79895947993533,110.26530934758985,110.20874875648398,110.36962392658612,108.5280734299597,107.13859068286125,105.67502663182042,104.69299787970303,104.29178947677507,113.26376669010908,115.8489899461429,118.13827615624584,120.52832276525947,122.55430852165084,122.8177060178221,122.62435498207458,121.66438064520665,120.32732357065885,114.98396559091263,114.51717619699438,113.82009594853817,113.37185076214833,114.9374640572674,115.5573409638989,111.32589245452523,110.65090452852925,109.97281124382371,108.86519893486862,110.83472114261379,111.61926090785157,127.07440072959545,125.7570068834392,124.78189392286205,124.6582224057376,123.87966288207727,123.39491456796551,123.3570164548858,126.37696566964604,128.61654491235765,129.34023299022584,129.48040172549494,128.3600586588613,126.78401329932723,126.23024656834893,126.05161566070325,125.32852196790057,123.65673209159021,126.60923073172302,127.32596511084017,127.51536166635599,-35.95112683039332,-36.45506548572323,21.896017515639247,0.43732977,0.46850625,0.33301684,0.23755369,0.45553213,0.0,0.23621833,0.032888513,0.4802503,0.5267065,0.47586763,0.2116428,0.3661933,1.0,0.49054545,0.34262368,0.4868139,0.35324383,0.026359215,0.46762985,0.31355718,0.077349536,0.26402164,0.027828496,0.18749824,0.098643556,0.031101337,/content/data/frame6.jpg,0
291.22233072916663,83.18588447570801,41.834689670138914,44.87796592712402,0.9236111640930176,297.9722059472352,299.44855512240895,301.4310352098979,304.12268181750295,307.3494240709435,310.91249074414213,314.399520778827,317.8851689419787,321.7109115785837,325.7646967223624,329.5427334943275,332.9007102094783,335.37885044286776,336.2661499938855,335.3107647817941,333.44594760469676,331.26880178170194,296.1083212525547,297.3818916137084,299.3375343436554,301.57973646359034,303.8233886659065,308.69703449896474,310.9388650703979,313.69184847752337,316.8187942478758,320.13480122946675,307.4596993452519,307.974259513424,308.37533608998797,308.7938136551277,308.3570796571297,310.0215960801923,311.7958019667508,313.71998986598373,315.6200648291936,300.1929441194927,301.5931571485627,303.3427637958756,305.6136874977195,304.1322570156069,302.36951376144174,312.99156220734176,314.27672841266264,316.40698690119405,319.64029665558013,317.2120867629573,315.08080430922473,310.4901853467064,310.51736375848856,311.47657198799254,312.78375826002247,313.8878912696791,317.2173189362424,320.74779687368834,319.2230837998112,317.16256087239555,315.4966818373332,313.88381145848564,311.95704117679384,310.90233455010895,312.3491331809498,313.57284702954894,314.88435706686414,319.9938278636172,315.8272685210501,314.40160080845203,313.01537341067234,107.73074623707384,111.65201616016012,115.32529711914421,118.59515504839175,121.3934272486947,123.96126233981755,126.09078575615122,127.69308586099402,127.23293387514241,124.6906497652155,120.73729987905486,116.17882507805612,111.18512654748311,105.81105864885053,100.52268283489211,95.36764077180256,90.54427917344027,107.15236639451268,106.16647408125468,105.63446959055634,105.416018331098,105.3078888898209,102.76790147927159,101.44417126790954,99.95332287388378,98.93506330950906,98.48383972242587,107.7689603615886,110.18930915459472,112.34005978683905,114.59454547678543,117.09968436631044,117.26236964633199,116.90435738681886,115.88534188575173,114.50550544319327,110.53560840777823,109.75007623211673,108.86978715131659,108.37178055224345,110.16796317156044,110.97234080081508,105.44430095613787,104.50137024241833,103.7566458084583,102.6845735023425,104.79200302375514,105.67070319303619,121.96275511048043,120.72218114520652,119.54528882766449,119.33111960450205,118.4681801535215,117.78123753017803,117.38927392291248,120.3952473530224,122.70172415382686,123.52623441550118,123.82990911098359,123.05820207049933,121.6384502446279,120.9163365030729,120.63126651701404,119.82037595549227,117.73872531975607,120.79068088625186,121.61134566105775,121.95651181168319,-42.702447512245094,-31.623177142488167,25.101406202178755,0.51894474,0.42308185,0.19352177,0.34068263,0.31238642,1.0,0.28842136,0.034654602,0.4734375,0.5079428,0.45644018,0.052991822,0.36688823,1.0,0.34482494,0.5407794,0.74902594,0.40748602,0.05519638,0.12061139,0.008811609,0.0006995723,0.010958227,0.85928077,0.03664735,0.06488471,0.018717749,/content/data/frame7.jpg,0
296.61439344618054,77.96114730834961,37.354736328125,43.34351921081543,0.9915844202041626,298.20398644174225,299.11034906588355,300.4616480997703,302.5755052685115,305.48004376497926,308.95622572249334,312.50291639820034,315.92737976837066,319.74651339062467,323.8770373961288,327.8037593208062,331.4073536183142,334.32330229075785,335.7875653219851,335.63936479152613,334.61922282531356,333.2250515394036,297.8062198947921,299.28770437080846,301.50920564503446,303.9344152199423,306.2522821809056,311.9487981986109,314.5751599839704,317.70494908795683,321.08519783245976,324.3589743357677,309.71615801329085,310.0259921111613,310.2416523425404,310.4998562079144,308.8569985787732,310.61107945975544,312.5986992529627,314.7220041900198,316.74617188828904,301.0101549915167,302.81585835457025,304.7451081455292,307.12017944479106,305.28692177007485,303.32030407906814,315.2828296075753,317.0495018293336,319.3625666268444,322.65984861969173,319.904808074861,317.56572044970665,309.81587963413864,310.6337262021829,312.0193813208857,313.4518397072719,314.7992743791551,317.974927399291,321.32123858193853,319.35191444245277,317.00829436864285,315.0972782280039,313.2434106226022,311.282422840459,310.4027170287424,312.55514651360716,314.013511471259,315.5593182760755,320.5185704466013,316.00609308667777,314.34300684777077,312.7334295444282,98.87588268197855,103.19516984325597,107.2939822090215,111.07940768200596,114.284478216022,116.99600787379322,119.16048151941509,120.88439309527307,120.8994382206667,119.11061218352347,115.9433172219207,112.12353256395008,107.8013870458598,102.8134893038035,97.45678292846296,92.17642909191434,87.16557769059276,98.56159363970451,97.45880888960963,97.03860873692494,97.07010801501315,97.24227906052333,95.51706076297702,94.35154407133254,93.16965073124547,92.61350347033928,92.84037546680929,99.59848272468412,102.41119573349542,104.98472132019769,107.58821625105415,109.68493567959835,110.13704278273661,110.10418097989867,109.27173571095219,108.12555323000569,101.26772900153819,100.85841044583098,100.22554792623365,99.91768863670355,101.26123724539266,101.79297221701135,98.16591428226009,97.49284565690752,97.10908335324697,96.45049407224863,98.09053519687299,98.59580556661187,114.16586880896756,113.20955934468265,112.37588330821477,112.4585431430325,111.74483128794358,111.49772293128257,111.41080966311637,114.06223942373512,116.04658388725389,116.6268272200995,116.66783006956501,115.4796836864285,114.05062308644892,113.86438656929008,113.86409515330266,113.23342755412128,111.68297979469644,113.7973298904802,114.40712404451932,114.47095654644698,-35.89445141361173,-24.359152830800554,21.191224552140817,0.32458043,0.34605405,0.2821526,0.29536927,0.36039305,0.0,0.3518871,0.0015066564,0.47255388,0.36191294,0.43218687,0.38733777,0.5079388,1.0,0.70439917,0.5217498,0.5102081,0.28718272,0.005873137,0.7198622,0.28510475,0.06470881,0.077049166,0.073119655,0.4418868,0.008265486,0.04986535,/content/data/frame8.jpg,0
295.814697265625,76.82918643951416,37.10462782118054,42.36204528808594,0.9935681223869324,296.66818569066555,297.59008348172995,298.90630606066327,300.9577681838152,303.92540600045396,307.5013609650039,311.1975284581962,314.70114744365276,318.6259306876385,322.90395990672766,326.9509387944548,330.7475815943566,333.85785144215333,335.47523103141356,335.3380643079101,334.3382137316181,333.0447621316733,296.38274967757513,298.02412359604733,300.50332728422393,303.1374078681787,305.5943587021673,311.9714932862986,314.5966619721861,317.6100727819834,320.7524663674118,323.8343878196905,309.12904396586725,309.4157881683297,309.621663997323,309.8598589969868,308.4204931513217,310.11853659110346,311.9797454084868,314.09523230413686,316.12986597616583,299.81929952858434,301.6035940828183,303.6729140892627,306.0972260907887,304.259104126724,302.15465086534914,314.9416088605725,316.53023100841966,318.8664163443151,322.0150668169543,319.54849279953635,317.19606379664947,309.52834093383933,310.2782750730947,311.6344182589164,313.0532863602806,314.4627645858742,317.6303129788688,320.92903481551076,318.9788797257217,316.63986742819543,314.765767605176,313.00986841098876,311.0838273342106,310.23487227365075,312.181036893485,313.61009478259257,315.15114943778934,320.0438746482767,315.70058291411044,314.06730810436204,312.5318407130959,97.71241534078453,101.8695472581032,105.9336666838215,109.7493922322239,112.93399026412189,115.49389946490192,117.44373337791403,118.98410628995225,118.93516925104558,117.14997176587275,114.08196393396793,110.62148414060066,106.712983953211,102.05406331644626,96.92691693342404,91.75184097638503,86.7130742614545,97.42104437475264,96.10296215198123,95.54992755679814,95.44388771093,95.55976738305344,93.53099064224898,92.47603552394249,91.51000395326973,91.10608476668259,91.38092421861165,97.71079279206715,100.57476550150677,103.23534241206544,105.92641596658396,107.84828326024689,108.24702119882895,108.21319461828571,107.35985519172391,106.21222390844196,99.86914921251264,99.08515670004017,98.41425628766501,98.37332139845512,99.91142031831332,100.51596288160326,96.49907916686479,95.60322775191962,95.22060925157567,94.81714001547316,96.5664399358855,97.07716403566319,112.80731632532115,111.56208669145889,110.6030195058971,110.6248352869712,109.91392261112742,109.6989523283988,109.65586919074704,112.26134004430642,114.18948543496735,114.7857531512971,114.91842945986281,113.97335467388439,112.65100322395556,111.99278171934492,111.92470133254574,111.27905117177906,109.92726659721774,111.98084969908523,112.58592553702366,112.7072212797957,-28.042279750162674,-21.63553791017774,23.411980305888115,0.30033433,0.4632476,0.3513794,0.33077955,0.39679486,0.0,0.37879166,0.14680852,0.4691124,0.27461854,0.410751,0.3103006,0.5516755,0.0,0.3836744,0.43536356,0.13448647,0.043431137,0.0043250187,0.6489372,0.04369267,0.17699103,0.013535039,0.006547322,0.072140105,0.0131058,0.67398804,/content/data/frame9.jpg,0
291.98044162326386,74.97151851654053,36.434543185763914,43.60422134399414,0.9919196367263794,295.4101192943232,295.95812817978765,297.00364996520443,298.7028032705746,301.1709133699144,304.20784266080886,307.4604771289178,310.7234645098879,314.52892955446396,318.81664478854964,323.1241146091884,327.1694010830347,330.53457650132896,332.37836494269504,332.52071710468454,331.7943571126002,330.7652005394175,294.7619823501292,296.6313871945034,298.971946257388,301.34899625827666,303.56534297824965,309.2596041115785,311.79976512006715,314.7197824388227,317.86536507457595,320.8842520094222,306.76296463420044,306.93869125635797,307.0445205124697,307.1654931842759,305.60052541871505,307.2502813418432,309.08795846139833,311.094613083234,313.0491912590687,297.9413628254513,299.5810668015538,301.59240900526333,303.8361888391171,301.9583444760797,299.9607313045783,312.3722925849738,313.8950331284577,316.1663146901651,319.192396735712,316.7922113506979,314.52543336066446,306.14513947193086,307.10595808754215,308.5391995004577,309.9682960056484,311.3858856357069,314.4992727240988,317.852290993927,315.54634690065177,313.0981691604311,311.26451375533134,309.5636201501038,307.68776715168815,306.9257965076836,308.97037438420693,310.389510947472,311.9652963296194,316.92085943101483,312.36833792508287,310.7301138276225,309.23821838376125,95.16784071990537,99.25924669938058,103.30388445930157,107.11235292459924,110.41931874336296,113.31437617007805,115.60858727399227,117.44411396926125,117.59359574679547,116.08593156444158,113.35795228048528,110.2104796416611,106.50023831616272,101.97057773846473,96.91404293835512,91.73647776832581,86.72235731931005,92.11215330447294,91.3321605767303,91.39792395091058,91.80591199005471,92.34942977911305,90.74316419892602,89.63358737131261,88.70223845704959,88.26197845952879,88.54192658766101,94.90571819004344,97.92402814375419,100.76051418817269,103.63388024300957,105.44534526551934,106.01901109861228,106.1680250536042,105.39430270733692,104.38266452895505,95.74798589520924,95.00009982854499,94.67288602955523,95.13186360699365,96.19730761537448,96.50638549380756,93.94064394870566,92.85237331907729,92.56983033524375,92.56185863912287,93.99807852222443,94.40088152819135,110.56204204456935,109.59226150845598,108.76138684160378,108.91334495979527,108.27827585861633,108.21988224888582,108.24809506700376,110.73197078601925,112.3565095147087,112.8060838590468,112.83355751754789,111.94340349695176,110.52827461346578,110.17746696425911,110.17785993519465,109.67670347734202,108.5599954747754,110.2174096529211,110.65542878046426,110.70422267162667,-34.67297725090841,-19.896126989373425,19.855817588433464,0.38032165,0.46630692,0.4232998,0.36934072,0.32688195,1.0,0.3325382,0.0058193253,0.47593448,0.18725531,0.5563017,0.21836856,0.51181984,1.0,0.45032856,0.49389797,0.22352402,0.115444444,0.009127897,0.20037642,0.106179886,0.030592628,0.032414112,0.17140584,0.2402519,0.15686454,0.26229104,/content/data/frame10.jpg,0
290.4847276475694,75.73713684082031,36.185302734375,42.7693977355957,0.9939117431640625,292.582198186846,293.3460882387525,294.5959271749679,296.48446608574335,299.2114125692195,302.4869041228424,305.89738177507536,309.2797921324085,313.0801742212669,317.3577339735839,321.5028313895026,325.3297909887794,328.60170950693174,330.65070768957384,331.1253677090323,330.6245309220036,329.78416399209493,292.4488701235315,294.2847128793267,296.67973645105,299.12997611608307,301.4317038466043,307.43064991453406,310.2198889676062,313.3502443098696,316.6120188334838,319.6960042513776,304.4936453487436,304.5588639529524,304.5709688342514,304.59458054168283,302.99630028765085,304.64874353785154,306.52723940457724,308.67751845910396,310.79732576164196,295.4969699371043,297.39062673173447,299.2773699474575,301.39651648316186,299.5315556296551,297.6170571478149,310.5805972993245,312.4329316940085,314.66858427072185,317.7058081987151,315.01119493305293,312.7544651179898,303.9461602587257,304.77899567037355,306.1037872851706,307.5108550776217,308.8642187397609,312.0592252221236,315.45209466188317,313.38000940843904,311.0064523462673,309.1942870686763,307.4394555503236,305.5353427323727,304.72615114876635,306.59915897984627,308.00005043786666,309.5152606763125,314.540713651996,310.1729989952658,308.5907270414202,307.0622540501637,96.06783997719226,100.39917727835837,104.74216824273108,108.79141469940251,112.1417748062,114.98156405159597,117.20316003756662,118.94106246491383,119.05305632499885,117.43793110536845,114.4931594701774,111.0572728859077,107.08878376090479,102.5094738212404,97.41415393022007,92.0759655185805,86.93108046727534,91.80554975103242,90.86732661808279,90.83581018149371,91.14308052509682,91.63406546218275,90.15604783097301,89.11475424929776,88.18537805006477,87.85152866649037,88.33905987322842,94.72141130770028,97.88707025942313,100.84616768665947,103.82097973993396,105.84442215346516,106.43104544195148,106.56573174820178,105.82422287845446,104.79241711314233,95.86208758616635,95.42130563290603,95.12178400406924,95.18630819128157,96.21949055416371,96.48972583447485,93.89957491063687,93.18784184632901,92.99919138578124,92.69071269542223,94.0432289852794,94.38581058610626,111.11076134926707,110.01025112878833,109.18001595699496,109.31554045821012,108.74029398386355,108.79929801482012,109.05069532216203,111.82251735686776,113.6304702458945,114.06549955086501,114.00210264410725,112.78534028839357,111.06399680026078,110.59795122248497,110.63157691246187,110.15840361837908,109.32150877345256,111.2578095016961,111.6725477584846,111.65571655886188,-32.09542013280007,-18.046568894992824,19.555025523024423,0.34234905,0.35490757,0.51414526,0.2864412,0.27236614,1.0,0.22760485,0.0020645456,0.47901565,0.31565368,0.54909664,0.10057815,0.44160712,1.0,0.43478996,0.5224281,0.80548316,0.187678,0.015582389,0.48439685,0.009546255,0.0012565901,0.0068281484,0.7078348,0.019936575,0.13118045,0.123417236,/content/data/frame11.jpg,0
287.1807454427083,75.74752235412598,37.09849717881946,43.48369789123535,0.9905283451080322,288.90433425393263,289.518284698461,290.58957320090013,292.3212263868848,294.7870290016496,297.83178846325177,301.0691032966256,304.35996327190344,308.1328368260947,312.4611572522365,316.7642259934852,320.6899657026825,323.9907518698973,326.0749069448543,326.67819796863506,326.34043996588457,325.69717358726575,288.23402160707514,289.8649223120465,292.22012167612473,294.6832572974426,296.9810657617192,303.31055966671147,306.1348870658539,309.4120855032708,312.75848270127227,315.75498902021235,300.1271072152785,300.1326837974947,300.07306444194415,300.01215590996935,298.3464637700756,299.9902834535079,301.880649963805,304.0972372031599,306.3044705267227,291.10489465103433,293.07528262797655,294.96558537924665,297.18607902532966,295.20632857955513,293.29300415423916,306.02500071544665,308.07918904770816,310.3643903307169,313.4858487916177,310.53809480186817,308.21607501340753,299.24946887375773,299.85545643785156,301.2302767863217,302.7255628183884,304.155155281258,307.49598367253435,310.947300237229,308.85618143244375,306.3943676446127,304.46243335890046,302.59475884182666,300.6938596512869,299.93106064800344,301.76893948318593,303.24603708647385,304.82912240893205,310.0996130874215,305.555367273461,303.8789682823239,302.2321457042292,95.36208473602797,99.82413116828647,104.2188418476278,108.3058545728073,111.75954421738538,114.80687425634487,117.23915050858909,119.07023822984574,119.3213648209678,117.83483710207501,115.12207089412254,111.78025190528018,107.80088618907143,103.16730309258006,97.98650270391735,92.61747011653407,87.42901553443353,91.56692351415055,90.44787016989032,90.20958402476913,90.44579722396334,90.95500791564282,89.88283300721837,88.88983281445842,88.04555599504693,87.96359298827433,88.75321588075107,94.6452870931843,97.79100197611743,100.6740265575661,103.57948809612998,105.82612916368066,106.42856177324407,106.57450152077908,105.91950348119012,104.92564331911461,95.70222203905473,95.39301563961972,95.07687194702619,94.99050490209513,96.02987034827831,96.30609622466788,94.03355188607006,93.51924980281896,93.47675518886481,93.11969686210844,94.3793419711258,94.6138974356177,111.00638837816285,109.7000592205872,108.72570310038441,108.86879390798076,108.27618640897003,108.46872311956304,109.00678088321973,111.75042512142448,113.67837991079227,114.12997110323185,114.02907633073146,112.68571406414958,110.88716832824039,110.17363950185472,110.23734254533046,109.74766699748807,109.20828740034453,111.29108953985033,111.72149718433984,111.6753760813371,-26.771803471515124,-15.333277458494832,18.930570150942746,0.38663054,0.43645886,0.37530398,0.2935868,0.4118195,1.0,0.27304825,0.00543358,0.477794,0.48792458,0.53293204,0.102370456,0.38404137,1.0,0.57463163,0.5183526,0.7117693,0.20718081,0.03268739,0.5919757,0.0017604429,0.00022924248,0.0015544532,0.25755233,0.080377415,0.48312125,0.17540488,/content/data/frame12.jpg,0
283.09952799479163,74.84834289550781,40.204264322916686,45.85656452178955,0.9945361614227295,287.46956747994096,288.05797394556964,289.1558753516374,290.96518585394114,293.51527547003394,296.6666345665903,299.9457398738406,303.35400011617355,307.3729546807188,311.9940954625534,316.4960637369588,320.5696715599202,323.92798522485646,325.83235100425065,326.0773804901319,325.4355302355127,324.56006132655716,286.6239482764124,288.3753001838558,290.8053161352998,293.28050392484147,295.56626994279037,301.5377968681121,304.34301975467173,307.5521693503377,310.84108980947,313.79382532704676,298.62182266124336,298.6385977971835,298.5674973945359,298.50832605033276,296.85427862312207,298.5435326803417,300.4970381775293,302.73777913367013,304.9915052815573,289.6605315943943,291.58174958778017,293.54117697526783,295.73980379601505,293.76085762194424,291.79625616525226,304.4918591121504,306.36710578764865,308.6721855973627,311.78926464048715,308.944294078712,306.625792848279,298.1600185352246,298.65428072073365,299.95416106096076,301.45389330911644,302.9093991552747,306.28215593510237,309.83336480382627,307.72281359660894,305.2137688629395,303.24114472905336,301.3651436726252,299.50755115084627,298.8383185084286,300.50213516868206,301.98042003900764,303.6099418862023,308.959876964791,304.3198668199565,302.5921836141902,300.94664593186104,95.4731710217937,100.12013787076918,104.75860973449005,109.09850090605468,112.85021438620743,116.18983580366643,118.93373900033112,121.02470254270645,121.25828511795496,119.50194199668483,116.347747411807,112.54903271980143,108.19929851705952,103.15680974651244,97.66253863660509,92.02923512130837,86.60494432236348,92.3049925104166,91.17886085798334,91.01632292679193,91.35542043472051,91.9380189871679,90.72793457698272,89.72105578994731,88.84194617302543,88.72928430101338,89.4620407376083,95.47036833264309,98.68121200548437,101.65216418256082,104.68810135687664,107.04028405587326,107.62606084797767,107.73650221612202,107.01999448877476,105.98475097877332,96.21420268919844,95.68644271048264,95.42065134944245,95.65388789343831,96.6557434874554,96.91355645018211,94.60877183300582,93.80039362805925,93.6628060261466,93.41406039420613,94.79275222215172,95.11808227810876,112.65742085984948,111.25660107127828,110.17140442404596,110.322677480003,109.63307491251817,109.78098277354422,110.1764095775203,113.09569322072952,115.09878778435137,115.6083393033602,115.55706107962627,114.3018827293742,112.51305202936001,111.68756905680615,111.72514050703464,111.15783292804561,110.42481737800082,112.65139565216117,113.14446230789208,113.12590125709829,-27.611218793789913,-18.088277406015195,17.86698330025693,0.4478864,0.38539472,0.45417026,0.27901113,0.378551,0.0,0.21022828,0.00079930865,0.4734729,0.34678528,0.48662952,0.040507227,0.4289856,1.0,0.5423248,0.51434296,0.924278,0.20500192,0.010893235,0.3606296,0.036843617,0.008292668,0.010852905,0.32626882,0.25037253,0.09900648,0.268363,/content/data/frame13.jpg,0
283.01866319444446,74.92276668548584,40.7159288194444,46.23988437652588,0.9929026961326599,286.4904839269378,287.09094947887877,288.1401301649429,289.9637736046606,292.7622381074579,296.3175910164886,300.00947068374165,303.751157151272,307.9386524329453,312.5291662381151,316.9452743857913,320.8972940828737,324.09720612539445,325.9461548063633,326.2191487907913,325.6311279108344,324.80557428437737,286.03420905353147,287.84308607261516,290.49730119169476,293.24024382061475,295.8089858467651,301.47480662498015,304.51775754455775,307.91275600569526,311.40886628980695,314.53327850585725,298.71500816700785,298.851609340251,298.92326439064504,299.0048728634923,297.24174619921706,298.986179810259,300.99509102001133,303.30286783643464,305.5670093383085,289.4915482849554,291.4796604963848,293.438449055438,295.6613547137673,293.708100978597,291.73557540669793,304.76992193782087,306.6616576021018,308.9381619194367,312.0431567760509,309.2453239740971,306.9638784993789,298.33659290306593,299.03062376803496,300.5505819882323,302.20558197356956,303.8359968896906,307.4511348264588,311.24897982971146,309.12244327702854,306.43834970025074,304.29883847526867,302.28601965008903,300.0964155404162,299.1587184775633,301.1325322561563,302.7632531006963,304.54523818491793,310.34189049176086,305.5214309648816,303.63601561637006,301.8205999974559,97.20778135085196,101.88646372637234,106.5491005697339,110.91739789335823,114.61021849720801,117.69827318774625,120.14251557670815,121.99471867458813,122.135551582016,120.4068311160398,117.35132720928121,113.74411364539816,109.48208427885817,104.57377203205013,99.1671734984075,93.59529093515826,88.18045879287719,93.20014221353159,91.74128368643984,91.42320246772249,91.65155901532033,92.2275180472337,91.15075750078157,90.10788059381557,89.26040760955524,89.10885232445885,89.83797731325288,95.57734989805962,98.8877831295221,101.98694384850296,105.10567737163012,107.1775999136899,107.79792683469125,107.97498828159507,107.1226948576519,105.98333804934185,96.88905354828692,96.37353108896018,95.98832421411686,95.9647974918636,97.02242345595877,97.35486677369697,94.87138617108322,94.25870084588789,94.12885159553501,93.74268890109076,94.97927306828745,95.30720848943028,112.90072025794663,111.464047329066,110.46489503467458,110.51738242936906,109.83853222865008,109.77863309788059,110.08597044125673,113.4450181789961,115.60246838500036,116.1667558343128,116.16445392966835,114.85240466301096,112.82008414137158,111.7814555052616,111.74460518694491,111.13538098705189,110.39403209083565,113.32406565780065,113.85706572502045,113.8749385593575,-28.97645376702214,-19.71394318013682,18.112934528661917,0.2716027,0.3342103,0.5877617,0.2282837,0.44832936,0.0,0.38660687,0.013463664,0.47425783,0.46124735,0.55639887,0.037587725,0.38335788,1.0,0.34549582,0.44681334,0.9347247,0.46718186,0.011351543,0.6977889,0.0005580381,0.00083846407,0.0008266427,0.9720981,0.007861701,0.015278846,0.0025381895,/content/data/frame14.jpg,0
283.99159071180554,74.71560573577881,40.314290364583314,46.90272045135498,0.99140864610672,286.9434164363045,287.55686911570984,288.6736382293353,290.6771089524516,293.5877703839764,297.1623021036433,300.7826831094188,304.3930434948968,308.4734890593179,312.9586744218768,317.2745425005263,321.1541764444618,324.35638022504844,326.2365196561816,326.4347212858431,325.72445488832204,324.73999855502643,286.2011734577586,288.0195914702814,290.6375984551117,293.3010571888879,295.7751339149517,301.7384446399977,304.7556309348027,308.1348712652192,311.6190479876367,314.6972939778001,298.86164096219,298.9238546894809,298.9157798206974,298.9149797142559,297.4957049482099,299.21562348376204,301.1602159337993,303.45831453176197,305.7676733279265,289.63800887167804,291.5519356069045,293.4869318117589,295.8336188442979,293.90555521789844,291.93261350377537,305.01333565861137,306.9410889711918,309.2599148548955,312.5538205624434,309.6911638400407,307.35014632484445,298.8282528726315,299.2904242105027,300.67611966658274,302.29298717625613,303.87442858939716,307.6358799346879,311.4818255394778,309.4615919993305,306.80407451716025,304.68214526770606,302.67220408211944,300.4984021037229,299.5836741242553,301.30696082277325,302.9150456126813,304.67228902986403,310.60584149834847,305.8187392409393,303.9501870955469,302.13479757816094,96.42548614487737,100.97166746265884,105.46495788669708,109.64326468804475,113.191027228045,116.214463410903,118.67501716394392,120.63039008379239,120.83611304947908,119.14337297236031,116.11310988548307,112.47636611589728,108.20639764451623,103.19723146344603,97.71490883531006,92.08897968120257,86.68513625659203,93.10806535933297,91.82692217706712,91.66046984452507,91.98610981149925,92.55236040428208,91.02680567126714,89.94149231466204,88.96230460680238,88.70838906633017,89.36700582538425,95.45700845720515,98.60982034202989,101.54828421437017,104.51164028711477,106.54202192783126,107.11605552667042,107.2232496613766,106.44982349875949,105.35397624602642,96.72399965195001,96.29633688812993,95.87627597419075,95.76061278828232,96.88557586410289,97.24087344531893,94.54900841680909,93.93178248910121,93.71924100625525,93.20697830850031,94.60734741479176,94.99515582001298,112.0692981254306,110.6503588337836,109.66851920079998,109.74657067446674,109.12725138650922,109.10150037164348,109.56151628650122,112.77430763911966,114.90340933122405,115.4039908104065,115.37593508641979,113.9832030548211,111.97272846494013,110.88016215182908,110.89806306575866,110.33134280881727,109.8177449229544,112.66524155726717,113.16568549194602,113.14211506067367,-31.920982735219688,-20.427348907722642,17.445984325580476,0.284774,0.3909243,0.53579676,0.29296905,0.42108142,0.0,0.35463792,0.0059849434,0.4774278,0.41311145,0.57414216,0.08446204,0.35793975,1.0,0.47081116,0.4406212,0.99001336,0.49023092,0.006991552,0.57759136,0.008548894,0.007783434,0.002977159,0.79804087,0.0017413932,0.17144208,0.009466067,/content/data/frame15.jpg,0
286.99159071180554,74.14192199707031,39.886501736111086,46.74579620361328,0.992133617401123,288.4941311890909,289.1408841237039,290.2366199553819,292.29037119846726,295.373129974967,299.1085572086504,302.7466595935298,306.27492400640585,310.2961553205387,314.76432162580204,319.07805074721,322.98765864971665,326.23413287777475,328.23531980874304,328.5252063269818,327.8600063572394,326.9035356520226,288.01354283435785,289.8392710360238,292.4040224549085,295.0342190962979,297.4361151841167,303.3034158390642,306.35048421246665,309.79978638779085,313.36395853255726,316.54573565068677,300.4956080774414,300.6127516404108,300.65732744762363,300.69876703317686,299.1908328744162,300.9496430330646,302.92811576164013,305.2668193234822,307.59483866750634,291.39465224970536,293.3768914534403,295.2584438991189,297.50432800521276,295.63594401263254,293.72022079364797,306.6502307708697,308.58555035994686,310.8971663953762,314.21281136297966,311.2644821472959,308.94794110706425,300.2139048241406,300.91972354530253,302.48242455990976,304.15522434107197,305.8500712924083,309.83526113385506,313.839029243587,311.71577374484696,308.77743162308343,306.48936734178005,304.34139821575127,301.9927928197462,300.96623023525353,303.0018437187996,304.694502336366,306.5627576034303,313.06718770685893,307.8887474401763,305.8650887120075,303.9106592349822,95.88259873498373,100.37202982676627,104.81684498909726,108.91736119045163,112.30086958132233,115.21851531494849,117.77814028195735,120.05842419246983,120.51708825138485,118.80808149330187,115.64899350116593,111.87339721948865,107.46839000500313,102.37185260161823,96.80647346476417,91.14908233221604,85.70867226664086,92.07480602849728,90.83072239856892,90.64145576798865,90.92352346495773,91.44312484568172,90.02574992322161,88.9885432431497,88.05659224106785,87.8056008897438,88.38472862688195,94.284088622323,97.42482403376653,100.33526113850348,103.25770816669592,105.38323057192338,105.97691933819533,106.07498812017548,105.25637408366492,104.11915938007496,95.56926076821583,95.01394557975527,94.5928476385975,94.5398946422929,95.5801589713069,95.93258101386346,93.42318073092656,92.71652947331131,92.51028779223452,92.08518765776489,93.3608123826034,93.75307915172425,110.27533848201347,109.19400736991429,108.47328825234945,108.54073039211016,107.94360448738826,107.67737671591203,107.85485743886966,111.72127709491906,114.20020955283144,114.74591880863954,114.6149330733133,112.7942293461665,110.29338345887572,109.61235192244021,109.67799524849852,109.08803116338731,108.14817440851857,112.00550303397904,112.51354085115327,112.392050712323,-28.982531339345478,-19.792946282309934,19.263943883825082,0.34883052,0.36117107,0.3955524,0.26681846,0.53322333,1.0,0.28756213,0.006219312,0.47015336,0.55732584,0.6722327,0.15017895,0.20837057,1.0,0.26709986,0.4406212,0.98655045,0.32173866,0.004270517,0.8099884,0.017167948,0.0019381631,0.0014595302,0.885844,0.0039268285,0.08772783,0.001935674,/content/data/frame16.jpg,0
287.48499891493054,72.63343906402588,39.20689561631946,46.28442192077637,0.9897680878639221,291.23626350347234,291.95559725398294,293.2449032040837,295.5225623673373,298.68977310696755,302.3006928197702,305.78896108329235,309.1493058947005,313.1229526445287,317.5708942602633,321.9183649095962,325.80601097521145,329.0974291084436,331.0660760742164,331.34268324831504,330.6482321924967,329.6153301415858,289.93191289599196,291.6538193699666,294.2149931069496,296.93347281482147,299.4687086289155,304.9937295274681,308.05198443836565,311.5600694736062,315.1796793009695,318.4955290705667,302.6050272527273,302.74868560560594,302.7937268831893,302.8634182914467,301.21430601044267,303.0932279571907,305.22773858761985,307.696618342188,310.115150055881,293.6204510567913,295.6486799308825,297.7198636274326,299.9875846101485,297.99688958229,295.9356986898549,308.95412426640615,310.92867057852084,313.39790455871105,316.7481704924886,313.8335524160908,311.3518079814529,302.5740937554109,303.09346962513854,304.70425436277986,306.4385380427789,308.2187783590949,312.4461301068194,316.7878536937228,314.6972471773145,311.6809266211373,309.2709310828328,307.00486039425357,304.4895125280542,303.3486974621578,305.2825674170885,307.0411585889588,309.0027723553472,315.96624557113176,310.6613560335925,308.5420241365961,306.50259825680087,94.78503525632482,99.37104210168073,103.84834802833102,107.9486883721554,111.39743564991517,114.53054803526902,117.38008460227647,119.87544851550592,120.36629267005574,118.64073055455592,115.41101388996503,111.53079000981465,107.09498475978666,101.90229867093595,96.14652626374695,90.31570768247124,84.71998566711235,91.86102689042161,90.43230088045793,90.08301786447278,90.26581980385288,90.70543697451201,89.04440682211036,87.94856847866056,87.00570098037869,86.83676184279788,87.52733296937231,93.71134098003571,96.97520565670057,100.00002100676838,103.06544650362352,105.51231792234407,106.11381620230077,106.18319476643396,105.31836449690763,104.11864204110876,95.02721136890379,94.15487118513707,93.72980043862268,94.10180520747933,95.15049016169255,95.50150954532994,92.76307733442661,91.52545604758336,91.23293354938919,91.09402248195059,92.53963710884061,93.01289247151946,110.81042420474623,109.63390849297434,108.66597208325962,108.69923949705807,107.98748435407441,107.74214835031516,107.90578403512404,112.05653697496027,114.85071171880604,115.52202555151385,115.44386417826459,113.56172440623914,110.84773707378022,110.05178879041219,110.02804905269213,109.37258598894314,108.23270780015937,112.4454733975011,113.06166376447518,112.98994466282028,-32.70687880575391,-20.256726223020294,19.639377012727056,0.3307159,0.35722515,0.48516232,0.26904878,0.51501566,1.0,0.43299574,0.03751486,0.47572535,0.6574819,0.60443527,0.19835608,0.2631668,1.0,0.31171358,0.46717265,0.98125595,0.26329994,0.002407362,0.5953395,0.006320421,0.0015616608,0.00034510615,0.98274994,0.0013601809,0.006574144,0.0010885558,/content/data/frame17.jpg,0
289.78789605034723,69.93299961090088,41.34559461805554,48.06814670562744,0.9674896001815796,294.342920304391,295.2634772108039,296.60785150113895,298.5847050099968,301.2445872881952,304.5874622356655,308.1662219075616,311.8757360279212,316.1851112357741,321.0009532155543,325.6439480668852,329.5925048081475,332.65720122225264,334.2677834351107,334.3178662636129,333.5593625651384,332.5203028859238,293.3063876299783,295.0253070082257,297.6298289717029,300.36384188124276,302.9293241991071,308.55231042217105,311.52679620295044,314.9067149779554,318.40725955360574,321.5978626926769,305.95707649062894,306.05455870920093,306.0554973109845,306.08401980327903,304.52454841135284,306.3164079782034,308.40350765845915,310.8331402610349,313.1967028618719,297.04923328748504,299.03342886267546,300.9512553212731,303.1641276405258,301.2743337447203,299.3428717744978,312.1676308683029,314.12985869222575,316.4447463672359,319.6785423788597,316.7826808284368,314.4438467745897,305.85022028757754,306.3253865809791,307.7781977416549,309.48195079346374,311.1804246400028,315.14335608477086,319.1976275792965,317.1608170136493,314.34403524206766,312.06714202973194,309.92492270187904,307.6189637771689,306.6010415476442,308.4093042980455,310.1221528480903,312.01207395366134,318.40422714784347,313.36577151647464,311.32495900036565,309.37311768189386,92.87214440158812,97.52710040898125,102.09484208874233,106.36314917093728,110.1519029418705,113.5430952525835,116.3769300089507,118.61146580746424,118.90718037891384,117.14191109116234,113.83661975320479,109.73492652094785,104.955937554054,99.51057226374883,93.69211104542785,87.83423886650269,82.22765410793863,90.18189680854579,88.63556756064031,88.22134505923646,88.45009056533416,88.92055869266528,87.4306624472336,86.31718333612878,85.2917471351829,84.96265203363595,85.53207560614806,91.75961420657217,95.0202669501823,98.04867763819334,101.12158767743006,103.47017562600229,104.13933337374658,104.25424161114631,103.33598995197099,102.03379515369147,93.34305432499684,92.72153147729364,92.22810370633391,92.12249725327638,93.27730234767199,93.67192251182689,90.69095762825953,89.94951894792672,89.69632338108255,89.2541955266521,90.63408626780989,91.04926628055705,109.16166774590988,107.79047024508077,106.78973508631066,106.82294027321768,106.12464805106356,105.96471099476537,106.41760526489259,109.9373791437497,112.25776090539034,112.84428387706191,112.80038275554443,111.30172450774865,109.11274355770456,108.11783598143677,108.08212785644025,107.4713490767723,106.7022078914174,110.14519176721296,110.69218000661658,110.66193158723286,-37.108802671137454,-19.76811445517949,19.349142420786542,0.45081308,0.33603856,0.4209683,0.22103418,0.43020788,0.0,0.36916414,0.108130336,0.4738676,0.5944517,0.4514372,0.3630119,0.18246669,1.0,0.37105218,0.3398844,0.96625215,0.5537505,0.00455958,0.5592588,0.053837422,0.008630057,0.006233771,0.84529823,0.013978947,0.061230835,0.010790747,/content/data/frame18.jpg,0
290.85489908854163,69.69950151443481,39.98440212673614,47.5696120262146,0.9721648097038269,293.6581767911321,294.7838702161524,296.2221742225337,298.3101604106705,301.28987778133705,304.89114507787343,308.5632903822693,312.3740818687581,316.6963116938881,321.42086688768364,325.96075104220773,330.02414335828144,333.2227059136694,335.0414175964171,335.3048858314747,334.93050133123154,334.3022162678748,293.7493078456653,295.69275652028296,298.5474315297492,301.4359514982285,304.1452307277289,310.297043043523,313.4798965159219,317.0348072170099,320.7749435557076,324.2673581692184,307.6354388564405,307.78370034469043,307.841356455973,307.88732347160715,305.88382676772096,307.82916549986516,309.99476143090465,312.4779890997315,314.84009487321777,297.78764541626344,299.99676540829415,302.05512651833135,304.57577426398603,302.5501701815593,300.4614439618976,313.963666181644,315.9665691590884,318.3507567927868,321.8651545956398,318.91118351714965,316.4794297192348,305.96272093315514,306.9992022819411,308.8647417986024,310.75628789439014,312.62367493803066,316.68069107443756,320.7569072011645,318.6816138295949,315.7160914544299,313.2284865416642,310.8774114909526,308.0981456938663,306.8214705267841,309.40995279432605,311.32937170966045,313.36866382346363,319.9544612474108,314.7923755990306,312.54945743158896,310.36082355363175,91.19443825563249,95.77671005492121,100.33811466643166,104.50516923752573,108.02844061378907,111.00590556666509,113.57318550571529,115.80617193972715,116.23873482637501,114.69813209432321,111.68890873108977,107.89591202563477,103.2962775556739,97.89063477330873,92.07278422428323,86.16689714335355,80.47146822319728,88.79577152237596,87.36065135277339,87.16045496247762,87.49021981482838,88.03051768171595,86.25208923224733,85.01701064174799,83.79832842788379,83.20996763998603,83.53216715856459,90.58705440449192,93.83731369086026,96.85525751753339,99.89740292690124,102.15389004018658,102.73250282661938,102.80096339816447,101.81996059663405,100.4791221445164,92.33304225362276,92.0296973773193,91.46804407196927,91.03580781992548,92.36182692810571,92.8061843861596,89.57756804475417,88.99800937894712,88.61799213300581,87.7195122032141,89.2898420866793,89.86967635043354,107.34010241749806,106.01833806528012,105.17851286402404,105.19382045864563,104.54089829978878,104.20583924489719,104.50162729353792,108.3561844145272,110.85701122386978,111.46757295751237,111.4290538913396,109.78477869693612,107.3050776611,106.30341522086266,106.2929561086451,105.64892113297375,104.77855899868169,108.88551960751596,109.45090709492803,109.3963148842804,-34.368082537867345,-19.241347184866193,16.498999158981338,0.31603912,0.36397332,0.5590188,0.27613938,0.48750627,1.0,0.43543977,0.076407045,0.47449744,0.5050474,0.5479328,0.30502376,0.2253899,1.0,0.34954607,0.44117105,0.9972761,0.24871825,0.0044334517,0.9158416,0.5134895,0.035807926,0.012402477,0.22382908,0.013682211,0.19377571,0.0070130653,/content/data/frame19.jpg,0
294.2080349392361,68.81644535064697,40.272135416666686,47.33114433288574,0.987483024597168,296.6882202244925,297.2712922419768,298.312727920333,300.1415750517681,302.8926219834426,306.37645291312305,310.03235292074885,313.7503900187232,318.07053516670953,322.8170715319967,327.3697809354589,331.3502244775507,334.65313354161736,336.64143918347764,337.1519251128547,336.8354828100869,336.17613124700154,296.4707717231046,298.2858885701854,301.0530634867367,303.925605196173,306.57984190124625,313.021612626532,316.1208737203506,319.6448079474387,323.3394029313746,326.6069380840271,309.81557641873076,309.8471840868252,309.79779805756783,309.75782848295665,307.64075455881994,309.486799457504,311.662437195743,314.1623070128207,316.5725419315814,300.0103092000452,302.1460611520076,304.2184090324417,306.5783455600801,304.5576569964443,302.46503910982847,316.16759206445204,318.2373162697645,320.6683865543783,323.96292355576645,321.04199450631256,318.61435023359957,308.4560624492164,309.3385753546803,311.00901175304534,312.7219906203343,314.4370498080907,318.3207389824709,322.30210673528296,320.1146082928005,317.15317985563024,314.8186540447183,312.60476481589944,310.24912095929875,309.24558215220765,311.44742955856503,313.2125163064634,315.12677845100376,321.5303163053395,316.3162478041505,314.24135411250165,312.21725815659494,89.2391419150857,94.0634812502381,98.80470594292419,103.32945881844506,107.29385901034144,110.75756381279848,113.79860301662742,116.39281511299842,117.05171980496624,115.52902678443488,112.45900528032675,108.5299722290701,103.9073342664949,98.54875712499324,92.62674321207892,86.62679260650286,80.79930039840629,86.71649013448405,85.2344132975293,84.90351708388167,85.22373917151829,85.79846282403489,84.39316656999472,83.20768689572644,82.14640692363574,81.83180288614668,82.66802400630309,88.69826197894463,92.21458077740552,95.49282221724789,98.77305934287634,100.84862672658873,101.62903296709291,101.87459880231668,101.01278415452207,99.78367530202135,89.87890562752095,89.23830064635315,88.80785542781598,89.020408659235,90.00852533469174,90.32784352393162,87.9227543937966,86.988329960184,86.76579152906011,86.61367930897555,87.89610123994798,88.26088010192457,106.02980280522047,105.03824319092669,104.34060628338892,104.49021331690574,103.8719738966297,103.75333977109726,104.01800596120657,107.8027808908073,110.23694880475823,110.77453137371417,110.56348294692944,108.64151396830599,106.09878345590246,105.54839735235291,105.66083960459827,105.09167137256503,104.34233283088832,107.99449537098599,108.50125737438398,108.30857805883798,-27.11438513306,-15.800771451017814,20.117170094266577,0.33573207,0.39622825,0.54628855,0.24693985,0.4433763,0.0,0.43694416,0.033628356,0.478185,0.5707277,0.60713303,0.29211754,0.3005862,1.0,0.38499236,0.46717265,0.9823679,0.49221566,0.009835646,0.37863088,0.7009842,0.07913086,0.0043280963,0.14008048,0.008278708,0.06175858,0.005439174,/content/data/frame20.jpg,0
295.53553602430554,68.2765531539917,38.995524088541686,46.616475105285645,0.9880962371826172,298.1262967428888,298.32140822792206,299.0507097985739,300.62819550769524,303.10026255767355,306.3013185904793,309.66833125032605,313.2233950782117,317.6536648032452,322.6938575584314,327.51834971054893,331.80738808866965,335.4523788490209,337.83737226819494,338.7913302914771,338.82149543331786,338.5319574182824,297.663585073122,299.43779105261297,302.13638508076303,305.00655314755085,307.66424818475315,314.59259476745973,317.80756470950627,321.45303560475577,325.1188188736202,328.32352926648537,310.91640690866336,310.7172226126698,310.46022373980566,310.21507986437877,308.02578476178024,309.80111689100664,311.906106640574,314.4956708691322,317.01330488823635,301.10897141944366,303.4443025522082,305.50570172126766,307.76382449496685,305.65168607024674,303.59125050525404,317.428304819618,319.78917146015175,322.24082360770876,325.4416995899277,322.3304754628889,319.87790639104685,307.6526766002767,308.8854979727821,311.00280951760453,312.82357274444905,314.73738378059824,319.0122265036524,323.33411077679614,320.59789867950354,317.18815734797676,314.6509611660363,312.2681616966059,309.60315127074455,308.3994514135301,311.3685656134776,313.2644966260697,315.38075120726177,322.531875381382,316.4595292998906,314.2055443554193,312.0458909142516,89.32814284139268,94.28044090175581,99.25578877150826,104.04185679467996,108.22129104517944,112.01351317153733,115.31424054125539,117.98610122509308,118.77854053487351,117.3920376508004,114.3731361293136,110.5016083879803,105.9851827899951,100.78214094752643,94.9785637124482,89.04048535470895,83.27487211929899,85.64429449697909,84.09954048412892,83.6327309963758,83.90193163077042,84.63358386186192,84.37100842221004,83.47493332833605,82.80364305649228,82.90742388133637,84.0417292415285,88.5746894850745,91.95892365012823,95.1183196448297,98.30110387733839,101.05675810374268,101.8635747863116,102.17338182945029,101.5293842257327,100.49716087975484,89.32541874269876,88.85540168708327,88.58060114601003,88.81670748225714,89.59974581741395,89.78260052545959,88.44149706343839,87.81904051187756,87.85586419116234,87.82933840516542,88.76835723114264,88.92297400548105,106.32085710078059,105.50328406278133,104.90827022150239,105.15301231737897,104.65118465761495,104.74005629358527,105.17882290243361,109.12365790678345,111.575690161135,112.02374271228757,111.68339708905387,109.4768571413575,106.52189358382984,106.24568264649278,106.43545263078224,105.985809632779,105.53910746102795,109.26502429163638,109.66031535229618,109.38625835346129,-24.057954956859007,-12.7774009343522,24.794900116410968,0.26045585,0.38829857,0.13799143,0.26253262,0.5539584,1.0,0.44434085,0.012031206,0.47858292,0.69913876,0.7451098,0.12872109,0.29883808,1.0,0.20012276,0.4406212,0.9417462,0.67227703,0.0034376497,0.7186236,0.06689679,0.10097406,0.0070940354,0.5669597,0.20276913,0.04137283,0.013933513,/content/data/frame21.jpg,0
298.0257161458333,68.71276187896729,38.03504774305554,46.284241676330566,0.9925794005393982,298.352094512922,298.5463202998723,299.261275586548,300.83444255436575,303.125346462316,306.03038334043976,308.96506829109666,311.9660428327317,316.16343127218516,321.2388273966586,326.35059440563475,330.93672905410654,334.8749180421404,337.4937375940758,338.64560531050176,339.0283230863813,339.1373480114554,298.46937335942573,300.3098132774644,303.1228958595532,306.04952138106324,308.69731117923567,315.23611855204564,318.7100072864098,322.5654137378875,326.2767568588321,329.4431441902601,311.55816023834336,311.18463242973087,310.7450831812024,310.3369374015123,308.04867527810063,309.7739294176488,311.8987749869526,314.51115891339555,317.09518172687854,301.7256301951429,304.204711593863,306.31205120246506,308.544334308765,306.27738191852984,304.18842886547577,318.294710811728,320.84809488347594,323.2798840352964,326.4121698347295,323.2200366908246,320.74836255138405,307.01270840966436,308.4331691409538,310.7396456735525,312.68442118358394,314.81589769828975,319.2742467788552,323.6999211559171,320.55740589003756,316.5878001911376,313.7905360388376,311.2847007782772,308.66096512353505,307.6756225272341,311.02351171218635,313.0491049729047,315.38132897323374,322.9673324540224,316.0200184562658,313.4955185575744,311.1696424543039,87.98189658203086,92.7823782786378,97.54863429923955,102.24522401178376,106.60643950820565,110.64633720097493,114.3075592468391,117.49266749501612,118.77054965813522,117.93415339010483,115.2994731994171,111.65509501286658,107.34007433029353,102.22030582604202,96.38677878337387,90.44180849031153,84.6246485939576,84.32171072483908,82.79758477921234,82.48855392206968,82.93103296924056,83.85024818940343,83.97287764274984,83.25377429087763,82.9191747333794,83.48755235950051,84.96530803441055,88.1597022545559,91.62141163388566,94.85920163426158,98.12060051488425,100.37502925736317,101.35549878744757,101.84759240213691,101.26398975459608,100.3763865652088,88.50622294754714,88.50017961712712,88.39370543765074,88.51412678286778,89.22308839672752,89.2146548802964,88.88061810897807,88.75082802911919,89.00923957988692,89.02144045321643,89.80229303579779,89.70221972149102,105.43576811235721,104.89068652357696,104.71459734890061,105.10142677440035,104.69685965271299,104.8216392803173,105.38972558182763,109.89238910829965,112.5358653159285,112.83246356425582,112.27482191214301,109.44737752331923,105.77659142290372,105.95196221757396,106.30086978606937,105.94537761926915,105.69165705683622,110.27062114727471,110.55211024192522,110.02063152616381,-27.876413783707303,-10.820850180623609,26.304610580365193,0.25768718,0.5294514,0.2694834,0.28200018,0.66562754,1.0,0.60857743,0.5102476,0.47096425,0.73704123,0.6730254,0.08822583,0.25265762,1.0,0.16207841,0.46717265,0.99970526,0.52829576,0.004644667,0.88925666,0.31578696,0.097245,0.019899167,0.1798293,0.29291916,0.08640414,0.007916327,/content/data/frame22.jpg,0
297.8633083767361,68.69577169418335,39.20586480034723,48.05011796951294,0.9910538792610168,297.54365235124953,297.6141508218453,298.1557804044828,299.515751071704,301.61973058884206,304.3047814052658,307.0921873642854,309.96562876290517,314.09373002761055,319.2516050668633,324.5316587818021,329.3631844397012,333.5833149445805,336.7118313935915,338.6276720750312,339.79242493251064,340.64143097444486,298.356638023136,300.3616803074664,303.27167907804886,306.2829641426157,308.972446728443,316.5228569010159,320.1617348147631,324.1868537186359,328.0181432849182,331.15213801266464,311.86377501644705,311.18638791290164,310.45204423825055,309.72923106871696,307.2904897130266,308.960357741334,311.08430771528623,313.82293156115,316.5340110751914,301.33703044154043,303.88134551450406,306.0326971925701,308.3477545488064,306.035721587355,303.86110612713094,318.8680671295767,321.5595619689796,324.0756075427349,327.36008653190436,323.9615259967229,321.38011912749096,305.9599141010274,307.4966709538637,309.75212539355755,311.6475857783216,313.7496810631406,318.18606610557816,322.69502974922915,319.0838920656029,314.9216787208548,312.12641277220666,309.6724377461934,307.311041850315,306.5626931657224,309.90207179386266,311.89111657634635,314.20345713249463,321.94324081556874,314.5850807653549,312.0743485033468,309.80882935896244,87.88587610763383,92.80028564829473,97.71867158073533,102.60784976422184,107.10966140156899,111.38749598421958,115.28337356322112,118.66258828221586,120.28250224438834,119.73829677096529,117.5495388283095,114.33165151340421,110.33308542101803,105.47450861385525,99.689858686739,93.61057771857588,87.54550625068347,84.2078700863568,82.87586304205317,82.75967644853469,83.43697763177369,84.5017347182707,84.7539400304285,84.20203437914682,84.02271526289935,84.7914270601063,86.57231271629979,88.42174215611868,92.01878203587248,95.35795273687128,98.69334122598279,100.97268322925908,102.07217445881717,102.63897353600844,102.29297933580182,101.51371308815797,88.40043907535244,88.3722245651402,88.37203038524777,88.73452643949958,89.34055672858835,89.21943315426473,89.67594320776811,89.54388713365947,89.92322872318204,90.26647519199032,90.90726883704436,90.66592900683258,105.78134033840948,105.37952199673536,105.42249933399147,105.94262650075187,105.7604995088916,106.14368001770366,106.92027586222491,110.8925778353539,113.14134939361676,113.22558909881343,112.48829663924707,109.61352691269047,106.14182413908564,106.45606219405065,106.98053005468986,106.80944554060679,107.1252988973319,110.93940096552402,111.03054522654216,110.35565840391271,-22.435208357744486,-4.297230531449587,22.542579680331478,0.34656107,0.52479047,0.40334958,0.25784245,0.65210557,1.0,0.59082085,0.5380024,0.4717862,0.75472456,0.7808517,0.1578259,0.26450974,1.0,0.18481748,0.49794307,0.99966514,0.45454854,0.004090264,0.7938665,0.6076835,0.088237025,0.022134393,0.20545685,0.030754369,0.043435548,0.0022983337,/content/data/frame23.jpg,0
296.35739474826386,68.16896438598633,40.25965711805554,50.33939838409424,0.9875719547271729,295.84449618411804,295.6908200237385,296.1255149504948,297.43160793995264,299.3020761220763,301.69995440562445,304.2548627659298,307.07911959582276,311.4191431970919,316.9394375158962,322.4235210595958,327.22996587228215,331.415088224554,334.5595459534063,336.4307072422424,337.452274525386,338.20326735018546,296.62107274785615,298.91716876074247,302.00725451834535,305.1318713924483,307.83995813649415,314.4751587091516,317.99112703673745,321.86485904654603,325.49063528044144,328.35784312318356,310.04218319676556,309.2728419469951,308.4686851369308,307.7009875402214,305.2581212302002,306.864692182023,309.0784804225916,311.83820631713473,314.5487486392477,299.59965563818895,301.9839607319737,304.0574875775348,306.4765254188633,304.1513198241904,302.04937560341665,316.80505042531183,319.3681662492595,321.7135925571657,324.78215780141466,321.5909252709928,319.17706682709775,304.49682541912625,306.11074870293317,308.23500915957237,310.01009145583805,312.0133192779795,316.1258814586995,320.2922917300109,316.62532515434384,312.63277125040884,309.9873755584397,307.72789988371545,305.6625967042913,305.06126092107735,308.346574136405,310.18244459177305,312.3889291078413,319.51296254247166,312.3427195933048,309.97868382023717,307.91777151684363,86.16722328567255,91.18743120988091,96.23720688641697,101.28150431950849,106.14195744745484,110.98159937125433,115.43084758902819,119.2784035687074,121.14430444763718,120.64285164266516,118.32481115115013,114.83645367460235,110.59594399475418,105.63865035699223,99.88694480951608,93.81871812962697,87.77241882573344,82.29840963310698,81.15730754607557,81.30675935606314,82.30685473333648,83.71557882414442,84.46862036436943,83.98603446419492,83.99715837686131,84.8990666369919,86.78840352419019,87.72857487540534,91.43271357418871,94.904976572789,98.44666546037888,99.99477421120991,101.43308045656295,102.25299149218858,101.88642985541003,101.04417377948414,87.26953840096138,87.53778510091774,87.64239200646773,87.7881208432567,88.38256336516628,88.22949839888781,89.37716609677767,89.75317198761803,90.27305603031112,90.59344955892823,91.02276705776177,90.62106761107503,104.7606479774729,104.69455620181202,104.98149878023423,105.62389168470884,105.50414804866864,105.89684250892435,106.52753361175928,110.290109307654,112.31533111604654,112.30836404337799,111.47560983038352,108.5817614860008,105.16232942138788,105.80151423193604,106.42393126087313,106.33645939347798,106.7816607378295,110.12435058701226,110.13993378624195,109.38430704799316,-24.8768532873533,-1.3114461204261592,24.35886735688887,0.24321556,0.5188792,0.22678165,0.25457346,0.68215585,1.0,0.49486494,0.35548186,0.46915776,0.61139834,0.77563006,0.15354723,0.2574023,1.0,0.21285091,0.47502032,0.9980323,0.48247093,0.009116773,0.87766576,0.5780766,0.20063192,0.046247084,0.041916803,0.08808818,0.042938095,0.0021012868,/content/data/frame24.jpg,0
295.56808810763886,70.12697696685791,39.67022026909723,48.80210208892822,0.9925105571746826,294.23403091808194,294.0726038340845,294.4666688263919,295.5964315254816,297.3496814114577,299.74147343500886,302.3412100014843,305.22850729602607,309.5464978820585,315.04119709705486,320.6028390072298,325.53971442622264,329.8337263468817,333.0506408437239,335.0798583079926,336.3241309586417,337.30859139281705,295.982911447572,298.3228157266331,301.4157075187593,304.46031735449213,307.1063357645056,314.0970216584503,317.4667667682006,321.1907953934998,324.7267680326301,327.62715158039043,309.4036189650495,308.58875099706455,307.7290794539433,306.905310460163,303.948033649877,305.5941893604907,307.85330635866285,310.70851458256243,313.4699810424423,298.71351054623256,301.2671075110527,303.3707462774674,305.71758375750346,303.36846168084656,301.22695515821925,316.137759842577,318.64174056978413,320.932156018072,323.979242433335,320.8112067852042,318.4437049629292,302.48074841587123,304.3748936863433,306.6244150296481,308.4900089509068,310.64632433703895,314.7635304700148,319.0647452403715,315.2034924673922,311.087148512209,308.31152942131433,305.94719357174387,303.8199286903893,303.0866168075802,306.6123654841399,308.5709663984654,310.9295759214408,318.2596108058888,310.9140549758723,308.4028050775989,306.2398139221202,86.88562929939465,91.95218742832989,97.04946980395209,102.15031258989248,107.0387419943695,111.75183515306924,116.04645443784139,119.75623793126948,121.62385814487106,121.40722463000115,119.46880111944458,116.41205970914224,112.49981453014996,107.78744741590725,102.17082334580391,96.23226138977275,90.24604229445315,83.5215023076905,82.43923879831391,82.74387902411253,83.92518128050668,85.44909274626424,86.5388418438049,86.11511112876046,86.10489589268579,86.90798134593632,88.71229432254202,89.33094703071212,93.25225380302405,96.91940312819104,100.5542120596345,101.7463980016876,103.24805690295648,104.15475029646625,103.80952313833947,102.98752213262398,88.24462919135065,88.57183613548955,88.77437985011498,89.16693952188353,89.56161449625289,89.27580953915715,91.05739173930007,91.39676167339358,91.91975802434841,92.3416980624387,92.65622191746864,92.23201822634762,106.1804317846052,106.16028405092229,106.52367977346687,107.22717496516036,107.11915490858524,107.57177032498558,108.30634231379946,111.70293885136613,113.51152606565283,113.49580092008084,112.63959205052394,109.83678468907206,106.6061172347263,107.53723085430082,108.19010538870572,108.13485619800352,108.52689577061773,111.30939483086256,111.28445101504514,110.52795806858595,-24.682130218902245,-1.21581884633172,25.28564124950264,0.23450385,0.50887704,0.49369437,0.2698216,0.6514787,1.0,0.4685179,0.040374313,0.46412078,0.61586595,0.7520054,0.25180125,0.29506767,1.0,0.42393285,0.47659686,0.99316424,0.41905475,0.00411818,0.75416934,0.24852854,0.22405949,0.038884778,0.038712308,0.4148468,0.028874798,0.006093403,/content/data/frame25.jpg,0
292.5528428819444,71.79463291168213,39.62055121527783,49.31401348114014,0.979466438293457,291.9957910815298,291.6548921073428,291.9661466189704,293.10516662079027,294.79232171209054,297.05909756067246,299.5199212747399,302.2777786589901,306.6719154944857,312.30997694042867,318.0273072101361,323.10638474088427,327.487546722965,330.6999631147651,332.6004184824932,333.7834951396284,334.7466288962517,293.0580368810553,295.3250128989811,298.36454382213543,301.3256198259499,303.8968170925676,310.98321396655234,314.57577751458643,318.4148421142231,322.03236951302335,324.9813983204702,306.4583392136322,305.5975016915437,304.68296058629164,303.8019544596562,301.1633909499043,302.762398340246,304.9558716460343,307.7681327652498,310.47001856830855,296.1294308838135,298.43092244559966,300.610726036991,302.9232480759667,300.5837975285242,298.40148079779397,313.27758320327183,315.73691137898186,318.1452360531619,321.1239745766106,318.09463818113926,315.6339626100223,300.0298257831547,301.647987704275,303.74557019453124,305.5866237663211,307.7930401806062,311.97139622705635,316.29090605123656,312.36736469768266,308.2223372878824,305.4588875072508,303.16620780560964,301.17587728430374,300.6909066453437,303.83246661664,305.74147018533336,308.13213410348567,315.372349213862,307.9792170700431,305.4665098147754,303.3802884779374,88.76516228775472,93.90146885116705,99.02410393657593,104.10326612043866,109.06357180422839,113.9674491327293,118.49876104957008,122.45159590797918,124.38293908088694,124.2960461859913,122.37795475272725,119.22090149785765,115.18562156028108,110.21511517618535,104.34302843139994,98.20664408127963,92.10695685632655,85.08416797991025,83.89348488770936,84.2635071787192,85.54875661793042,87.2071852038824,88.47069290150091,87.99031822121951,88.02244231459325,88.91884649004813,90.77969125458246,91.41520863977709,95.30869461044459,98.98852493796369,102.68838454511197,103.73315917631425,105.2547072032155,106.22091316245512,105.86141960257025,105.08703407373898,90.17741432571,90.28159232843743,90.51741121514488,91.12512181580897,91.56005011881076,91.28150080891626,93.17502520288872,93.3769422808164,93.92913983799296,94.52967961441013,94.91696937718622,94.46461487782834,108.80347863691728,108.57516565970192,108.87168788398412,109.64187955643095,109.52520287405818,110.1212031272064,111.02685741903488,114.36906467154023,115.9965701801815,115.8926761181092,115.04940411729449,112.38301442333994,109.21652940062171,110.06441499618063,110.71835325182755,110.71657906363464,111.22811314450496,113.51534506550203,113.42783138109954,112.6553293840675,-28.695346435262227,-0.8675324543876548,24.81199729582832,0.3313701,0.5237611,0.39832377,0.27087322,0.64443994,0.0,0.442362,0.009449336,0.4729868,0.6164095,0.6238452,0.1771211,0.3481427,1.0,0.22876123,0.47502032,0.99919885,0.43637544,0.010382355,0.87154377,0.040558644,0.020021884,0.0044377516,0.5572311,0.31992432,0.046629786,0.011196481,/content/data/frame26.jpg,0
289.84242078993054,74.47481632232666,39.4736328125,46.19559574127197,0.9949483871459961,289.80372506943996,289.37151944161,289.62985156836123,290.73606337978504,292.50429220669673,294.9553914698513,297.5495842711543,300.3433561627805,304.6500761523199,310.1061058488853,315.71701339338296,320.84349048056373,325.3739950580848,328.708507012337,330.6405919335737,331.6122019147264,332.2952491238765,291.1082413889638,293.37503920159963,296.31826680394926,299.203782182315,301.7902209309094,309.11697882909004,312.49702054548044,316.2960652664514,320.040561502852,323.2284510691453,304.4182161814387,303.6073489437366,302.76576121810103,301.93557286685325,298.87359352088123,300.5688473527537,302.8675691959667,305.77442288151985,308.6165215122173,293.3581152608419,296.0141331473662,298.2391324278718,300.78106405385654,298.1904587513192,295.9049783553117,311.2442689502599,313.99208649435406,316.44946119571324,319.66384356891706,316.2475204523919,313.71149337192344,297.5815702548531,299.3194593990192,301.5456382669615,303.4044632087993,305.56664202392875,309.72119358205714,314.043268033272,310.0823356751619,306.0008111526949,303.22504366426847,300.8660587805419,298.8581349779614,298.2588169997313,301.5282484387287,303.46777269081593,305.8321037159221,313.1886090250051,305.7896352640362,303.32002193000096,301.19869252517765,89.70523116047383,94.7634094742393,99.89470073199489,105.06036853790427,109.9375396551408,114.54343539944625,118.77483360969757,122.45293592466382,124.31578534128553,124.16975439912818,122.45713221610512,119.55061225136745,115.73544650209556,110.96386663335488,105.1974881430402,99.19577369869766,93.23407766678926,86.16136226121519,85.45464730750288,86.0269041621863,87.2278811206041,88.62806462457343,89.95521944079812,89.54659647524336,89.40926705553535,89.99694445522394,91.64841808111431,93.00910357887156,96.897250105474,100.49413931230183,104.03322543056734,105.30607627054178,106.77963539973712,107.64504616575994,107.32761158697454,106.55066327036748,91.46828483662176,91.92609527661823,92.17406636330085,92.60652723799207,92.99004514656177,92.68839457109536,94.54848831286505,94.89369441099231,95.48090096695617,95.81208913875294,96.24084604280974,95.77416721995621,109.57446132047338,109.3675874565836,109.56996104571506,110.28745749468166,110.14240458580511,110.73005059591205,111.54357603555474,114.52782321278471,116.17677080339408,116.17210201614483,115.3489085853547,112.76998351135677,109.98408875264086,110.91055721121788,111.55581136406428,111.50675440419892,111.76559950279756,113.70214835296119,113.66742817149253,112.96097424693286,-31.74735820527851,-1.1635338428370094,25.447354432287,0.24885166,0.54178005,0.46289912,0.22851337,0.5675123,1.0,0.44126314,0.015401361,0.46557978,0.60281485,0.5678763,0.26869017,0.4340464,1.0,0.5146427,0.55472654,0.961314,0.2550065,0.006182393,0.85751307,0.16689834,0.13207026,0.009291182,0.56088686,0.07588549,0.04285925,0.012108609,/content/data/frame27.jpg,0
285.20133463541663,74.62762928009033,40.726291232638914,47.48463535308838,0.9860976934432983,286.05994074239385,285.699075179341,285.98616403567695,287.1544612227393,288.96678238488346,291.4124731226357,293.99868509845965,296.75516198573524,300.95300386934895,306.3295103465898,311.94346524691514,317.0637515873667,321.59177626551343,324.98307807113673,326.9990521186017,328.1025687228255,328.92071248452714,287.1497139524605,289.58793862912137,292.51893777236256,295.37515233733956,297.94671408934124,304.6307806381922,308.04252177312173,311.8149229909741,315.48990964532334,318.708475683385,300.28375168920115,299.45645811806924,298.58942027449774,297.74518902718603,295.23822615245325,296.7969118121721,298.9341955546347,301.73204527174477,304.47716810819435,289.7426116743362,292.2296676000999,294.433263686371,296.956790637047,294.47812118750295,292.23585408038093,307.10317190557896,309.64667967618,312.07743829174956,315.32087591646956,312.0731452853948,309.5680470154791,294.24540560014265,295.7622038806103,297.81366145963506,299.6273564517401,301.71720994598707,305.94051778027176,310.36098634667536,306.4407684970407,302.3823236544234,299.6986240932319,297.44253377735674,295.4744332038426,294.8928836792299,297.9100910770599,299.76976606918953,302.05182669605506,309.5373268869356,302.094483352157,299.7009913601854,297.6606721627591,90.85372668864156,95.81328511277151,100.84092708546788,105.84571321460058,110.57478236914363,115.09192509130875,119.20887063642448,122.87179000313249,124.75356684562107,124.63026857845517,122.93050637485834,120.07296043449287,116.25624003948582,111.47071309646526,105.73199269895406,99.71130261743936,93.75353360849483,86.76611725301115,86.21415516895203,86.8760610099025,88.07383016108164,89.44136665612456,90.43139030120955,90.11456711149972,90.11321705609939,90.78807323979574,92.29006336543198,93.54459258164366,97.33611024432818,100.88812977717578,104.4174429065543,105.77788439346816,107.22181874052413,108.07365105446718,107.80606497957166,107.05711877441456,92.2407141705467,92.527024410026,92.72661184549975,93.2399640432921,93.7309223032678,93.46648126309107,95.19285229444624,95.37370197987305,95.87347380906604,96.30920716134491,96.81617928600637,96.42483134001506,110.2959339452984,109.97956586860406,110.07152926501897,110.75990807909629,110.65077265726225,111.25561445844224,112.15636123244983,115.34151382389888,117.00805277736717,116.95836394590319,116.13733327328254,113.60246585724369,110.68303813223886,111.23547061295946,111.86266389738378,111.85330690964057,112.37930207907507,114.59119888332961,114.50215636149153,113.78951730659757,-27.75438300169027,-2.4475582508093714,24.016019289888124,0.18854854,0.5149434,0.38781273,0.26445425,0.5696497,1.0,0.46224228,0.016293198,0.47372246,0.5626897,0.7354588,0.16261938,0.3431823,1.0,0.36029863,0.4954145,0.9364709,0.3765699,0.0046454207,0.8454516,0.24534075,0.083434425,0.008414724,0.47325945,0.07471986,0.102715,0.012115787,/content/data/frame28.jpg,0
282.59518771701386,74.79056167602539,40.361328125,47.4180908203125,0.9812510013580322,283.17235209637363,282.8950475942453,283.24355632381196,284.42080401640635,286.2431343510434,288.7257162862341,291.36705167424515,294.1259638726973,298.2694772369068,303.5788959148398,309.1667535871587,314.2523754374066,318.7272266771412,322.00193094745043,323.82919267743125,324.70506139953505,325.32150616713915,283.95762762657466,286.37768869397553,289.378108687434,292.2945033343014,294.9254909319454,301.5349936461527,304.9104065737105,308.6457079173735,312.3006485448917,315.43865073767375,297.23248687298764,296.4679137067331,295.65884436357885,294.88194779637416,292.15466062947814,293.76566507224777,295.9299964921491,298.7193364851861,301.4946691448189,286.6309611228186,289.16473596125434,291.38326355164753,293.84687029832423,291.37145058742317,289.0990303752886,304.0214259022265,306.60250262375047,309.0524123689858,312.24848225068126,308.9955385254376,306.4554866719176,291.3194776147633,292.90719020229005,294.8780440576942,296.6183721388094,298.63276065076934,302.672953820994,306.9948063156451,303.2027769674984,299.29434260883573,296.69929586157525,294.49998341583125,292.6047301573388,291.9840492736519,294.92189752522825,296.7274156681742,298.93526817820674,306.1578562741255,299.0378642642783,296.72256058396886,294.7353591869163,90.90798346099328,95.822054480511,100.79443060137274,105.75800211266613,110.43183210207499,114.81449948662194,118.74679209875467,122.19404772360866,123.91964605920947,123.77113440906396,122.183462520811,119.52341903327033,115.92347669109876,111.28998985685757,105.68730747405206,99.78783581177996,93.9182408080931,87.24402116111305,86.63049826220814,87.28780340491794,88.46351724363049,89.7622497248536,90.70605740557366,90.42102512882994,90.39219308493921,91.03231295928126,92.5918396038891,93.86736502002313,97.60974634152663,101.09300386567483,104.55988332371925,106.03482500672106,107.4332927542273,108.23705592955812,108.00450027898768,107.33506505687836,92.41887447339396,92.60812440082373,92.8281022799827,93.52209612223233,93.98056157112005,93.69425913787272,95.45429245072592,95.461947305809,95.97723402834963,96.54094610351603,97.10673553745,96.70395517415454,110.49585205978364,110.40813834150322,110.52856410111126,111.2120710971416,111.06143290993933,111.63767357822798,112.35187460992601,115.23771766858408,116.7629704372317,116.7208059895609,115.94340576884278,113.55907272853946,110.87254418856463,111.66717716013663,112.27990133579297,112.23370766001463,112.54476203495287,114.42223988560727,114.36657345384883,113.69848809098767,-28.506875600304554,-3.3210523052462158,27.3542022183941,0.22074111,0.49777508,0.24106462,0.28121725,0.5339732,0.0,0.5442142,0.00987786,0.4713183,0.45498276,0.6390775,0.15986875,0.38986424,1.0,0.42248696,0.49461716,0.98245806,0.20572883,0.017294811,0.8287009,0.4099868,0.03734815,0.021991039,0.19975266,0.26330128,0.052721735,0.014898327,/content/data/frame29.jpg,0
280.05919053819446,75.21078872680664,38.40161132812494,45.02779197692871,0.9957733750343323,278.9684765339181,278.8944751143832,279.3513122405145,280.5876437609459,282.616151745541,285.43106480983,288.43309939545156,291.4328843649726,295.5737335583515,300.6955232629406,305.8694212906477,310.6047746146241,314.84141526351766,317.9790741635385,319.73235764091544,320.490872795017,320.9285028373698,279.36439366957137,281.36369529252386,284.0975223373968,286.8978740891671,289.3946581032362,296.17333112898183,299.5008305745196,303.28117435941624,306.9277714622494,310.1023582050881,292.01046081879963,291.4597718667836,290.87165587295823,290.31012947186827,287.60602489598233,289.3935534241775,291.6758171387167,294.4355469751319,297.1688885087276,281.9372684925027,284.29148207975345,286.4235529209376,288.7824050330112,286.39756880826934,284.2410718383663,298.67643081545333,301.192158626091,303.6157471854487,306.79982515040354,303.51689934385047,301.0215291901509,287.4223856901955,288.9684790416212,290.93658555856166,292.6741523193024,294.6108221823318,298.5631931603447,302.86552195524496,299.35233336741646,295.7025735974241,293.21655939901717,291.02719178584186,288.96159975745417,288.0738774114733,291.11010712801396,292.9031284554352,295.02209773857095,302.02070656774487,295.2434023134276,293.0224354040891,291.0741261529607,91.62405231515606,96.4983810280522,101.35240522454811,106.1012014942703,110.43264486261141,114.39980501332798,117.89882923235194,120.93349210818695,122.43355931259453,122.07950806397679,120.3521378452177,117.56920652793215,113.86357833919209,109.23186194649388,103.66541315568756,97.84381892935752,92.0947277204281,88.01402234361137,87.05993712782558,87.30245927014116,88.24057172851765,89.48063355367114,90.18715149668836,89.79340426632885,89.72928457134712,90.40952532357846,91.92169729837072,93.78252434171429,97.40879438367665,100.76266763915996,104.12369715373461,105.58428254887093,106.86720141260608,107.59601905767026,107.17853411010432,106.39621521570385,92.65399806414025,92.93923553693665,93.11455100211973,93.54199577472613,94.11590392112512,93.89076678626904,94.94820068617337,95.08248521489217,95.58361336896624,95.77599821902064,96.45763189747024,96.13741667856159,110.34173267465903,110.14541864544557,110.17398571031512,110.75233189678065,110.4676177777657,110.83208779243222,111.27105117918813,114.11949350735435,115.74570668659962,115.82376530568004,115.19078742571031,113.02484351747256,110.64542601726771,111.40966746689787,111.90099199690621,111.72935772170575,111.5026923938079,113.43669234739232,113.51995551853915,112.98166441502545,-34.139273484148156,-4.760215648450642,26.33155895735409,0.25797716,0.49916503,0.6379651,0.29775015,0.53514856,1.0,0.50001246,0.015062656,0.46947587,0.38508216,0.64123577,0.09347416,0.44817892,0.0,0.421013,0.5365136,0.3891345,0.13137506,0.04848266,0.823287,0.14897253,0.06331005,0.008673364,0.09206191,0.6130497,0.049521226,0.024411306,/content/data/frame30.jpg,0
277.1670193142361,75.7049331665039,38.83289930555554,45.78317070007324,0.9879584312438965,276.36547476624327,276.18063697496444,276.53393512643,277.79422777364346,279.95584974174074,282.8601794091935,285.8632689566658,288.74486670064283,292.73436634398877,297.87403402079116,303.3632249760391,308.5754183524388,313.3144779369919,316.8332686798131,318.69533634030034,319.36428870239297,319.6810243719789,276.58216197412816,278.6890798021103,281.36021629988477,284.04654070576316,286.43127477948144,293.2139397695755,296.519926241561,300.30218036223994,303.9881494329015,307.27000815436736,288.96175611924906,288.34102159951885,287.67222150946736,287.0210407681769,284.7626924886097,286.47180206509904,288.67508680978744,291.3956429529157,294.1401745745224,279.3667886252357,281.69337933924294,283.7427448850071,286.00252091962676,283.7293400333849,281.65434693936254,295.98409730210665,298.3994413307628,300.8025266414398,304.08091748996856,300.71291536389236,298.2612765574289,284.8311379524378,286.33811539964194,288.1113577027941,289.7294724546956,291.53344423815133,295.5124633079986,299.96836730137284,296.28381124975976,292.60746970169976,290.24732674395966,288.1963942697721,286.3020482112295,285.48246277910056,288.28517705642895,289.9395063567827,291.9375447633443,299.09351694231066,292.1399339540324,290.05561788149083,288.25096987918573,92.72906799946547,97.38627399390069,102.10499298095746,106.73233728199034,110.85316910482388,114.65581458034617,118.09999857234101,121.32148879749457,122.9265081538575,122.54539906954373,120.72021071502172,118.01124198302455,114.35695532092399,109.67984589711062,104.00960839694167,98.05605320955006,92.21388583892349,88.5195237953274,87.95187327394115,88.41770291981413,89.35899792083046,90.49127972012047,90.91390667698622,90.45794524177975,90.33734905985982,90.94227020998373,92.34051887047465,94.82123181279425,98.39602264541404,101.67473441136289,104.94485344965656,106.56481838872463,107.81526001727624,108.51892058074745,108.09986137417908,107.33349092709622,93.71637044224693,93.94709860592589,94.07477134442465,94.46255911320975,95.03226121381704,94.82202755700928,95.72290988577227,95.71983661027517,96.17280991134086,96.41712794535866,97.08221456240669,96.81368527384673,110.83727059386123,110.95834160257613,111.05907037646097,111.63509422277647,111.38615072084217,111.66456295607263,111.85264676156189,114.67147076590999,116.24044913120088,116.2833210787854,115.61696225339361,113.47038820136248,111.18578363736714,112.44127807795076,112.9540517205086,112.82584521119892,112.09468726429759,113.81258113649396,113.82763805789585,113.29637891700968,-33.47001402063651,-6.591852601011927,29.50538915387883,0.23932168,0.48983246,0.40567654,0.26589894,0.5390243,0.0,0.34593815,0.045349948,0.47081923,0.26909053,0.60273796,0.4513931,0.54125386,1.0,0.4405055,0.5393922,0.91507065,0.09770857,0.023192279,0.78773785,0.07168846,0.04444976,0.006602243,0.6502551,0.18102747,0.038292356,0.0076846024,/content/data/frame31.jpg,0
273.33463541666663,75.93216133117676,39.154269748263914,46.291168212890625,0.9818374514579773,272.5448042663258,272.4744140115454,273.0140337272509,274.5574227142084,276.89812507544445,279.85694108545505,282.8156329328769,285.62375529224556,289.59162245003097,294.72432176136715,300.24722932343286,305.4133267156256,309.98904589810553,313.368201935869,315.05848850925685,315.5528906934131,315.6799537201754,272.1729248969388,274.1111484326804,276.75161404854026,279.5192039447062,282.0712633141666,288.47318406161975,291.90714546603124,295.83873562640366,299.6923251930595,303.07776882431426,284.6337904176042,284.0789425742711,283.47023465546516,282.8781264470166,280.72766186541924,282.48179118641053,284.7518773169548,287.55803294091857,290.3762157809735,275.2951885387016,277.54108200271475,279.58602824993943,281.98609108932726,279.685133172731,277.6171497988007,291.5247164153585,293.92628410532126,296.3683900527409,299.72501471940996,296.34665994421886,293.8560511231532,281.73822614127494,282.8361114825049,284.45955719564773,286.0701909851388,287.8787564960145,291.9485462396042,296.3405412118482,292.7852497812695,289.1405629423349,286.7573332389711,284.73170503504554,283.0139619745452,282.37454616430443,284.68789716275313,286.3152631026962,288.29956171959964,295.51138675557524,288.6313820991221,286.544857939698,284.7612126881231,94.37338496102275,99.0834911074966,103.83995294258276,108.38736636584363,112.38430909089803,116.08242391949679,119.45521952171694,122.60206570053924,124.13434461906073,123.66640396580624,121.91854899429673,119.21215221609164,115.47882156633787,110.71755050031643,104.983232126238,98.93031586058206,93.01066909562178,89.30801984928402,88.52371788654963,88.79543032913644,89.58530636435243,90.67434305176175,91.19839360659607,90.7424569924162,90.61573003239391,91.22949219631009,92.74138030676622,95.36397230410876,99.13302701388056,102.5691703688506,106.00227919015306,107.43115550481306,108.74242501546541,109.42306777165504,108.88280158273774,107.93805341189508,94.43234066913537,94.64258435281445,94.71849735953984,95.02645368951599,95.72226083653769,95.5773962055595,96.28329528778995,96.32937947420832,96.73200563930804,96.85641655317595,97.60871767805183,97.40734085870645,111.96387138857536,111.70541454395716,111.6376151485274,112.14463556269693,111.84546994400007,112.0730417585568,112.40757881551981,115.13398729201944,116.79867981712523,116.91024073081425,116.28889471598086,114.24796637012624,112.24558802480824,112.92947225231327,113.36227654846954,113.18991569835052,112.62071134876243,114.42667110077673,114.48878219414328,113.99831016979442,-33.48329210566747,-9.210262985481332,29.591139660384986,0.34995753,0.50409883,0.20602047,0.28847072,0.5214025,0.0,0.43565223,0.0058158147,0.4789943,0.31728315,0.54823184,0.16496041,0.59441465,0.0,0.299617,0.5344831,0.2157856,0.08996717,0.01582307,0.9070955,0.070572875,0.018488476,0.013835845,0.7391347,0.0815616,0.07003128,0.006375128,/content/data/frame32.jpg,0
271.40025499131946,76.02755355834961,38.33737521701386,47.19866466522217,0.9831128716468811,270.64661596172544,270.66494294165835,271.3500099246322,273.03920129301264,275.4002691138871,278.30026323782573,281.0890210755497,283.78511689251417,287.8005645256423,293.01776747132243,298.40899359454255,303.320171844404,307.66630014349863,310.74824070943083,312.0969410128239,312.21487510759255,311.98635627754203,269.86995459002605,271.5726867397117,273.89265368120545,276.27913198846346,278.50695004775633,285.34706846588466,288.51674053372903,292.1152343927766,295.6139211142279,298.76010527732757,281.4214842228248,280.975384516209,280.4563566799132,279.9781031035538,277.9964480761293,279.76395384109884,282.06600650784907,284.7906608487357,287.5559459733169,272.5950832464881,274.66585643150194,276.5779204178329,278.85114448773544,276.63345247519527,274.6884049888525,288.367513426667,290.68640682828163,292.99036857302445,296.1373697067239,292.8890473390893,290.53424436610993,279.4854141293232,280.47836255947897,281.9679514683574,283.56007356342445,285.3558964746389,289.3000836784024,293.57334461422533,290.20601629989875,286.6627911771111,284.31780704293163,282.3443200335496,280.7032759159732,280.15137345281374,282.23194944104745,283.8289159692167,285.8204354102472,292.70529309645025,286.08302562781284,284.02411117616475,282.31175430259447,95.01598508791008,99.59467993502699,104.2349649128177,108.65888096629655,112.57095818716687,116.23114851810266,119.67490915831834,122.82336530990426,124.19951515026884,123.49272080043372,121.34637023913581,118.24132493442198,114.31320200586188,109.46735102078165,103.7938885626173,97.87507497931699,92.12632294132985,89.5848202428671,88.93663509378993,89.30228682770475,90.07439662663062,91.04589451467383,91.47507246454757,91.22075154237146,91.26573556403494,91.83614983828572,93.12389299442424,95.63672576388306,99.31134474086687,102.68967177508686,106.09133817394255,107.46944604301743,108.71049190237095,109.3408421106265,108.66918762431821,107.69984863172368,94.52807809241767,94.66252377067269,94.75544742457875,95.0377597175333,95.68905914503333,95.57396419189465,96.41900212050047,96.68970127765597,97.15616954672632,97.22813722956474,97.91678774266964,97.62627536051278,112.01393615411226,111.78079232521156,111.66204125984311,112.15523155694177,111.710786046995,111.76864917129609,111.80368100565272,114.65363568035258,116.43996215232202,116.65134485524577,116.12055703099767,114.22042858002067,112.34191946673468,113.2063114963684,113.57362755468698,113.27016348779378,112.11793448592202,113.83245869471993,114.02622589107406,113.61322024557398,-34.58793715076056,-10.406313734274123,31.855493789300017,0.30117247,0.480484,0.32382676,0.29281816,0.5130219,0.0,0.43571186,0.0006122149,0.46933404,0.52244735,0.5530592,0.28631172,0.5059355,0.0,0.3255981,0.54286873,0.040811956,0.06683665,0.017452793,0.7984672,0.054821245,0.008484363,0.01117368,0.78635484,0.05521009,0.065947056,0.018008702,/content/data/frame33.jpg,0
267.067626953125,75.92762088775635,39.38324652777777,47.77744674682617,0.985519528388977,269.41938409688174,269.26481236307905,269.8199474226118,271.35994503921506,273.5018717857856,276.1807483805025,278.9844558662718,281.85385941448556,285.9718948089507,291.36333412471015,297.0213218564305,302.2128537046921,306.856970195107,310.14470878601315,311.5329770158156,311.4638585181172,310.9834121704254,267.93990617347606,269.68008976828423,271.90787641076463,274.2179347744004,276.31743562613633,282.925069688367,285.82915550856444,289.35088068386233,292.86504677101084,296.2134528537414,279.00676576997114,278.38277705420995,277.6983498063468,277.0563091542615,275.3236769586568,277.0588277112082,279.3129276352212,282.0148129733872,284.80546804632354,270.5228571877696,272.41843437926474,274.2529451080759,276.5348243393068,274.3545639257763,272.5185273683672,286.12347981443406,288.3458363524527,290.67802350239555,293.9607454832641,290.6132347355675,288.25655231263437,276.8122295468819,277.7088238593205,279.1564097437778,280.63839768085694,282.273315334625,286.12969590003246,290.45748744736903,287.0558943628498,283.6858669642418,281.52705529246964,279.70279478287364,278.09750349199476,277.33428846979734,279.50997652349787,280.9711872200942,282.7943883638103,289.5412453151679,282.9897320147513,281.1173147826415,279.55097569170397,95.77812880620873,100.3530328229197,104.96621582964198,109.45252097704724,113.53502660682489,117.48523452475165,121.06668401450989,124.21926118838019,125.53374629330347,124.77126257529407,122.73902291365748,119.72394459637735,115.79764417424303,110.8611802913828,105.00963957878929,98.88723438860166,92.98759675640686,90.56342076634269,90.32660123254959,90.84807921288571,91.81180827497988,92.91538388514641,92.9453229318356,92.4183396662334,92.17288117455533,92.50338111656829,93.54741011235755,96.9718462008254,100.54538632823206,103.80903972326269,107.12746233428325,108.81893816545453,110.06629706399545,110.62825990748951,110.0117021307793,108.99571557502331,95.7076228809386,95.97545962250187,96.08795060970824,96.28447152369968,96.91492578863745,96.78884587103963,97.19528526009371,97.3032363519084,97.69633969145848,97.69667800507818,98.43082710311,98.24603781191095,113.75874075949105,113.41811362139734,113.17079953077481,113.6384924801965,113.15004621145698,113.25675852865406,113.34360944425798,115.69935894175495,117.35342890543852,117.58979735440533,117.14989738143876,115.51383663771321,113.91219503315597,114.64419293498977,114.95930302461548,114.63227336018645,113.5694765017768,114.94856925613576,115.18892228773466,114.91476864994893,-36.68830422020722,-11.57411954937986,34.114299089755114,0.4895656,0.3521734,0.21315093,0.24935721,0.5253702,1.0,0.2140879,0.008078065,0.4743459,0.41212004,0.38410026,0.080099694,0.45307678,0.0,0.5550514,0.5256811,0.03599524,0.18245043,0.10312273,0.8827468,0.6889198,0.066807956,0.019272497,0.020943632,0.15895468,0.020626841,0.024474677,/content/data/frame34.jpg,0
267.1114095052083,76.61808586120605,38.66319444444446,47.012351989746094,0.9821580648422241,269.01600730562035,268.9129440616243,269.37393182915986,270.72731362692986,272.67715419413764,275.1583337009878,277.67017998712817,280.2669937636736,284.22199783518033,289.51926867825716,295.106860105078,300.3054541968762,304.89120364034625,308.13355648353553,309.55386550077947,309.67592062738856,309.46989501695987,267.4439935645753,269.0533336853913,271.2645110310699,273.5928232002001,275.7231942549662,281.5396079402637,284.480671445976,287.9898807516498,291.4927364521187,294.71090558076247,277.9817975058102,277.4197094035341,276.81199942318574,276.20204323575774,274.587445712593,276.2127194445567,278.358886244467,280.96952024720565,283.701182106699,269.9361796542447,271.7154917443107,273.4727099666875,275.7199728981065,273.6166319864681,271.8501624508762,284.5725053358668,286.6433771224147,288.8776840121007,292.0692719027742,288.79679029396647,286.5415412221073,276.13468224276096,276.69026542348695,278.00560965466366,279.4964505829823,281.1382564663034,284.9947149273641,289.1019684615147,285.93253832765396,282.5060570304765,280.30309784363396,278.49211692381414,277.0352650092088,276.667462050268,278.33911760461535,279.76908060468185,281.58865797420077,288.252202767657,281.9728115048848,280.06189286424325,278.4993986026028,95.04623090904197,99.39582597646486,103.86089727206691,108.27704126810076,112.26205809602797,116.12929700603654,119.69529869864255,122.87600190021931,124.27022734213932,123.57580300824537,121.66070971776952,118.77870161899628,114.95879782434604,110.17192205744577,104.56039238481716,98.63459715746585,92.88227435081645,90.10077561239113,89.6858712377807,90.04132846424736,90.8733615637424,91.97221245598931,92.6012899855701,92.16925828197782,92.03393439318897,92.40661478232278,93.52728717283762,96.56286118645775,100.08685409905584,103.27400505823007,106.5397883968244,107.89226734040147,109.14813584145813,109.78763906722196,109.16295811811506,108.13828081698357,95.44971089959117,95.786406580548,95.86550804063818,95.89806795553586,96.68921033468459,96.59531854249926,97.15358842899859,97.56193071810631,98.02213416258601,97.90500522365892,98.64656123649156,98.40048218949323,112.4788137166228,111.89691830476241,111.6599266449386,112.1108224528969,111.66077065388617,111.90331057969996,112.4170833729595,115.05127564935029,116.74587076162715,116.9334525908709,116.39521698847366,114.53253631738335,112.64628392229915,113.20607033483574,113.52015599123698,113.23970627707695,112.61624258390239,114.22444951342223,114.38837555403589,114.01499070325062,-39.32657941487936,-13.333995506187685,35.15867885600392,0.3851502,0.44152093,0.3325469,0.22608285,0.47820973,0.0,0.232935,0.026114566,0.47498938,0.4325031,0.40532705,0.15494555,0.48268002,0.0,0.5756078,0.518564,0.64225113,0.21353091,0.09187587,0.76762104,0.10599673,0.006300062,0.012796967,0.041558787,0.7923646,0.021186931,0.019795889,/content/data/frame35.jpg,0
267.05189344618054,75.81033325195312,39.138264973958314,46.9031925201416,0.9833969473838806,269.1920216779887,268.87428061249886,269.2235205250229,270.5366358920821,272.4941294220322,274.96879968413344,277.48696799460333,280.1145121242128,283.9974258313882,289.22700939272636,294.74747734623827,299.9399386143307,304.6301225569754,308.0286164206919,309.563578208509,309.68146174403466,309.4388274429192,267.61146007353955,269.1430595353519,271.221257130225,273.4248890266554,275.44281132960816,281.4630388478628,284.3819336837539,287.87063584390796,291.3327430034108,294.4407500161175,277.78936262925384,277.10238801451595,276.3765164291001,275.6690726378913,274.187294141821,275.86348704094826,278.0546668410473,280.67111839801055,283.42025476995366,269.97716883155397,271.6952385826999,273.4031618085265,275.6036276334508,273.53732104832955,271.82199802147034,284.46093702249044,286.5045334396006,288.7331156568879,291.929279519435,288.66654344712174,286.4206505766198,276.0333545351734,276.6342640040009,277.8768652974321,279.31797382278114,280.83301661767916,284.51292098118984,288.53563666435196,285.3494868134029,282.1498775941016,280.09583607645186,278.3644151485363,276.9450271317607,276.51232957433626,278.27377744054616,279.63750633959194,281.33776473694326,287.6294910641156,281.5674059838144,279.80034054225416,278.3225508769342,94.53258506810853,98.90444924610077,103.41254088438191,107.81620667810071,111.73420465103577,115.56455234557134,119.05662437998004,122.13454910055944,123.49001685938406,122.74778905502471,120.8569725716456,118.06567335288028,114.39330885237345,109.71402458265406,104.17211624451129,98.26695424846832,92.53733435322269,88.71837780655353,88.39144800479338,88.78241715911479,89.5877265269864,90.65472701100957,91.21438613256416,90.90005519866213,90.8889408199605,91.41294200875939,92.68314473616817,95.66315020364065,99.14281123774549,102.2657067541279,105.47041523561647,106.98768057077704,108.19758787759892,108.80583927754282,108.24563164982533,107.31734451640736,94.38530696989532,94.63516243012798,94.78123113096058,95.01333478470374,95.67851340836873,95.535579747348,96.35473596040251,96.60010440538812,97.06874505167741,97.08275795835918,97.78242369734346,97.54769157522942,111.83474398556919,111.29045477829817,110.92301268037113,111.36100239970374,110.92173115526879,111.20522664943763,111.62721743365765,114.03037222097109,115.70307447384452,115.9295890678482,115.45562942142868,113.74660834458186,111.94209016416707,112.50620275319116,112.7997089041803,112.51453602113406,111.81687979402491,113.1330698148964,113.34770514087035,113.05555767487189,-38.984512877409564,-13.969646611808855,35.519661079031195,0.31864116,0.41379812,0.41211146,0.22585002,0.45345858,0.0,0.25260493,0.002608724,0.4724398,0.3518505,0.5267874,0.13292369,0.53118634,0.0,0.36550438,0.5269168,0.069290735,0.12607954,0.040000267,0.7536226,0.09187206,0.04017767,0.009867822,0.45291445,0.35506186,0.020226737,0.029879365,/content/data/frame36.jpg,0
267.27715386284723,74.73708057403564,39.68910047743054,47.249939918518066,0.983022153377533,269.96614178301957,269.69936541596536,270.113508327992,271.57773376850315,273.6667039698313,276.27399852201717,278.8681634095495,281.49854724588283,285.4120457257216,290.6803025455884,296.23890576177837,301.46421489093285,306.1804107119615,309.5299824908775,310.9955944036986,311.05799157190927,310.75305891235706,268.3291953505226,269.90261161092855,272.05282485421793,274.2789282351206,276.3346822436437,282.4097527319972,285.4556912995101,289.0001380560542,292.4975258639578,295.66673626752487,278.7117108662705,278.08734039383455,277.4088442729407,276.7477242577911,275.5178633313458,277.1435895613589,279.2405592263254,281.78242343809296,284.45512636343324,270.91698973152415,272.6904593295751,274.455078654959,276.5790950911539,274.5799828276998,272.82432868067104,285.5845411308051,287.6613955411981,289.979455578572,293.2355515802287,289.98290274921465,287.66380180148985,277.24773297992556,277.802806873497,279.0235750424776,280.4824328665445,282.0120844230001,285.85904068090935,290.05299183936904,286.84398182298537,283.5408049054243,281.4405553589787,279.65198580168146,278.1684823973093,277.7793103500726,279.46882444508014,280.8758344569765,282.6191801770637,289.16191174656535,282.87636445384686,281.0439499275965,279.5060724757054,94.83521524556882,99.20880961882685,103.7019295647495,108.00998038169071,111.80602159125041,115.52523820958635,118.9669170362418,122.07743091067044,123.41222945676185,122.64273647985024,120.65196839709878,117.71367111248108,113.93243921836843,109.07368261379267,103.3515111506099,97.32763452587855,91.52023007876721,89.68062211848464,89.2014856766334,89.52722809425617,90.26727817838484,91.1832573199234,91.5481673690783,91.26454971466636,91.15817239434014,91.55283625755162,92.67610863997939,95.60915912810428,99.01819122102658,102.0945510694607,105.24819513187097,107.10267492981325,108.19492784582594,108.70674481720093,108.1508716531815,107.25503311305938,94.515442854358,94.47641547535693,94.54573909085394,94.940296497325,95.6179663111383,95.52738345355553,96.15074174206258,96.14726753478746,96.51486434929618,96.64660203089916,97.40279636420414,97.23603272520879,112.04032104841932,111.40143866349372,110.96741622253315,111.38049203247115,110.92411705559846,111.15099833672758,111.52554694536559,114.0613025679797,115.78674327819951,116.01851481023047,115.57808806694854,113.89716317212552,112.14394908117909,112.54755531058704,112.82198388953103,112.51832195170591,111.74458760307226,113.20817176845651,113.42762811438772,113.13902558086022,-38.87048475683228,-13.964170317106628,35.29602179842126,0.41337466,0.42264223,0.4786213,0.24897721,0.5237576,0.0,0.24767098,0.0046553244,0.4740492,0.423067,0.4841566,0.11003562,0.47891107,0.0,0.52422774,0.5255606,0.23357004,0.14880681,0.03992185,0.8935849,0.07048464,0.0140979,0.012091423,0.4934723,0.3518779,0.03228917,0.025686607,/content/data/frame37.jpg,0
272.07158745659723,74.89870834350586,38.742214626736086,47.125794410705566,0.9813016653060913,271.2633355105521,271.28535039154866,271.89438775561035,273.48271528306435,275.6768754820468,278.4540386049612,281.14803814488795,283.70153681827605,287.6015557796261,292.7314132102942,298.1373241871989,303.22746129516247,307.7401706161386,310.91478302716007,312.33533061716173,312.6564504154825,312.6710522856416,270.2272911946193,271.7757062694983,274.0315359435419,276.38685855421727,278.52984732167755,284.7744034980331,287.964848084525,291.69383101272234,295.36026555596845,298.5904742842581,281.1474651259759,280.5796134962188,279.9416597439697,279.3159500575916,277.88124890046197,279.54254195961863,281.71489878899706,284.3557643076278,287.08353657102174,272.9008550262571,274.8108720002444,276.68265091662477,278.93526157266234,276.81653847077826,274.9446946684329,288.1205710299276,290.331680791259,292.66935863281714,295.87595224053075,292.60035704370614,290.2502514331552,279.6534413432999,280.2388728562091,281.6043870357563,283.1488128877975,284.79978149443855,288.72358411133877,292.9232599420532,289.75987364565896,286.3621226142305,284.13673119919076,282.24283122478016,280.6737503913725,280.19006175699974,282.04108306329056,283.5408690567322,285.38622927324184,292.062872045589,285.7053553028185,283.76454698905644,282.1209265072877,93.03562317953534,97.6578532681043,102.28781237058718,106.70013214886914,110.61151205282573,114.27450511189997,117.63034318061045,120.6458012741559,122.0251016145874,121.39504709657606,119.60165295399172,116.78216732837217,112.98969559006784,108.04051776377253,102.2331969268685,96.1437165216149,90.24103522564498,88.00565979873743,87.16992519828992,87.39421828326972,88.24725468416209,89.44387996612704,90.08355783116158,89.70451593292964,89.5655908683992,90.04886322138584,91.35390368151332,93.96572725340084,97.47607313035043,100.67144399413633,103.95183569632485,105.63363272043497,106.7981183828321,107.39029972145549,106.80527437783394,105.88693404516316,93.04786050400739,93.08385114773424,93.11778229407713,93.39306900618142,94.15422350987406,94.0957216496518,94.7619791654574,94.95980383274907,95.39266568962175,95.42152056254366,96.20707893049126,95.96789240984701,110.59382599263986,109.96952525864553,109.56934907465688,110.00823100080572,109.58116000564436,109.86002134455009,110.26805799973246,112.87971977804482,114.62036247372444,114.82954808362265,114.31361196729861,112.51112704820935,110.75065115677334,111.1188562561683,111.43587054251904,111.15323064949318,110.50042390997342,112.0680115235102,112.25121915249501,111.88761842859347,-36.89959092231835,-13.590067307403398,31.38488976865179,0.31233975,0.5233892,0.2556978,0.22336571,0.4711121,0.0,0.42170668,0.0009443478,0.47355062,0.31929338,0.5011392,0.19953927,0.5457858,0.0,0.28752178,0.4608167,0.061166223,0.16486359,0.018217172,0.70023525,0.077897765,0.021471,0.011930901,0.27749902,0.53046715,0.0098569915,0.07087718,/content/data/frame38.jpg,0
273.68332248263886,74.08944511413574,38.62405056423614,45.96030807495117,0.9870088696479797,273.59137412163136,273.42857859871594,273.91604471298916,275.3582735971673,277.5615284868551,280.35504124409835,283.16647081202717,285.8169917887104,289.67134887204776,294.81358613010707,300.384462599597,305.65342342723886,310.4180015023271,313.81685854030667,315.4665595063878,315.85755541720647,315.8152934075421,273.25641827337114,275.0009161881683,277.28205303196034,279.6913409716026,281.93211013390925,288.3158054315415,291.37911407869376,294.9894093711541,298.5319822257569,301.79991776428915,284.3846775141424,283.7596560535408,283.0630758323313,282.3844115999731,280.55464508392515,282.2571193210196,284.4886165481786,287.1559391063331,289.87272951774133,275.74341804740703,277.8469326547578,279.71878859525634,281.91732862127265,279.74406821989226,277.84263117376474,291.49891615937247,293.78299270463793,296.0834549831931,299.3141581382889,295.97489395276705,293.6348159711576,282.06977560604065,282.96312762590344,284.3357438532168,285.8107310546247,287.3929857191902,291.08455878529304,295.3646556484708,291.91386196684715,288.56904875578755,286.4343192361182,284.6255062086827,283.1724948578198,282.63389256656035,284.6574048871813,286.10147303663695,287.87041230503195,294.4835144433947,288.0276357910478,286.1699186887233,284.61389533297216,92.26016742606085,96.85048045803146,101.50117037243062,105.9914826005749,110.0375440519575,113.78538482873401,117.17021479801114,120.25788590266365,121.70705599977009,121.05615333178767,119.21474799766128,116.52769812774605,112.97097657295689,108.31012714231102,102.65410863406032,96.70510453601923,90.84381153092004,88.47400780083589,88.0561921478076,88.37076239499193,89.07769444168625,89.98689142783583,90.30659156503893,89.99430766101901,89.93812706478653,90.47081379238766,91.69646631372271,94.33993266433717,98.00968602842167,101.34547878564499,104.70167933347165,106.09065170803805,107.32585230086269,107.95646552238831,107.36665144538237,106.39794214654148,93.10074946224772,93.40211940608674,93.48636728907363,93.69453628650626,94.33657136184169,94.1844563981515,94.97196765928997,95.14492927312695,95.59663573112066,95.62787529846983,96.3395000193082,96.0852935052028,110.8490758875062,110.45453951430355,110.15949440762961,110.59307119984086,110.16378438294169,110.34581411700728,110.3972083499797,112.82392739620609,114.4292493073347,114.65398812895164,114.18833349835322,112.54769572149462,111.00462283144606,111.56903236499474,111.90537300413635,111.59815159971839,110.6514017147355,112.081534840936,112.29531039231097,111.99014028643305,-41.5543500602333,-12.994890609558478,29.615168126907903,0.4268606,0.46182257,0.31655326,0.22751541,0.51063484,0.0,0.3097691,0.0071286773,0.4726952,0.32941788,0.51537716,0.41088486,0.5178678,0.0,0.5724278,0.52611727,0.028217131,0.068816006,0.016713148,0.8672363,0.39030105,0.008475642,0.0064933985,0.030317575,0.4171547,0.004902568,0.14235508,/content/data/frame39.jpg,0
278.23681640625,75.81545734405518,37.86615668402777,43.774234771728516,0.9944447875022888,277.42312235035115,277.3150245778206,277.93998016215903,279.57537490244283,281.8694364591875,284.667985336599,287.3984088453714,290.01513561153416,293.831299062019,298.8480639203655,304.2661543124935,309.36460323648896,313.950301408093,317.253855000163,318.92894348736246,319.32880372378776,319.29091889898217,276.9896483334705,278.969916696226,281.4377772349992,283.95267914156517,286.2326019877631,292.63964285617965,295.78382970588564,299.3607771010299,302.8518887546828,306.04014097829906,288.6907369284328,288.0783271699619,287.4088882262495,286.77210537532403,284.9750152283416,286.6109508449465,288.7833950693664,291.38463445652906,294.03059672282586,279.7559900219592,281.88146019459737,283.86922529102185,286.11004614500564,283.8749432382368,281.8704548095402,295.6590712206281,297.93595701888705,300.29721482676985,303.45937035495183,300.21866800033206,297.84560014623713,286.17465072971953,287.10272248422973,288.55279076697025,290.0863434272824,291.75632215959894,295.50657384236524,299.7643037118228,296.4902736697945,293.15106920519156,290.9408090374657,289.042702605763,287.4089445838401,286.7857642636062,288.88485125639124,290.40201325076475,292.2636751071999,298.81330694183936,292.5608612064476,290.62153232818366,288.9849689506388,92.32405443810599,96.87650163124431,101.51093816031417,105.97791280532292,109.98672841738735,113.68456284441126,117.0389196734478,120.04430090843425,121.40622591944529,120.7979083482488,118.88254866637325,116.12189087572187,112.5515028779303,107.9486939156186,102.40948166831677,96.56599322376955,90.85857078884229,87.52877491089562,87.08222867259624,87.50577788294545,88.32436875572198,89.35571266406582,89.90792781928886,89.63351957958339,89.63833032613825,90.18766028581926,91.39040797859033,93.85428043508291,97.47475780702652,100.78756343688993,104.09355292926557,105.65499946595727,106.8449461582145,107.49824647965742,106.94763908125569,106.09437889731616,92.41868196373403,92.49085568596593,92.63200953362794,93.17426191922027,93.70560911102766,93.52722950927259,94.66200838226746,94.65895254846495,95.10586354561474,95.31804517783272,96.00353664193999,95.7447598061884,110.41805184426485,109.93525828226511,109.60836547080626,110.06999988850548,109.64618454508945,109.909822223032,110.11752186130707,112.71196859331138,114.38238253146665,114.62405014199922,114.15625709203613,112.43057514334632,110.60508077069144,111.16779252716742,111.49425326376485,111.21000123156446,110.40084086228498,111.90459601204547,112.12941583395995,111.8060485028921,-41.827361185239816,-10.977167714157732,29.181029320723944,0.32492164,0.5001015,0.33011243,0.28519124,0.43295443,0.0,0.33527684,0.011793571,0.4746798,0.28000295,0.5074304,0.3620028,0.55303293,0.0,0.34848693,0.45903838,0.33243358,0.053475656,0.04823514,0.8671068,0.11510592,0.010222334,0.005130443,0.14983562,0.5228245,0.010618523,0.18626267,/content/data/frame40.jpg,0
281.3367513020833,75.01060581207275,37.78398980034723,45.27066707611084,0.9920725226402283,280.4422108054921,280.1733571800041,280.58229604147266,282.03764654542,284.28383333765265,287.1750965689014,290.02802823261135,292.7347961052502,296.6293066808636,301.6903493720919,307.1980496988525,312.4468678532621,317.1959185249717,320.5740571003704,322.2057391291164,322.6055330396117,322.6021460806959,280.04969918046686,281.8403545695679,284.2050412107136,286.67633934545734,288.94057642686425,295.7298764270909,298.9654275939448,302.7156589005607,306.38599553768415,309.7349207829312,291.8208563267148,291.238301012198,290.5904139801237,289.96434466236565,288.12555786714194,289.80740315355905,291.9848210801566,294.6066332729919,297.2621094413228,282.75002503134374,284.9170999431068,286.9313051441863,289.24696506932383,286.97296538645304,284.9438240527359,298.96920473311815,301.33780450987547,303.7482895706248,307.03549186094506,303.7150934876372,301.27463416428384,288.7292120576583,289.88465398753067,291.5251595947142,293.11111929710177,294.8539525100768,298.72088009379297,303.09709652989557,299.57317301064677,296.0924672166843,293.8050621706094,291.8124196905244,290.04053504791955,289.3587622366348,291.81445154207285,293.4156023704199,295.34519107328896,302.152750214363,295.52477598907296,293.51109129817104,291.78121336494956,92.67058521800135,97.23459492634265,101.85180676514904,106.30250715530588,110.2500822459408,113.84276815480382,117.07716497093736,120.09881802541929,121.49851279649386,120.9099623056552,119.00320481436881,116.29933981808563,112.76367203498626,108.10875032664478,102.45149601188677,96.53021108818484,90.75116872491628,88.1088518309964,87.50519925948527,87.85041164706985,88.64764381546843,89.7317718035032,90.11739779933674,89.70119527095812,89.63623592460073,90.25418269318061,91.60195920492788,94.27342143078022,97.8368454393351,101.09937732814512,104.34612715409116,105.89313520994153,107.05803213028639,107.6852023715926,107.1411550961833,106.30207973792835,92.96472932399803,93.151261391172,93.26368025648662,93.63993059310337,94.18723368800585,94.0118436147414,94.99811730840167,95.06290180219554,95.47164071651969,95.55695905349205,96.26724254666385,96.03948574962675,110.28026050320227,110.00759735843656,109.79020057578873,110.26448167834872,109.86200669521259,110.00622444201178,110.0516019202588,112.69238075922169,114.39542206195142,114.63566300822367,114.17232638093662,112.37375081830965,110.53376757822991,111.33103050772763,111.70412054615906,111.42042226182821,110.35372448396924,111.92802896779324,112.1423334504749,111.82472672086055,-39.352643381143004,-8.886741780359873,28.35333110886,0.25777012,0.5077725,0.40435752,0.27841625,0.5177149,0.0,0.43332577,0.0013789192,0.4761945,0.33624566,0.5385893,0.2073867,0.5332814,0.0,0.5167964,0.54538643,0.017577732,0.051765524,0.025011657,0.82766783,0.16720884,0.022852521,0.007683824,0.31181028,0.362706,0.009786088,0.117952324,/content/data/frame41.jpg,0
285.65093315972223,76.07132720947266,38.43372938368054,46.86946105957031,0.9803450703620911,284.7173032927646,284.4125783343837,284.77064193566366,286.045664551296,288.00987476360314,290.68812449310883,293.5042536465131,296.4163626887046,300.6272316056587,306.01943375290756,311.76056682083254,317.12504490876455,321.82932497716104,325.1102176461078,326.7499063460702,327.3075152890382,327.5266258714986,284.91395302910377,287.06111437589,289.6560184425516,292.237364706687,294.61362500772736,301.70279604109544,304.9051377673721,308.5692158235124,312.1933403924777,315.58405989422715,297.38165945532893,296.6660870691918,295.916179759775,295.2115109411019,293.0007166763082,294.66712540224216,296.89954242188395,299.649210937325,302.40960031633256,287.81942355032044,290.17447008505405,292.27643149329504,294.71186271440456,292.3124308658433,290.2019410408064,304.20512705999533,306.61538369544104,308.9949393713676,312.2694893655589,308.9055552609003,306.4930927692236,293.1248782222474,294.52450573410243,296.37529956868383,298.09523550805335,300.0354771480388,304.08085991455573,308.5647135971929,304.6778574711807,300.9122496858421,298.4315715930761,296.2996467456363,294.46722387176305,293.72017277740525,296.5299408180461,298.27706443831755,300.40824506070675,307.6922438199861,300.46971402704696,298.27079719177675,296.40828013646603,92.66053265029731,97.4730086258789,102.35609211504342,107.13608870142416,111.5582404283472,115.70767725497717,119.40310327709958,122.68721756890045,124.25011364168385,123.75194883654004,121.84511016233846,118.96414123949324,115.12852266155824,110.27718439363926,104.51897102556686,98.50424306151199,92.65202937623962,88.36789284400147,88.02843570707736,88.70796346373754,89.82068048531437,91.04420490648354,91.71640271686847,91.38308878897678,91.36923681641365,91.90079620642864,93.1160302287235,95.25193098116324,98.91123862177665,102.2681528739311,105.61278406038582,107.03186367069138,108.36437180484245,109.08476489198293,108.58939260696133,107.7341271674104,93.73632672274289,94.14425424050333,94.28702476507223,94.5521147109619,95.10103264742702,94.8985313578185,96.1804606836331,96.52335399477724,97.01322504868168,97.07206911315424,97.65371954238472,97.34816990219096,111.23843485559664,111.1143839377055,111.0544872305938,111.63021570688798,111.29904896883818,111.52164265862993,111.74382400751529,114.32070659752972,115.92898028420822,116.1110639942195,115.53232174170698,113.57677320270813,111.58157959412273,112.5580497936011,113.01553364834471,112.81873305557637,112.04606318717997,113.47909869336654,113.6025394808108,113.18413749831817,-35.553288225252246,-7.066336743384101,28.30767910346286,0.28420565,0.49578983,0.33735356,0.25127295,0.4075198,0.0,0.4723038,0.119515724,0.4704056,0.33985063,0.62520134,0.2096603,0.5553598,0.0,0.47646466,0.54191893,0.027411673,0.05832036,0.02225558,0.875713,0.057758886,0.0122316405,0.0069358354,0.27959955,0.6191737,0.004556466,0.019743888,/content/data/frame42.jpg,0
290.0220811631944,77.58557796478271,37.349772135416686,44.57404804229736,0.989848792552948,288.42675877028097,288.18884808437514,288.65353472231055,290.0011264505509,292.0230323221314,294.7060847371235,297.6578030569704,300.74403246904586,305.0219318665425,310.2490222938899,315.70852976696835,320.75073260101937,325.2067048477435,328.32422947749393,330.04397756752076,330.6569060106759,330.8536775611732,288.945799169273,291.38953371348737,294.11354792113303,296.74790799344527,299.109015160655,306.93631382945335,310.0876650952604,313.61877375289043,317.05590748833356,320.24759247447537,302.15402931942026,301.4785152231917,300.77095190368715,300.10864007889217,297.81435725586203,299.4754586945919,301.67060333086454,304.3544376480708,307.02117054437156,291.6083029390206,294.1443123061121,296.39479266422416,298.88100259161695,296.32092721488607,294.0222709999605,309.1776488807295,311.79910796503015,314.31403705713524,317.55132902054277,314.20481623734014,311.6600074814158,297.49277944632723,298.9556347992935,300.94016319448684,302.7088722317258,304.63812707467474,308.610158441069,313.0069994324735,309.44421616322967,305.85274720520925,303.38715526607075,301.18719168913844,299.0992242464863,298.17311567139984,301.1558789364495,302.961994940781,305.0787500941091,312.0665488100448,305.3383830756269,303.1575725162355,301.2415151624436,93.90483398339566,98.76788955008996,103.69081443678314,108.56217841191885,113.07536900334676,117.20339823046189,120.83940452989529,123.90709146173467,125.37747252388206,124.78966059711271,122.75311537999846,119.80771125927595,116.07010390066714,111.37959605970497,105.80866154325449,100.08105008281454,94.43934424994711,90.07603179936157,89.97605830830182,90.72230705682719,91.78202765615279,92.8875146419621,93.34573006269338,93.1208275674982,93.13690239303989,93.63505619924533,94.67934917445426,96.92739694789982,100.5104538814871,103.81345751273265,107.07737719191248,108.72799588046762,109.92059043935305,110.58289110550277,110.17294798416191,109.38187973990767,95.12328152925403,95.3247046407321,95.57956331617115,96.27316398227237,96.69431357163761,96.41928484784681,97.64752490196604,97.5556860633001,97.9986731214372,98.29471198015852,99.02723878319968,98.7205290714264,113.33823480380525,112.84249126497575,112.5738293453513,113.13034286626132,112.7514207787405,113.11531695337399,113.49248553949695,116.20489395902716,117.91457057466167,118.14758540496013,117.63899667134535,115.71386255668133,113.57960905349489,114.31296478446956,114.72075906955197,114.48182059271315,113.79163606615336,115.22543908914173,115.4074812278971,115.03684523152717,-32.82479701215102,-5.734469925565887,26.833414322769,0.24971057,0.45250928,0.35600403,0.2701457,0.5285562,0.0,0.5047005,0.3297655,0.4724503,0.36214826,0.61037195,0.4090082,0.57023257,0.0,0.40092137,0.54210013,0.013919784,0.08857035,0.029659083,0.61166674,0.71366715,0.08164953,0.006786274,0.02901156,0.05865305,0.0034344392,0.10679806,/content/data/frame43.jpg,0
293.37578667534723,78.35402011871338,41.50016276041663,48.22437572479248,0.9816869497299194,293.2785702456765,292.93790378103887,293.19006613148053,294.2149892180829,296.1034825649829,298.95995834794127,302.379137830478,306.0442058613145,310.80000916753335,316.51093773299306,322.43836011547455,327.908874133871,332.5830158274396,335.7900906968446,337.5831555076946,338.37967615139655,338.7715415152811,294.65458911448985,297.2882589050874,300.2649661065103,303.1869341578865,305.7941954280256,313.5402590039464,316.8366356326551,320.5385988457392,324.1834006546063,327.5794027261102,308.8329421724488,308.1915837666965,307.52816896465737,306.89665479301294,304.17329606186485,305.95935366823335,308.27421635058056,311.1174495001126,313.8820201825995,297.73455039720886,300.41448619101146,302.7542483355052,305.34821437075686,302.7709117885448,300.3717720799131,315.83313772480574,318.3896377226083,320.90343223250284,324.2800321257107,320.8694292682998,318.31793072090244,303.13805619032325,305.11686624603163,307.36450426101885,309.26192002297796,311.35835211974984,315.3826139708586,319.894218874087,315.89488666629103,312.1012020266899,309.4566471829088,307.10277836131536,304.8562734335406,303.8670607028313,307.4762366630708,309.4318192932422,311.7092090395881,318.93663773023343,311.71678709927096,309.3594776247263,307.3002407972264,96.16319967332802,101.4122270474878,106.7583274000981,112.03746867961132,116.85087834666953,121.16397395867793,124.76531488816198,127.71994068604602,129.12872509124657,128.50982837172782,126.49124643746978,123.51135469184922,119.53271814090229,114.62916509116187,108.8797805460005,102.88924158404357,96.95133857600608,92.27870594074938,91.89973224644366,92.53631857865415,93.69148460772182,95.00271658508822,95.46270687740571,95.20567889180691,95.19231467139664,95.69806133636932,96.84343314583317,99.01236730246153,102.70869094905433,106.10582438313261,109.45855873471737,111.12146855964366,112.37380759616991,113.10979344358836,112.66013200867661,111.80415619212349,97.53080661995125,97.73132166524755,97.91517843141843,98.50575659381539,99.01276051994166,98.77524336483732,99.9936260023885,100.07285759999704,100.50048160964067,100.70334733662742,101.42074503491926,101.137307666543,115.6355293474848,115.28203718067451,115.08821890500694,115.684771213681,115.34840815218942,115.67765535700107,116.05033239771046,118.8150031092054,120.4807378912916,120.71137029121749,120.16644674782953,118.19262951933601,115.96746698768683,116.87836217896509,117.32635761350048,117.11991153787885,116.36764855634863,117.79875667673704,117.96433227935793,117.57854454003466,-40.28000233851696,-4.789380553419369,25.33954045930917,0.28839776,0.5224442,0.37194896,0.3298694,0.43163475,0.0,0.5421113,0.00461395,0.47583136,0.2837062,0.6378622,0.2602445,0.521319,0.0,0.4388299,0.54086953,0.054633364,0.037296973,0.056370374,0.8270448,0.4355028,0.14147793,0.0056906645,0.13489638,0.22196895,0.0023929216,0.05807032,/content/data/frame44.jpg,0
298.519775390625,79.80441284179688,39.187581380208314,45.989112854003906,0.9840248227119446,297.252567704641,297.13842067097085,297.4574482504539,298.47977208018324,300.301601697093,302.9974793755846,306.1715458409867,309.47291693078796,313.915478758488,319.18949012543544,324.57626368962883,329.6315646493831,334.1129512379266,337.33808395764663,339.2326914982759,340.1989948296032,340.770590175448,299.02376855712464,301.5294697086176,304.45848838193433,307.3960487986824,310.02796002749574,317.59329674253877,321.1346589978384,325.01016484849515,328.7470324550386,332.0430648524016,312.8274742917133,312.15791574879495,311.4784659870461,310.86595382343194,308.0638606714315,309.802713587108,312.0253069706332,314.73647130250356,317.3671736776687,301.8755809550921,304.5118054066163,306.80011684408555,309.20426195388654,306.7018033261588,304.3775461731675,319.5383406178298,322.19693050654496,324.7749762036128,328.01457240494165,324.70094830877406,322.08564689355717,306.8467802396058,308.90131336144896,311.1469950273058,312.9844246127236,314.9836481572388,318.78362450301483,322.8814640324117,319.2736625227262,315.6076732127408,313.0406009463409,310.7320654695718,308.46248961895117,307.53682186189144,311.2011598942404,313.1081750429271,315.29085158557837,322.0031915618565,315.29285482876685,313.0041182366472,310.95369521720795,95.74372795023828,100.76620072112382,105.80505469246691,110.83331351387551,115.4975050892117,119.820905196475,123.55032560666587,126.75538971112655,128.35871450819832,127.86486407657321,125.74761694321933,122.78982344132783,119.08561955376899,114.38404068437649,108.88206254515808,103.16445451967593,97.43099324206423,93.92451340448588,93.47872436239595,93.97446784238718,95.02074136546617,96.25698418348975,97.06980421896378,96.78925313534455,96.84424364109736,97.56126161377506,98.94117052026922,100.33791785349877,104.03927312266478,107.48096662819262,110.90377899102441,111.88911148794341,113.22464641970419,114.04753530148355,113.68833965337853,112.90316371602603,98.18162721435556,98.4514630850249,98.71296691136513,99.43373644209942,99.83127495428744,99.4995934730955,101.23447773046837,101.19715786906454,101.66653024783727,102.06270859408369,102.76033227802691,102.42032862069891,115.65501460782798,115.81415237829697,116.01573324705987,116.6666392604211,116.4407431639911,116.75538063109252,116.97849718648104,119.91221229733856,121.57021346268448,121.6493793967029,120.96164857628901,118.63045901768237,116.04396614736652,117.33556788368332,117.92306746732174,117.79261982343724,117.26199063632703,119.1081190339155,119.16938406574718,118.60758454620009,-43.637806523063404,-5.891937820849497,25.016256573965556,0.3583693,0.43978533,0.3402493,0.25052187,0.5544675,1.0,0.5280341,0.0012595844,0.47112665,0.46218073,0.5781989,0.24887617,0.51638144,0.0,0.35065517,0.5331294,0.7548796,0.13387613,0.033821955,0.7579857,0.28991568,0.05240396,0.006286769,0.12302035,0.39767534,0.005183749,0.12551415,/content/data/frame45.jpg,0
302.4004991319444,81.10300540924072,40.85701497395837,46.540635108947754,0.9792999625205994,303.7189815422679,303.46752803343537,303.84842287229924,304.98792917352756,306.8837958052644,309.7430644823971,313.05804546830456,316.5372883417231,321.09894032394806,326.51687126705,332.0297026057363,337.0265362413257,341.3297915749496,344.28482448310706,345.92772963894197,346.7483766362174,347.2351970073854,304.8257453178997,307.4570263512427,310.54759653798766,313.56184628102073,316.3176744091105,323.9457108501706,327.5269795132401,331.4278273431296,335.20491535026315,338.4230602168536,319.37424543103447,318.71469791792356,318.06596083098935,317.4968131141738,314.5316338845423,316.3254239617324,318.6320559963641,321.372574763411,323.9907201719061,308.0645348528633,310.6506043370989,312.9737341306627,315.4070919895048,312.8101862805388,310.4549031670546,326.0020719483791,328.6643961316255,331.2834786101649,334.51916649321464,331.15875675102257,328.5372342286379,313.2702277530528,315.2844473300343,317.4879367473069,319.31602059215606,321.37883632203716,325.0792626787819,329.1100653131408,325.59489753770544,322.0983613112497,319.5263254079701,317.2697841779249,315.05587214499127,314.0385519547482,317.5745416595864,319.4777309194933,321.7054776348567,328.15030585707336,321.77048666112495,319.4825577456538,317.4778886267789,97.16048777654078,102.39289383068312,107.60610576093472,112.75786054320315,117.57690719149508,122.0677629493276,125.92014278687412,129.14999187469246,130.6190181079971,130.13862240889108,127.87273710916824,124.73348921280576,120.86087332268696,116.051087522932,110.49154582239433,104.84893777247966,99.2135017204704,95.67919807594276,95.08363763349223,95.67873203755485,96.971797155389,98.47862409522182,99.64438416970634,99.4168808729555,99.4598080017507,100.16988905591671,101.67490510372792,102.65130379466665,106.54172401562653,110.1520468433368,113.71758671081429,114.17230036590072,115.59461623735402,116.51929631819412,116.08018496256588,115.21758119499574,99.91477298468205,100.17061640868641,100.53341064944831,101.3501379309969,101.65145172185622,101.26981787926294,103.43566803902031,103.44363063776237,103.9874974364565,104.38302588070081,105.0181846063186,104.62875127841905,118.18580631837679,118.35028125200807,118.52844439886147,119.18662375641932,118.8902899186194,119.11644503289092,119.17258268556063,121.73403951743458,123.25930326877778,123.37766703277073,122.7831884651493,120.73715344607865,118.60093334125565,119.9134372531342,120.44988738376927,120.26014651182186,119.46152315722088,120.65901545265383,120.79309136801069,120.32256902503714,-41.60225818146585,-2.6975538554286977,23.24330453037424,0.28509414,0.4818075,0.30877328,0.29957274,0.5158975,0.0,0.56559944,0.20173481,0.4693999,0.2546813,0.512565,0.22747734,0.5146289,0.0,0.3293098,0.5421374,0.045756146,0.07888807,0.037132878,0.7602857,0.13016541,0.03614526,0.008945015,0.69386667,0.051016796,0.016543964,0.063316956,/content/data/frame46.jpg,0
306.7873806423611,84.33473682403564,39.680582682291686,45.3118314743042,0.9877845048904419,307.1077076948941,306.95775601108465,307.3512630131128,308.3018520542406,309.9196248489966,312.48657686956716,315.6479775169466,319.223944890274,323.7667927739835,329.0136165398021,334.3413183312318,339.18331119915024,343.3370257492573,346.2206814365956,347.9133867254866,348.8977100542954,349.5746353076422,309.1337581429193,311.8842057288891,314.89415737136784,317.75516364648485,320.3558078223248,327.55718333358374,330.9355740033924,334.5507650314967,338.0615422206465,341.1590976800666,323.20204182572326,322.6624066562437,322.1253788348549,321.6405498305565,318.79114779389676,320.4597808914342,322.59067784587216,325.1066342538007,327.49423751056565,312.0793103941777,314.64677529583633,316.9135881693305,319.296425602146,316.80364202062975,314.4976103537908,329.5008713987257,331.9098471315432,334.38571292930106,337.5167733788541,334.39858276058544,331.92252574649774,317.06984756130845,319.22955822388883,321.3510223795473,323.0591708177886,324.92311843243425,328.2639869487061,331.8738919796246,328.72393676392005,325.53748677733216,323.17970840658944,321.0433569253191,318.8686066122539,317.8297444970303,321.373730128954,323.16639456450525,325.2013949090532,331.0373723918693,325.27917944336207,323.17182316369974,321.2705429913697,98.0607338234718,103.09247162777268,108.16863481921294,113.19887530242255,117.93592605576343,122.3572203113602,126.12732897617886,129.22000355775606,130.6369327666123,130.2290812988917,128.11429675095852,125.13253736355026,121.35441705860694,116.69647801054217,111.4161913870023,105.99333354384147,100.5437362035737,96.48751443356757,96.10002264354239,96.79523660450384,98.05763060930539,99.45242247678972,100.53522545641864,100.40360866382893,100.43912466637985,100.98884244606481,102.17659240170346,103.50210886155664,107.2343647954547,110.70765386109247,114.11191059070481,114.89719392492836,116.17476856174602,116.99184890295294,116.58402660382505,115.75042387533844,100.89403155601373,101.06336333894747,101.39583344030112,102.28114884266668,102.66415028989546,102.29379018664166,104.29719446340032,104.18548685579673,104.61412742771613,105.01270652391705,105.73217903112968,105.43662988620804,118.93132696788373,119.02566791949707,119.1229937904287,119.72799253516462,119.45197338352415,119.67299029222153,119.80058019854309,122.27329254733604,123.68158785275698,123.82018080043093,123.26288566855692,121.37576198654419,119.3144823604628,120.49047575277132,120.9872817053224,120.8016074080972,120.09508575603749,121.32560497094187,121.44515730950084,120.98359349882489,-45.02922844446256,-3.5707073167917254,22.715859330918573,0.2297284,0.46475384,0.32668388,0.2705774,0.40423793,0.0,0.57904774,0.050308652,0.46871206,0.18275258,0.5661025,0.32609946,0.51962924,0.0,0.48165846,0.54213923,0.21812646,0.030214414,0.059784975,0.5835615,0.27603337,0.044871498,0.003953941,0.48845148,0.022118296,0.025496433,0.13907494,/content/data/frame47.jpg,0
313.0489095052083,85.19304370880127,38.937255859375,44.56618595123291,0.9906153678894043,313.2296128052056,313.39190818959366,314.0269566080184,315.1336049382145,316.8687869843337,319.5169454158211,322.77815687689565,326.3896529340316,330.86804989406,336.04682160126794,341.1804262982756,345.8176417439747,349.7368485174843,352.38039127228797,353.95357836739447,354.99640891095635,355.81975892801233,314.8844843083636,317.47892971501744,320.570939011694,323.5652731944601,326.24247723778586,334.19605000549063,337.7070690289612,341.52953784943395,345.27011347261293,348.4588607223264,329.5746132887863,329.04555091178145,328.5188027483625,328.04904607902375,324.77813309033394,326.6131530519036,328.91501300866463,331.58433406273707,334.113850796483,317.71138625385777,320.3531208300711,322.82221459463324,325.3556776044389,322.6582018788824,320.1520344764266,336.0488999308244,338.69084568699645,341.3842874768878,344.6285726650407,341.34718036896294,338.62570344341333,323.0171647758908,325.2727181475797,327.53797623450595,329.34024975507305,331.27112629219135,334.6891623813636,338.31800547752766,335.2154069005035,331.9703694335541,329.512446690358,327.26357616823225,324.9600602418323,323.81299286443357,327.54725699601465,329.44346017461976,331.5584856357838,337.460232330287,331.64960221739,329.4621173262978,327.4593391931047,100.13366132461675,105.27869364656308,110.41949758790103,115.49768866372801,120.1735125873229,124.48996081685785,128.1626942806035,131.0796489388549,132.38671740969343,131.95106510833747,129.87405522737367,126.8690265727334,123.03438741139158,118.29386113605217,112.9001177936844,107.40627833848258,101.87385590636109,98.65356394914622,98.09027766833286,98.7073518830972,100.03079038681504,101.52238710871963,102.62752769370066,102.2390729177711,102.06361982659357,102.64194690190423,104.09464029087621,105.7028147252648,109.54658642369148,113.11893210718831,116.6514006392257,117.40206331137921,118.72969513186322,119.550517364658,119.12002582335103,118.25366522239081,103.23872871489473,103.18696013949287,103.5411049458194,104.71534998855338,105.14902755806848,104.78360972647127,106.47154005758976,106.03373451755988,106.46400930056954,107.10841578033701,108.01531974575869,107.71975068165588,121.33906976624371,121.35462536169712,121.45498445334775,122.08692733102038,121.76804718709158,122.06185668383984,122.22806885878387,124.64728590161253,126.09924454370909,126.21803127825237,125.63631257311334,123.71318833274557,121.70233117154498,122.9569026953503,123.4830069591214,123.25755282895162,122.45556944228994,123.5235566988269,123.66750970921129,123.18326211017353,-47.55808738298005,-4.101539670900533,19.715800822815655,0.28884938,0.5072412,0.4077178,0.2816935,0.41244173,0.0,0.53950536,0.0066690263,0.4694558,0.30447933,0.59743255,0.16341661,0.45903805,0.0,0.35411745,0.54078865,0.008383652,0.020246979,0.05849288,0.31019956,0.5969215,0.019735038,0.0018226757,0.071790315,0.048882373,0.033196036,0.22765203,/content/data/frame48.jpg,0
314.6235622829861,85.19471740722656,41.38642035590277,46.07478904724121,0.978796124458313,315.5823159194082,315.71564465127017,316.29162675022934,317.2566753202975,318.85601949307863,321.4164147632282,324.69351190451,328.4184232061682,333.04898287453443,338.3751077359391,343.69118289165715,348.4549147544136,352.4351485590781,355.12306502088757,356.7692822798815,357.8927830221466,358.7883058860765,318.1047351989105,321.0026112521751,324.2191572277385,327.20682811808916,329.8403469845831,337.93605143516646,341.3567181544886,344.99741723963234,348.55283800569083,351.59425562502713,332.99377293212865,332.40619387815684,331.82487467529234,331.3011398411157,328.06048956654655,329.86404016675505,332.13835167293615,334.7447862612911,337.2086465203735,320.9949145518534,323.6620420135327,326.047783483159,328.51954806068346,325.88538491891103,323.44724953360765,339.3124804810014,341.86072267617294,344.395499353248,347.5460977397248,344.351800682186,341.7885012299947,326.1963326005639,328.545053782002,330.8018083749039,332.62023497821747,334.57677376897726,337.9015110300835,341.56985628050165,338.347220997287,335.11109712729586,332.66403910610256,330.45434297273533,328.1495791611283,327.0089334462991,330.7925084013189,332.68650635270626,334.81026011855533,340.7087980245632,334.87818419919324,332.6795066560746,330.6834050790328,100.70168920366025,105.88680511050984,111.10333891182168,116.28853885457715,121.14365894110583,125.66107002936333,129.48088423297537,132.5097788545714,133.9053087674859,133.43963780098957,131.282034042696,128.2250944972133,124.34765143531612,119.58039006451236,114.23400266321147,108.7459636798399,103.18810568854083,99.06209595136576,98.75295421780807,99.70109838868981,101.24518895334927,102.83630007899758,103.88865371646955,103.55638892668965,103.37596383674722,103.79232385187852,105.04748414222786,106.74096088782542,110.5700931904139,114.12588964640459,117.62244573203253,118.21097060188626,119.53260164603049,120.35534611993526,119.90861124423245,119.01464057291724,104.02587611197103,104.14039398301688,104.55575710161754,105.60570335755024,105.98437244500914,105.57100476723262,107.47512822139808,107.23299606009066,107.66016375182434,108.14224314088611,108.97144684520427,108.6778484587102,122.12230485029937,122.21139279711824,122.37199365208531,122.984625292589,122.73289656038169,122.90275125157365,122.97630079461746,125.40726182042599,126.7716885615846,126.87630502560137,126.32818989213993,124.52338204886883,122.47696273735423,123.61250862613002,124.13641482764416,123.94386055528517,123.22738360378344,124.50043200774698,124.6164806504903,124.16126968263279,-45.84765757742437,-3.6549653042456716,19.788170326302183,0.36030948,0.50492746,0.44192603,0.27969643,0.46872702,1.0,0.6087257,0.016715579,0.4703458,0.20921853,0.5358025,0.16417877,0.4109345,0.0,0.50260985,0.53498775,0.012612028,0.03743136,0.026537951,0.6730058,0.34296045,0.031730752,0.0010331087,0.34183964,0.017324641,0.019620866,0.24549066,/content/data/frame49.jpg,0
318.41324869791663,87.25463676452637,41.388834635416686,45.73362064361572,0.9804531335830688,318.15062392163884,318.31474354541933,318.94377077250437,319.8941245455085,321.4701330173151,324.0833296875895,327.43418268821455,331.30831812576577,336.05156326084244,341.50132690209864,346.86135054248194,351.6731895008547,355.6908029554025,358.40086004453116,360.08154364912673,361.2325865705799,362.08096879433083,320.7845063588638,323.6250150336092,326.82692315216286,329.88638038648486,332.6782842555887,340.6103971755645,344.094922182848,347.7894467737152,351.4090691797029,354.6270401499838,335.7695809700629,335.2155900439192,334.6753345651643,334.1852548490903,330.80354615869226,332.60844740537965,334.94853879615147,337.6352613261117,340.14908371915647,323.7749019992356,326.406986136341,328.7709027547995,331.32117036982163,328.6994745030295,326.2886123563021,342.21908008178536,344.73955921106176,347.23163190425225,350.3459311588642,347.2181123510114,344.69518969251396,329.26740532177797,331.6098879037956,333.8249127959389,335.6190634953905,337.5160550451534,340.74098042390034,344.2736661818163,341.1095444458566,337.99742866615105,335.643196208682,333.4890649152209,331.2442515373318,330.0726218004127,333.85339119674086,335.7074705134553,337.7752326987642,343.38399910893594,337.6936819554617,335.5725873733375,333.64952496963576,101.38428626542566,106.65648351215745,111.95329269176698,117.20319068990395,122.19036840772802,126.75503146444743,130.55422546363758,133.50678729012535,134.8099603501144,134.35561438666622,132.1446195186198,128.98949010103874,124.93660412227234,120.07285570578736,114.62183595312433,109.00197716331567,103.37647732110835,99.76855408815861,99.27916130801025,100.00580540124852,101.36616424148326,102.91287407828162,104.09907176350895,103.62529859785967,103.35206002007621,103.63354182896704,104.80568349670692,106.7871567163883,110.76953853576076,114.49037277257904,118.1617672494938,118.54319659999979,119.95247836263209,120.8602412904672,120.2834048381116,119.26349471373476,104.57960470577862,104.95166228758515,105.24033402583073,105.81679429898898,106.33467202218615,106.02888249489895,107.598558889477,107.74757818960694,108.17193612877864,108.33131834801497,109.13993188835803,108.84826707215083,122.87766088579895,122.88076845308149,122.9580487447131,123.57736727738276,123.26595632443761,123.4781998987117,123.63695406224463,125.93892868695346,127.21765991248449,127.35755932042102,126.8282228517599,125.11569158920344,123.24528609532354,124.29007638470142,124.77498772571602,124.57805628033623,123.96014760187579,124.80267451464174,124.94316599592369,124.52684684264341,-47.850913949927936,-2.464748809028896,17.152959757050457,0.25553992,0.49843055,0.6068056,0.28953066,0.39056474,0.0,0.592188,0.19867507,0.46321267,0.18958682,0.4706877,0.31087145,0.53642225,0.0,0.46328628,0.47066343,0.012610585,0.041709546,0.016863072,0.6171574,0.443375,0.014510432,0.0014829335,0.41244164,0.057887968,0.020519651,0.049782313,/content/data/frame50.jpg,0
322.932861328125,87.62029266357422,41.66940646701386,46.65713310241699,0.9850003719329834,323.57949593728085,323.88065958518246,324.5643481201319,325.71072390000217,327.5994633164709,330.39974378479064,333.8392582370742,337.5927861419715,342.1864853711455,347.46520550367086,352.7352306183602,357.56501852026736,361.78097921024664,364.77915351234833,366.6429642075602,367.9123967654741,368.88986293864355,325.96000860968707,329.02100696025207,332.4494186206184,335.6668371884192,338.4722544083045,347.04751426690086,350.6180446672679,354.4967334410726,358.3561032901978,361.8015729370038,342.2390993228638,341.77066962853166,341.28351169006385,340.8258677557186,337.02663385800554,339.0421743664738,341.4913227832026,344.3003691843953,346.88890486075684,329.39108584115166,332.3763944869447,334.9357615571288,337.60771000294346,334.7753400632147,332.1655832705918,348.80638405600257,351.57648558744063,354.28831331290985,357.6828676317084,354.31511419114463,351.55751039211714,334.37921033488385,337.06914617127075,339.70639296942954,341.6062535322957,343.71511656092287,347.3665051208204,351.31099971182243,347.90129126675515,344.3305906702992,341.65338116303053,339.2247096718214,336.54816426301727,335.2674170023696,339.6005693796818,341.6408951107437,343.9113209482341,350.47734255941896,344.13748151578125,341.74199659331896,339.5576682851547,103.24966368333025,108.41479961817174,113.51439003571659,118.54765904203009,123.15689617296744,127.36561852340105,131.01083497219224,134.14286015527,135.6790900998401,135.30864663222064,133.20537671427974,130.17515548979122,126.3454898639468,121.52438196257367,116.00764593689678,110.27656962890592,104.52087495723208,101.52727092069415,101.18105369831756,102.11637131064708,103.70310611030436,105.40059851769843,106.2130228737168,105.55595918085135,105.03455011378651,105.16083060598464,106.20558597206741,109.15500743764414,113.07926537995786,116.7527043449029,120.36418525913109,120.7702230695786,122.13240582158778,122.95186661786988,122.42579050707309,121.39228643733804,106.5074237299682,106.77636191644854,107.14619801763308,108.01766873637678,108.47829110227781,108.07956671788577,109.66885612746569,109.42876617805427,109.74012323680984,109.91807993364819,110.96600895621225,110.80237375967829,123.93769575964302,124.27979323551472,124.68601459076399,125.32015186930084,125.10659916104532,125.15973704974317,125.02904981371375,128.0439400414882,129.69283645973337,129.78338077902936,129.12276966572267,126.82791568370749,124.44009125383491,125.90535276651099,126.48670923441887,126.31684018898159,125.33946411962393,127.27471045167977,127.34480788005999,126.76161262695632,-49.777291288852,-2.7101240661044397,15.659770539656684,0.30331787,0.41097045,0.27525103,0.28386745,0.48967022,0.0,0.61276704,0.09103602,0.47077584,0.37079152,0.49067435,0.085150555,0.46918452,0.0,0.30593133,0.4549107,0.058534533,0.04964371,0.031114852,0.6591355,0.24569686,0.12356327,0.0061446484,0.42148426,0.07781821,0.08565733,0.039635412,/content/data/frame51.jpg,0
324.60356987847223,88.51547241210938,41.95694986979163,46.03882598876953,0.9906936287879944,325.2862390518327,325.42938456122624,325.98470082066194,326.9033467446774,328.66332745501825,331.52830561765165,335.18799034586164,339.3196903135051,344.2254664934064,349.62457320037595,354.7697470955633,359.33077410068546,363.1871321197388,365.84147322245497,367.59941312489974,368.8981111543153,369.86576198822695,328.3873738403262,331.62624216923007,335.2264092336779,338.61067956832204,341.636320929426,349.84123965804685,353.3658062741182,357.10454987505784,360.816439440672,364.0437248058412,345.1613666702233,344.79626704316814,344.4318572898593,344.1024565710767,339.7327320497328,341.87791175170486,344.4803624940706,347.2160411932988,349.66443769475353,331.7408822271467,334.725022496012,337.23244683440436,339.89143923385836,337.0916813071115,334.52652490896133,351.39119003514224,354.1034179664281,356.6247435077788,359.7699981097363,356.6098791159384,354.03582021815583,336.7533994928939,339.7322298743328,342.5119682906246,344.4588282250319,346.54129856811744,349.82002315901536,353.38925539558386,350.2521771970247,346.9759486648363,344.3585001660157,341.9267100287726,339.1168130983756,337.7229684721859,342.38995942614156,344.451908083372,346.69337045105584,352.44058514531605,346.85149478242204,344.49891334729017,342.30359513619925,102.57312840314871,107.98346737431139,113.36734581808506,118.69165638055657,123.66340029677595,128.22741071771725,132.13459218020563,135.293591569833,136.72192988333518,136.21691595745216,133.84658879621747,130.57193429577472,126.55997434769233,121.77208919399399,116.47563043174105,110.96074348172533,105.34880496136893,101.63963866825188,101.25529172832402,102.1712267284177,103.66520842232384,105.3249936150246,106.4225053609035,105.76181376806225,105.29494870781318,105.38961453338462,106.49246086384073,109.04180943898909,113.11282356763658,116.97484546661144,120.77956338977602,120.88572162286255,122.32130772689216,123.27391964243088,122.6364631290815,121.5151597945789,106.44382558796842,106.99949666313759,107.37324029297989,107.90278342905776,108.2983362895512,107.90966240879962,109.59657989139168,109.75657955974347,110.11401977709083,110.07868144722025,110.88262804015703,110.6599404171161,124.30546694494515,124.83114415368127,125.28272661700267,125.91166096684228,125.61239077206065,125.5371006845462,125.26567241112281,128.4098436313976,130.15568192994033,130.34230677335327,129.73672604932943,127.46906659053202,124.82822001102414,126.52909303030647,127.05281751765105,126.8259659549818,125.6952348947727,127.74984026582588,127.93071231957438,127.40203193729849,-49.34384022017937,-2.225765707340184,14.119913904734222,0.19270721,0.4276261,0.4913905,0.2739764,0.46107888,1.0,0.60660166,0.11552388,0.46981034,0.28329876,0.52521044,0.11651313,0.52996045,1.0,0.51044095,0.451069,0.26117092,0.12932295,0.06243768,0.735349,0.28418145,0.028111458,0.0028887556,0.1802514,0.37742612,0.02082105,0.10631977,/content/data/frame52.jpg,0
328.29522026909723,87.61168384552002,42.039794921875,47.356258392333984,0.9852022528648376,329.28463518955215,329.38399483184423,329.92700015451476,330.8551079238599,332.39533818983045,334.88579284014395,338.09155206601247,341.77500917529585,346.50230141393206,351.78475981098353,356.92611152847394,361.60089903488233,365.65869750869814,368.5516808182616,370.4357034403159,371.76102707151085,372.8066980543484,332.83979086668995,336.22557297073564,339.6485963111313,342.85899259128144,345.76733169747445,353.56237067459205,356.95608132853533,360.44173369279343,363.9207471772911,367.1101124347716,349.15358207964607,348.74818532272417,348.3416166002935,347.97404282849647,343.63923201590137,345.71695581010863,348.2300885010936,350.9009995890789,353.2810007241741,336.021400320634,338.99163343185876,341.52779219662506,344.1351139942111,341.38068512140296,338.8129561123473,355.0007246208919,357.5653712929159,360.0778282407824,363.1625837214664,360.1344009804552,357.6004388042219,339.8883818090907,343.0454248675335,345.88545803023214,347.8343113454572,349.97657622864153,353.2568365567196,356.78024924320687,353.6221646258221,350.3118769155623,347.66379375112064,345.22010171011965,342.36669255957713,340.88406643067077,345.73148682754345,347.81498746329737,350.11445830946184,355.90268418001745,350.28911842928153,347.8881218369439,345.6694522543943,103.05965463878351,108.22277239777418,113.36342466186125,118.47078260523139,123.39112398318693,128.02986508224302,132.126609392531,135.5773500559265,137.22438499363471,136.95306820399682,134.78936583611667,131.69785292424794,127.89272479462042,123.25699151455782,118.03285025670803,112.54152457315286,106.93418277219239,102.54265357103176,102.54837283045804,103.56237364709145,104.88993281943026,106.23769146087689,107.16324275343678,106.83119545631693,106.63527229175433,106.67437224507808,107.3847069755675,109.95395683003763,114.08721159182441,118.02446359023514,121.88976503565044,121.86459487468119,123.35042358563524,124.30908121022495,123.74095568754255,122.64132348355024,107.24485186032857,107.5459318318312,107.92360449138623,108.75494974142725,109.15224774247818,108.75172175550293,110.59150437319445,110.50252644848692,110.8113207305275,111.03944923629528,111.86151699058946,111.64782296752529,124.51769107077871,125.29294625480297,125.95746085980299,126.59533526617251,126.38736897049347,126.25403587718247,125.93803197495308,128.8936409211954,130.50036837464387,130.63032783313784,129.9910646815123,127.72379240218588,125.1172564311837,126.91679592110295,127.48221508412789,127.30834079089209,126.37632675211643,128.5595833306379,128.66742448054228,128.06683957788837,-45.32201986939767,-0.0806168529553102,15.660096934686159,0.38692585,0.4242752,0.44953808,0.28762427,0.66731983,1.0,0.5681868,0.061674666,0.46786323,0.51125216,0.63102853,0.08360946,0.39232132,1.0,0.43883058,0.4227252,0.1319217,0.095286205,0.25542113,0.42025036,0.45122382,0.0077405763,0.0013201854,0.0074931174,0.2039669,0.014401064,0.31385437,/content/data/frame53.jpg,0
327.51462131076386,82.17000102996826,46.50995551215277,53.161940574645996,0.9797491431236267,329.8437526683746,330.10219204171653,330.8507466997662,332.14326582312174,334.22712559089075,337.38300013437555,341.2899864756669,345.5015196065192,350.54584186047646,356.0643509851018,361.0949844611782,365.51434175854854,369.3540173370493,371.98578755047026,373.50227979580495,374.43171739440595,375.0834933434478,333.8995265191347,337.2723662908113,340.96934396478116,344.534793396727,347.7678089566181,356.32572679142106,359.93232430943283,363.67537993072483,367.50278884326906,370.9191503731205,351.61806862212757,351.2830129688648,350.9372876737316,350.65589773341907,345.6816734295265,348.16105712562756,351.0598364577096,354.0108403786261,356.6266669682542,337.2306345304663,340.25198926359445,342.9744476304758,345.8020453175776,342.9251832398581,340.2161588874914,357.91754914192154,360.5995723799183,363.33321752027894,366.6264104687094,363.59855166486875,360.8190795381138,342.61607162311776,345.74396307254165,348.757595053482,350.80273459203977,352.9925588091403,356.30872228734245,359.80164591236894,356.757166650718,353.54366140174534,350.81362667655077,348.3183126651909,345.32347233433023,343.7485080940338,348.6579749724544,350.8262716851182,353.1992365405108,358.7722155937869,353.37244901240103,350.9471854206271,348.70243308106063,100.54441087091169,106.21642823215547,111.82864654747073,117.37405792307015,122.81798982531313,127.90346967143205,132.2916507771788,135.91165189019887,137.44986746554275,136.73516496507045,133.80188040663302,130.06771488608695,125.81960420000564,120.76014824161348,115.14743370810004,109.30961862965148,103.39446575861461,103.30615793153015,103.02653232258893,103.93045556019541,105.35866659551374,106.87096855384158,107.27414298803376,106.33324103795758,105.66631237228933,105.49992147470971,106.39187843898537,110.32473276803319,114.72341620836517,118.92364278893172,123.1547033416748,122.30598770574932,123.91871205958614,124.93509621236012,124.15097259584059,122.81683768650817,107.32891140809107,107.72668067623948,108.0776571386653,108.93696066403777,109.33541056864192,108.9743614471588,110.06028459156732,109.68840992824346,109.73819145047003,109.80939591008007,110.95323399223935,110.96728400175869,125.12564019802278,125.75703507777541,126.45374444021104,127.06005083205878,126.74484010428489,126.52668281168599,126.16822695312362,129.04207559849021,130.7331606008181,130.90478745593714,130.35292437567205,128.14831627846024,125.6545479582694,127.62183827628746,128.1507688511639,127.88842342307805,126.64961183949401,128.46516205470323,128.676022468204,128.13998513614445,-40.296528870746236,-0.5875931815933746,14.095994083147206,0.26887256,0.42507222,0.40696174,0.233956,0.64985454,0.0,0.6722888,0.007566384,0.4682512,0.53806764,0.7059503,0.12219764,0.6671456,1.0,0.55376995,0.45806676,0.012930675,0.11908182,0.062354323,0.58861303,0.68364453,0.083584964,0.017913984,0.018712072,0.17312646,0.013144107,0.009873925,/content/data/frame54.jpg,0
328.9947374131944,82.79779243469238,46.88576931423614,53.77887439727783,0.9789620041847229,330.08450636054835,330.16566118566595,330.6793583811339,331.6895990161397,333.68303316543785,336.97149991779844,341.171342895497,345.7410023106047,350.8421608232869,356.0858364867901,360.7942357260401,365.2260784925685,369.15500983145665,371.9099811190877,373.59141847045703,374.7277129587436,375.5826158422973,336.4530849105471,340.1105468587222,343.9857974619042,347.6805210837411,350.97394798147036,358.9622207472154,362.4427541754587,365.94722093017276,369.46723934655864,372.6070132882383,354.4153695383611,354.1710203530937,353.94075344172694,353.75627988484996,348.4925443856757,350.9205615079749,353.63549774869045,356.25426602169506,358.5269819349081,339.86263575440756,342.89417313117247,345.6499829699399,348.2607215388288,345.5220269903429,342.80376539431813,359.75855583442626,362.159685468453,364.78842019097317,367.8188939925582,365.11401267234965,362.47669626365837,344.251908587787,347.7557348894543,350.92289060298907,352.8842059358244,354.95818138314723,357.87717788893485,361.013170657371,358.23943967298675,355.30775719633755,352.7444563884101,350.3103193814411,347.10104378284433,345.44144722666977,350.76554879125223,352.8584531841815,355.0913686909346,360.050506259661,355.2729303982233,352.9428622031587,350.7332664957835,99.40675182016645,105.16204176427352,110.95736290873131,116.73696121938168,122.37363272005504,127.52536779061282,131.7989821122074,135.25885564066365,136.66105546361374,135.86278170772056,132.9727075230089,129.54066389121232,125.65547953431593,120.86821802259641,115.56543219710717,109.9343882208033,104.15329359642787,103.32303757712391,102.93758293033399,103.71410051545908,105.0614040882117,106.54461833666255,107.18437900182334,106.33692499109361,105.7848256154872,105.61636723134586,106.36328165341735,110.31965246263334,114.42000596387656,118.36196946446245,122.32662769763883,122.00798980550364,123.36336924115011,124.2912183804404,123.60386416844199,122.42266488214501,107.23714425509621,107.29344257817998,107.64906326802554,108.92676517317504,109.29500067243254,108.89105751171107,110.09666325195491,109.2993434441435,109.26567638533025,109.6119153035168,110.75402964441514,110.85390570063748,124.82987208862818,125.6358428207779,126.31157271381218,126.86656278290026,126.54158959846396,126.27893076453034,125.8766685526465,128.83388837330722,130.51501799948886,130.76453312134424,130.32252050834344,128.18268417773004,125.34838518328313,127.4021430857762,127.86791592982979,127.57054569472726,126.37563340475486,128.51961248570723,128.77311649530773,128.28821853084062,-44.917364684023916,-0.8011996440880738,8.646921944073204,0.33114314,0.5020727,0.30280074,0.22915833,0.69752717,1.0,0.6170256,0.0071436036,0.48498818,0.6926426,0.5070573,0.44640824,0.46005157,1.0,0.41991696,0.57154304,0.5577563,0.37703398,0.23973699,0.2787404,0.72480845,0.061089538,0.010575808,0.03262958,0.14444166,0.016960688,0.009494356,/content/data/frame55.jpg,0
328.9187282986111,82.93064975738525,47.887369791666686,54.10847282409668,0.9790665507316589,331.119700471312,331.0078282820508,331.32377389797347,332.1543261663021,333.9324327622106,337.0020687874025,340.9805064652008,345.41539614327036,350.6203603862615,356.0681874972134,361.0935056669262,365.74071507152985,369.8416271859206,372.74601212193653,374.63169118205235,375.95828601084105,376.9599826233643,337.4420804348126,341.16853913091086,345.0760042543437,348.82983644756695,352.2291387009651,359.9556768952947,363.4297812061554,366.9433067585989,370.5244591297562,373.69508257668997,355.5160230754238,355.11635376281237,354.7327803606411,354.40846266531,348.8182453795775,351.292659745278,354.1159459067634,356.9345221084013,359.36969519400867,340.74674810056064,343.95402950942963,346.73499956493947,349.4735025790309,346.65107558852833,343.8836297357194,360.8640141311536,363.40280246326574,366.0344896254343,369.16620268920735,366.31062408321316,363.6519504378758,344.38044535655695,347.93628314483647,351.22710925643946,353.28492631908256,355.5121103643262,358.5123044753495,361.7050418997429,358.73337458743424,355.6630032357255,352.93258494318,350.38552031761367,347.17389661215566,345.5532621249025,350.97884947885893,353.1846819641367,355.57188079972826,360.7051332916975,355.76378554007056,353.2911727243363,350.9817888498566,98.51158636665427,104.3809355332568,110.3033597938184,116.262859991388,122.1369075074193,127.63045451209186,132.28886797072875,136.07132565122546,137.70991565097842,137.06294829046774,134.1711761392857,130.7072309447764,126.80003866618276,121.99242745727493,116.63952519444038,110.95849701894537,105.1264134261894,103.74313072816014,103.5655145430823,104.43897214613489,105.7876441860574,107.23701532232437,108.16693439145315,107.57709416102338,107.19854807014367,107.10283564862539,107.85684332915358,110.90706673430032,115.14631698734985,119.21333828959241,123.29325102671743,122.5622861571439,124.12358946983528,125.19943021609544,124.55105025464445,123.33221172169233,107.62474138424616,108.05934838175736,108.43287683669439,109.4267499620922,109.78099931679904,109.33988467961362,110.976640233214,110.57414958886156,110.6482395406446,110.86149971109235,111.8758129785891,111.85965901605556,124.95229084391822,125.93488831770091,126.75639510233732,127.40795631850861,127.1390551515719,126.90936236854209,126.6030833937115,129.49601658676224,131.22710679219668,131.4273749041334,130.86445923463938,128.48600304431935,125.53912784604753,127.85733370365979,128.41606962242636,128.17793993515048,127.07384329994507,129.09761280978773,129.30611657871327,128.73965199124055,-48.24622216144043,1.6234465441752621,6.8688649763758916,0.23199382,0.4356691,0.4072646,0.24760933,0.7267214,0.0,0.6391949,0.21732204,0.47490758,0.70908576,0.56477636,0.39639184,0.60204446,1.0,0.5073285,0.58850336,0.3601575,0.07867198,0.07000452,0.6561064,0.72447896,0.06527033,0.037509784,0.046914443,0.0896711,0.028836241,0.007319162,/content/data/frame56.jpg,0
330.7893337673611,89.74817276000977,43.384250217013914,47.63131141662598,0.9734548330307007,331.81643008971173,331.72781348378004,332.05775224142366,332.952058133533,334.7810190271698,337.6064872606431,341.1009463515486,345.07026337448644,349.7786366733808,354.7273075117814,359.3168309051068,363.7438335979905,367.8250641658965,370.985949382871,373.3725377963574,375.36955553286043,376.99208815462976,339.0583567940356,342.6850240763232,346.5219489376076,350.1784262175655,353.4343031214021,361.4250722980605,364.8335201768307,368.38797912761856,371.8969906076725,374.8166294755006,356.38067218828405,355.69961083693806,355.03581543624273,354.41948095869543,349.1564321814351,351.4315073556363,354.07027472198615,356.87992321555294,359.3777318786331,341.64488852732484,344.9704595022862,347.7650837570271,350.47106329926714,347.5734310234335,344.76641262337546,362.1970456251588,364.8888066502243,367.48058323967507,370.4812133160308,367.57719148012507,364.92270487614655,344.70665635375974,348.1305628456075,351.2064009909428,353.1090232405372,355.1485619577172,357.99511352497143,361.0035998132846,358.03029954279305,355.01145981643185,352.45805976626764,350.0324134421194,347.1783787137357,345.695040043374,350.87262611245615,352.93713027682793,355.1252181743987,360.02934776599454,355.2449214976152,352.9643715044133,350.78604084493713,100.78874261924113,106.40972770395706,112.10662267016914,117.79217280298212,123.36011482955769,128.56439191883965,133.13147093906196,136.85002796502545,138.552182238858,138.13816055007123,135.63677128041377,132.66912979919425,129.31770589082475,125.17231739421845,120.49652897792043,115.34544655190984,109.87323209328167,104.45720862854785,104.22048488190512,105.0266068389061,106.34645555804468,107.7645375883634,108.83234873919889,108.25213886854272,107.94868160940098,108.17412014263994,109.33076167967613,111.75217328072677,116.01053315136141,120.0875426235973,124.12629309310887,123.979651752569,125.49403710964725,126.51937497580207,126.10278792378722,125.05843979626093,108.90170382806446,109.42978538165164,109.81408054076155,110.71300187222448,111.21843975158129,110.7626363700598,112.4316981396214,112.14438597521792,112.37733322101292,112.74494500199808,113.73375795557877,113.55631862887435,126.68327886013572,127.73898204163174,128.460871165787,129.17119741770307,128.96119535297203,128.9710309487748,128.75706330263938,131.32976149358115,132.97553909981957,133.13297336294454,132.48320058515333,130.05516435090613,127.23612655978741,129.68899196695133,130.30594989930705,130.13264990370772,129.1719060439334,130.6962053545226,130.85181694921857,130.22257729782268,-49.596807133683534,2.512735058500417,4.065292108121874,0.36821297,0.4404657,0.5479182,0.24496655,0.3959578,1.0,0.61209494,0.068124555,0.47023275,0.30606642,0.6065992,0.2957729,0.6116529,1.0,0.57682025,0.6026414,0.027457464,0.22263771,0.09860652,0.61330384,0.46757793,0.0076816385,0.0044832244,0.09265408,0.38523382,0.0050057336,0.037363466,/content/data/frame57.jpg,0
329.19593641493054,86.08308219909668,47.377766927083314,50.640475273132324,0.9638583660125732,330.81347262489015,330.74927019099397,331.1042412563434,331.9893403692205,333.8361050298358,336.74753205683294,340.4349862292079,344.56266638789714,349.3943719948257,354.41867494269786,358.97046007487154,363.3724066273119,367.4718544129173,370.53408802294587,372.6938491699791,374.3159908838114,375.5922412040151,337.66326046022124,341.3855437353585,345.2072787094838,348.8934334574128,352.2262823954321,360.28346735473326,363.705627953451,367.1772264455835,370.58606500078315,373.6269898609429,355.3335277060588,354.923112418131,354.52966299530345,354.1934932886793,348.5772196503981,351.06893620344823,353.8652668233372,356.6557024933008,359.0960632567853,340.0850598283799,343.32565778043835,346.1325341125903,349.00898715326326,346.0590872019216,343.2363080878049,360.9695055087606,363.6451825314198,366.2516305661065,369.2740393070534,366.47487078039535,363.80505429781573,343.8971709119049,347.55361366337405,350.8598728456928,352.8462500231369,354.8998912052449,357.73467935559995,360.7995534685444,357.730448755592,354.78178574766025,352.2481706795486,349.81880295632436,346.6747318663477,344.979431197926,350.57621437504054,352.69462213141395,354.8768981839689,359.7816124287913,354.97269881719666,352.71383731381303,350.5129672671307,101.51762223414431,107.09454911909828,112.73139441212705,118.38171930954755,123.91299338414186,129.09441712177812,133.49001415211754,136.9015801403702,138.36910936110417,137.7073790466772,135.01217171987182,131.8248818633757,128.277791791307,123.87036139604814,118.92147577528667,113.56863667345878,107.94719250306167,105.12754106283779,104.96797174087733,105.73890260696474,106.88369826039772,108.16263435963043,108.79220595644567,108.20342632648781,107.89647057907948,107.92446027219708,108.68167428706013,111.86543260673454,116.07732090265378,120.14538690874829,124.22089268574716,123.96211615580938,125.42010841608024,126.38970181122204,125.81161639917809,124.66378000198941,109.31527002480757,109.81565257155157,110.1222968193018,110.89818270320673,111.45140609602592,111.0937048810566,112.12683152914299,111.88350320899448,112.00551690066186,112.12308991115651,113.26507301244379,113.17553497117984,126.90485704814787,127.87081748797463,128.5402302532722,129.1657614097545,128.86880806125194,128.71544156678598,128.2799469342905,130.99445275154307,132.7539078611811,132.99149879227772,132.49991248878655,130.26204099143547,127.46172426254924,129.72429116302888,130.24038814310717,129.9870411246522,128.7724351379546,130.52631947463698,130.77434926636965,130.26485173253664,-50.75916870276389,2.447063757379872,3.7468052470958897,0.25577804,0.4231696,0.6140144,0.228833,0.37116286,0.0,0.62251127,0.056723095,0.507821,0.48455605,0.5942815,0.39439115,0.6582137,1.0,0.43712163,0.6035582,0.0037764413,0.08110435,0.018415455,0.6591396,0.48380807,0.051745497,0.019388163,0.021073585,0.413023,0.0063911434,0.004570544,/content/data/frame58.jpg,0
325.65150282118054,87.15972518920898,48.825113932291686,51.53638458251953,0.9847433567047119,328.1091636807576,328.00608455909384,328.3241936124697,329.2302513048612,331.1688741829504,334.19294864174105,338.0464038601261,342.371043691686,347.4195200353399,352.5742815465586,357.21283188446216,361.6915536000879,365.9052323581036,369.14986508127697,371.57206916048636,373.3979652898526,374.8014337696932,335.6453307474336,339.5619927138108,343.573391078787,347.4290635281113,350.9098230524461,359.62722497055347,363.0230533070935,366.49370351164237,369.9676454655326,373.0765497424574,354.3354043059056,353.8765241264391,353.45329657813727,353.0873484173115,347.2356907636087,349.7594137932515,352.5634368359624,355.3956793490912,357.88176474530684,338.3354880150538,341.79325321420185,344.7521764706021,347.71671376311315,344.6935737482844,341.72732791622155,360.1403065859842,362.88391884024986,365.5637898519493,368.6535592231281,365.7750147352206,363.04727144054596,341.9987110853291,345.8871609536274,349.40074581713935,351.4401762149531,353.51523896999953,356.2829919481586,359.22297750887975,356.24231875416865,353.3165470629441,350.75374142143994,348.2533168259655,344.9483267638043,343.14901344560883,349.0894709219706,351.2651900637931,353.4539527163039,358.18380947210954,353.5595946472953,351.28770150077855,349.01115456529925,102.55637379145665,108.37634513235007,114.28130111049558,120.22290498556413,125.98525781138977,131.33157849172932,135.83269368691725,139.30492157200152,140.84428437571697,140.16385435227895,137.3749022134676,134.11464750405813,130.5025442320657,126.0837670044466,121.1187068329331,115.67076214633016,109.94360302356954,106.26853260460075,106.20585482192818,107.03624559195869,108.22584989118369,109.51024772463443,110.27809894334769,109.7444190128892,109.37999508314142,109.3054810102838,109.9715828929715,113.22870067215754,117.38738546777185,121.37807677572073,125.37969757616375,125.5364703639465,126.95496735673768,127.88948504210529,127.40750732470678,126.31183399605032,110.72718128434899,111.151426215426,111.4222896346375,112.29222010154436,112.90127482543294,112.55743630911975,113.58241075032547,113.25460707122966,113.3837888804901,113.62042621612382,114.75436198393345,114.65770693412269,128.65836470210215,129.5024237885469,130.0798032581346,130.7082103717683,130.42700356100923,130.34062923786496,130.0330810600357,132.78720626964477,134.62953902870123,134.8882933811865,134.3969675379987,132.0965065780487,129.15532301224812,131.3255737216541,131.82876903055222,131.5854707866767,130.48042721521415,132.27054538365354,132.52293003528558,132.03555945194475,-51.52554892223875,3.2584929117755954,0.9993392287023857,0.321609,0.4199927,0.35401443,0.27481174,0.45584852,1.0,0.51587003,0.707218,0.47177768,0.4496325,0.4935836,0.23168445,0.6832543,1.0,0.38778785,0.6025743,0.05763223,0.11248575,0.03600843,0.6163612,0.43317083,0.055816054,0.029648427,0.027931558,0.41568518,0.030911699,0.0068362174,/content/data/frame59.jpg,0
322.06279839409723,85.45107650756836,49.849934895833314,53.31792068481445,0.9852991104125977,323.6957704567391,323.584891139377,323.846220587841,324.88379678411667,327.2386401310183,330.8577264055139,335.2847437273757,340.03365133758973,345.3624141405484,350.5774574513677,355.25847735255513,359.7767787879532,363.9648686709991,367.11882222033944,369.3656550266178,371.10724753052364,372.38650648790673,333.5099710413287,337.6030471150583,341.887041281822,346.05509453743616,349.7757139616733,357.3528426360469,360.84179379929765,364.4631911122827,368.06031489393865,371.1292405321222,352.5339650940088,352.12414093521113,351.7521018743566,351.43125651099797,345.2568328598554,347.9400591403705,350.88130562240366,353.72600332318655,356.1886398358041,336.35012865742226,340.0614467237786,343.060204123205,345.96299622139577,342.9978041771921,340.02069464902877,357.98018280527924,360.7442878057357,363.42768188442494,366.60144324550504,363.6706688949769,360.92768739648926,340.0621751203982,344.04506309083536,347.7600231402897,349.8818844427733,351.9843803105217,354.65762641326967,357.33139116491947,354.5306489585748,351.66688328345646,349.0113475152713,346.3824497072329,342.9359381344606,341.24026321955205,347.4016901393876,349.66545149328095,351.89647694883513,356.3543481599692,351.94762869678755,349.59372921461545,347.1945356662069,101.59288219263718,107.75783287412987,114.02877098416893,120.30501761826298,126.2591489619077,131.57492266074905,136.0063008283414,139.46591781987445,141.0657017986473,140.32031180030398,137.44329006942763,134.10935009673977,130.4128859823908,125.82003639453069,120.6797795858526,115.12385237744556,109.29931842816941,107.24040050896728,106.97229144222834,107.55884140076219,108.57165401876837,109.67264457729156,110.19174729700595,109.60929313935935,109.2136307651006,109.15304609024447,109.9943899490388,113.31704358771748,117.44490536702733,121.39741805434805,125.37527970675038,125.98007008953354,127.25070269532725,128.0884732157311,127.54329694791039,126.44839479359251,111.3042053352945,111.80932550942866,111.94656916150575,112.6271223267161,113.38144376423816,113.10199115956702,113.61282981920439,113.20373024343144,113.276627109316,113.43096329358741,114.6376075911061,114.60503567734622,129.33281489851106,129.96230212165355,130.32831951621293,130.9415341300575,130.62449473437627,130.66670360236532,130.5907062838538,133.46400594613988,135.48257221805324,135.80167858215245,135.31523167528502,132.84948708285074,129.77261772655902,131.8133409846502,132.30125993913634,131.99484140515997,130.99980585962675,133.0403727603284,133.3389543568529,132.83529669635027,-44.219954259596115,3.0740118270443193,1.8619299752506122,0.26722997,0.46454465,0.29561633,0.25081447,0.5604775,1.0,0.48605487,0.9603319,0.47238737,0.6447531,0.5683749,0.24026796,0.5937516,1.0,0.44157624,0.41908592,0.3154324,0.10776023,0.0051615695,0.781965,0.07694745,0.015833458,0.020473847,0.027435876,0.8224898,0.024952732,0.011866814,/content/data/frame60.jpg,0
317.23988172743054,85.75889110565186,49.20675998263886,53.12567710876465,0.9384065866470337,320.2000689793796,320.11533244624854,320.44028850115586,321.5425493037979,323.96444481555255,327.50544679073414,331.7341854781931,336.35425685485836,341.6811867114624,347.07658786666525,351.9709054229568,356.61281830600933,360.91716440010396,364.14764023,366.3419668523966,367.9126363907933,369.0386367221679,328.5935474727164,332.4250276134168,336.4989777338193,340.4736816147338,344.13147276166046,352.4456200007173,355.9490120646524,359.5949248975626,363.27891597255825,366.3743111290787,347.36151160943496,346.95199476420635,346.58695889910473,346.2788447051378,339.9407515187744,342.82486581953617,346.001456054081,349.1416171790686,351.901873647289,331.38717037579886,335.02964624932713,338.04026497434893,340.90439969254555,337.933270851854,334.93308080015856,353.28092842531805,356.0617572518511,358.8808809116081,362.24848553108404,359.1573234013756,356.29859396203005,335.26039940840553,339.20722952973335,342.89633709539544,345.1192119497837,347.3434547482045,350.34465175870173,353.35803487062276,350.33646309372875,347.2344600075619,344.3677508946928,341.60133867832565,338.1615275130729,336.4052545683629,342.5157978645909,344.8992047510503,347.3101225119433,352.34984491921205,347.42595697274896,344.90368856760165,342.3930666859542,101.88912095274873,108.05974359092,114.3965600295196,120.74008129380127,126.70910887993364,132.11649664472225,136.71124965725062,140.23151303092118,141.7731289580031,140.97684113693253,138.00301060677657,134.4528576559935,130.54463395514153,125.74615607771239,120.33667079874044,114.48782469556181,108.41674278483003,107.82844325422855,107.52181479947478,108.19593191897752,109.266534316876,110.32013811024706,110.49103801813203,109.93120882270921,109.41712785556581,109.24634384293915,110.19379327945751,114.33746104746638,118.6430116922786,122.7123488014156,126.77837624596259,127.23078953614709,128.53268467104795,129.35206034751332,128.7633238347903,127.61464983107521,111.90889680855275,112.2295732885525,112.48499503835228,113.57779992786891,114.17076186771487,113.79205796182077,114.42024446050641,113.57670937248736,113.53901491469992,113.78518404305692,115.18224248449292,115.26961610973126,130.66923845713404,131.23653244714592,131.58084016030898,132.1745354701502,131.82775405819484,131.80294107338113,131.6335364043207,134.55224258980707,136.64424699856454,136.98935267907996,136.5079655743159,134.08627905401067,131.11405585809302,133.09374066223972,133.5930630332091,133.22690621396964,132.01497999812455,134.131827790452,134.4896021526472,134.00049376378797,-40.55651641316142,2.7626664297700687,1.489930617212029,0.31611314,0.4197947,0.35489997,0.29623118,0.5195435,0.0,0.5566665,0.7982734,0.47031096,0.68688476,0.5435184,0.085370116,0.5899282,1.0,0.49037695,0.41279846,0.30505,0.069800146,0.02526632,0.513618,0.31714785,0.054893244,0.018831396,0.06567177,0.5100676,0.020823857,0.01256427,/content/data/frame61.jpg,0
326.42960611979163,153.3241481781006,48.57695855034723,55.05956268310547,0.5726305842399597,326.29129923369067,326.80971262080106,327.5885806080747,329.3415797539499,332.5894912683317,337.15159366083907,342.8064054146049,348.9827348154693,355.20177757355776,360.45212187415945,363.92150112182463,367.0498941962236,369.90997602767294,372.2462659206907,373.45272726118003,373.4797037038303,373.19121723231166,336.8248813731767,339.68625098517293,343.71870341611856,347.8987740917799,351.6345585096586,362.97578186767566,365.40635541229784,367.9529552274838,370.2295425116581,371.5807669259257,357.8987602265603,358.6281047816532,359.4482831542247,360.34223520565286,353.72654816276884,356.4493218702117,359.2729756586661,361.8008022326676,363.84182019275266,340.89847386370565,344.3827393819136,347.1300281777503,349.86611879626207,347.2524027732123,344.4163339138885,362.6788834718503,365.0563941568711,367.0229216917402,369.0408068599818,367.0144191895968,364.9387492997483,348.739903511782,352.87671539411605,356.9787060055138,359.1264719151577,360.9901896672782,363.14205127040475,364.4181197092654,363.05905046671177,361.06012363349475,358.8365243837525,356.21350050344665,352.2560209231513,350.06612844313804,356.82492846790683,359.0710225264693,360.9751143647285,363.7628087520385,360.8140236513549,358.8572548938417,356.52873500394054,172.32671109903123,178.35052908291817,184.70323716071363,190.98187619714173,196.40507845354605,200.77839300550332,203.94607717016825,205.88243834727072,206.31703868378355,204.5011617820741,200.64614148768123,196.0981968048567,191.1603224116481,186.1358319776147,180.95157405425599,175.6604992634192,170.49572935852103,171.07949957747277,168.79111551461838,167.64936416207183,167.49499983761015,167.85840008727692,167.02773437648966,166.10085137419418,165.7492656249582,166.12130424352327,167.5197374324288,174.23645814482998,177.2655759411926,180.1830171722333,183.33871749529462,187.0177568676043,187.63342229955234,187.93766143831198,187.20309093586184,186.1449252047796,177.02474128807808,176.9471219893313,176.52591141997337,176.01893742290503,177.5636183744763,177.82208026223353,174.42503726253918,174.45635750318115,174.3883414242012,173.97688766311566,175.2232957986448,175.37810907412285,194.35859825609515,193.13505314798294,192.38421801660644,192.5608841797146,192.0485562448677,192.08650048208455,193.1370734275566,196.10769960136986,198.22491715106662,198.78451884030383,198.91364739184536,197.50028658164555,194.5526199203361,194.42797694079144,194.50711440284357,193.99296309676356,193.4198259281995,195.55970368972248,196.05947281061145,195.980674030905,,,,0.54886425,0.5208142,0.4750087,0.32519478,0.2052301,0.0,0.4301693,0.03814111,0.47005367,0.3127726,0.4278627,0.1697056,0.62031376,1.0,0.4945371,0.5717255,0.48257595,0.62426335,0.022180773,0.4645671,0.03910504,0.005176479,0.013122754,0.58072484,0.042492926,0.09942554,0.2199525,/content/data/frame61.jpg,0
312.8758138020833,84.9806900024414,51.185628255208314,55.96747970581055,0.9897615313529968,314.45589503254007,314.39877871475943,314.73577119447987,315.87328381501266,318.44124535165685,322.4647652874009,327.43777795499807,332.77324986252324,338.64679527286387,344.392369387521,349.40907795971134,354.07031471366463,358.21897775063525,361.1030195407533,362.7702691956562,363.8074139385919,364.5033139023564,323.28248577433214,327.4049905145171,331.77646043214344,335.95813508353643,339.64318439263405,347.4784279267841,351.11086241090624,354.8623132423747,358.5947733385227,361.75457309518407,342.93092742323626,342.78533045141114,342.695364645005,342.65305981978025,336.1924008553925,339.16150264539584,342.41450271818906,345.4361112493032,347.9864461090293,326.6807225394018,330.2375623680032,333.2462688881693,336.18539341817115,333.19779727800335,330.2194403067057,348.2506270927423,350.8590270063939,353.64016895430893,357.07287246286694,354.0127460448951,351.1891231350871,331.4205502737889,335.50039191075354,339.3018755637654,341.56625654572116,343.7623125128269,346.6540883039228,349.5120178329753,346.85651737299577,343.9871910008874,341.1872904978055,338.40249571557763,334.65429340470627,332.71568719841287,339.1264194235687,341.5182112663545,343.8727862317639,348.51629322881706,343.9792608477108,341.4805460410953,338.95925771920326,101.06440824940492,107.55368141616832,114.15386864353931,120.78459756887133,127.04457481999708,132.53691244300816,136.96270250880698,140.43054528267749,141.87149134374968,140.67647210259184,137.17917047095935,133.15404729122375,128.8724451039042,123.75684379871319,118.13524187674949,112.1803813722766,106.08261598482827,107.65506608271389,107.20949835712258,107.84744335237929,109.04596731292436,110.30592093806877,110.2593447986394,109.54406579826313,108.93711885506241,108.71080525346642,109.42810982552737,113.90764559377385,117.99546542118824,121.86262603436754,125.81881572712646,126.05973065820837,127.34753789557017,128.176184860591,127.45103420058149,126.14519297025626,111.68523317613071,111.99811795016326,112.17182473299596,112.99219927926897,113.72224173492805,113.45602317021203,113.55914318325031,112.8518183546872,112.7772164694783,112.74121253324901,114.17057360527879,114.33491311984636,129.83044443621174,130.07110717160958,130.31797472145655,130.82154545282884,130.37633600523313,130.19366626785103,129.95631410119478,133.26484526175454,135.42205508730268,135.8622526460659,135.5130737106121,133.19222491406327,130.19448290149467,131.88744050374743,132.26000558501528,131.80920780130927,130.39416583978564,132.91346461794782,133.3317892050014,132.9371389874008,-42.085295967159226,1.6310650420780706,2.7814930836908696,0.24192756,0.35164288,0.65571314,0.24046433,0.46535778,1.0,0.6849033,0.04331979,0.48103738,0.43642968,0.5700275,0.15170768,0.66613555,1.0,0.3045772,0.40873462,0.5680816,0.12962157,0.03493807,0.50378686,0.8252229,0.023481753,0.013360823,0.004225189,0.10160512,0.013014276,0.019089874,/content/data/frame62.jpg,0
307.0953233506944,84.83753299713135,48.73909505208337,53.43448734283447,0.9936896562576294,307.0675402631962,307.2660953824144,307.85968543079525,309.08208654525913,311.60935174235976,315.36726100655073,319.9091823662698,325.0046552109224,330.86685546198606,336.5940707948451,341.6470896147963,346.27848814405957,350.4429726621869,353.3376621935681,355.08478595714257,356.14853674820273,356.8672931705446,315.3019499153453,319.49344020755797,323.8454937003226,327.8961553397458,331.3829424549197,339.8606572768562,343.06435003988224,346.4212755371857,349.83844233241354,352.73059792263734,334.99681646506764,334.9108688500618,334.8618754990852,334.8503523730072,328.9460917562756,331.7491600140564,334.7935393484135,337.6536136383723,340.08679719291297,318.8758235813696,322.7112320790755,325.74491382474525,328.4841959423338,325.47720275036323,322.446874750343,340.2852586747882,343.1305611961594,346.03480938038354,349.2646938459014,346.1205620768389,343.26708826407304,323.4830789638883,327.6795740765319,331.7040650340913,334.0039778070926,336.2272455484625,339.18911318500915,341.8441713790881,338.9968890967522,335.974294776871,333.095989869535,330.24012734904153,326.4924436648909,324.52716209100237,331.37586041424885,333.80266898560603,336.1838322187377,340.9196038989346,336.06203870008807,333.5384244038783,330.97871960035354,101.79362051582481,108.33961224099654,115.04812972898927,121.70766342083635,127.86175802331644,133.3713831028174,137.93169751203908,141.4101795681856,142.8259685493113,141.5964720174133,138.1710001631581,133.97547391036886,129.24835126311208,123.63380267441704,117.58695531600847,111.30168817285704,104.99726932662864,103.59119187564033,102.99272121963041,103.69844485261041,105.18188585851463,106.77137402172804,107.51387993178099,106.90237075351064,106.15215218394675,105.6371124004809,105.96547563051645,111.26392748109885,115.53766575778886,119.54971250357046,123.57187590432007,125.16676445796406,126.34206216700551,126.97980126709129,126.44128335311223,125.29072883419656,108.58550390351141,108.38719338796452,108.69202880236611,110.1111390427163,110.67822781208386,110.30169485749624,111.08416289234918,110.0303663241315,110.02057262244827,110.32023122946256,111.81306272318562,111.92389876174713,129.8149871334945,129.71531113743643,129.7298612339469,130.31068029533282,129.91652823254628,130.04809825418351,130.24540169055246,133.44759243415933,135.6511925115831,136.08433592834908,135.64694634472647,133.2572793120845,130.17892682094208,131.54287893341228,132.00115155547283,131.6475349073409,130.6031345598406,132.95818252912775,133.31199027387788,132.89864064482603,-35.45286552231724,1.6252777753723604,3.2897182219869827,0.32583252,0.39410615,0.38819462,0.38102886,0.6172351,0.0,0.44554868,0.6290936,0.47976694,0.67920804,0.4582999,0.3689135,0.35849652,1.0,0.48760834,0.39109552,0.9257529,0.243097,0.01507037,0.28909433,0.85912234,0.00612614,0.01223934,0.032510567,0.07407316,0.012171479,0.0037569553,/content/data/frame63.jpg,0
300.31450737847223,79.54761600494385,52.22623697916663,60.49446487426758,0.994857668876648,302.29677983983265,302.4253591208161,302.9013269184602,303.89393754949094,306.0581421658686,309.6868471064387,314.3085661615863,319.51395175137617,325.52037441680056,331.5616610895113,336.85574599265726,341.6499353339279,345.8605684765397,348.8750340795531,350.9341112200348,352.36055212032505,353.33692605419884,308.9158949755962,312.7158337902405,317.07046620837093,321.240906764736,324.926723557391,335.18123518659684,338.9489796920616,342.9075102568845,346.75232120153976,349.7468614240314,329.2456395686774,329.10893544876353,329.0045965506309,328.9422329220837,323.0257016313258,325.6995276019931,328.6255297077716,331.4684855967524,333.9573062482085,313.05500660304324,316.6484981390463,319.6976200580833,322.450788418029,319.45099533734987,316.4263290645037,335.1361272404646,338.19866471700595,341.2320994553521,344.43792659559756,341.2082365946404,338.219494419901,317.61965815684437,321.7482467603112,325.6239431265004,327.90388478078046,330.18455551793085,333.4154916664646,336.45995134934265,333.40570854260807,330.1146198120953,327.2396145651288,324.4236304154493,320.7712259546919,318.799725296677,325.33165877971805,327.75359419076057,330.20751405626925,335.5804048129315,330.1477465685067,327.56832925747096,324.98545691574105,100.83313448665986,107.62291018207438,114.47578940615966,121.34693897101651,127.87842678322286,133.8021407301515,138.76763642109324,142.55606351480856,144.1011134337441,142.9837084786488,139.39450922874295,134.8852160502719,129.71706560968505,123.74531873134019,117.35433405839585,110.64366060923712,103.91609710082398,102.54374030342869,101.3341983118883,101.56035029908458,102.89007630134624,104.54485211054248,105.53736754974443,104.5704565490305,103.883974185516,103.84528303402298,105.01351609877923,109.50813891836668,113.99483701820918,118.1940471413688,122.42634075192672,124.24676765078502,125.47087831902826,126.18665164094492,125.55358271062269,124.33272154526148,106.97636944453079,106.47720080207509,106.74464873535157,108.36295309342563,108.88939852172476,108.57540611108189,109.47681647980062,108.321841040651,108.36141920691207,108.96345992795713,110.29622774183808,110.35434235330112,129.54773232701018,129.47803892764787,129.63415352682787,130.20943669018644,129.76699805077533,129.7948113723809,129.89098540774603,133.20447017942715,135.27322659813407,135.65038960441797,135.18520877173387,132.8721944473088,129.91198385979206,131.1450901558539,131.58751148765978,131.19004666044037,130.27826903618853,132.80512315013894,133.16673094622183,132.74008549658365,-30.339210528091332,1.016586283787237,3.1189670939179592,0.20934215,0.40566522,0.42622936,0.37383068,0.6295828,0.0,0.4022862,0.6522704,0.4799044,0.62898916,0.37534443,0.43419906,0.4431175,1.0,0.41280407,0.33432963,0.9586513,0.34624666,0.0920225,0.2733415,0.63050616,0.09167736,0.035965033,0.060983863,0.08615619,0.06885202,0.025859391,/content/data/frame64.jpg,0
290.22797309027777,75.80574131011963,54.276204427083314,63.7269344329834,0.997784435749054,291.7696557598996,291.95650618060426,292.65935124217077,294.0468887099613,296.35227251988385,299.98391804519673,304.5031452313333,309.59441238461613,315.75089968811596,322.21445972518603,328.24761380878425,333.74668099107663,338.4106211911849,341.73712661967966,343.99559043062357,345.59782834401346,346.70091267701275,298.4585822095499,302.25617924163265,306.5625428987055,310.737603488327,314.3500365987576,323.99653313484316,327.9602799512871,332.1782004073708,336.282213805825,339.66150665466427,318.43455953789106,318.02673671835385,317.57826927165036,317.20199993776504,312.06040446208056,314.5449138433313,317.36695094036725,320.25833961330693,322.8425074142461,302.7082248011908,306.360331662306,309.35217414435215,312.16347006566565,309.08003928980276,306.08286382426616,325.14660241982506,328.25547198274796,331.16890821222046,334.5309121667184,331.0864019437069,328.147923482357,307.37149951788916,311.253047737944,314.8655560571161,317.1159383469245,319.48583644323855,322.96172010673286,326.5801721955388,323.1994982407187,319.72936690642524,316.8329757126473,314.0636667805837,310.5322334847832,308.60178462334704,314.6829264421483,317.03391295854624,319.53620350953736,325.4885287074635,319.6965166397451,317.08401565472326,314.58565419071397,98.24238027998709,105.3344802815163,112.4695677764631,119.48738205283352,126.21435728854081,132.45553419311142,137.69891444472216,141.7777488681325,143.48826002069535,142.29451041025266,138.68367947392198,134.00865396112243,128.54826686250536,122.20423174815204,115.28613058873661,108.13372457176246,100.94161745547044,98.64390151860505,97.3305039165958,97.40983774364835,98.62425836274852,100.27064608647052,100.7217276067054,99.63586835456974,99.02197814133994,99.161914260698,100.42131198628715,104.89146204999479,109.44485907436743,113.75948885585044,118.11065185329589,120.77921297844523,121.92143320567452,122.57006074128108,121.96561036463996,120.85700616582275,103.7373770740256,103.61813703290554,103.78553345913392,104.5713257859257,105.26055464669575,105.05820210902434,105.35286767929453,104.73445126725616,104.89642810598869,105.08310759773535,106.22269779806379,106.21143016115062,127.13907839336466,126.8909807084195,126.71986942616999,127.24160841954794,126.75844467341767,126.88272142116762,127.11802906194674,130.87687991782383,133.08696855459317,133.55076035214697,133.10892039090945,130.79828906197548,127.6042102739494,128.18325377026932,128.5779264553023,128.16707705368157,127.54290375433683,130.44911538651667,130.8655028863775,130.48423103165388,-21.775493762661846,1.5953593787260731,5.143597481798715,0.30004367,0.37727234,0.28275484,0.3306433,0.22416641,0.0,0.37158692,0.17832081,0.48340088,0.3843606,0.49247152,0.11784576,0.37712637,1.0,0.27575928,0.33734035,0.99535936,0.26642606,0.04542786,0.59749365,0.26011837,0.1441546,0.051071513,0.07109361,0.28068376,0.10223651,0.0906416,/content/data/frame65.jpg,0
281.31157769097223,73.03211402893066,56.10064019097217,64.99523735046387,0.9990807771682739,284.9958458693984,285.085255493819,285.6757406832514,286.90826068309053,289.1492844277262,292.7128351702024,297.2752654344723,302.4162276055297,308.43959423436485,314.8135633693282,320.86209406970744,326.3830578949522,331.10760419190626,334.5650862576105,337.16273157019435,339.1800877214104,340.5796387206139,291.04897076776456,294.82570368644855,299.40841908395004,303.85907540508884,307.74407240656484,317.6868233705562,322.0300733164958,326.6842085608717,330.9892265976337,334.17011772214914,311.91461862853237,311.56712850849294,311.2005084873998,310.87461679270564,305.4612383222933,307.97744557736587,310.7716314468872,313.63179106873025,316.2492450103274,295.5757190015272,299.46089730704716,302.52817820388316,305.35955464653443,302.2920552550813,299.24544999249474,318.7253747740309,322.04189991875114,325.11202357002077,328.6831414319235,324.97789111920605,321.8739984275345,299.6452718977496,303.59863447028164,307.81493671925307,310.2509308813169,312.8038312856038,316.73633459543163,320.02838369421073,316.68367739270127,312.71482959528225,309.469431421673,306.35062066135464,302.515870448588,300.68140126514913,307.4822205543895,310.06221196679076,312.7479756935843,319.1188789306753,312.7499700380684,309.83916150444406,306.9675169687364,97.62839645081037,104.9150361968469,112.137306034028,119.31325966119743,126.19742999805445,132.54547033031383,137.8313385963394,141.80362652177297,143.64896697461987,142.78420711938134,139.5258759239661,135.0333802080562,129.56388813602325,123.09157550365026,116.11057950964951,108.84430857563407,101.5089096638134,97.61374104058636,95.71737512140521,95.61977311104738,96.91851208854976,98.7072577867362,99.32281755789606,98.423570419312,98.04703213724731,98.81068477061051,100.92679583995144,103.55450508208918,107.85925581160683,111.876772122788,115.93332458929066,119.60250934371538,120.54285903884048,121.04889722095436,120.67385818386897,119.86116513101234,102.56184452144603,102.39533070348928,102.5295096425204,103.44401886255264,104.02252520082101,103.78108167565074,104.68634671384939,104.01717440711192,104.36976196008095,104.89324949422524,105.75044804106429,105.60201813929196,127.2418435656187,126.13099368797948,125.65273686399365,126.22009300355549,125.87908798970562,126.63054211508219,127.91724296894458,132.58093619061484,135.3677699487106,135.79486184171293,135.16904677001247,132.02968356921826,127.6410099870221,127.23617665203801,127.67088796371036,127.38536198732704,128.17215645482034,132.64641019461004,133.013058108633,132.474743157864,-19.232315861474255,2.9029929150803087,5.092746563939463,0.32681546,0.44471985,0.7178635,0.30861512,0.32759914,0.0,0.5655666,0.055340298,0.47789595,0.2860487,0.52805394,0.1888564,0.46280167,1.0,0.36254862,0.34668785,0.9995117,0.60492986,0.080077365,0.64959466,0.460858,0.16307247,0.057970542,0.034488536,0.17264484,0.07901092,0.031954665,/content/data/frame66.jpg,0
270.91278754340277,71.14746952056885,55.87619357638886,67.53270149230957,0.997734785079956,273.0870005196478,273.26672930350395,274.0370208791852,275.53642317814126,277.87210519657515,281.4089223794573,285.8812895050571,291.01411770644904,297.36893354309314,304.32592062661433,310.8243320741128,316.3572407942156,320.96262272518084,324.1916884496211,326.4957005063163,328.29009981637637,329.53172268299704,278.8907365610735,282.52337995244375,286.8004815852829,290.9557216105992,294.6559097148456,304.6884454444912,309.1112317995173,313.78775944335507,318.1223345818371,321.64437341530424,298.7637401962795,298.30024729936304,297.7863090054485,297.3106171474444,292.3851181510746,294.88584479509643,297.81482960166386,300.9434102785865,303.7384045561141,283.1518474353775,286.779474544392,289.80468406045316,292.6972168932143,289.6143430740591,286.6309302755949,305.9653102909556,309.2152961106128,312.3709507043425,316.19207299558957,312.43644977872304,309.2450411917364,286.7835778971712,290.49206931328047,294.7333565739224,297.44451831565266,300.3160972409903,305.00847314906423,308.9398039123664,305.3278535913978,300.6168278362602,296.861728708595,293.34734109443605,289.2973270710256,287.8915531871327,294.5878409127681,297.43170831968973,300.50702511068357,308.0015103506039,300.5111791817726,297.09550147428797,293.8438467807223,95.09486199342984,102.50577070425948,109.76256579284359,117.02230254339656,124.1837955126939,130.9804016399719,136.8986487567347,141.6126982891999,143.69849602552517,142.7945266837146,139.0587850442928,133.7537367840539,127.59038015177725,120.6392087677807,113.15440347956087,105.5236502169746,97.86339338902576,95.06793057092182,93.21827003958958,92.95247711430454,93.89544642119984,95.36589822588599,95.6614386474522,94.66036789393547,94.20233325321738,94.67142931578883,96.3646480129396,100.19164638265158,104.71258715810177,108.97354829263395,113.25680616222076,116.4085820128289,117.57797717596782,118.30130721950331,117.72636445952025,116.6534886551035,99.89057525015869,99.48866887229474,99.52355582396979,100.3952200175903,101.0248008881822,100.89536051607945,101.38090863228956,100.50159804967609,100.69114927953171,101.25742403885283,102.15597376698679,102.11430746790074,124.0150291292291,122.78704707278916,122.42436768482526,123.0635922797535,122.63761161083403,123.3222073566219,124.76949055435625,131.41862715797356,135.08573001812192,135.5657860659271,134.68730146721623,130.48712018909487,124.5862960193299,123.89645938152853,124.41519176329871,124.06148227069798,125.19258269477427,131.9570044317427,132.40934896113185,131.62302194649965,-22.108439933598486,2.2355661060028127,11.55692590159948,0.30994204,0.43114844,0.36159083,0.2518767,0.68974817,1.0,0.6033077,0.1706255,0.48256218,0.6279198,0.57612807,0.16949973,0.3254226,1.0,0.24190445,0.33720872,0.99528605,0.22808036,0.008734057,0.29690775,0.59762484,0.10545048,0.03928938,0.0753977,0.10405782,0.04152952,0.036650263,/content/data/frame67.jpg,0
262.8609212239583,70.06102466583252,56.94013129340277,67.92022705078125,0.9986158609390259,265.11226705271656,265.321849892347,266.17845474277965,267.8533406341776,270.3052240003417,273.87189967881204,278.3623838100939,283.5906064352821,290.13896314941667,297.2487141810343,303.73469374878186,309.2679158438332,313.82772410898906,317.1020627811522,319.40510086786526,321.13194220991136,322.46286356159544,270.74312347015984,274.34411022266795,278.7980060768459,283.1557735989263,287.00399173391634,297.6710667300795,302.26509012311726,307.1714461871452,311.65381254493695,315.0635931829311,291.3593448134925,290.8727253431425,290.3511717559959,289.8986386756478,284.7525823951182,287.2416734376202,290.2368938118343,293.47134560234554,296.40659355661046,274.9211862713455,278.661325312547,281.7575563422324,284.90051922235943,281.60568450809296,278.5050350972051,298.69420252985583,302.1011266443238,305.30269683706865,309.2240186557683,305.2862135303949,302.0197691621943,279.4252291733101,283.23926375763403,287.48049192109465,290.13712438384755,292.9228687951618,297.6033603212636,301.52304984080547,297.9405321160448,293.26854214805644,289.5482190243092,286.04541190842065,282.0005964565644,280.51899591789333,287.33779448266796,290.13397152029574,293.1449052029202,300.62832643280854,293.1000947046123,289.75872731926574,286.5463042803349,93.87964901618398,101.43460478505585,108.98254069594259,116.58263245134731,123.91082980418287,130.8726537246257,136.90135148456466,141.62983552072546,143.6030423008342,142.51909849939693,138.78168238580838,133.57687305166473,127.45946274731978,120.5842429848708,113.17338619700604,105.57260945891903,97.9313094368299,92.26999800920748,90.30477297765901,89.9728041364433,91.01526762133653,92.68407246966672,93.61773301382345,92.71283931330618,92.50245246917984,93.51594021500568,95.8718142708858,98.37023759517979,102.9592960782793,107.29702178436128,111.66820233612816,115.12469296341442,116.41082810695661,117.2141670522833,116.76792755395581,115.79149688543839,97.55570088330933,97.3248447162623,97.4734009427375,98.40186824939519,98.92784264676084,98.70581838408543,100.02133977050107,99.38436903040565,99.74555894136574,100.4493956505321,101.14300377077961,100.97195242153612,122.78795858265221,121.88929530972382,121.6372119665757,122.32769394245406,121.93518914943706,122.63409009686438,123.8666217019927,130.37973338520533,134.04232607132872,134.49241798998992,133.55654704072367,129.25855761726416,123.38344171915378,122.94171533367626,123.54509763217357,123.17569764509244,124.32126073973632,130.90972537603375,131.35181611400185,130.49416921544616,-19.70765414678646,1.7425698254516646,15.224835517321178,0.27727726,0.45621085,0.42242676,0.2532879,0.61957455,1.0,0.61546147,0.16543011,0.4732455,0.4120178,0.6399285,0.13886346,0.2796561,1.0,0.29194206,0.33720872,0.99677014,0.30425698,0.004836885,0.47317204,0.49369735,0.2507776,0.046342097,0.047104437,0.13456753,0.01014355,0.017367443,/content/data/frame68.jpg,0
254.35983615451389,69.5968222618103,55.042616102430515,67.85827875137329,0.9969311952590942,254.21144484515813,254.83765904329266,256.1245953386567,258.20126490771855,261.2120260174823,265.41845628458384,270.49206997100475,276.1978799204197,283.01379123167044,290.0522377824945,296.4338803065619,301.963521479367,306.50924038985073,309.63232477790575,311.76048864078217,313.3706032600276,314.4382889911885,260.0111622922615,263.73571721382336,268.4196400235695,273.0743028917292,277.3054015926224,287.74772798652356,292.5318704037753,297.65092108831544,302.46959203247206,306.2599399602835,282.17572942627135,282.11450123300386,282.01642449092253,281.95100763885284,276.87801764033003,279.5913123845029,282.6258670662401,285.78721725498644,288.63976184972165,265.09830296834843,269.0307595184887,272.38780695277956,275.6411838683153,272.36603126597066,269.04756268972073,289.95299132225404,293.36926726565656,296.78277665573665,300.8947194196725,296.9599816764418,293.522864364677,271.6670445814504,275.27412291245776,279.7581695250617,282.68560520359534,285.671517082881,290.6243852775848,294.6001456676246,291.32465331311755,286.7543363460758,282.8880052739439,279.14755237798266,274.71820343672454,272.8922539759086,279.6846398767141,282.7329569478298,285.9000440945184,293.6258432451016,286.4378717676036,282.9571691070047,279.5114390779229,94.51251055718873,102.29268461456346,110.01012343515032,117.61854306722529,124.85792390049727,131.54411055573877,137.39535627187297,141.92832962266425,143.7150280015179,142.43353623455636,138.36530015951257,132.8314072310751,126.2851353699138,118.82841993195444,110.85768859389208,102.8443814562782,94.81991346012936,92.42701228550675,90.09627604939939,89.5205829978143,90.21794372555735,91.52622009692212,91.57607144635139,90.35506527150235,89.77685805391548,90.44210734870904,92.5596078472883,96.95002119073496,101.57839694872922,105.92419112604762,110.28575465730387,114.93748594966223,115.79694243408812,116.24779840720026,115.6654923224541,114.67646407049205,97.5735392127807,96.79828302140311,96.69304478909854,97.79702090480643,98.54822749668816,98.52953627415363,98.28216272470743,96.990269687974,97.08571335079671,97.81813892850099,98.85345841259056,98.93082968717454,124.23165388593605,121.98306729589677,120.77766545250671,121.28617251397645,120.7157286333005,121.68693445754332,123.66416584907302,130.22765829126587,134.1548292684796,134.84956905096982,134.18793083630237,130.32943347831508,124.61031737813971,122.75307188956407,123.10288556957732,122.62229157505021,124.02831707033971,130.65616827929648,131.27022663042044,130.68319799061686,-18.822983914698433,-1.9972305212874928,2.867216155425078,0.30065277,0.51581377,0.60158104,0.2436364,0.6219777,1.0,0.6723473,0.33979222,0.47975752,0.3399408,0.733148,0.32570958,0.29669425,1.0,0.38949823,0.33720872,0.99940264,0.7525864,0.0044579622,0.36918446,0.10502443,0.014036934,0.45529878,0.02347803,0.28360218,0.1026838,0.015875742,/content/data/frame69.jpg,0
249.693603515625,68.75784873962402,57.33428276909723,69.79478645324707,0.9981014132499695,248.85277560868508,249.89536450174802,251.5598170605627,253.9161202013385,257.17435947550695,261.5715079505096,266.8196081175736,272.6083265732662,279.49395184623756,286.6760237146837,293.12153439677485,298.6836109611088,303.26853648639747,306.4202465834591,308.48049126547943,310.0449393377602,311.15446122242804,253.92407263598463,257.7119637764284,262.5214494823115,267.3099208921225,271.61589218289066,282.8452665552835,287.78930465979636,293.0321007077068,297.7643634308272,301.5012239529022,276.8403322344459,276.6827736869984,276.46580151686356,276.3067603121092,271.4653126082211,274.1532255343892,277.24659780893063,280.5128069901377,283.48865496057414,259.79269109457744,263.9895198375312,267.21957614258804,270.3971878135112,267.09319333548274,263.8642652477705,285.0529832221634,288.6518368040047,291.9810364562506,296.1684151309149,291.9357879517732,288.54815562687634,266.6142151515578,269.94196709128187,274.4722814057662,277.43727153228843,280.4915805292994,285.84171697254015,290.2620375840894,287.275756099271,282.56940743029253,278.5509169015876,274.6128318271375,269.83287696064497,267.7348369975789,274.4773309272003,277.61206035480257,280.84773278602194,289.336644763758,282.1133480332229,278.4997802008358,274.8872731922794,94.98872071757083,103.0082992720451,110.89251171361006,118.6438341298894,125.92661686873794,132.63342967680677,138.4263265303643,142.95663834879255,144.704466668588,143.16408057684362,138.90495526643906,133.17101026519555,126.47011810213002,118.87921720961303,110.72048852122398,102.45299418948741,94.18489830823744,92.26552354276569,89.78657294279667,89.12047541936083,89.86756497022846,91.27973365365445,91.00359247432735,89.87433427429634,89.39729802199565,90.30169401864748,92.5270478177338,96.64185366209794,101.17364564177703,105.42177083307124,109.73690764173665,114.56590252188033,115.39739870488657,115.80918305934696,115.23232453260556,114.20644049480606,97.54872824242949,97.44130547724885,97.32325200925656,97.52952857912189,98.36556758417957,98.3289704100485,98.07161954083317,97.71756646726742,98.00095120131613,98.05499331133603,98.9730027978058,98.92742730998293,124.29301306691995,121.95532176824676,120.73206958470374,121.18154937796697,120.57234695664161,121.43022645233131,123.40069798165773,130.687100001811,135.03164534311946,135.81397920572698,135.17618695815025,130.90801594053994,124.68719523395899,122.58993404038748,122.89814704418669,122.33148740255642,123.78145136702815,131.4715854647528,132.16724627630816,131.57771277683196,-12.998629197085199,-3.362473709858776,6.629755735179088,0.24331252,0.46936828,0.41416472,0.37984934,0.5724016,0.0,0.6161667,0.122058615,0.47703207,0.4333788,0.5261403,0.078647576,0.25607407,1.0,0.17179058,0.33463413,0.9989742,0.7015297,0.002723059,0.5597346,0.06141878,0.002793663,0.71235347,0.015663652,0.14975777,0.050017744,0.007994866,/content/data/frame70.jpg,0
244.68321397569443,69.42861557006836,55.0286187065972,67.76907920837402,0.9982784986495972,243.25456786803812,244.63618375015784,246.63919292679748,249.26113906807092,252.6494770990903,257.10178890135705,262.4141845526568,268.3266663211763,275.23065952339994,282.31121522047647,288.62297238194924,293.99372374217637,298.23389928533925,301.0026035635233,302.7962212206703,304.0758054975847,304.8752821029452,248.90537234222717,252.39288454092275,256.9551943581981,261.74634638613634,266.1332982432933,276.3872649240625,281.25724005696975,286.57948041670306,291.5497930506317,295.4777444656163,271.05096761974164,271.10213247442914,271.11486128011427,271.18901408642466,266.61505154680844,269.25752930981866,272.2661565487783,275.44736913671704,278.3269924021413,253.74347092967105,257.7282124007893,260.8874379885042,264.15365873703047,260.92285179442024,257.758943789991,279.4654352609523,282.95923551873966,286.2283330936841,290.3706480664064,286.20793598236537,282.88501485131746,261.58117001639937,264.8448556676776,269.5975886118914,272.6656597611784,275.72473204231824,281.169015764405,285.44823083574306,282.59896087618336,277.8656968002233,273.8177087729057,269.81893944053354,264.82247119522754,262.62849721456064,269.653610383295,272.8627865965184,276.08996539325835,284.48870864542005,277.36909403127925,273.71542268853113,270.0096437063637,95.53910258123187,103.55960496148771,111.43965907642496,119.21367293333833,126.4953350352398,133.14251997790484,138.81198141061714,142.89102559102867,144.13921440929016,142.2401357371807,137.74385235807745,131.84683322860428,124.9638697002058,117.38654158140571,109.29280009623767,101.12962699925174,92.96507486752955,91.49696757480717,88.89906244419512,87.90123265625994,88.19598981898264,89.17854600954013,88.47105998844938,87.19282808654873,86.56428392737268,87.42514333196914,89.76686064747332,93.78347502863824,98.07772133624042,102.09815048133305,106.19830916195951,112.00098195713895,112.62004979677408,112.82478677108043,112.19945147304816,111.1688350736681,96.60873184906461,96.1439123165552,95.80952426454019,95.84125902875212,96.81272235114113,97.01541137403774,95.16820525106743,94.5632185921312,94.77787055959402,94.98212038806207,95.81446843125718,95.8198682368677,123.48981001853394,120.38321557024369,118.5914834825603,118.87875895770685,118.18657561732743,119.21451150279131,121.84866658516125,129.7484367766881,134.71753760504885,135.71197433739394,135.21940445737982,130.8137350514212,123.78535485487578,120.40599751492005,120.55106033584116,119.9103302598744,122.25047222814032,131.26222913931997,132.20353546834644,131.77338811674554,-8.352919935365762,-2.971607668734398,3.194891273521513,0.2751118,0.48485336,0.7130346,0.3512128,0.6397391,1.0,0.6188881,0.044193704,0.48123524,0.53628075,0.58809507,0.05634826,0.25701135,1.0,0.17339845,0.36055633,0.9987632,0.2816272,0.004676253,0.64282244,0.327431,0.0032822234,0.5281628,0.016485658,0.061596975,0.059023928,0.0040174294,/content/data/frame71.jpg,0
241.70304361979166,65.04685163497925,55.74096679687497,69.31927156448364,0.996781587600708,239.14595408934363,240.60456409044693,242.5721330414478,245.14264793815732,248.6712327410089,253.39365629255087,258.96914461521163,264.98165232610984,271.763225906114,278.7420600002937,285.15402452875924,290.68879692872434,295.11453641289586,297.97780980077096,299.825411308454,301.18470931362754,302.17679055083534,244.66419494215233,248.31028177276397,253.25844888730103,258.3594940778731,262.9817751516231,273.75016987500504,278.95594254696283,284.6366021010193,289.8108561270228,293.65952723240355,267.89821042187714,267.9052558829281,267.8650208959973,267.8880686269582,263.0975616765516,265.7002695209064,268.67316155647745,271.8462840085249,274.8169201082914,249.9380708453775,254.3883380535597,257.66395684169174,261.01841438856525,257.6069535582977,254.32040959534095,276.2462413692164,280.03191980559467,283.42604711592264,287.71084763047065,283.19470213869647,279.7354650503802,257.65937307762306,261.02061330621206,266.04729938199733,269.096298262841,272.08083687688406,277.70664000513614,281.8587766200777,279.1197631511748,274.27529719118496,270.19395729569936,266.0609911769954,260.880544483256,258.56326705727764,266.0258828661566,269.27156464244786,272.4359955440222,281.0654854711019,273.751280489555,270.12918962665725,266.3182000863626,93.65673874907745,101.83958561452077,109.78333055424092,117.71926152730636,124.93849904863492,131.26078641029613,136.48118547922815,140.14953046326912,141.4473133134395,139.57608149796687,135.29229739405602,129.6605495031015,123.05922023577614,115.69976266942115,107.77033672443373,99.68595030113028,91.5585771450246,88.8913892014665,85.87853735355182,84.70967999508335,85.02793799799076,86.12195034780689,85.61009338806815,84.48210317436579,84.04219321343822,85.23554111016233,87.95206959253026,91.3566659324213,95.44239622604952,99.22943566106144,103.09744583810254,109.83507825092565,110.23174117876589,110.31202274480202,109.92589578088389,109.20398640724298,94.0174703213678,93.46794914989525,93.18584313801753,93.41135243075601,94.22443631760336,94.35305192801347,93.32660113696657,92.70308031300581,93.07058712986066,93.397127639936,94.0576854758959,94.00039214361263,121.23651335155326,118.0381665623511,116.13577804227305,116.4084537466779,115.78571630262289,117.03001612087432,119.81798587578515,128.06788857372948,133.39694441882762,134.4163398326222,133.8014461038259,128.91427602277201,121.55577536984617,118.0822341610992,118.23829533776382,117.62830517052937,120.22066297973717,130.0208199720296,130.93188584430226,130.40093771793664,-4.096685332779299,-3.972140156074383,3.07756928944529,0.29422837,0.45069662,0.43936616,0.3632145,0.6681438,0.0,0.61508256,0.22335216,0.48212796,0.42629078,0.5923295,0.1125873,0.31497434,1.0,0.29770735,0.33624047,0.99910045,0.42859912,0.0014783209,0.71439743,0.44582176,0.0014598838,0.43370724,0.03436401,0.026954666,0.0549541,0.002738345,/content/data/frame72.jpg,0
232.8726128472222,57.752723693847656,62.57042100694443,77.8487777709961,0.9975607395172119,234.1484289682328,235.3575491839547,237.27344664822408,240.05898501382035,243.84174099435995,248.67958049280014,254.34289131666128,260.6369570480874,267.83806513578656,275.2870184164449,281.82949451094737,287.28345295978033,291.5874489132593,294.50736830659207,296.4702180439699,297.76834976905684,298.6211998281342,239.2177863682423,243.3282045963674,248.60416786736278,253.95365058310745,258.7394471012508,270.4143833705939,275.2865896667008,280.5470761855713,285.3994319253461,289.01982817326007,264.4800358903449,264.47799793701597,264.41588769000145,264.3939880439834,259.32459027467985,262.1012821966933,265.21008534090925,268.4542453361428,271.3775780228925,245.19734467377566,249.37604547477622,252.74042801187989,256.3705407312664,252.89777359977143,249.52440680666723,272.94875651680377,276.3911325300769,279.7099840716328,284.0723178311964,279.7786007352179,276.4075196793856,253.67090126325684,256.72657563236953,261.8190562856212,265.0969065448344,268.35671868981535,274.22295621072226,278.5863200833073,275.9705457356895,271.1626184921206,266.8882508164097,262.6605556128379,257.25269054558066,254.91349040786326,261.9999691889898,265.39181398242727,268.8366010169884,277.4884478977674,270.6032559851201,266.7324531821396,262.80778938858384,91.2360089071035,99.66753966939905,107.84601899184327,115.8380589937633,123.23380276073021,129.90136798510684,135.50286089132442,139.69422373022098,141.14067502586022,139.2894895400068,134.66895377548462,128.62431181562079,121.69813254107703,114.15994363186928,106.05659017366997,97.96501898116458,89.91664014923936,84.24136609388324,81.19278836826152,80.2088773078749,80.83395824155423,82.33773393479214,81.65569610329476,80.31143480347191,79.73973321292806,80.60675428627337,83.09520109626237,87.38642643236471,91.43954531969439,95.2522079869268,99.16899280791313,105.77421670586773,106.24889835432714,106.49026218751897,105.93954706172008,105.06094974528514,90.468805785536,89.52254674812775,89.17287905913281,89.46343496523241,90.14166137855045,90.3676069254916,89.2937308051728,88.5486611931201,88.76878799353472,89.34530605847613,89.61500356793613,89.62856208256972,118.66025685452132,114.3394394338111,111.87733010810007,112.13863915665843,111.50947396405354,113.10908914553511,117.01609067690697,125.38521329463856,130.41866290358303,131.37464119655306,130.8574075280403,126.37179429661319,118.89907603014126,114.21428348579502,114.24356096831798,113.70952253710948,117.42444975132094,126.65411765080898,127.48913283416914,127.06530535989805,-7.024179363315852,-2.558355106661726,3.4116611839205815,0.24944863,0.4615963,0.29449832,0.3554098,0.5777659,1.0,0.6270299,0.18777746,0.50580245,0.3939219,0.5826756,0.28601608,0.34502193,1.0,0.23361856,0.36055633,0.9984236,0.5192686,0.0045629223,0.7083854,0.34628323,0.00094690954,0.3419464,0.05022427,0.013605304,0.24320914,0.0037848253,/content/data/frame73.jpg,0
230.81271701388889,55.419652462005615,61.09920247395834,76.67373418807983,0.9987610578536987,232.25748152200828,233.26845673022655,234.94892390580424,237.56069692097668,241.25791281300366,245.99845481280042,251.56643180539902,257.77711900269225,264.872692968292,272.319147236351,278.9234196784341,284.2347145760911,288.38953199540754,291.16816660703364,292.93038300860985,293.98089607245055,294.6241409800959,237.1934026089636,240.9122013057346,245.81259480919783,250.84046423817824,255.4006331092667,267.06678483006215,271.75117205176804,276.76457433834855,281.37369183699207,284.851849527343,261.204340067338,261.1841200696017,261.09653298420795,261.0433698005747,255.9551941049527,258.7561984943836,261.9376728249466,265.3077930985887,268.2941940823983,243.04334903297303,246.82020275985977,249.963071537381,253.3380343003101,250.15741275240188,247.00845932950813,269.75930210389237,272.97612989673013,276.1962317168661,280.3970993995381,276.3791823880035,273.141257136177,250.44031448639345,253.37302580981827,258.3497474739796,261.64469399688386,264.97025020716677,270.9702754101434,275.6492443086154,272.7905797466323,267.85613800450733,263.5420942726668,259.35979586375,253.98248571717758,251.62693550082238,258.5913317512461,261.99747729343443,265.54171330022825,274.49791643100014,267.2418493181931,263.30451067029827,259.40760653374326,88.23455583120389,96.35508405960007,104.21577681667867,111.93949238811581,119.13668185088295,125.65675091752706,131.11429118530464,135.29292619349246,136.7908622340941,135.0979762397277,130.6403359739225,124.69703315678441,117.79559749329093,110.36969775507072,102.30724923538799,94.27175522855418,86.30642521712002,80.90250605806685,77.77829155835957,76.67143725591185,77.1899208837898,78.57518815750947,77.75246951893959,76.48293390028624,76.04927609692322,76.91370979184822,79.24740025475157,83.69567910581961,87.81007023999547,91.75615333768431,95.77957367651163,101.44376703750862,102.16458500400404,102.61881927373719,101.99860772396886,101.07203057790497,86.50672768452478,85.34229821358377,85.0253208202663,85.583953784577,86.01153516876676,86.19258010374648,85.48872456008763,84.49288007434146,84.57079863355969,85.32691522100163,85.50318347628829,85.594976891561,113.91575997809622,109.97101775088379,107.89831168512546,108.20075612644911,107.64892074477854,109.07106058556633,112.8078609483448,121.10646719586083,125.99367958607229,126.85118407916929,126.28116879717436,121.7873551912366,114.22371597291186,110.07314875653702,110.17107343231129,109.69996448586681,113.20875654219418,122.29278932505065,123.07394920505101,122.61438435820918,-5.180832685250031,-3.803476742071648,5.325241800863094,0.3657668,0.43010536,0.5782539,0.27664375,0.71604687,1.0,0.6641784,0.43749052,0.49295354,0.6041469,0.54030514,0.23377405,0.27949005,1.0,0.17790903,0.35838357,0.9990483,0.43520176,0.04213824,0.80010265,0.28684962,0.0009808666,0.34840006,0.096774705,0.0244316,0.23726036,0.005302763,/content/data/frame74.jpg,0
231.2915581597222,53.787453174591064,58.093967013888886,70.71081018447876,0.9971038699150085,230.88909764404218,232.00665840144907,234.06550250047704,237.03251257158718,240.58293052465342,244.92240596904696,250.1758940072678,256.3046810007797,263.32660268624704,270.67152240615945,277.3870401453701,283.006225270011,287.36932743887013,290.26855892895816,292.2137795483407,293.25766452666767,293.5427834317356,236.2587986691173,239.78289670906807,244.15394188783267,248.69157279646697,252.79909515567542,264.2739475989421,268.7771764996956,273.7566977097931,278.4488695994338,282.38859239726844,258.5652929771811,258.59504955074283,258.5633710772995,258.5807263389936,254.28533826635788,256.9145933993926,259.8931032595969,263.0664634220088,265.93951155502555,240.98144152273625,244.74517139654378,247.86476388095204,251.16812033982967,248.00828934105806,244.88509835200307,267.98608204737536,271.3312195981529,274.4991883256337,278.6303879856205,274.6750977987449,271.4578272816695,249.76786454713977,252.33427608286146,256.9692916815494,260.2017629093989,263.41028119556603,269.24985260268346,273.7573703747517,271.0738266276928,266.3658901013917,262.28533756091656,258.2823109213237,253.221093793364,250.9625782051229,257.1527041506457,260.4728848199343,263.86028393758215,272.55622846742773,265.74647188481174,262.0210915000892,258.2646926628037,84.2861549856274,92.02873349275407,99.63800548375048,107.10296302416316,114.15562752128936,120.61683744511306,126.0304349163657,129.82189325359673,130.98120855033937,129.26482045764993,125.17278709419786,119.59913582385735,112.91271969495926,105.45888388570359,97.25354981932006,88.98926653169946,80.8441258638448,75.45548274526547,72.97477530018533,72.10020970142806,72.43755623577869,73.54037273363332,72.12091311502112,70.57992620350043,69.92511721212693,70.57613298004989,72.71172031152142,78.09821646562774,81.8338941876107,85.37768285049322,89.01416525042883,95.93789302483981,96.31268878990983,96.45731175600088,95.8351725337991,95.02582003260358,82.13614328978127,81.22615404162718,80.79792440221718,80.9312587353194,81.54849458400746,81.82064825132142,79.97322957657201,79.20348591464706,79.26436715102828,79.8008478012699,80.09406144518127,80.14156524686024,109.90057152919547,105.06623468225968,102.23888224774382,102.50346211223486,101.77804605955295,103.60577790459402,108.01946650138963,115.62537010996196,120.23259402483556,121.21494786116347,120.85131428830059,116.97504453234669,110.01973943711775,105.10588145376477,105.03547922652268,104.55149931765222,108.3025117776379,116.10459584544107,116.9323126057685,116.71235116431839,-4.7296254052527535,-3.766017505779293,4.67621928991565,0.36006442,0.53837705,0.6505481,0.33332995,0.4912477,1.0,0.5829172,0.08835985,0.5049818,0.42880538,0.57609403,0.14793417,0.30572063,1.0,0.30970052,0.33624047,0.9997029,0.6943993,0.017618498,0.86702883,0.09092175,0.00049983873,0.6329142,0.0076737385,0.24075584,0.023938986,0.0032957252,/content/data/frame75.jpg,0
231.51483832465277,47.74108028411865,58.30683051215277,73.16859340667725,0.9934479594230652,229.50328313149757,231.06190587544899,233.43911750485094,236.55598880282182,240.27630416726012,244.90730493289666,250.6192592940019,257.04119587532745,264.1524688127927,271.4647576284168,278.23983007046934,283.8482777396135,288.1591079925189,290.99371971296785,293.0818356026285,294.53342040068003,295.1960662861452,234.78298924509738,238.4156630473491,243.15219976573184,248.19341213193397,252.82349966479939,264.4350790298314,269.44659693905163,274.94960678218,280.0636736664724,284.2103156573243,258.755480322637,258.7727087597862,258.7169937106094,258.6986113031105,254.6571611672702,257.24871166810937,260.1690678339567,263.34493030554404,266.1927250251359,240.68147074552567,244.62714919247492,247.9324473632698,251.29132796230027,248.1271412632767,244.8564151021438,268.57964858413675,272.06315798094056,275.41775240438625,279.7231869954749,275.58579246769796,272.193067305167,250.46512444256908,252.57296511340078,257.1691138811045,260.4868152706246,263.7111968311578,269.7509834401054,274.3040584982234,271.75644783891045,267.0942663234153,262.985404432132,258.8997475500587,253.8296074237284,251.65768607286242,257.5152343347846,260.9179710405313,264.319017349802,273.0840056831353,266.2817822289534,262.5479580846271,258.7167268059027,81.73218337725103,89.79437760045644,97.46061869120464,104.92148969367614,111.94353272427838,118.3074044483227,123.51890201742856,127.12268600188786,128.23427083752483,126.49519826975443,122.23033842751673,116.40155830624124,109.43766386773018,101.79448648370017,93.41856671141772,85.07613039626781,76.8058708705901,73.60626173024089,70.48909212700953,69.1023102217281,69.12603334007473,70.0002456897536,68.15274962664981,66.49401537560985,65.8110323981758,66.72691589937355,69.25865881219922,74.54954483128503,78.297318671608,81.82950416012638,85.4512989788654,92.59304615373026,92.81480733105656,92.90752269938412,92.2779625307042,91.44946938726316,79.5997586895578,78.32913004925416,77.6614496083402,77.76837111051995,78.64069942697473,79.077156657037,76.37491397085707,75.36957814220736,75.3780484415773,76.00994010137205,76.45085097663902,76.5406120762027,107.33981903983738,101.77921534773381,98.51267854381172,98.67578872018706,97.96282344736193,100.04321480080381,105.1165918008816,112.74726129767392,117.34981316162673,118.35917349458012,118.01743080143322,114.20425745781914,107.34781571418851,101.73527550620761,101.58345906232555,101.10940490259152,105.36943952640532,113.07270710343246,113.9172773303857,113.71751747437625,-3.182182364904084,-4.338505145565875,5.34719967013645,0.32961088,0.50747246,0.75303775,0.33147037,0.32228246,1.0,0.6117265,0.0035612348,0.49281546,0.35574928,0.4550411,0.183425,0.3096002,1.0,0.1860866,0.33624047,0.9989681,0.67873526,0.009264722,0.7768623,0.098188415,0.0006983027,0.71906656,0.014696282,0.093468405,0.0667433,0.007138852,/content/data/frame76.jpg,0
231.11485460069443,44.64382839202881,59.95011393229166,74.38573265075684,0.9959938526153564,232.56287200206074,234.1703306690321,236.67402190322943,239.89685478457295,243.6169811665522,248.06856212162103,253.53907128405007,260.0345899649999,267.28015298386435,274.76742816955243,281.3339779481829,286.5211075873982,290.3440868711274,292.819680638799,294.62275481476814,295.73427271370446,296.22362406452834,237.12721126662507,240.71831329488694,245.3572151271956,250.28156349005468,254.84029097601305,267.18623051149586,272.03079026296456,277.2824999151867,282.1771520066174,286.0988155942888,261.2220816895855,261.2540524671566,261.2434540666038,261.2562524865484,256.69878063439046,259.42838752374416,262.5565703567776,265.9321343304244,268.9650273271626,242.46393956424532,246.02024563888511,249.2541996581581,252.9901518144567,249.71035120002148,246.46628294407643,270.62887512478585,273.8900912948783,277.17668616508956,281.47088459628725,277.44973331186077,274.1365626330345,252.46832424025223,254.62680396728803,259.3311902945784,262.6869115298408,265.99128213109964,272.1311239163903,276.7645084086522,274.17127877942346,269.4534901574582,265.3052431941137,261.25064203806306,256.02261385213626,253.71232746658043,259.75122906347394,263.16735639345313,266.64617496525636,275.44742835923546,268.6767369988735,264.87415112343683,261.06301523309645,78.78464642028962,86.74513061379098,94.36638086188836,101.80248897020897,108.75342762671899,115.09842720584243,120.21948709703351,123.54741147301483,124.38001905378982,122.45604224018962,118.2395068877413,112.50622442967928,105.58132421308154,98.1825552488771,90.15932128824753,82.0686023313271,74.0942715828867,67.56999037513552,64.52168660168994,63.30061997414839,63.55308749574985,64.74724312429746,63.653913293779624,62.1226253102991,61.52039992949176,62.28502504888972,64.62792066988129,69.34392160982559,73.00447189231201,76.49098388138393,80.1017158287419,86.97061264964763,87.36845702702416,87.60019594995416,86.94228108190491,86.02824352097923,74.24835008730838,73.0089543985699,72.44867037898621,72.49836102254173,73.30821024068396,73.76408511747267,71.55552103119817,70.86634833019335,70.97510430694996,71.54539349332055,71.77239984732901,71.81861089552233,102.47163005571119,96.64418038309923,93.44948088153629,93.6568307140376,92.94330616597954,95.06799817077118,100.32739591977983,107.67747715132445,112.06804547670508,113.01370798385851,112.73205229687927,109.13854009017845,102.40003764715793,96.45836254208238,96.26415430062792,95.80813045033747,100.51657630555036,107.93777110224978,108.75915778605399,108.59202547854183,-2.457128850655006,-4.283175327196274,0.027766205392747496,0.40543392,0.4889606,0.7477605,0.3052048,0.60110086,1.0,0.66436934,0.51785094,0.47201324,0.32478836,0.61211854,0.18501696,0.31162307,1.0,0.15964654,0.33624047,0.9998733,0.56220883,0.0052495375,0.8419878,0.20483401,0.00040324533,0.46392745,0.026805727,0.04665424,0.2508603,0.006515135,/content/data/frame77.jpg,0
232.4541558159722,42.94866371154785,60.590549045138886,74.3695707321167,0.9973666071891785,235.24706149931808,236.7132739279811,238.9559696815093,242.0670813450397,245.86075299046223,250.47124441143592,256.1218263468337,262.7829605781852,270.12136472150837,277.6035662103936,283.8814935215748,288.7723214130527,292.48932295007955,295.1868915760372,297.21083136881725,298.32837393259047,298.7074291186502,239.8857001349569,243.52355009790898,248.27859154910414,253.37674815878944,258.0195358688757,270.67168625370294,275.54540187274813,280.76580989716285,285.61033837326795,289.32312700393277,264.71340257408946,264.79194242564955,264.8477634349466,264.9404686522165,259.8684352535716,262.7741943285834,266.02911663599144,269.40021834725485,272.42523405633716,245.75855277589912,249.4353561647215,252.733894287427,256.4302036454787,253.1256679824661,249.7989055148654,273.6766959768918,277.0210787125787,280.39055271002036,284.7042443458554,280.60052247369333,277.2101169275968,255.54714230057579,257.95197510662274,262.74655510957183,266.04328732102744,269.27060764470735,275.12719644574815,279.3784338724963,277.2343783744621,272.88782926059883,268.794293898138,264.703827786903,259.32810873533447,256.87608552677375,263.07397559606545,266.46705676324797,269.8541962430487,278.11850358460794,272.1274528555119,268.4172866526709,264.5988189680985,76.1959327051446,84.14690779568984,91.84332387056736,99.32531258640397,106.20606849884508,112.502842182805,117.65281168948461,121.12231561639378,122.0884541981179,120.15639512704443,115.68781003116348,109.6903495139787,102.65186494061919,95.24284674179589,87.27357050940896,79.23809792194314,71.36148169255323,65.79236789779677,62.47376261694629,61.051938635713384,61.27503117715804,62.47870427099975,61.53244667100307,60.154685328469654,59.66964256758193,60.611548958734986,63.15593694768781,67.49021437597372,70.85087690954074,73.99746847892325,77.30091633972492,84.72707074794889,85.05852328371327,85.22057655684421,84.718501313417,83.95759829503476,72.08778249390882,70.68095103361205,70.16003473673237,70.52729165724791,71.31755203700911,71.70816345927031,69.86377486320447,68.90665253941425,68.99763961431675,69.74160589803137,70.06190646638663,70.16298164345531,100.0218145223048,94.20670050776005,90.9031542394234,91.15709887291334,90.53565262990197,92.8960717217193,98.36025382790142,105.51807748488778,109.7671180299093,110.60013515378427,110.27423067526183,106.65289190088016,99.93755107573767,93.9027222918946,93.79126644971792,93.45103702569929,98.42803268252916,105.39562659542531,106.11565591117377,105.9044627024714,-0.6504915275923842,-3.6822593413256812,-3.2829384934498287,0.41263476,0.45475894,0.65399915,0.32254836,0.5824394,1.0,0.6500597,0.0115401205,0.46799833,0.33059987,0.39950866,0.22277765,0.358296,1.0,0.34511968,0.33624047,0.9919253,0.6164809,0.014393567,0.76107514,0.11283287,0.00036920173,0.6512847,0.0057681943,0.17923939,0.045404404,0.0051012877,/content/data/frame78.jpg,0
240.76166449652777,42.305877685546875,58.274739583333314,71.94649314880371,0.99554044008255,238.44332092369234,240.26909717239963,242.90910023145585,246.281500756054,250.43634244778895,255.53109205468837,261.7503461116441,268.71969349047316,276.20265168160506,283.4635130458634,289.2876175374087,293.78976758703686,297.1865640784554,299.60600896888405,301.38091043470297,302.524874537458,302.9767666284487,245.82686197998382,249.89844502146758,254.8575508400596,260.05484764493673,264.83988696019435,277.82697562590715,282.63273536734255,287.63271597672804,292.25984727324044,295.96473048882046,272.2804574323578,272.6088451825398,272.91544985461167,273.28294731271643,267.8747719919226,270.79089730793487,273.9623755675904,277.0234203625062,279.67888719423456,252.65535523112766,256.64659355290115,260.03625509563085,263.62428004774193,260.38217274318635,256.9966588879022,280.56680621443627,283.8074469049447,287.1053730255316,291.2751986241145,287.2806411231818,283.9352996277527,262.66049848619843,265.4846027762798,270.45963293581485,273.6360513691028,276.6764452090325,281.8134281544743,285.3341149377665,283.7363135506531,279.88458881986566,275.99408372606433,271.98968704598053,266.4800580552265,264.03252879229933,270.719141285925,274.00111990850496,277.1269684602459,284.02028605227173,279.1907362871881,275.68091788588697,271.93462469403664,73.4507170632848,81.74681496926578,89.67867541713795,97.16250328466967,103.98467723037548,109.94653023003612,114.65632709866314,118.00243535020805,119.05178998188936,117.19678051301335,112.7271635651599,106.79502365149214,99.94309030566565,92.62502070154183,84.751829961568,76.86437961624497,69.08922301979517,62.89915458237681,59.80770970857239,58.600169173379,58.69331717641978,59.59450519423713,58.84792660006261,57.76261419415626,57.38437443140825,58.136737145543975,60.25602531969385,64.12602097389966,67.33191320352017,70.33061660940564,73.49911275383211,81.24021560131101,81.4411159956932,81.46379962628839,81.08232559361545,80.48973118235841,69.20459923117443,68.07093230283436,67.39864928867757,67.3988757133024,68.47286946097503,68.89628608238804,66.91566497988826,66.4035979718456,66.63753320438703,67.21586801029487,67.6510278361131,67.57329214560241,96.28408380668185,90.94566528138103,87.77327617721198,88.09591068351797,87.5597011498543,89.93407210190199,95.22469444730982,102.4727319441809,106.80255227026728,107.61227245868027,107.26187520576332,103.37680430295755,96.30095758724482,90.55507251154503,90.51162985966558,90.26025221199203,95.26910969587317,102.52481475390277,103.21364992273503,102.93517336428236,-0.039345732882631705,-4.524783638910981,-4.299378366644213,0.43285558,0.4851043,0.65574175,0.31165454,0.4807527,1.0,0.5407714,0.98463064,0.47180808,0.41231045,0.31800303,0.18998694,0.31521785,1.0,0.32460925,0.325484,0.9989435,0.38472405,0.0031238566,0.8216271,0.062317304,0.00060332613,0.62002647,0.0010291856,0.30481315,0.008305167,0.0029053458,/content/data/frame79.jpg,0
242.42917209201389,40.634990215301514,58.8586968315972,74.48111200332642,0.9946215152740479,242.03267508430488,244.16573437239097,247.1566987443371,251.03350458372526,255.62161342081907,261.10035696737015,267.5747843362417,274.744345002539,282.2731897232869,289.3048318093868,294.8098496205883,298.96769872846727,301.9996753523215,303.99536344072374,305.41597436068656,306.26292517514526,306.5021903917394,251.40875989637172,255.47234768253057,260.56418776565295,265.88628725750425,270.69773799873474,283.46799752454115,288.2689321671464,293.20569175937163,297.61157482667005,300.8255161824105,278.01878855285247,278.50156484754245,278.9419038364325,279.4734942201313,273.77862726672674,276.7257452608941,279.9416044461711,282.865964196505,285.3142547282226,258.4205258102473,262.55141875852956,265.89404913982287,269.25991455868166,266.0909116780949,262.76973701474145,285.62551313469606,289.02075330928926,292.27883670819534,296.1235202346728,292.2393027832216,288.9490797576659,268.26731258188033,271.1093468357069,276.3757999708255,279.6431582064624,282.7045202406596,287.80611728154906,290.7270462479343,289.48870904350525,285.68355411469724,281.75247769490363,277.59609892300267,271.9162816041556,269.5679632643336,276.61979050630543,279.9996294442595,283.14710735195086,289.5560035510202,284.933315181922,281.3486360675545,277.46428543349657,74.58632221606399,83.0106708023703,90.91828152927738,98.25430979934492,104.86238325039078,110.58751994664676,115.22881658955347,118.4665443588511,119.34276871026314,117.2405984641497,112.5184013786273,106.361167033184,99.39897701282759,91.96362648198519,84.1126343448397,76.37506317921465,68.81130330629345,63.37526076710347,59.722701141751514,58.08173160804213,57.940590008762534,58.740431471578255,58.335316618508976,57.30872910412921,57.10964241632526,58.26113923387966,60.75025822550808,63.538476051618034,66.8250525374022,69.91516603273445,73.1580026868252,80.99479223079189,81.19984017207187,81.17674098076529,80.74319430481705,80.07606664592876,68.90303415848624,67.36030277913315,66.66529467335764,66.85120693770654,67.8561789150184,68.30803287208404,66.37313465268534,65.71934922733656,66.03567390016906,66.91008164082568,67.16943345816276,67.00483573819062,96.16341745636709,90.22183238769735,86.86017553921042,87.13557053335094,86.61576947399755,89.09670039896588,94.72603085526396,102.47017325070375,107.24133358975446,108.15400202966471,107.80025304434866,103.59425043319013,96.14395681387565,89.62608527869762,89.56374516415207,89.28246882609953,94.81443214228918,103.15116788260195,103.94956031865674,103.60266224662949,0.33045359042742806,-5.016108668471985,-4.656180216864632,0.4347469,0.4917811,0.61008865,0.2983657,0.4973248,1.0,0.5185063,0.06928549,0.47415158,0.31219208,0.24010774,0.4124143,0.37441322,1.0,0.32956094,0.32411072,0.99896944,0.41400823,0.023562767,0.7780325,0.12000552,0.00031181512,0.7501742,0.0009450737,0.11007202,0.016628522,0.0018627387,/content/data/frame80.jpg,0
248.59727647569443,40.774911403656006,57.935763888888886,72.01664686203003,0.9969051480293274,247.5860284341864,249.4731527856452,252.33114364562755,256.07611259498464,260.6437077911284,266.2036183929811,272.8525035157404,280.2400414741097,287.7758621902298,294.7179234494446,300.164990393603,304.31899377857906,307.3285975384905,309.3137846613628,310.58981890880284,311.1906816388154,311.0801198882904,257.56081257261906,261.9368872485304,267.3627499695227,273.0259619423176,278.0660999351809,289.04588003231146,293.63917372702815,298.4484398908099,302.7762854542461,305.9170293374624,284.68870964378493,285.3784740348258,286.04016015051667,286.7818830011897,280.50099790549933,283.52597749588585,286.74274546016807,289.4795505661565,291.81363253846547,264.5700638930456,268.63971397823605,271.89725493619517,275.1339033084233,272.0548018249709,268.8117996547893,291.71317711269495,294.84119794690844,297.87388348114445,301.4171393057288,297.8032164733429,294.7502049668943,274.6351288813205,277.82065841212994,283.1485098720286,286.33463434703236,289.3558845902618,294.06238766594373,296.3896342188087,295.1445525225662,291.5030304608049,287.73928986313666,283.7946862304128,278.3156571327878,276.10958345633685,283.32081704295723,286.57623320022253,289.62620044676805,295.20221317460573,290.8309135053445,287.3804792771289,283.6904911554212,74.14626836070317,82.31374467604189,89.97457063637279,97.01886442739288,103.28519785772579,108.65588014857934,113.01949962915103,116.1258912800597,116.89462099142986,115.00373381110609,110.64242714389565,104.82445499062885,98.0195760152373,90.8259795621334,83.29729817634444,75.86737752680295,68.61867275800805,62.484262407841726,58.70305208519653,56.963355420179056,56.930030818752414,57.946617887174455,57.74175104306897,56.43799651700189,56.11330379134648,57.28537991126626,59.89729309574756,62.35311198247288,65.47582725374187,68.45568637945621,71.58824527284844,79.34214523011542,79.51498295733847,79.51588953896783,79.07641379207575,78.46345128793052,67.52526834959443,66.08294591210017,65.39476546339469,65.52782692162995,66.44469258633933,66.90522317646989,65.15484842214761,64.64633854459322,64.97451079235447,65.85357818435827,65.92248353922096,65.74702651223356,94.6462784909964,88.49764099048764,85.10157590487324,85.46061313628832,84.96024704030214,87.62620485236954,93.47851893588,100.58809175524539,104.85769975105973,105.63566011174692,105.29422395662442,101.50740158463162,94.55501765731901,88.24124837343669,88.17142098384869,88.01487081976205,93.44336314258271,100.7824041348137,101.43933069695049,101.10270560570194,-2.3016330706699537,-4.9409206881420555,-11.437312410406978,0.48018605,0.513234,0.7388172,0.3715751,0.42584857,1.0,0.516516,0.7785277,0.47355723,0.2650883,0.2238012,0.2987347,0.31177133,1.0,0.292317,0.325484,0.99927336,0.4549556,0.019003315,0.7578191,0.31800136,0.0015493218,0.54493296,0.0013584539,0.1106033,0.016516732,0.0070379074,/content/data/frame81.jpg,0
251.44156901041666,41.038840770721436,57.67442491319443,70.90986013412476,0.995293915271759,251.7264590700808,253.41806286371303,256.1054823766108,259.86456106129776,264.5500063708487,270.09941150017596,276.44661392562017,283.31002858385824,290.369288369623,296.94136476154864,302.1561584431252,306.4918603854668,309.8666917820203,312.2165746470508,313.67033443866086,314.2784514633268,314.18654413552053,263.135137666354,267.13545470100945,271.74180929427484,276.52161418001754,280.7514535485698,292.66640858738407,296.9230401009138,301.3422097819954,305.30802035979247,308.35725809066247,287.97718727178756,288.64416840144327,289.2865915441646,290.02427959159235,284.2277426011819,287.16164604397096,290.24941983116634,292.8101402668003,294.9920428494543,268.47173987606146,272.28226252222623,275.48767576170366,278.8628292219024,275.78925413037473,272.6014149150046,294.93456336454574,297.64495970939504,300.5622578549468,304.25691113091136,300.7813879304321,297.83842105876,278.07612156610605,281.33145213466406,286.71887193009826,289.83114284180687,292.6777188539813,297.1862041381018,299.1610730514742,297.9378651830521,294.41530040289166,290.76518320360424,286.89251748951017,281.48009845458824,279.4087854270996,286.8670262787848,290.0375425275348,292.92400371303677,297.9461526160655,293.8074775465946,290.5028661684439,286.91324114391205,73.59354850066913,81.66915239316677,89.41336801030047,96.54603294784164,102.72567859192321,107.9286649637965,112.01567798144714,114.92669208201505,115.58946863274292,113.46830167452907,108.97548339198647,103.32706524718355,96.82311419199948,89.7979170746055,82.36429253634162,74.90133231108302,67.68784715012191,60.60555347388575,57.573874551517775,56.34144349035711,56.4718792666861,57.48950655613157,57.190692355754436,56.17360014842825,55.99448711484962,57.159845251967795,59.38303537957003,62.361254272759595,65.37608191227142,68.26489644472454,71.24553208322064,78.90430446886114,78.9988288807769,78.93813383128418,78.5762965938053,78.09284609513008,66.99962757141876,65.59371325063591,64.9758354151779,65.2367450068491,66.18592489590776,66.5935458896974,64.97342881360822,64.46592751484155,64.72886838981867,65.5149293823903,65.68483190290144,65.60076061181834,94.26600999855555,87.97106556947205,84.40882356258965,84.63975587590983,84.21243574514102,86.87235685538252,92.76147573210034,99.93136818391213,104.42293878682113,105.31708890342253,105.06138558469394,101.30643793684254,94.21726427108212,87.48987205224785,87.369729632896,87.20657269739576,92.81223499134018,100.47321617568161,101.22617561894981,101.00045718637489,-0.13501074935710977,-4.114471675017971,-11.549279783367774,0.4403033,0.4671371,0.77448314,0.3563398,0.32145044,1.0,0.5575619,0.67251635,0.47344562,0.192062,0.21943824,0.5610454,0.342498,1.0,0.33423916,0.32411072,0.9999858,0.6306748,0.0043777805,0.8064133,0.28417072,0.0006631144,0.6444296,0.002020913,0.051717218,0.013433339,0.0035651915,/content/data/frame82.jpg,0
254.83344184027777,38.95055437088013,56.300048828125,67.22519159317017,0.9950191974639893,253.35938887604,254.85128928540036,257.3266414761319,260.9309752754758,265.4954104502588,271.076146649291,277.6818124035261,284.7835790189689,291.89674856623515,298.45941351115243,303.7218653456096,308.0827907637142,311.4796479420514,313.9505620530557,315.4987642880345,316.05442821817036,315.82981233910556,265.7120613465846,269.9407459329475,274.64962305248173,279.4723419657552,283.6712029448505,294.631639467081,298.742522607857,303.15804169575864,307.1882941117832,310.3329452686128,290.0736979289953,290.668362145878,291.2686280560242,291.96170897481,286.156960340923,289.02018050486686,291.9953287510317,294.5647749636286,296.76672605653886,270.8553197266997,274.82419633700596,277.9411972473878,280.9645633305022,277.9683354077132,274.86899064983226,297.1585416607978,300.1474465116209,303.13288456343713,306.6354815156433,303.1128915672229,300.135627660083,279.35887522100694,283.168310331081,288.5379252022449,291.5650273503084,294.3379761071032,298.76287141978065,301.0329371794467,299.4949959001969,295.99644274544534,292.5001206513584,288.76550781499515,283.347001942026,280.6769536459052,288.60992018356177,291.7230239502611,294.5446088678801,299.9174885885941,295.4844768310851,292.3085956332715,288.80805664219565,70.1440114338094,77.95098795624148,85.50812895912208,92.50536990159634,98.54338939126427,103.58567785134505,107.54436803488852,110.35540349755462,111.23575887919554,109.54735082973605,105.54277484463597,100.33905183551803,94.19726879166467,87.42500916060544,80.18403445716456,73.05772857857141,66.19569279736407,57.043030878469494,54.27207997880001,53.20533967357753,53.427197980894164,54.49892211020901,54.65029524881368,53.50584046516107,53.20069724023341,54.152845653734516,56.23667073943096,59.45744962895938,62.41218174671499,65.22217861217516,68.14813293234968,76.07385813948707,76.16562974260029,76.1101176836072,75.89544541112514,75.53979318457834,63.65276206760106,62.05261795152455,61.59836149857921,62.339330884367286,62.95048523605442,63.19745018832839,62.49635379943942,61.62536983425389,61.922788492462416,63.18305407705725,63.21275026383432,63.021581061456914,90.16367940128401,84.77411961710987,81.68547096795396,82.04646523846276,81.68830306866829,84.22773574534187,89.5023430137648,95.93903958089942,99.7978561414593,100.44506568364966,100.0523413068355,96.52640957573863,90.13326196644726,84.67876581530027,84.68740155873479,84.61552678542785,89.46301576123085,96.0043846551061,96.51623997809719,96.19987653752116,3.6711846428379156,-0.5580119426598358,-11.040035093217185,0.3768009,0.45055807,0.7740199,0.25867623,0.51846755,1.0,0.5546964,0.5338314,0.47051,0.2880832,0.39116538,0.268906,0.2779894,1.0,0.31604555,0.32411072,0.99943095,0.45012352,0.0039664274,0.7497325,0.13154803,0.0006135553,0.7444563,0.0009319234,0.11102902,0.009801197,0.0016199397,/content/data/frame83.jpg,0
255.3115776909722,33.70891714096069,57.5496148003472,71.36029958724976,0.9948784112930298,253.91625269064113,255.47427250290497,257.9490206797241,261.6702135444423,266.39416670151775,272.23231256457075,279.1005957632458,286.3884323094552,293.6201366658154,300.1692103029384,305.245362007794,309.19817065583305,312.16576303238855,314.32122891442486,315.5406870216665,315.75239431610294,315.4039434437397,267.93567989846247,272.15603454582094,277.0218085707394,281.97728436155955,286.24913158425727,297.3285004094437,301.40847736938025,305.6366157484523,309.3103278497177,312.0631453759286,292.6270907258409,293.2948430333108,293.93201675934074,294.6771163916549,288.28157877661454,291.2715576759869,294.33786308292963,296.915447115901,299.1376387190465,273.2236996764751,277.13110237217063,280.21130875834086,283.4482999175679,280.43753973054186,277.3723521185141,299.2365508088021,302.0456408872374,304.83430951610814,308.2120254406302,304.8644950828977,302.07363169688807,280.89232403424205,285.1358895143661,290.94879567032166,294.1267376543393,297.0954427217234,301.5146474699534,303.5055780237807,301.8704635389479,298.20815907071847,294.5398981336958,290.6611548829653,285.0400756050368,282.3505768222834,290.85719263224723,294.1353533521311,297.11327129541223,302.4052543964909,297.74673945473785,294.42589326054537,290.78917047320016,70.05510713939515,77.86871307048932,85.3544324932032,92.23385791242299,98.02499514001238,102.64426476166989,106.17093323871472,108.75192169729456,109.64966924066306,108.38797481871336,104.8288851850491,99.93553633351917,94.01877222811589,87.48072341755113,80.50665802886704,73.66023052802643,67.19067090041156,55.02031637394845,51.99736507662874,50.949057193531075,51.26093473501325,52.518423389794435,53.315786314489685,52.470465394266085,52.57705147787834,53.91543990161699,56.25883313969399,58.021856028947866,60.78908239098007,63.42755307025385,66.1644254306463,74.04612497799673,74.22416061465321,74.26227793166106,74.115724299732,73.92675060598555,61.69389654192722,60.26511730062691,59.83344174796488,60.52489998457821,61.02557768087027,61.22116627055166,61.57192674199712,61.12286667116038,61.542672670970006,62.86177020027492,62.519209443582156,62.21736908794571,88.166926997247,82.42346704043564,79.36344986790021,79.86626362433793,79.67548308401666,82.54490346334012,88.14586243279985,94.41794751081977,97.93516321990819,98.4097105460313,97.92045324299113,94.44340669363112,88.192478053613,82.46140061033418,82.60734685598527,82.68809350235165,88.07454303395804,94.11638787993365,94.46147515937935,94.04416505780443,5.012010051726125,0.31086594524176264,-11.781828945512808,0.42782596,0.4441441,0.6208302,0.29307866,0.51107675,0.0,0.5059039,0.46483636,0.4761641,0.4331651,0.5402973,0.30045083,0.26995522,1.0,0.38446745,0.32411072,0.9997348,0.6064483,0.006131949,0.7470911,0.16670369,0.0002723891,0.77737135,0.0005643678,0.04158577,0.012212185,0.001290118,/content/data/frame84.jpg,0
257.04901801215277,31.508198976516724,54.62736002604163,69.36733031272888,0.9958113431930542,253.50867909702828,254.96716167308165,257.2519673329481,260.69760173486196,265.2816449285396,271.1235980398588,278.2161018674346,285.75023964348895,293.09501783723476,299.70495254624814,304.77047952202906,308.5603007833927,311.3463135796896,313.4277135428898,314.63026633957895,314.82608832526114,314.42081997027753,268.4646204650428,272.64928092830644,277.52243418738385,282.4948603815104,286.7355366099092,297.50040224589833,301.31597388999455,305.3052837136954,308.7221461561745,311.27791877699804,292.9785606149805,293.7932898246412,294.60311207312225,295.5193741984362,288.5667609375552,291.6397937513278,294.8355055561305,297.47035517117223,299.7194600836489,273.61462010772436,277.49331740105123,280.55097192748667,283.67158341085735,280.75254433582535,277.70848690454955,299.1578338170207,301.8207409300109,304.4972128881632,307.63008185140694,304.4867738120034,301.827677160273,281.5784370062083,285.9192941311283,291.57821114044583,294.73297040978133,297.74098226676955,301.97327845731945,303.82605074492847,302.26353835917365,298.6805536980715,295.05600127077787,291.2756664702591,285.8370665602174,283.147176122277,291.4026173455923,294.66242726109306,297.66585465687797,302.7486577083189,298.3094405713598,295.0069862359002,291.4353783816585,66.45026208469244,74.05608664396686,81.36139580213697,88.11700623126828,93.80285943092402,98.3326643304904,101.79828380786617,104.4225306159908,105.58199245429209,104.81482951038426,101.6542602799351,96.99127281318346,91.15258439393324,84.74988816976736,77.88260344110898,71.12484466598092,64.72412561474741,52.71210791609931,49.707613789623124,48.571835853436305,48.807578374661205,49.93810948430858,50.88204954990651,50.06056768689335,50.28740424723097,51.70091420157257,54.09407241120894,55.5327770560161,58.26310154869241,60.85680760905007,63.55959308450917,70.95772517820009,71.28955284624575,71.50239290760673,71.33231634311903,71.14594608751497,59.0502346834478,57.70268093582217,57.2614836026963,57.951812167606604,58.449657861975176,58.629384618064975,59.165181117351025,58.7907065485774,59.26164334106729,60.71397981180082,60.27727267065433,59.90112854431046,84.39088119601665,79.08503716088372,76.37464316675016,77.05908734747533,76.92129054985821,79.9201334844399,85.64648771959588,91.0128823656862,93.7932042777838,94.0128515694163,93.37841969272672,90.09453639437078,84.41532173269118,79.83316268310658,80.12210281582648,80.34333283811249,85.41335992894903,89.83398618265203,89.92053029170886,89.34692687211019,6.565106404104998,-1.4714062682111748,-16.3281199798472,0.43350205,0.4262881,0.7226342,0.31942615,0.48870298,0.0,0.52367145,0.99488056,0.47289154,0.1973613,0.43244198,0.09429315,0.33338395,1.0,0.3109037,0.34400594,0.99669975,0.67328364,0.011231632,0.7503843,0.07852004,0.0004639805,0.80038553,0.0018147243,0.06390255,0.053427722,0.0014853586,/content/data/frame85.jpg,0
256.94609917534723,31.27850103378296,54.72648111979163,69.81794786453247,0.9971599578857422,253.38325815041904,254.70789838995825,256.82356096720076,260.14468686788166,264.69140098017516,270.6895265219773,277.9927335836797,285.708992739176,293.32315179512784,300.2748274974932,305.66485182769793,309.6593075477506,312.5348394603978,314.5632234438282,315.5533779295319,315.47574979388264,314.8248020461726,269.08416469170544,273.2259241062781,278.04229424191396,282.9359029992344,287.0987685775459,297.87195080588606,301.53619855928235,305.47127836856816,308.9224569895266,311.5750820452439,293.4722657308298,294.2290314389392,294.9603439075887,295.79183137791875,288.6860779336864,291.8083369803332,295.0888785221578,297.82943385851274,300.1905176992194,274.00873731233196,277.8817720414393,280.93358898570796,284.23997328095714,281.2495172705444,278.19443939526394,299.56740521867624,302.2189416328,304.85178137662007,308.12786847669497,304.9581386640474,302.30038001402664,281.55298110851174,286.03356274088225,291.76674388018375,295.0093627419106,298.12188393944086,302.5526302562943,304.87791376863373,302.8739493145263,299.03323675383257,295.30429971969,291.4749779455782,285.9680594758252,283.1217111479148,291.6095050826805,294.9409381221186,298.0586128890275,303.7668002155967,298.7083121945431,295.302681738606,291.67227675621615,65.65944266678136,73.32234839665674,80.74690903342591,87.69089932564242,93.64590866781793,98.3166105682084,101.78613629565608,104.43878132644848,105.6864045427926,104.92981861035919,101.78091281351462,97.05730692669326,91.17742384200938,84.69470297801973,77.75104726831134,70.93346424516463,64.5117922044823,52.459046614695964,49.74219919561314,48.78530071308446,49.09818030208214,50.25619033771053,51.34117649250268,50.43110457980245,50.5314368851995,51.78871555347529,54.03448078868307,55.839176390369744,58.681334946275655,61.383830273891384,64.21118480225581,71.17683556654558,71.6943298374405,72.01954902908787,71.87161362281745,71.6387641722511,58.96927815088191,58.046904088797824,57.615215249925626,58.062444697234014,58.65120504235543,58.80540762844186,59.523559019477744,59.437146844548515,59.88406667819268,61.05631894237506,60.73067028661281,60.37230994847228,83.92953275705747,79.02350449678693,76.57296228219661,77.33477669054027,77.25407738709272,80.18192901522387,85.70432816818771,90.85882638776123,93.3496083911622,93.45802311132596,92.75666326780508,89.53594208216848,83.9866614718743,79.81464730916198,80.22482548902427,80.50310824793007,85.51646758053961,89.55166746004943,89.52401696232734,88.89908674994908,6.0388409264485405,-1.1832696581124749,-16.016640225838838,0.4278346,0.3752771,0.4400141,0.43227792,0.45904005,0.0,0.4040187,0.9605632,0.4702456,0.22818567,0.39997533,0.32739037,0.2652194,1.0,0.28668287,0.34400594,0.9942093,0.58803636,0.022509584,0.62260383,0.34880415,0.0005338959,0.4192554,0.008150837,0.052489605,0.16698521,0.0037809168,/content/data/frame86.jpg,0
257.01874457465277,35.46018719673157,53.57378472222223,65.54867148399353,0.9972942471504211,253.0424519399237,254.40075709762007,256.5451884433617,259.77142852738666,264.1353737021244,269.8799724954567,276.9789299804527,284.5183890268721,291.8533960498278,298.35465439738874,303.176141146375,306.7688247253531,309.4539547364085,311.57443653048847,313.04807765613145,313.4956188596671,313.2755731967326,268.54425725158467,272.8340927873825,277.5538340862862,282.3358046024765,286.392321597005,296.69727462747073,300.2833287998909,304.13763014077745,307.48073109690955,309.95766773624564,292.66531081691954,293.51755056690007,294.3928947833003,295.3743704539096,288.2059378196359,291.25364573462105,294.4616783926434,297.02750721609425,299.11367456420726,273.282583393201,277.12110824676967,280.1585602728967,283.2432409602409,280.29243771579723,277.27724155454325,298.446715944186,301.1126938153622,303.68434095107494,306.68469596207495,303.6870649151557,301.0957030308036,280.38404683138316,285.28242578846925,291.06467482887604,294.181217925674,297.10448147130495,301.0609431862347,302.77312104939807,301.06507367221593,297.6144956892566,294.14485933454483,290.44838381611885,284.9379685750248,281.8422091835106,290.85303547850043,294.0685086373767,296.9994939882416,301.7934644804468,297.42550134147984,294.2381117365512,290.75181278572427,66.05999781475522,73.51511477540822,80.77826259446482,87.55904841613454,93.42265068326907,98.21483958106688,101.81559190734782,104.52378418916584,105.75190285184902,104.94499999112952,101.57271370556106,96.80365740462094,91.02021282059869,84.91028168461472,78.51492037094604,72.22603276514891,66.21844719525838,53.37212475719234,50.866999074766056,50.08986525007167,50.62000445221702,51.985256656000544,53.201119824523616,52.39412553988058,52.632223911408644,53.97480767056166,56.11991297471397,57.44190290903978,60.356685127610405,63.16375355483383,66.10653728024121,72.65944780039669,73.2414946932818,73.64967672563373,73.51450528258465,73.23531068532571,60.12564984022626,59.14400538698891,58.86562422822912,59.46633097832817,59.96498518772974,60.01194895398906,61.226872097041934,61.19094718349875,61.73533445249666,63.056644567903874,62.662940334314925,62.17821538013513,84.87273692668273,80.35782506795277,78.15208929307414,78.88544043520761,78.78741523555203,81.46749114457808,86.60794893017078,91.65660303131466,94.20604118621773,94.36760366852744,93.68337295956746,90.48339967203523,84.99539032481692,81.44060782265225,81.78182065891272,82.03271603553262,86.43634388149115,90.4279405134966,90.44432180523165,89.84232574339043,4.165823038039743,1.0050441345591778,-14.72205156104026,0.40531597,0.40530777,0.56243604,0.3862083,0.5419119,0.0,0.3757936,0.18101533,0.4682211,0.29889902,0.39854637,0.15263131,0.30538347,1.0,0.40224382,0.33380374,0.99050725,0.69400835,0.014434353,0.8510863,0.09252857,0.006477821,0.49677676,0.0056869052,0.13254687,0.25723967,0.008743449,/content/data/frame87.jpg,0
256.1448567708333,40.1502742767334,53.780788845486086,64.11202239990234,0.9949188828468323,252.68763966358568,254.11303769744973,256.3074405015752,259.6794242595057,264.2849453554233,270.3156930965667,277.54700277240664,285.20355116131066,292.65772109472545,299.2135990379582,303.9137427119873,307.3497054473493,309.84221213370455,311.7056319509426,312.9402492093128,313.1426460073988,312.58112409337593,268.367934019515,272.7828250931558,277.5643181837298,282.33903139198367,286.31143483315026,296.15082560458393,299.6777080063404,303.51991340301703,306.93617618947957,309.5036169691697,292.52676412529524,293.4563302429202,294.3849379598654,295.4020166065402,288.08937356392744,291.23560122682267,294.5433996531083,297.11568287833796,299.19817749974845,272.81917324142205,276.67275792655164,279.73657230229094,282.95321490124905,279.90843555527744,276.84229625540127,298.1517690408853,300.9231519824369,303.525608779305,306.6169645640504,303.587891066538,300.9266370758176,280.60443392448013,285.5285177764672,291.185934060498,294.2688889359362,297.1641669471728,301.0676091030682,303.12639591819135,301.42020884021457,298.0760599728381,294.65926525107005,291.0093957381672,285.42092468963546,282.10437225905537,291.04157782414876,294.2211202283743,297.127422140252,302.08206475840905,297.85776472902705,294.72119902896503,291.28084324168356,69.22186696990866,76.70311516176189,84.05243881220684,90.92832169817774,96.82708528447347,101.52029545693458,104.93989659600392,107.39727720960072,108.30360784280437,107.1059004747256,103.29788109272448,98.19796969403032,92.29634007699387,86.05261644509429,79.60286418095401,73.26158086263985,67.27717339933724,56.54221451333751,54.211308397092395,53.61750351280588,54.31729421388472,55.840752343130674,56.664564219247126,55.60197988288328,55.46483916552688,56.390042037952114,58.25961350357201,60.66388542113073,63.61178604959177,66.44966548997755,69.45317857893178,76.06446262844437,76.5896020018321,76.91681099944017,76.6163867787227,76.13951594865812,63.60323152103683,62.797519202254264,62.47944023217387,62.80330629152595,63.49537246655236,63.62553382584892,64.13425428232912,64.20985788044509,64.65429670664753,65.54912882451936,65.48544103581108,65.1061459419332,87.74349204044174,83.59256239802252,81.4225552475622,82.07870203252114,81.81840682782313,84.10051934391339,88.58393606615282,93.54559472756318,96.11199915053749,96.40775059473526,95.91329838569473,92.97564439033795,87.85356137783347,84.73814469181343,84.9928270619088,85.06271694114002,88.49310811274208,92.14085447007218,92.2827206989139,91.85794742924207,4.046856792979569,0.11669371246247177,-15.299777413181976,0.4247449,0.36081693,0.55798334,0.42370114,0.44243294,1.0,0.3987981,0.48249635,0.4711565,0.49716327,0.443703,0.08234857,0.31332666,1.0,0.3772639,0.3622873,0.98855513,0.5532403,0.0075612944,0.74563926,0.07968763,0.15986072,0.22590007,0.0049275258,0.26117027,0.25986898,0.00858483,/content/data/frame88.jpg,0
254.88541666666666,42.70716190338135,55.06995985243057,68.47786903381348,0.9941797256469727,252.49029114140632,254.26004514656063,256.7119078232128,260.142424893856,264.5689349912917,270.3331046911277,277.3384364202574,284.8683181176998,292.0496614593592,298.31106788292664,302.92783641440656,306.02476602661886,308.0617664035831,309.3714405220371,310.17547308797793,310.15426020134987,309.4959799051569,268.79352960777146,272.53594860104647,276.97634062504085,281.4687656901558,285.2699572609172,294.7449666221107,297.8984231160073,301.3835960633262,304.5534067083313,307.1104387234502,291.3113197813093,292.3188608763187,293.265937162872,294.32641496503356,287.50985392709117,290.453983164301,293.55944984910457,295.92147612231406,297.7984272043475,272.67804947227637,276.4245141465384,279.31643646650775,282.4302614498638,279.60459082949603,276.6990131117158,296.9990574571714,299.54801280407287,301.92912136920177,304.73753907034825,302.01642677306813,299.6145608277661,281.82018157327525,285.7760641157231,290.72720867057205,293.60025930913343,296.20893008290386,299.832694542582,301.72551977967464,300.45741919659326,297.5200686791002,294.4576204157361,291.12478254112693,286.16989107834206,283.3012828521962,290.67272911897567,293.5873679866663,296.18970085341834,300.7730263948506,297.0535614983621,294.2776267951647,291.1450795169262,75.77784641151823,83.07595858800937,90.04523183841457,96.59927422073679,102.30181340742547,106.8487376158123,110.12845756027104,112.30221273001803,112.94556416949376,111.75539927147952,108.23681272162617,103.20840839451421,97.2751380456748,91.05314517525812,84.68167271883317,78.43369638880858,72.53340617668357,64.88337608038876,62.28200320573535,61.16680830291216,61.29460480208081,62.33714397637925,63.047112010412434,61.84976676333406,61.58548240796108,62.30574341850058,63.85246211652941,67.50472511715543,70.71541869097246,73.81763805556488,77.0542857014766,82.84743148935036,83.35657995177485,83.5921698494451,83.09963022991042,82.43627568976763,70.79703271311132,70.07835862828586,69.59669238864365,69.51646202858569,70.35502492256342,70.65933507094599,70.05749594285703,70.13229940880649,70.34750171917835,70.88062549447386,70.92748878222665,70.76699867459752,94.35022824211273,90.15393624982607,87.9408018123604,88.44551276028824,88.12313663815189,90.20429175373351,94.48918709838722,99.03663048617432,101.38606910788667,101.7766144648624,101.42042311084424,98.94025413655982,94.40974775222685,90.99290077315118,91.14300729277488,91.1563296321026,94.49840498170147,97.73290244122904,97.92119803428591,97.62654903087537,4.2550026944079775,-2.5139619521952468,-15.058899920219188,0.3616025,0.43019077,0.6289249,0.39535114,0.48351538,0.0,0.4624908,0.945119,0.4696201,0.17265141,0.37530732,0.106790364,0.27958044,1.0,0.34444076,0.34540883,0.98875743,0.7079293,0.003974259,0.7680527,0.010997101,0.006012995,0.106454276,0.013270793,0.03352297,0.82239217,0.0073496713,/content/data/frame89.jpg,0
255.12141927083331,45.94981098175049,55.40093315972223,70.17917919158936,0.9948503375053406,252.2745004132572,254.24332543763163,256.9647788998709,260.82991446463893,265.6553998050651,271.62864567794014,278.47390755400824,285.6946987081118,292.56342724248987,298.4884798776251,302.6692595652836,305.4668566866819,307.4355311228747,308.83960026993225,309.538018217298,309.2400393430187,308.37183322082194,267.94765561622376,271.6675149974318,276.2008918928607,280.80323817549373,284.75569104250064,294.4315338713585,297.53695331451115,300.903422390192,303.9316603706336,306.18321972569646,290.7506517311723,291.7219103656908,292.62197592752256,293.6308765878521,287.00033338041885,289.958849032748,293.0491845597036,295.50079529450676,297.4749712189365,272.10550323361724,275.69285003456315,278.6070300164061,281.9984440243803,279.1398235521639,276.1992755797108,295.95040642851393,298.2409129069623,300.6423476596336,303.6895045352988,300.98705404668453,298.57821537508124,280.92564628876585,284.9703293974386,290.14608535822833,293.1606700101987,295.9132161672479,299.6722636129321,301.4205924021017,300.4417541624392,297.5499289961649,294.3106768163575,290.7876060709537,285.5223906910408,282.35019542853036,290.1111087432329,293.1741978485186,295.9107364818565,300.55896196383776,297.0657528548588,294.13600456483437,290.82493186158325,80.85187152755644,88.21992788411953,95.2838638783943,101.77381293981591,107.25722557536018,111.52789134865654,114.60035707805413,116.59663432794673,116.97790854511283,115.49665793534417,111.61334010254122,106.4477337851959,100.5442604364938,94.38083674898974,88.02375164025412,81.92619522341178,76.25199489110278,69.34644252670074,66.38527903217725,65.05309064383604,65.00957316913693,65.91673143432526,66.51039020331035,65.43370227300281,65.21801482039923,66.1064825824395,67.99751626196709,71.48221462887878,74.67390353150624,77.75414463068398,80.92968044102449,86.87295173633849,87.3006121330645,87.5050908053459,87.04269473471507,86.42150342651493,75.23986913388254,74.13489823325465,73.56034910452325,73.77384549908356,74.60335547819764,74.9914764380236,74.0211916070799,73.63804758665808,73.74707844979201,74.54355942106017,74.57661101713335,74.5629049827985,98.54821408847977,93.98043783275175,91.44175199170186,91.86719874215734,91.49775573646431,93.54356143930764,97.92129540977018,102.83075123009763,105.58420091623688,106.08368685601265,105.82288820378727,103.30141459190207,98.52963652646795,94.33102217849384,94.46479969948194,94.36811204763876,97.91805274425826,101.78470548495659,102.1193325030479,101.88542388046244,3.298079442666729,-4.0868734411700185,-13.772591502921887,0.5138939,0.5217648,0.67063457,0.46176106,0.42478672,1.0,0.40706205,0.5237008,0.47711006,0.1908718,0.43122387,0.13350008,0.26928806,1.0,0.3547174,0.34540883,0.99071866,0.67793787,0.009645616,0.8487909,0.008917985,0.006736722,0.045118667,0.0326232,0.024285406,0.87378764,0.008530418,/content/data/frame90.jpg,0
255.31146918402777,52.172823429107666,55.050320095486086,69.59105443954468,0.9963434338569641,252.8572060733053,254.68731939468844,257.2670639426585,260.97270815002435,265.7741055451988,271.86740356194707,278.8925817027165,286.31443992384055,293.38257174686237,299.334390652712,303.45205571900607,306.330975314404,308.4028166485901,309.76187921866983,310.490421852258,310.3643108964036,309.60393689390594,267.85041671039045,271.8085615717105,276.5862857861917,281.46078582397564,285.69395470818114,294.75914530299735,298.05357003539024,301.7180250984675,305.1416169963333,307.69954498606575,291.60191650825107,292.57135217229126,293.4954623562237,294.5171223709437,287.6785945174378,290.6626347821082,293.772258383383,296.21781342792406,298.2134884435719,272.4026583585547,275.9080810155872,279.04144001680646,282.49269459375193,279.5553088123946,276.4191773213423,296.7942822565207,299.11609067675255,301.77602837319796,304.8835016771516,302.24735662236174,299.61083327452457,281.15048597443484,285.472379510839,290.60442245069373,293.5500460609087,296.25334808666435,299.98874305117977,302.01957443252076,300.77532877981923,297.8822132400695,294.71475560042745,291.2451712320811,285.96662933214157,282.57616794115006,290.58609017052277,293.59938841587336,296.3190167731416,301.0734187235063,297.3802183663787,294.4919907710026,291.2623089026292,84.3503613367362,91.8494436036687,99.0589873407979,105.81715280946531,111.523902528723,116.09878949555078,119.50816056136436,121.84188023504423,122.28363691850181,120.66054073406707,116.48841640159031,111.05186746886572,104.90053382337632,98.49327995388724,91.90358928482536,85.55536157455634,79.57109657359553,74.15902967182964,71.29067739405406,70.03186745903372,70.11218006847133,71.1008265485093,71.21509593647703,69.78700235158568,69.26791958274767,69.95534026883857,71.89047844184745,76.13370195704543,79.76454369185915,83.29841547930633,86.92595959380691,92.66273881245954,93.1405926166882,93.40511900751265,92.95078408023426,92.2369948754885,79.83971947991841,78.33306786847305,77.78208653393432,78.51420304131094,79.44125495143967,79.86557780071348,78.49656512798326,77.47639339775172,77.44693631546775,78.5466366925719,78.92871267028687,79.02967211603978,103.88218885035975,99.96080312264348,97.74249767115326,98.23809640582166,97.78554343789739,99.5787171898483,103.3066358891406,108.00350743108382,110.70019928359291,111.21449863639936,110.95788653432642,108.51810045875587,103.9078630021713,100.53275234483364,100.69488575835774,100.52942237050989,103.35736200025177,106.84031604129412,107.22432330456607,106.99976656070686,1.4232803732313986,-4.48676211184631,-13.631817253512816,0.37353504,0.44682983,0.75974584,0.34015962,0.49794182,1.0,0.53358835,0.4975361,0.47075832,0.28009793,0.4206219,0.19567741,0.23976482,1.0,0.24239947,0.3465423,0.999183,0.6258916,0.05683033,0.7342282,0.038639974,0.05235847,0.124223195,0.12197808,0.12869456,0.51713854,0.016967129,/content/data/frame91.jpg,0
256.4775661892361,53.1478385925293,54.316623263888914,68.29153060913086,0.9976171851158142,253.59854627490859,255.40046819733436,257.9551690783262,261.6931364626182,266.530610606472,272.6614071925162,279.6609990980719,287.03024951663974,294.05932725521006,299.99013892030916,304.2641022340904,307.2373771425923,309.2660893997172,310.45676216398124,311.08774384826256,311.02822510805163,310.3141663016113,268.7792491269229,272.6612020396981,277.3573112380907,282.18123796906184,286.4308955584861,295.64150486532117,299.04509269443224,302.74340696973513,306.1367811192581,308.58075198781444,292.19213865022266,293.06021837716617,293.8729019586249,294.7820073646026,288.1558937221489,291.1300283186506,294.19421034853667,296.66726895594866,298.7024484114354,273.3602773635289,276.8207364845789,279.91359594768437,283.1484846606145,280.35820362358504,277.273105775432,297.6517777917693,299.98534713662866,302.68707298279605,305.69542902319745,303.12638331985727,300.47713751840274,281.81688656407096,285.9895874237436,291.0181467639086,293.96289077691836,296.71901142743445,300.5094588564393,302.60621346490916,301.2984277490409,298.3050576335445,295.089673092109,291.6031253710207,286.4460866362092,283.27151529410344,291.0128665211373,294.0277776825369,296.7893055751879,301.59077539946065,297.8347057212645,294.90104972961535,291.6598940865506,86.22505519179981,93.75814211629995,100.97899377849944,107.68957176692993,113.2910447746649,117.70272424449922,120.96037026646854,123.08566065502146,123.35844551885566,121.76174113538491,117.73026356803712,112.3983857862736,106.25229554609723,99.73980725733963,93.07446546530582,86.6378177772774,80.56182141662725,76.90769559297132,73.90756764595403,72.43414789469944,72.36822057121753,73.21537226841679,73.00210858708897,71.56173065102985,70.98278695598424,71.70501524071778,73.69803334978428,77.91773130087586,81.65979441464401,85.30246343032582,88.99458160206223,94.54006254422166,94.98965982973459,95.21691542171766,94.71734877121844,93.93738706425074,81.63667564587763,80.03852053890728,79.4670038643369,80.23121520792256,81.20410604426911,81.64916554482875,79.80178395597227,78.57928808194424,78.48824663431014,79.57880970791985,80.17194802414338,80.31501036494501,105.91441373923544,101.879687918934,99.65245611813634,100.13986502186617,99.67577027053903,101.45081106805173,105.0935777755517,109.69270830606183,112.39856651613718,112.93737108539835,112.71803829986766,110.34895797910895,105.927304174641,102.48732125867627,102.61814525695854,102.43740562418998,105.13580506394919,108.55851606646411,108.98322147671115,108.78873660512818,-0.3869137593241321,-4.092116358765175,-13.183170994514256,0.3298309,0.39327413,0.7200408,0.39299333,0.519362,0.0,0.38719237,0.07160603,0.46736932,0.22728366,0.2697768,0.1073923,0.2694498,1.0,0.21542957,0.35227862,0.99840564,0.59050304,0.014841344,0.6397592,0.34914386,0.06635124,0.19968912,0.058452852,0.10951091,0.18985574,0.02699627,/content/data/frame92.jpg,0
257.97998046875,53.75312089920044,53.412868923611086,67.09693479537964,0.9978716373443604,255.28041484822126,256.8043563057478,258.9463654766417,262.22777367309374,266.8342418863239,272.9092993981744,279.8516107204454,287.0778323661283,294.011980339766,299.84751243698486,304.00612667444426,307.0041920465884,309.16598210062716,310.480161251921,311.2143155261885,311.30333969852705,310.7616264100603,270.02245185254566,274.01752556597376,278.6792775502688,283.4583158821532,287.7012367306893,296.5035149683174,299.9409374268994,303.6262310163231,306.97720644437493,309.3920411094592,293.2583847219867,294.1285180204613,294.9630224534134,295.8980114211593,289.0998904631962,292.0191922387678,294.9996879346353,297.33633969990467,299.2379488116705,274.4864477960068,277.9004240231085,281.02690496417097,284.1378030757141,281.30920277427253,278.2187106347393,298.47704889252736,300.8727925518131,303.57476976565,306.42424395591024,303.90849283282404,301.27032027511876,281.9521012729596,286.57703660290997,291.6774449982164,294.5251770982039,297.22062747245155,300.6654310187455,302.6050733685589,301.1627330031249,298.2273636842116,295.1107881820551,291.7237183712454,286.61212316484887,283.4009948732901,291.56321570711117,294.4916118657869,297.1816344050526,301.58232720321826,297.91836102198175,295.06368455663716,291.9188756741105,83.61601161714765,91.14120330876526,98.44397854393915,105.34787269642202,111.21379299090489,115.88466815318465,119.32853106671426,121.74135488930746,122.16036839264326,120.54750474464677,116.25118379014788,110.8262714885872,104.74279147417849,98.38192077722704,91.90707514394845,85.62266445312625,79.65216355209265,75.72787725332728,73.05029170288182,71.85383082238543,71.99074328063666,72.99341461509366,72.6772996173703,71.34003896974967,70.9044276173555,71.71608331259851,73.684179803533,77.69472596610501,81.44516797275222,85.11746547275852,88.8713220723232,93.95289381660922,94.51984101872324,94.88558399305862,94.39736199434307,93.65326868714223,80.5574553997075,79.17964676113871,78.76000217000438,79.57431179340392,80.4998488416123,80.82381044428303,79.45785329863014,78.34042716649805,78.33808518288072,79.42502473524027,80.03239035134004,80.09061359979347,104.59871628939274,101.34265838589681,99.57213796779283,100.09401158356704,99.62936779286761,101.12531942672182,104.09487306798383,108.68019864017694,111.26144371905312,111.75433048841627,111.50832622566294,109.12268956944699,104.7014372265752,102.12914735554719,102.33073071591963,102.11616566357006,104.19085120397298,107.51493221359974,107.93555823024582,107.72575393147899,-4.743639459163035,-2.8329271318703815,-15.48127815308864,0.3821412,0.38302565,0.6196586,0.3715888,0.56137896,0.0,0.47730312,0.40897375,0.46876612,0.33510533,0.3139168,0.14672069,0.28185245,1.0,0.24052468,0.3465423,0.99835616,0.62129027,0.018578254,0.6989708,0.25427568,0.33215013,0.1259907,0.023671472,0.055962536,0.17988276,0.028066691,/content/data/frame93.jpg,0
258.19371202256946,53.621031761169434,53.33851453993054,67.07652854919434,0.9977847933769226,255.92729383281142,257.34832919707526,259.3636240878125,262.52946913508816,266.9066462378912,272.6877849356766,279.48862166962584,286.71424082954263,293.8170008159407,299.8589537835016,304.1953049671755,307.52493825737355,310.0586544337765,311.8657512901326,313.01886101278603,313.40522835743656,313.13616926222784,272.12866966727944,276.14171430670626,280.7250768141149,285.39372061013967,289.51825870213605,298.48396062376236,301.9663330832881,305.70260394650734,308.99913319510586,311.3847543633795,295.27139569864676,296.1006471430263,296.9121039656244,297.82228279749677,290.69452686084753,293.6836586959154,296.80933270836323,299.23670814823686,301.1478764350822,276.48373422983144,280.031942951799,283.17082739591984,286.33947909020065,283.4236295280909,280.323987766327,300.1851101539386,302.73428447846237,305.4314770481204,308.2887588438787,305.6204051719097,302.9690832894592,283.3698090732122,288.1572508005508,293.2494152308126,296.0113286006412,298.6321563833227,301.7581086616274,303.39051213208205,301.81529229522505,299.0354355753121,295.9935099904238,292.6826740386296,287.7854012573322,284.8035619067905,293.07297068908736,295.9166558393539,298.5266168605538,302.3942196128664,298.8453751973464,296.0804296892147,293.0464826581206,81.32180975236261,89.03861132893334,96.5846392300355,103.70580314448799,109.92351938219335,115.08097073971389,118.98754030737008,121.70681663115606,122.38130428221451,120.91507830290202,116.69635681371155,111.30033086537696,105.2620529262023,98.90397075442797,92.38590010798444,85.89985642236658,79.75306439436628,75.11014339820171,72.70152451639085,71.69060624778157,71.98865776666935,73.09873223524342,73.18995306059871,72.06877914271445,71.85942006803373,72.79250305854313,74.73781168742065,78.02752582136819,81.98367228958497,85.80657259152031,89.73426637586672,94.42508508207598,95.19651480046181,95.66086375267145,95.11194596839314,94.21449060294427,80.20241097873802,79.24904336679634,78.88836044050854,79.44122912018645,80.50038813347436,80.7640066514115,79.80302031221476,79.16962725076795,79.30148208776478,80.14033610305182,80.79432323675455,80.72947050018631,104.12407031125372,101.23675499369651,99.77886739471732,100.38328482439024,99.95059101224919,101.37454936743251,104.1517049894585,108.26075134952376,110.69484834914823,111.1525668976636,110.8261706428672,108.33653081866342,104.24774509159447,102.3619901537857,102.64888704996059,102.45375071894969,104.23568370600302,106.89103564569169,107.26142669200507,106.95895650321685,-6.869396858060076,-1.5473511430262055,-14.962092366866742,0.35811228,0.4027344,0.39470932,0.4018243,0.613776,0.0,0.37121272,0.98561805,0.47200835,0.41682896,0.5097885,0.13581961,0.28203288,1.0,0.3585403,0.34512562,0.993672,0.5456035,0.022575933,0.79799664,0.120852925,0.28778931,0.27526432,0.08144658,0.11745871,0.09749578,0.019692376,/content/data/frame94.jpg,0
260.77408854166663,56.242910385131836,52.41018337673614,65.2005615234375,0.9969168901443481,258.9915509971288,259.85357122461573,261.35698230230554,264.0846772073135,268.3395973914201,274.18567021640195,280.96901712465916,288.1295625157421,295.17144029318587,301.1596498336556,305.40761556209765,308.74266703905886,311.5164793704316,313.5805804656935,314.74397170878655,314.8590577486117,314.36286054310915,276.55362914268187,280.49675770351604,285.05410285593973,289.67801957893244,293.81379064224313,302.28702480778156,305.552450116715,308.9564748706442,311.8119452195766,313.8509426535864,298.61006360978064,299.44470555019797,300.29308618391804,301.23692881760655,293.0845672904572,296.2535092912643,299.5339324405446,302.10505474238016,304.1951875369006,280.47429825105644,284.18845092193226,287.26692087587145,290.23498228807875,287.3783274082234,284.35531821806654,302.52335271742487,305.18765656402684,307.789968404494,310.35802678185576,307.779652725748,305.2282244163827,285.49616839731755,290.7560126713943,296.0881226587837,298.8142925968161,301.4411997762101,304.38038008603326,305.8095026540017,303.87702439641,300.9422464377334,297.8496040842874,294.5509932554822,289.74156453308825,287.0339553551865,295.693300780849,298.51679812187797,301.11002544959774,304.7991490753426,300.9066638749704,298.1512397539482,295.13615153139983,81.00898453258705,88.58719599343894,96.11440966725348,103.3323954810825,109.72874121360073,115.08120741153543,119.32826375600125,122.42583543694927,123.4494427041238,122.17596003781364,118.0705950438627,113.00319507319072,107.34716717696864,101.31431854203402,94.99951890289375,88.59349639216671,82.58983198760833,76.89560996438377,74.63742067929851,73.54767088425142,73.58974038604501,74.44990803514956,75.52187121232274,74.63296236606111,74.59443246651354,75.41493931548466,77.07560037082149,80.73951074288634,84.82326271100173,88.70368108553521,92.70155222998582,96.76206360812357,97.768700371249,98.40641637748631,97.86487588787568,96.986793374439,81.57042887250864,81.1567081301444,80.92154609739373,81.4571033067914,82.40969934418972,82.49779999745806,82.6317965604816,82.32740708960046,82.62927826639353,83.2969386547411,83.97001337537804,83.77630992492922,104.9100461016642,102.90228017785412,102.04248794110899,102.81837434964545,102.45545086349301,103.85877024407381,106.06305171339773,110.21429163131978,112.63151818332844,112.94641220501217,112.39735880470543,109.44593678750971,105.19207638549851,104.67645567096478,105.16064434447325,105.03707072086982,106.184596711208,108.69223468448618,108.93920938191295,108.43950521871739,-9.317350306369061,1.8202017150680736,-19.192011821587734,0.3118498,0.4136383,0.3402833,0.4485144,0.6317451,1.0,0.3402113,0.9724141,0.47688195,0.3094078,0.47832736,0.046003938,0.3242706,1.0,0.2257559,0.3465423,0.9883179,0.5778755,0.024012484,0.78925586,0.019787053,0.00858997,0.06581942,0.07121403,0.69677234,0.015187452,0.12262979,/content/data/frame95.jpg,0
263.03412543402777,59.29540157318115,51.50694444444446,66.23064994812012,0.9984265565872192,262.50344718063553,262.82338601281367,263.71929906480966,265.8028137968244,269.5414607842514,275.14002262336487,281.9099719417303,289.2449892952038,296.4577706894381,302.56941706147154,306.9192284492426,310.3574159101822,313.3674944669667,315.83162189966333,317.587563825492,318.1974195784146,317.9267226024692,281.1947446090089,285.3914999103948,290.30407706124925,295.2763972237085,299.66160485956357,306.9068312354798,310.11497150698483,313.51052903798495,316.4229884186095,318.53228646556795,303.41795115532886,304.0931658529537,304.7878077472317,305.5829016544408,296.87112326158285,299.9969928370929,303.2496105407795,305.8811216766078,308.03314439721044,284.9000524710407,288.801716661108,291.87569984672723,294.9195734829859,292.0044139067768,289.02200524895625,307.1519189880389,309.9561431603895,312.4612472453782,314.9352943439592,312.3775838169238,309.91421433386495,288.80492847269807,294.20829933134405,299.50869799451334,302.1330465062647,304.6251138574837,307.1437520806919,308.1675288679876,306.06081732416806,303.28330613936373,300.40242009833764,297.22698061651727,292.7472945583138,290.3177248919144,298.91051940319767,301.66270085854467,304.0925926535401,307.1300710897301,303.56603556580876,300.9936018670596,298.1097692968167,83.80694829661707,91.51487687187489,99.233004606946,106.75666851948336,113.6212146898281,119.39347016280772,123.92128128582453,127.16127439085699,128.45865204864776,127.37993338698402,123.22445554915271,118.01687729349919,112.3689729329667,106.50485396388899,100.33845046771171,93.87986686054342,87.85196444911344,81.52603860870374,79.2641510881059,78.17749290398649,78.27093388276819,79.19966141689451,80.19697628746144,79.01014321574723,78.683665883647,79.19656329775012,80.79191938126087,85.62927239915894,90.12783614052819,94.38005677525075,98.77663839285765,102.24710503399592,103.49712978816683,104.31110137854171,103.80051807942641,102.78841371655244,86.74563747189382,87.0621430290721,86.79646746947697,86.69040426063373,87.8379376436294,87.8967166380387,87.41081881118862,87.67741575331218,87.95467373080953,88.15955936086266,88.9507593018077,88.70031379274656,109.89357099940821,108.09616449120813,107.50367999654623,108.389244667394,108.12148948348022,109.62715170173101,111.9505705213603,115.38432871410419,117.36909563557651,117.49593377027259,116.82886703125382,113.92658786170159,110.16535279077266,110.22668039083896,110.82762076114727,110.8506529557651,112.01276976351005,113.52892484705876,113.5986467393634,112.99560779599551,-17.533675740746368,2.1723780063438043,-21.189281705289158,0.60786986,0.52358574,0.263916,0.42531636,0.26826584,1.0,0.4016622,0.8446477,0.48232657,0.5361745,0.36243546,0.12736024,0.3760012,1.0,0.2910322,0.3490599,0.4980789,0.5388754,0.018421575,0.741346,0.09470227,0.0068644113,0.24794877,0.47565442,0.05551681,0.029941397,0.08937193,/content/data/frame96.jpg,0
266.06287977430554,66.97312831878662,49.147135416666686,66.98284435272217,0.997072696685791,264.02333089802056,264.5821790966721,265.6598420118472,267.6935366756674,271.2799061805297,276.66330280889383,283.2404024378664,290.22849922829084,296.78912265512866,302.0909527405022,306.1020431872802,309.8757690052226,313.5163676848344,316.5241633024033,318.44623996121186,319.08484490775174,319.02220755191865,285.09248997225336,289.55301805964234,294.48880241320336,299.49287269553054,304.05694358040046,310.96167481245146,313.69913423296975,316.46385436594716,318.8527407819532,320.6898588794195,307.0817471995914,308.03810952629624,308.9926608601522,310.0353328063563,300.4611597873163,303.4827103267604,306.478293720066,308.78183829581997,310.5249620316456,288.724146275801,292.66630161515934,295.7131293987044,298.46399399909274,295.79021636943673,292.87162891812244,309.5209054356033,311.900526083965,314.1463776018222,316.0371307917278,314.00022377154494,311.86183886900767,291.70313608780566,297.27657198161853,302.43552048040715,304.54478097678646,306.4432093268607,307.9522215135977,308.1606150478392,306.5520365823104,304.71914892581094,302.6046710452721,300.0508788783271,295.87209911752785,293.1735568793128,301.60022158834727,303.84516281879365,305.58656179952527,307.43511598146256,305.10335728696134,303.30213805038363,301.0276076881011,91.01110138243277,98.39968870119432,105.75899830223398,112.89647086127113,119.43447604144471,124.95865101337624,129.15850153224147,132.14229430808447,133.23094055951833,132.12707813536565,128.61078638817284,124.55226996729422,119.96755951313193,114.83661912067649,109.09163237782616,103.0461741336427,97.37801085727423,91.92609114631847,89.95079141989862,88.86833751835111,88.71157165325891,89.23505638374898,89.92462305233242,88.67990083784399,88.2220310612175,88.38324056617012,89.52334919772342,95.2230635148475,99.42655997434213,103.41253607055583,107.57643981866872,110.97500265773186,112.04757035889989,112.65297856086526,112.12224267250053,111.11249917563416,96.5949097617419,96.85120357773489,96.40265945608233,96.15699204786338,97.57340165450094,97.7398836399564,96.06697420491184,96.01869064425054,96.15142013071225,96.44334690785017,97.40452178036605,97.26670666187002,117.72883698299692,116.72571462929724,116.25745799421534,116.89497538684873,116.56427276150558,117.56110455009825,119.34003611807142,121.35482315417282,122.73830191597949,122.96828842580149,122.62783135220405,120.65411265128711,118.06190635560806,118.60608096074745,118.9907013467259,118.96288008886123,119.45610255392984,119.77691179241394,119.8645628880975,119.50621627138543,-32.44136912069897,6.570989495727929,-29.464843153323766,0.47652072,0.4461995,0.48263758,0.46073976,0.14398497,1.0,0.444041,0.7595948,0.4744488,0.2990859,0.40169084,0.14706385,0.5853994,0.0,0.42259777,0.45129675,0.12491393,0.2743875,0.07478894,0.7382887,0.73931843,0.010941042,0.1139568,0.019135313,0.06413198,0.029690659,0.022825738,/content/data/frame97.jpg,0
268.53849283854163,74.83351993560791,49.5390625,63.83520984649658,0.9960183501243591,265.1164842345666,265.5808448779786,266.60312157293873,268.77616254794754,272.81252120410267,278.6195416057197,285.40573936114185,292.62822691412384,299.42420472026413,304.62236559886344,308.0880420868467,311.3400961504835,314.75059890696434,317.77759309198336,319.6796668494641,320.0144486696356,319.6520251935128,287.8430471687912,292.4819873042024,297.4754131854966,302.3852360702107,306.79584261254803,313.7987196288974,315.85920098657226,317.9528121519086,319.87221331017156,321.5122392381159,309.76951680116804,310.79571441982296,311.88056038183674,313.03588480458137,303.2573727778796,306.42102741950225,309.476982791125,311.8173005299693,313.5547434336945,291.3419927228612,295.3542288519591,298.6005390762852,301.33905829191866,298.6342715761478,295.5348630099944,312.1159847399738,314.28857597875674,316.5078439021763,318.19255580415364,316.60348932815384,314.4966280660929,294.08086350894536,299.87652065135376,305.2600139476471,307.3877594076468,309.2149030006385,310.49000336665546,310.38986971011957,309.14945610661704,307.5835430560102,305.50985269426087,302.9189885020515,298.4944378537882,295.5435883493606,304.44589093018584,306.71671643190115,308.36898340371823,309.7679735438652,307.8392032613848,306.13876200612833,303.8411030039132,95.36325552996911,102.62636545047653,110.16788948987578,117.48778716986362,124.12602170698611,129.67050687457828,133.99602423615767,137.07208304536772,138.03104852264784,136.58572413661489,132.3776952274536,127.91266375301521,123.17322012721743,118.20390878274296,112.75879934058526,107.09992136688075,101.80167020732065,96.35929114346803,94.68285941048109,94.0011277798656,94.07774730885782,94.7552121526404,94.66015343838895,93.22925028960778,92.40004398664352,91.99485447641638,92.56161343796845,101.57210840059452,105.85888680777703,109.97075434990984,114.16552859649656,117.0354164485739,118.11729460808218,118.68798933234154,118.01227549203722,116.85625249424132,102.32285285408813,102.42501831387777,102.04148006439081,102.21685208029135,103.83695720464874,103.90835340123127,101.52122885102509,100.79259909204754,100.55220252325128,100.86824152913795,102.39754102852677,102.54980299460941,123.60368846601651,122.81175091374644,122.30530226495631,122.80601164028579,122.38225053514915,123.01892635788101,124.42999317130037,126.72240144600573,128.38089167138438,128.78522051888493,128.6183615303252,126.78509513247211,123.99384491509073,124.67592355030688,124.92986699607826,124.76582970282377,124.65399377271618,125.43591841591766,125.65539425997505,125.43097360035847,-42.478929492451584,7.595145034642243,-29.17501647549634,0.44987187,0.5387527,0.35314003,0.48186895,0.3237686,1.0,0.40589896,0.46907368,0.47175574,0.4814971,0.69258505,0.42100424,0.5495662,1.0,0.541736,0.56878537,0.104487,0.24862088,0.11046349,0.658624,0.79215497,0.10859696,0.05953487,0.0017413197,0.012386785,0.019457111,0.006128036,/content/data/frame98.jpg,0
270.3335232204861,78.1808910369873,49.98782009548614,63.18776321411133,0.9912960529327393,267.3425149780434,267.5834765671158,268.4252026653653,270.5440810020299,274.5883719428306,280.6160453806171,287.6804382540453,295.03601385632277,301.83814680363776,307.04539925952724,310.4046068741739,313.5402418338097,316.909934783615,319.8011258478251,321.4496871876757,321.6858558034999,321.3563767438462,292.1527093911867,296.987278235074,302.26941044652705,307.3346001696406,311.7348253034358,316.87670259851967,318.9764180812737,321.1447492357423,323.1350149936966,324.8159498058493,313.88268293709905,315.035486783753,316.17764259177176,317.4183243939531,306.8242626371243,310.0171059469487,313.1301612796654,315.3721880699512,316.9995618015158,295.3287806842983,299.6092854363334,302.67894865574937,305.3881649204657,302.6254056533253,299.73227570601904,315.4908169825559,317.51842318838953,319.2771393014385,320.8091913934213,319.1343986375102,317.43026050177804,297.61978800035195,303.2932717879764,308.71196193124706,310.86713670181626,312.6269420242503,313.681061692806,313.47094823094267,312.4607133056585,311.0327191260427,309.0889052106574,306.51181320802135,302.06737340446045,299.01350598089755,307.85192943210967,310.1280245225789,311.69342178818243,313.05216304080034,311.30312778460893,309.69731678323467,307.3940592512555,98.59710568282452,105.9193270723992,113.40021146890385,120.71447846628925,127.55057350457372,133.19858515902843,137.618483854869,140.92817085859642,142.11152228298178,140.84672872947667,136.62911113091758,132.10636124016145,127.55598791471165,122.8041334507403,117.58715494258303,112.15351867717035,107.07515449199326,101.77536895332923,100.38128037042024,99.95570231012988,100.1150568068354,100.72701847888123,101.1041244617682,99.61763386277411,98.79597678640897,98.44501634830326,99.03761404686333,107.23618573841594,111.47551521201893,115.54136662323944,119.82343287669573,122.17659518058062,123.38537806226658,124.00904760531603,123.26748131530667,122.03394038793158,108.0057596241054,108.91057173563559,108.46663755950617,107.81350286879879,109.46008464968409,109.51972225316908,106.96223375969265,107.22981770512351,107.17195402148755,106.88565239693631,108.06629209671169,108.06998908126329,128.26570047963577,127.86325794980957,127.50567186457346,127.98141231060744,127.55566702729948,128.01420610022416,129.17765346597224,131.31943683650914,132.7799400746576,133.17283733385665,133.0105406159493,131.24590842370952,128.693687455288,129.64373113331266,129.9301660843239,129.73042044955272,129.437332734165,130.39150727267887,130.57525825179218,130.30322707800096,-48.75831419759621,14.755886696088204,-34.75267742587889,0.43035915,0.5123745,0.48609975,0.41553682,0.37397102,1.0,0.4526928,0.3808328,0.4774581,0.45467538,0.62467897,0.2273447,0.573694,1.0,0.4482099,0.56923807,0.11299674,0.21464103,0.029488225,0.69082296,0.9306352,0.031897213,0.0042468174,0.0010756247,0.023674298,0.0035757695,0.0048949746,/content/data/frame99.jpg,0
271.68839518229163,79.01431560516357,49.399875217013914,62.40955352783203,0.9901919364929199,267.67920945514925,268.191952372552,269.24708561853345,271.5729161812235,275.7478707273706,281.65421556109277,288.4106514911455,295.4283917453222,302.0916107196026,307.09934655481356,310.41343754833815,313.4765201549344,316.8792280767957,319.6245673035846,320.9481253188751,320.9463308394679,320.5083216283465,294.0258677083575,298.9739839740105,304.1770234485821,309.17511284100965,313.53483180790954,318.1352163538113,319.82028608370365,321.4619981556807,322.94637634411174,324.37831734449264,315.16718312536705,316.4175067397764,317.6581482003694,318.98747801136506,308.445853372672,311.4903260672072,314.36592575066516,316.3796217976651,317.8621965789307,297.1406107880366,301.3321888200353,304.38543750092504,306.9020430976061,304.3330851265782,301.4978121271115,316.35913259249355,317.9673566432948,319.47649150533834,320.5837076189646,319.39952530151095,318.0120356094303,298.9808003174303,304.6569127736293,310.19158721983695,312.28626249799527,313.9986868791493,314.6991811104226,313.88164843244067,313.1481304234203,311.8684701954189,310.0396769494246,307.60769757314483,303.2632986393928,300.39890775641106,309.2013425947325,311.38675514381066,312.8235796279514,313.51793156155236,312.2013148782971,310.73265400825585,308.5789305370672,99.16859188307853,106.16005328086203,113.29074083653177,120.3244707057247,126.80416621764834,132.10803132995625,136.31315277121212,139.64397438368724,140.791200245887,139.55327728767952,135.38138049873123,130.94118671901379,126.50842083415591,121.90084944286718,116.89441706035996,111.80987572097001,106.98826578964417,102.07000841144054,100.82617304533551,100.31686229299294,100.30952367571581,100.78896214897168,101.06457097374323,99.63841739264444,98.80222123605199,98.3032175806029,98.46974035932226,107.31576720921294,111.44781941311521,115.42901035819887,119.60988400806218,121.70281837336279,122.86046739331323,123.48734333010088,122.77381903566948,121.61662533138951,108.11681031771695,108.85742366260229,108.38838602770147,107.83986456114826,109.57334729206195,109.67191420696236,106.91646429396133,107.00751850029883,106.84476993137741,106.62878514004296,107.926111169671,107.9754236423355,127.88728631177219,127.21343697498014,126.66132654961257,127.13572976721844,126.7671517319659,127.40167429369012,128.6906283180242,130.89451686278971,132.33753274727314,132.7132083503302,132.56667705426025,130.8906377518324,128.33373225443484,128.797565006279,129.07209357230295,128.96284013078366,128.9522160984725,129.8912064634942,130.02469430476867,129.78872919048263,-47.133709025876826,12.91996004759399,-34.431529586231555,0.40690374,0.49904054,0.49415645,0.43102294,0.3879162,1.0,0.48315114,0.5180124,0.4692791,0.3800852,0.48990396,0.42509824,0.5455242,1.0,0.5023895,0.5749247,0.30254626,0.120353565,0.051997706,0.70812863,0.88844067,0.042340945,0.023993164,0.0057627144,0.029470038,0.0067844023,0.0032080852,/content/data/frame100.jpg,0
273.50819227430554,77.62097454071045,49.136067708333314,61.44909954071045,0.9828373193740845,271.61779458908836,272.00573643592895,273.0115606739379,275.28784526178,279.45948949884615,285.3496796044406,292.0673814102523,299.14807471291914,305.84118987006417,310.79736422279734,313.8904208833957,316.78130795776417,320.0107646996498,322.6992975901403,324.13545850272965,324.2179077237411,323.7960625409777,296.3614984953268,301.06195236312544,306.1849150861845,311.18567856132086,315.626988097329,320.4312737470549,322.2404098126392,324.1350145893376,325.9736686979046,327.6788850779195,317.3517542473242,318.45316051045904,319.57833591838994,320.78214992445174,310.6954531354477,313.70918115432545,316.5703348217883,318.6965569047856,320.26337779083985,299.28512967633935,303.41519878712734,306.4718149929356,309.2105100967319,306.5797386893979,303.7077025510558,318.9914252766838,320.7078405806892,322.25793340367136,323.6199212231433,322.29544628289375,320.80850783150464,301.82194967110655,307.23774140156945,312.5284550398343,314.5831499293383,316.1817875386135,317.13262365337096,316.66087557304564,315.87472253638816,314.5988846812558,312.7970929649604,310.35114336010804,306.0531695027409,303.1926707174109,311.71035342449284,313.859496382141,315.2367222979532,316.28602807247614,314.68590049646906,313.24610476828315,311.1015196144726,97.23993974363324,104.19018404157592,111.29757807549944,118.31890785113438,124.83433458634586,130.26275807016378,134.57187810933624,137.8773758967318,138.79601290742562,137.14544182645832,132.65858941353133,127.93159743621375,123.27685785743593,118.69805383979755,113.84396638169804,108.83146337517289,104.07121525249664,101.63823802761206,100.39212918420321,99.88356705860936,99.8854350110018,100.30556827033732,99.92719143854161,98.25485541581578,97.10747994309841,96.4049144796163,96.51540496242492,105.93148266903978,109.96578515705365,113.8418918557469,117.91139975238073,120.08221535296332,121.127591834689,121.58846183931718,120.82438140716528,119.51280193119676,107.22980847338613,108.14548752652674,107.53277057312121,106.50224321411994,108.43317197328267,108.6897890753657,104.85883188479335,105.05648102623346,104.78410939391347,104.10909952460648,105.53123980629721,105.72985588779929,126.51884526348834,125.81257905667812,125.18687653775854,125.50674910062287,124.96212890108168,125.21196423718459,126.13586228085197,128.66837939234335,130.42643025638085,131.02519470421035,131.0607605177625,129.4953856466191,126.8819356519407,127.1927277685867,127.30699810800122,126.99104165238788,126.50254792826202,127.90451871929645,128.24381359186012,128.16932404563153,-45.9860169187469,11.420669260372497,-36.681028439410575,0.38840774,0.5020359,0.27101684,0.3368577,0.41879576,0.0,0.4153041,0.008230946,0.46836782,0.22883832,0.704835,0.108580895,0.61332214,0.0,0.30802616,0.5827045,0.04930175,0.056679238,0.07125918,0.3304896,0.85870856,0.032321583,0.019623518,0.004174874,0.059379946,0.0176471,0.008144418,/content/data/frame101.jpg,0
276.98253038194446,77.23637580871582,47.31540256076386,58.203420639038086,0.9817273616790771,274.30459526558855,274.7743186111694,275.8462871335481,278.1107960231402,282.232303863465,288.0711669145079,294.8188939751375,301.92640075990084,308.554840271393,313.35151609776926,316.2602647600943,319.01873209219275,322.08767010341353,324.67097781975303,326.1190430743218,326.2407618347629,325.88260777503683,297.7098935460356,302.1850000471668,307.1801193331746,312.08850182549645,316.46382458734956,322.3677298260743,324.1011418552828,326.014759096312,327.93238950120553,329.59210335625403,318.737985469078,319.7097248076418,320.7532181839292,321.8944054569015,312.46396577666223,315.47813492502087,318.3693364030221,320.57079407549054,322.2064872298158,300.6094543944098,304.68016386464797,307.8484734748745,310.70172474355286,308.0157316538964,305.019217928721,320.49050582000564,322.3060086980115,324.09033462147386,325.66383206196815,324.1872750091759,322.48287099428967,303.91771268682214,309.2879170879878,314.53345946434297,316.6120160749829,318.20916370625855,319.25654535541867,318.7452915920883,317.9153326702542,316.64342615937744,314.75884607390185,312.20528739176825,307.9459175895761,305.21856476652533,313.80026608282265,315.98537968752,317.4041080481552,318.29889372071057,316.7034820742185,315.1914101864402,312.96363381900255,95.8647535049995,102.89918657056103,110.1755459760061,117.27728904150581,123.68218200404908,128.99103578709378,133.13132619180124,136.06798382772217,136.78550755282618,134.98811386860643,130.4932204713682,125.67182871774867,120.85679807863607,116.13928648882006,111.1911761720612,106.09792587089783,101.28953943253987,100.13295101878327,98.53375309372836,97.87203690823355,97.85963731428137,98.24837717785726,97.87185997932875,96.18269682845425,94.89487920524402,94.0748178944965,94.25945465500354,103.78605207273063,107.66505803385212,111.3493672650909,115.18431168436587,117.92556487478487,118.80566752975778,119.14001320344641,118.46716714908098,117.24968813235591,105.40270143234909,105.8656723383159,105.23537456328177,104.57621448008229,106.50416712543392,106.805799685382,102.73927614487991,102.42849740131157,102.07085955768423,101.6403124346607,103.20806072650703,103.50493285815753,124.39059701283031,123.40979475130734,122.5910968338851,122.90653401144118,122.3341044773781,122.64119477366035,123.71786336035734,126.29558844937105,128.32611198463064,129.00321265877756,129.04971790102695,127.40104857267147,124.66981996584718,124.88069424217883,124.98391664675978,124.64545373338046,124.03248874646783,125.48625735632095,125.90823071276918,125.84755034296995,-45.29441538992827,9.401331915655875,-37.61138685929815,0.28470704,0.50367,0.45714337,0.32290974,0.4625106,1.0,0.42632484,0.1873178,0.4676457,0.301333,0.6718744,0.20295775,0.5628336,0.0,0.32899037,0.5617007,0.031131998,0.08249895,0.011073131,0.5152801,0.8733997,0.02367101,0.01055548,0.015727349,0.0524104,0.019491917,0.004744214,/content/data/frame102.jpg,0
281.71378580729163,74.6460657119751,46.26426866319446,58.14319324493408,0.9818468689918518,279.1455057328211,279.42226370015914,280.1972088816944,281.9442134647375,285.44941895889247,290.73233290465095,297.06510872367585,303.88584857053905,310.3601458100041,315.1678567763703,318.28173558112724,321.35781157331286,324.69871518976015,327.50318483551786,329.1696692198479,329.5168188105395,329.30499829838277,301.9856604617585,306.33032440265396,311.14919322888034,315.9505704566826,320.1697802121621,325.7191582405702,327.46096129800014,329.3775680540889,331.31397034239313,333.0099151364322,322.0983890493378,322.8807700316297,323.71188295646397,324.61032148445736,315.0191449199637,318.0249467727842,320.914574635596,323.15406897923657,324.826683324593,304.07825823256644,308.10999265353405,311.2148470244868,314.1046745061109,311.36472748269017,308.4033200219707,323.88685300413294,325.7496001094395,327.47103373056865,329.0649026132147,327.49033021575354,325.8103590854204,306.7308262796467,311.90729973185665,316.9465269331891,318.9566592615457,320.5602387676631,321.5818171504678,321.3953607036435,320.38312281776234,319.1028883589749,317.24828819644364,314.78955417479074,310.7045298484009,308.06015864879896,316.11036115716956,318.2396368053671,319.66388376102265,320.9270217002853,319.31084541536944,317.8233692009313,315.6856638166411,92.44637314909335,99.29251448981634,106.36348899402017,113.37626421763777,119.8641584093252,125.39705540954628,129.6870425101468,132.71511017798449,133.52407789083395,131.88156024015058,127.63533540541226,123.12807570384518,118.55934172555328,113.99262472901023,109.12982728791144,104.01130567213497,99.1325927894839,97.81725037209064,96.51407638479458,95.83644953296009,95.74590160797501,96.11355787290086,95.53805267843711,93.88455599307957,92.7153158319952,92.01222510542209,92.21407715314177,101.51071823951206,105.6132591166775,109.52735983507182,113.59163628116264,115.86216303265873,116.87983221372343,117.3077026616217,116.61776598303133,115.3439484373129,102.81794282520684,103.62515763536115,103.03540048944727,102.12005882265345,104.01907001218675,104.2833486847147,100.37600381549771,100.31673990124614,100.04078976628898,99.42728214044172,100.94173392624873,101.18263640411628,121.81221344579501,121.18172574473007,120.57955480392893,120.92843858305204,120.36158769584472,120.60324706170874,121.53761697590848,123.72851245621484,125.51331673278527,126.1253563286174,126.15722464024927,124.61723204328644,122.14400070539331,122.76904879382423,122.9434324612322,122.59377515921159,121.84006858755544,122.86473274449966,123.23099583646496,123.13294557111921,-46.201399542486755,8.516617558121379,-32.541004012768234,0.345782,0.489341,0.3654875,0.32134157,0.434612,0.0,0.4740028,0.008532322,0.47013292,0.2041835,0.6036579,0.102887265,0.62846553,0.0,0.47020882,0.50985163,0.014500323,0.06938583,0.02513676,0.7530067,0.47806802,0.1029722,0.041943714,0.04414007,0.20439395,0.10800772,0.020474248,/content/data/frame103.jpg,0
285.02357313368054,73.26877498626709,45.852077907986086,58.22291278839111,0.9624253511428833,281.7185803240748,282.11710976444056,283.0298991193188,284.9694582026737,288.7090076726,294.1506366391172,300.54880226868397,307.4224018164844,313.9498458431211,318.64739473116566,321.58687652167845,324.4604562510953,327.66192215936763,330.46649316496644,332.1539690563284,332.50141971436415,332.3365375465935,304.35400185185813,308.8255597667909,313.7565539527093,318.59705929909825,322.90787032251114,329.1760620956587,330.81492246340395,332.6033982086527,334.40178529073614,335.97109972354923,324.9734845362511,325.7386314110314,326.57108375888805,327.4869620776726,317.9865667587836,321.0017953163911,323.9081241016347,326.1926414333214,327.89596297033705,306.8552963613848,310.96383490703965,314.0990281201916,316.8956700563227,314.21723955186735,311.22063014845634,326.78269912916227,328.6860797508571,330.439424387897,331.929260726807,330.42972127242444,328.7460433387067,309.92994921351413,315.1225652120221,320.167506456121,322.19084340450576,323.81075146387514,324.8624650704213,324.6086099146371,323.7116505888104,322.5171346077277,320.69521018287566,318.241925272802,314.08324910537374,311.2551699079969,319.33801918046026,321.488471105963,322.9349141130171,324.2259365309931,322.6896251840685,321.1925510706129,319.0384136270015,92.06762219367167,98.80428704491877,105.84207121892693,112.74141525593399,118.98607385074015,124.1908791277838,128.18373196688484,130.92496619856846,131.53305169993754,129.8070423633105,125.63228734230299,121.17977335314532,116.60457950188183,112.12515914831718,107.36255357790677,102.34783358229905,97.54890171306147,96.4517125610387,95.04015912541345,94.37504387518632,94.27709654646745,94.55580292181503,93.86840798584616,92.25782407907035,91.016943447295,90.15265821760474,90.25232337256071,99.81132051159142,103.66040274682229,107.34147324721054,111.13485418587342,113.75096820108772,114.64858967084578,114.9509812261291,114.27092192874605,113.02036108584795,101.48453115743774,102.02672917320626,101.36852478998634,100.56979805614458,102.56306159320522,102.88369958644694,98.52957851972299,98.28202830678231,97.94427868200547,97.45219954808779,99.0334055028888,99.30920927244908,120.23065457611952,119.40661853571785,118.61930857915851,118.86892434801095,118.26374561685638,118.39704893285516,119.33279156958145,121.2297464800427,122.91490694985839,123.59565754216354,123.77415738701374,122.60903809782846,120.47958321447712,120.5877500476465,120.65566769152728,120.25311749665988,119.59553777752618,120.5796627299436,121.0121426633953,121.01742315713744,-47.07582326520709,11.78582624297016,-34.18853459680159,0.22198915,0.49936625,0.26442832,0.3113515,0.4535463,0.0,0.44132006,0.3857263,0.46610928,0.19891073,0.57185155,0.14729586,0.60463494,0.0,0.4062051,0.46940705,0.0014090469,0.086442806,0.05085442,0.69181055,0.79928637,0.018051583,0.013455818,0.037076693,0.016691014,0.112344116,0.003094506,/content/data/frame104.jpg,0
289.72064887152777,70.87780237197876,47.88134765625,56.32413625717163,0.9771887063980103,287.6195780653733,287.86376306598873,288.69742072258026,290.5111661616632,293.9213756415115,299.01344877465306,305.0970257813313,311.64645584636446,317.95046664350593,322.7690299754215,325.961724397215,328.98303343030136,332.3201215125255,335.17628951195377,336.9501617225865,337.4215662140108,337.2854312167095,309.7291971293413,314.33239466992376,319.20304800879677,323.98406463809494,328.1479657580536,333.5445670225502,335.1856761876081,336.97583206476224,338.67975944161344,340.3338528365572,329.7557864677759,330.4173134416706,331.13206649228005,331.9119985237529,322.39062205945004,325.42485086456367,328.38479601629075,330.68335519568876,332.4277177929446,312.00569359233543,316.3448294437427,319.30574952058066,322.0751693282213,319.33434866670524,316.5097408462796,331.8185789436032,333.92448566958194,335.5020152143922,337.0796213029095,335.36697600068663,333.78398768097867,314.24719749535797,319.3843639363399,324.50083537610453,326.5576372997009,328.2020579872429,329.328773297826,329.23682013395876,328.2614639611481,326.91966889097927,325.00578615429873,322.47863523671214,318.28483775622516,315.51753297206886,323.7173541337941,325.90480005086476,327.3970639346345,328.8401787012441,327.07411797734693,325.5224078335104,323.30381265628546,88.77063289287923,95.38463966065981,102.19177828718279,108.95308133333776,115.31373850231438,120.7766991322095,125.0462063962039,128.09401566639514,128.98547187904376,127.4905571658403,123.52042845459357,119.21902663645517,114.853114587736,110.4711968470105,105.78677837601282,100.76764635992225,95.9694718543958,93.74539977350045,92.76264101849455,92.29143795787826,92.21718854772908,92.53977797248643,91.89412374626477,90.4408145664606,89.37409139343407,88.5792051387728,88.56895029633583,98.02066594429652,101.9309535910927,105.68085799991655,109.58765283650143,111.821709842551,112.85625041537804,113.27416697003719,112.53407795239332,111.22320251125763,99.37179934672577,100.81143338897255,100.23476115726999,98.67322119000141,100.53582770018897,100.7548071602182,97.01820927057304,97.65593115157435,97.47265127365287,96.3320029940781,97.71956918675633,97.8725216422203,117.68436962482673,117.15247143313383,116.5391387943692,116.84814976835702,116.2818995666621,116.4760546939093,117.38741629900778,119.74053099845355,121.64258571808637,122.29408949497332,122.30785527639432,120.62208487257925,118.06536391237336,118.7037988584351,118.84311243388714,118.46901916582374,117.73516644599658,119.09442556722189,119.47887237881821,119.37708939151895,-45.39050402836414,9.925958150672594,-34.416371784727595,0.28841358,0.51597357,0.28204814,0.27843958,0.4406536,0.0,0.38385966,0.1485382,0.4679473,0.22177914,0.6111164,0.101619236,0.5881485,0.0,0.3196802,0.46130905,0.057695556,0.07509184,0.062445078,0.8730672,0.1673006,0.050870515,0.020092249,0.2947593,0.42108154,0.031775333,0.01412048,/content/data/frame105.jpg,0
292.9161241319444,70.45094060897827,46.31884765625,55.803444385528564,0.9784786701202393,290.88279328278037,291.0373372642051,291.778762309454,293.5695019529452,296.77506271911676,301.47808499587165,307.2043866412601,313.4415421693319,319.56684344992,324.33431543041746,327.60950470728676,330.75453928974423,334.1798241624109,337.0920139962437,338.920793423693,339.54869233493537,339.66824594166104,312.90303006484083,317.24944009380386,322.010929005611,326.6865036055038,330.7540842731794,336.48965189185975,338.17472591228636,340.017283560629,341.8082966131964,343.2680336583182,332.51526580113597,333.0868983218995,333.6997138331547,334.3964838919967,324.9060836578758,327.86596641217614,330.7752824571783,333.06441890704696,334.78764646557295,315.0605350121486,319.3451705553742,322.2702724820777,324.9757131664168,322.2529299647598,319.4462361206231,334.36141169414344,336.4365307036011,337.97091042222394,339.5116124762741,337.7345452822818,336.1585554962161,317.2805488578949,322.1376830499066,327.02624930725284,328.9441600935574,330.50870661215464,331.3679375415123,331.1030739956668,330.1364671397531,328.8608321915906,327.02403409502926,324.63321341703846,320.84476146365347,318.6077044535924,326.1203233007716,328.17801597407043,329.5966259079279,330.72909029310006,329.1798427086523,327.7181259423361,325.65904826247584,86.85837711215953,93.55133949700223,100.32749806849034,107.0542953254398,113.4507186253266,119.1031658934557,123.61295880018417,126.79269438277095,127.80685446108407,126.46819173594412,122.68939092338184,118.5340479379189,114.35594614146709,110.05331748706334,105.35318396678917,100.34040616998772,95.49714000477027,93.10582439648087,92.1225455739764,91.68957136860183,91.6512442057606,91.91771427938983,91.69142935290827,90.29848594554397,89.28924922628991,88.65372080483968,89.04816029595747,97.31465976792643,101.04774937690223,104.58916724931152,108.36635953840334,110.57168113875332,111.57541574980883,111.96451079197641,111.27086996986105,110.03233084585332,98.76570958889579,100.1637160533873,99.60012215860263,98.10624490131082,99.993112781185,100.20583701662224,96.49203971085842,97.12157308949818,97.05547794208144,96.1259689060092,97.44066742540079,97.48909874994288,116.59608050040089,115.97456379518644,115.29075372569571,115.63478616245038,115.11017601142726,115.41699687419924,116.46521933290154,118.6149530762466,120.39366471606974,120.97452928345155,120.96455085001202,119.32755691327043,116.95426235577281,117.43172241310748,117.62544371990248,117.26745345045259,116.73122441153248,117.71427173438116,118.06391604210222,117.91461872098,-51.40364650984295,11.760395529418213,-34.42747286910163,0.30690295,0.5261139,0.234211,0.30650613,0.50497544,0.0,0.5798507,0.6089029,0.46922722,0.25387064,0.52611655,0.13808073,0.58923477,0.0,0.34989983,0.5765857,0.008297329,0.07520646,0.063353255,0.8085849,0.3691904,0.032301318,0.020314371,0.26546374,0.25748214,0.047619272,0.0076287435,/content/data/frame106.jpg,0
297.6885850694444,69.7937479019165,45.68337673611114,56.011107444763184,0.9560639262199402,294.3714869819882,294.73108638195754,295.6868313288788,297.7805194004907,301.3807279505625,306.32101929675076,312.0993361268066,318.14047944953154,324.0760526921313,328.4848449668222,331.52383625651305,334.5259702615275,338.0185785761471,341.001494712184,342.7385585078518,343.23047105280466,343.26790523411086,316.8402365737918,321.3684164041349,326.0349372481524,330.5831862706245,334.63659019027597,340.9781824796261,342.3664722003633,343.9069023822823,345.56480314042767,347.1145958738998,336.51011407623173,337.0110486434771,337.56806237060306,338.20885430828923,329.00495333455257,331.93355305041086,334.7859903924666,337.0508184548883,338.7379846983121,318.69598282923107,323.0232483927083,326.11182474896873,328.95006001774425,326.20777788215196,323.25196787525863,338.2675094718705,340.10575052020175,341.6824290403547,343.3543035168643,341.70216771878955,340.1264506930195,321.87264008341504,326.4660032235764,331.2103850814729,333.123558592042,334.6048047884691,335.4756302510288,335.157672071069,334.3471242938616,333.2127211711462,331.4432470023227,329.05693813085276,325.3040933490579,323.14006194777306,330.30540653718856,332.3632929648318,333.73852639309507,334.96430353199526,333.40809282351756,331.99952358375515,329.9485398845355,86.56138757247923,93.02498748967494,99.57075711745283,105.9868291654356,111.88988386676162,116.99333980816519,120.99036410094146,123.9579524140249,124.86243418621143,123.46145273962044,119.82903512927928,115.7222482402459,111.50588304137881,107.23730068506904,102.53949521756911,97.57895940683835,92.81206856481636,93.97311309439027,93.38664158310935,93.08066803000924,92.89332886196142,92.65044336217025,91.21182141360346,89.82666456206377,88.56861125859879,87.46180302467157,87.27978412554226,97.41586391903178,100.83954109885323,104.06905650673514,107.51284895029141,109.59101489695993,110.43385286052509,110.62186106841432,109.98370923405446,108.77261090939928,99.28813786228982,100.29469027567052,99.5459866184143,98.24699568848558,100.40661222806244,100.78495225526615,95.66223437639255,95.61665954264481,95.24250602223316,94.39193804445243,96.08209894225618,96.41693335174858,115.62717647691366,114.79864074229357,113.88385495530403,114.11613597329753,113.56273586256052,113.7368184268046,114.81674888650417,116.6651657503874,118.32801019215132,118.98005962657015,119.14784440260648,117.93444249765903,115.8870884397347,115.8100847583471,115.92444650273555,115.50674129300677,115.03159480635509,115.89899093894923,116.27749922766992,116.23870292932138,-50.864505385546416,10.478867388457722,-28.67073727688269,0.24223092,0.47323734,0.42563453,0.2832655,0.5336618,1.0,0.5182047,0.89097357,0.4629142,0.3732157,0.4156892,0.08141881,0.5728157,0.0,0.36532038,0.46077165,0.033897977,0.14359029,0.057222445,0.84509355,0.3528352,0.17625743,0.01906385,0.06214571,0.3297424,0.0473809,0.012574456,/content/data/frame107.jpg,0
301.8145616319444,74.56026935577393,41.51985677083337,48.57190418243408,0.958793580532074,298.71155246740267,298.6938699973686,299.24111026576315,300.9006029999136,304.10069754648197,308.6089648329064,313.97109678840405,319.7403936941492,325.3830740742052,329.7244101234334,332.7665106407554,335.788846813655,338.9767914474916,341.6927611741112,343.4138954556489,344.1250713897898,344.3931459386848,318.3891434382683,322.3912512142009,326.6525883956116,330.851564884039,334.5934982902323,340.84791101245406,342.39944505387723,344.20190532215844,346.04237260889295,347.61604730192516,336.4730113612809,336.58752226943807,336.7823273467444,337.0582464886621,329.287478798953,331.94388450990687,334.6320681182824,336.85010421356395,338.5897799445976,320.23545769136996,324.0762440868749,326.9698184567641,329.7214397394501,327.0837526587911,324.3177484641858,338.78101013872407,340.64122092508103,342.3526102626735,344.1890406064973,342.43710465899915,340.72730994859774,322.7040864967114,326.9619947085413,331.35888909772433,333.14781761674817,334.5706384930273,335.62637896923377,335.585078472399,334.6061302389613,333.3482577382896,331.56106628592266,329.2679506955959,325.7562863195767,323.8067486174545,330.6834724177827,332.6024933328762,333.94270974135236,335.0936553668911,333.5641994426773,332.1142282145506,330.12963998142516,86.42313119338857,92.41097540350684,98.59388351386337,104.64418395563102,110.32152228962576,115.24216659480184,119.10234560246458,121.92171248477031,122.79668338225832,121.44859458769301,118.0428009502794,114.34973470327853,110.62123577060987,106.81923459942054,102.71172856701293,98.29662971926545,93.95751364122475,92.8436926042776,92.15534346307525,91.89196767948715,92.01571283399247,92.307809277686,91.76548490793054,90.43946207110801,89.32352007577279,88.49468393162577,88.54800492972643,96.67266347238221,100.00569486167096,103.18078867637968,106.48598878369134,108.19846552501103,109.16494509398532,109.49963267503976,108.9425727688337,107.76506391997742,97.41022544904163,98.48952054911592,97.96724366564791,96.90904002892188,98.7857598967862,99.01193292378315,95.2315425988725,95.35704913896791,95.10911066675982,94.36956322291155,95.88144350669069,96.09490815402566,113.48687463452251,113.01678618169487,112.44859167821798,112.73903269738747,112.23348376582558,112.31330197871083,113.01042851773056,114.90478308629588,116.75664900443306,117.4053912887911,117.45536669651054,115.97656363601236,113.7347366757977,114.16987882162155,114.30491143526348,113.92114477288457,113.31086114431064,114.54645402804083,114.9972297737769,114.91606012303257,-57.224203949725286,11.746277285409661,-28.20988954037349,0.25772482,0.48103693,0.44399127,0.2757061,0.54671013,0.0,0.5325901,0.8901318,0.46453422,0.22290334,0.46214783,0.23299131,0.61295176,0.0,0.5115554,0.46077165,0.0363915,0.09301224,0.053735826,0.8872693,0.20767759,0.049548574,0.03297909,0.04765391,0.51772666,0.13297854,0.011435571,/content/data/frame108.jpg,0
302.6611599392361,73.03436279296875,40.511447482638914,48.1840181350708,0.9364444017410278,301.47101345921794,301.53539460065,302.1216108145462,303.8936297244619,307.1980366330659,311.7483667800505,317.0036765861374,322.759743346251,328.2045063550322,332.3801760485436,335.1316666206012,338.02620648336824,341.10740969649555,343.8388216030829,345.72552687937684,346.61903093919193,347.06295003689615,321.10356878959954,324.7581926338519,328.8301673588311,332.8786308143565,336.4922184983352,342.7924219176376,344.54109929278445,346.6130583461161,348.69999540839615,350.3352796748403,338.68448411779025,338.9231086832715,339.2400179871936,339.6636137257701,331.91976253049256,334.560337947928,337.2424630376788,339.49854545227845,341.2771237030895,322.55036484242106,326.2844951702068,329.1161142991101,331.8291845205563,329.16331949666346,326.45557739344883,341.1457507801475,343.0133251480952,344.82782167071036,346.7567038622162,344.8966116059637,343.10046021487926,324.9977304925617,329.35673777052557,333.7213385387157,335.5970705107087,337.02302796916604,338.2061562669012,338.3410479535653,337.3386965728531,336.01580684003136,334.1633379974452,331.74999338166594,328.11601685715823,325.986430724299,333.1338428527022,335.14001722246087,336.5237598554213,337.84010489450327,336.13215695096085,334.6288349400703,332.5278710723553,86.51853567748503,92.57131762200089,98.81096970024953,104.85501677047182,110.46153434920029,115.3052315131473,119.22872199110975,122.04346759681664,122.87522614160173,121.44658394569137,117.87701010255034,114.21993587533382,110.67069573048911,107.06085082555273,103.04615854114695,98.66269223660527,94.34710946686744,91.99390607178651,91.07069413412154,90.66220564410128,90.74246516374956,91.08320452815809,90.87343485911515,89.56670697004944,88.57426223607501,88.04782106398835,88.5508922685924,95.910507217055,99.58675198609751,103.08618490928484,106.6771332603638,108.45846173002917,109.43545113010362,109.73788904433991,109.17873301952818,107.93159837522364,96.59306983538295,97.28433803369336,96.89591959316948,96.40571376072478,98.00639627616977,98.13928905689966,94.83239040865698,94.55450629671088,94.29971816427883,94.00140730151878,95.39385034487736,95.60159870645407,113.0301905096785,112.93960905335268,112.56644433294059,112.86023870220617,112.35227190125806,112.28433322422154,112.7250196085356,114.75848938346496,116.84955177402651,117.55634423402773,117.55469341343723,115.84280624664859,113.3105715308476,114.14646574308279,114.30263199238811,113.85534232571206,113.06794226071884,114.6521544805438,115.15059890718805,115.04892696931688,-58.830744126304324,10.044804883157543,-26.642938304281007,0.25802404,0.42469078,0.31215298,0.30607483,0.54951495,0.0,0.57548195,0.10673603,0.46799514,0.38873345,0.64345944,0.046328872,0.60084635,0.0,0.35704294,0.4703602,0.11220009,0.06336424,0.033822425,0.80358964,0.27940345,0.03980279,0.01725113,0.38107663,0.192249,0.06414762,0.026069416,/content/data/frame109.jpg,0
304.257080078125,71.89486598968506,41.378933376736086,49.20278549194336,0.9538576006889343,303.8785965186329,303.8849672544525,304.3603467927162,305.8723280153214,308.86629582918783,313.13854153541706,318.1745725683188,323.62344065550815,328.8992862092341,333.15762996867625,336.16267816466006,339.1547895702156,342.15914095322205,344.7113381375816,346.37479260039936,347.14349344993116,347.4426479304416,321.12621075343895,324.577177023848,328.4910171511315,332.3660222723279,335.8565907469506,342.46746309941955,344.3060322942615,346.30170114218254,348.2674527824238,349.7520093114463,338.2161754511876,338.4450679564802,338.73820450673156,339.1167428777999,331.8483324612339,334.37822107254533,336.9612715870694,339.1217718967123,340.8406968956374,323.173431444284,326.48977028013405,329.0697203288346,331.56840368423536,329.17179287224644,326.69745573996397,340.8032343999603,342.59591247750495,344.3204471728236,346.18897932569234,344.3875523740985,342.6695388628559,325.384607301743,329.6206108148199,333.6089571418197,335.37659922178364,336.8124105157076,338.0012579172744,338.36603951092593,337.307605233108,335.9381354615898,334.1163953559285,331.90780087381745,328.5183828971517,326.541035303575,333.1176054535672,334.98234736614995,336.3987182818569,337.76793466683785,336.07437647569486,334.5559119010313,332.60444140756863,86.1548819747386,91.98947651636126,97.93453703044133,103.70897690427546,109.18708474208324,113.96470901699195,117.85344980006039,120.75205453486524,121.68706845351016,120.51664788401149,117.16297500538167,113.57201267315622,109.90945808639253,106.09083146972853,101.90055718810572,97.41452802868025,93.04472058729039,91.1901774828309,90.09851789531945,89.66765168505685,89.76479550839395,90.15610350516113,90.14662438518872,88.92853195411726,88.05952522841926,87.60492514583666,88.16324302469434,94.6782367268836,98.20500604338349,101.56489041143277,105.00850495300483,106.64772932820051,107.62594565144218,108.06317115993761,107.44900794405294,106.28464401664542,95.35585919331311,96.04999049649427,95.62958527903584,94.9887988804553,96.43866784830902,96.61026156324306,93.84001470582962,93.82223013824819,93.68189094882928,93.34914163659187,94.47616976159088,94.58890389548219,111.47921583855668,111.33602429096527,111.07108755075251,111.40620532326147,110.93163697384261,110.91143291675644,111.31733703384498,113.35309726276682,115.14183025269722,115.66500306691614,115.60960643521548,114.03276089852397,111.75449567644864,112.59802297812575,112.77140623547893,112.38808519352051,111.61893035977619,113.03348181937554,113.44705087921511,113.31139406184866,-57.64683433871117,7.9988156282354295,-24.124262320996763,0.2908281,0.49131224,0.5086662,0.3411828,0.49207056,0.0,0.45941746,0.03793764,0.46575263,0.27504218,0.65849996,0.29052186,0.5959843,0.0,0.45258525,0.44411814,0.021991547,0.14795394,0.04045842,0.83684844,0.10943446,0.025394578,0.017273804,0.1636483,0.5230534,0.14446442,0.016731001,/content/data/frame110.jpg,0
305.1651204427083,71.27946853637695,42.26576063368054,48.912437438964844,0.9625371098518372,304.7975660405423,305.1770393955509,305.9379225198664,307.57807330207345,310.6112161582113,314.99573479869605,320.08494818781367,325.443956391103,330.59440910105786,334.79919893242476,337.71589366928475,340.6780582826292,343.67690806369046,346.0428844750386,347.46340791720775,348.0201996216207,348.157235480811,318.99233997668443,322.76042552729524,326.9766064425918,331.0965089089499,334.7797578226591,341.1560115115033,343.29045784469946,345.51459147139064,347.63560360240933,349.3316996152336,337.54770725379547,338.04711322427175,338.58740604913544,339.19941442359175,331.84189722038934,334.5435852480776,337.2477956871642,339.4050311851999,341.1219502113992,321.8843301253475,325.226408028837,327.9402445635724,330.5382793250852,328.04500335263526,325.4200459601702,340.4347103047492,342.3088654722671,344.22824912044905,346.30264037172384,344.4018372047305,342.48353808849515,325.28743918951034,329.64107403357013,333.72944110971275,335.6400190581862,337.24688258123496,338.6129800121347,339.26437438870397,338.1611919910953,336.68213181172996,334.6863376401736,332.31820615889285,328.64995177396816,326.4819304307988,333.353955158853,335.36266925453475,336.96979516434476,338.5625877600087,336.6623688408705,334.95221939311216,332.8253822759931,85.66093039726711,91.560320636919,97.49234479269361,103.23331465211103,108.59020277036925,113.18939488883898,116.88881732251338,119.67866730199111,120.4341347635538,119.03750600911171,115.51413109829446,111.87125825941075,108.16695193348642,104.13272049393072,99.70263839234994,94.99452952927359,90.44729348802711,90.63408487413608,89.53801840549322,89.30346038411608,89.61916413528616,90.15411476569025,89.6025218176408,88.49174244867054,87.67907992088439,87.19756697828225,87.71769100742904,93.90122336935937,97.39845581252794,100.72995603104772,104.18424625686548,105.86868879899885,106.70340405944789,107.063916472464,106.32926502729606,105.10239001193058,94.59466959753618,94.935284347822,94.57226176812301,94.27555481846949,95.6646880577644,95.85663971684517,93.08302623015533,92.75272327958774,92.55066448246252,92.26482559246114,93.53841769604969,93.76047211362939,110.39636478181455,110.14665305035105,109.84217945256368,110.09794357198734,109.53644989681234,109.33297071268606,109.57416362063341,112.04820139574639,114.0877966639855,114.7557983732986,114.78305161157004,113.1803407963298,110.64624094231513,111.3571236454014,111.45705801654694,110.93450253674564,109.93503287964487,111.91785464972364,112.49066943902525,112.43768130720764,-57.919527547053825,3.5862887529426897,-20.691095351708995,0.29787746,0.4998987,0.16155738,0.23378761,0.5736223,0.0,0.39171702,0.66040564,0.47244066,0.1981826,0.5912902,0.1595103,0.62289715,0.0,0.44257262,0.45001474,0.15245573,0.05132969,0.030085836,0.7647254,0.31060722,0.11224746,0.035232387,0.01821589,0.48205832,0.021837208,0.019801414,/content/data/frame111.jpg,0
306.05807834201386,71.90147924423218,42.43736436631946,49.87698984146118,0.9742630124092102,306.24198544506737,306.525147060059,307.1741992666622,308.5522125633,311.243296744933,315.20914153233537,319.9761211040121,325.0948078574406,330.3131450384901,334.76665189868424,337.96059918672853,341.20514048059107,344.5095369591679,347.22730767729246,348.8412464739496,349.4960753230518,349.7678994856044,318.97242478748836,322.59220257951597,326.7758794986533,330.9128670191764,334.67419707885733,342.39833778393324,344.67778646575374,347.03666866425374,349.2975735834002,351.0296601931082,337.71581652495877,337.9252026470495,338.1934414918862,338.50786136939223,331.31807570320257,334.0553890784892,336.87559285887994,339.2345035972225,341.12699125682474,321.8200910313391,325.1054924609821,327.92498274531,330.77464856187686,328.162789199325,325.40357149490825,340.8715061541119,342.8065645563054,344.9003829674485,347.24133144240824,345.1680795552774,343.06160729145927,324.54040357918757,329.09414058255385,333.37580191600534,335.37663752023496,337.1189021512799,338.7840021831252,339.69046325620076,338.2201155421966,336.39684770313386,334.1650962331164,331.6607250524362,327.836477126191,325.7027332591098,332.9174734500983,335.02357112848347,336.7991417557432,338.93558442168234,336.4956348005188,334.5712574343865,332.3187896061835,86.70906406506354,92.52250869101272,98.4273646487969,104.20100689687877,109.64027635005638,114.43351792806729,118.23527110719021,121.149667070321,122.0299785126923,120.70608300055326,117.26507699829864,113.68040499630447,109.9652488343323,105.88005220927289,101.43589571498266,96.69479821298658,92.00011541362046,91.81490253813988,90.713903196042,90.3827232960191,90.59055221295256,91.02192479760426,90.83063471940815,89.9155135878695,89.27866127207133,88.97043632413117,89.62663686941426,95.28496031633446,98.94857352272479,102.45091521402416,106.0212423776743,107.11455023221441,108.15072132203974,108.64733955416077,107.94800638813692,106.68448691283808,95.72517133346498,95.89334413922404,95.52712801503381,95.46382842807597,96.86952804756342,97.05549722887066,94.69890535273247,94.20910814297251,94.09569972751919,94.09069276889798,95.30181487707966,95.46908511031918,111.12426254130229,111.27122489285232,111.2622277074995,111.52928571635212,111.0722629482402,110.71455169711939,110.66212043893924,113.50685064649122,115.75943620154457,116.4127988162376,116.35133469790149,114.5101402702591,111.45448278912065,112.24424444615286,112.45323814540897,111.94409448990424,111.08419973737203,113.9253517621687,114.51454967592764,114.36643502823608,-54.802720318803175,2.0679906474263268,-17.077752091013682,0.20060885,0.4725271,0.27257505,0.260737,0.6013731,0.0,0.43630022,0.69795,0.47180352,0.29633597,0.71400905,0.14510286,0.51203364,1.0,0.3240075,0.44178876,0.14997111,0.27035722,0.005788289,0.83703846,0.10150511,0.061334185,0.0115085365,0.43541858,0.37207583,0.009562891,0.008594936,/content/data/frame112.jpg,0
306.7993435329861,73.82390213012695,40.310628255208314,47.38868522644043,0.9833018183708191,306.30381011464794,306.841870820744,307.7060432271492,309.1948433963192,311.75601957697774,315.51810849806657,320.05446834541493,325.0556934311279,330.1210106271609,334.5954730673164,337.98075264585776,341.2009261486785,344.18583086576604,346.4405485313005,347.8185509349515,348.71023424163764,349.30286848653725,317.1969072522486,320.6100875239044,324.643135001503,328.69466374365936,332.3580147505444,339.42790768765724,342.0972530743365,344.80864524447975,347.3761530165539,349.35023340005006,335.2762750616288,335.47372038451033,335.68785900917015,335.92646645525895,329.62570256850756,332.24488670178226,334.9739890245736,337.28710104605466,339.1778708377925,319.952122305375,323.0639198424982,325.73884265619796,328.517782534867,325.9074619516736,323.276595896657,339.10987063062964,341.1496124642882,343.29909623331264,345.8213371941686,343.5355750715808,341.3591040804733,324.01544990712324,328.0127432133902,331.626258359149,333.54092753582876,335.2318590156383,337.1259098461825,338.68776905559224,337.1430980153841,335.2994016399097,333.1870363171339,330.8760664614851,327.37208649141536,325.2278157778498,331.4344226635656,333.43768327752053,335.21694859238494,337.8892530150951,335.25053856611555,333.38635942462156,331.28737924879454,87.61863094162977,93.15326548808544,98.73769522163256,104.19193414882321,109.42857376889397,114.08308660305246,117.87910275341042,120.77233836459035,121.62468310062896,120.50765208319544,117.33359615682062,113.79856495069171,109.99217353195945,105.74049633835958,101.19394595054492,96.43751754321465,91.67268994770029,92.77894912492029,91.44573391782731,90.95366622394556,91.15323845989629,91.63563590200674,91.02083261339519,90.07070580297037,89.49434795099246,89.38229098514644,90.22322495967504,95.37086979162561,99.04025580842263,102.57780202570271,106.20802064174855,107.73853711784983,108.59396291202376,109.00373347551404,108.19281524390891,106.8807081661204,96.32870772114602,96.61317683621185,96.28360191131553,95.9574995321394,97.35508987304456,97.54925754662258,94.92389434956276,94.54646133848185,94.41061175703521,94.14031923784509,95.39743671534919,95.62130321332958,111.96331182693912,112.01532713842954,111.89874518621315,112.12457420637216,111.59239852468473,111.21499432437845,111.07575693478412,113.4737861723977,115.36568127909806,115.93446020259344,115.91799399750934,114.4638464112289,112.2605949577152,113.1509597477736,113.28765162069067,112.72487889633257,111.50032606793212,113.4641464261525,114.01310014719076,113.86891747286654,-53.31218239631715,-0.8437278221653175,-14.044787873279938,0.2313966,0.48916543,0.19737196,0.28861037,0.6137662,0.0,0.53696084,0.9626548,0.49304196,0.5734271,0.5451727,0.26525465,0.60407364,0.0,0.38442653,0.4840556,0.08683166,0.17836225,0.06284744,0.81417817,0.23635975,0.020901093,0.010709864,0.1187958,0.5910661,0.0026470576,0.019520232,/content/data/frame113.jpg,0
306.41669379340277,75.0228796005249,40.91373697916663,46.0112829208374,0.9850574135780334,306.0868752518035,306.7438962297782,307.7312916274685,309.2539983864648,311.7917102484611,315.3630163332431,319.5970244561095,324.25620624402507,329.1293579002427,333.63440483470663,337.34919779612045,340.8949033209639,344.0688001222268,346.408656416183,347.8019567710628,348.75047742723444,349.3728385906915,315.9957918136979,319.2857369174202,323.089412758744,326.91226186940855,330.412423474855,338.303760697831,340.9479078997491,343.6587139706162,346.25993029396403,348.3762893226491,333.9011884047562,334.04191085532455,334.18149791661676,334.34063671034176,328.3660472083621,330.90922374830905,333.60417386111163,335.982952615846,337.9111529591056,318.9869534701933,322.1721630269245,324.8004476888113,327.46330742239286,324.90421404118837,322.28680607946836,337.9722039923257,340.1115275032387,342.3073901091181,344.8962092979643,342.5226664978336,340.3051788399738,323.25209100512535,327.09792928039343,330.548531966684,332.40218495376314,334.1038701999655,336.13434772560964,337.95332032952496,336.13062233239066,334.1047488925357,331.91101884390537,329.5828356681008,326.25192275741176,324.33022704286003,330.2935202442883,332.2529092373149,334.0431153552522,337.13426366967946,334.1152076378095,332.1836274545889,330.07300790096906,89.28697295339678,94.76003139327204,100.2694535543249,105.59481430429648,110.6268924858093,115.12462685513839,118.78318678304288,121.62138353068852,122.4778685448444,121.32070941349315,118.3451206904891,114.99356014989205,111.27635489763941,106.95765660772605,102.27499200769572,97.32286333162914,92.28214631866773,93.20432923461725,91.93836525528975,91.43487934904041,91.58617902028521,92.0970433113375,91.78410205348516,90.89710633214453,90.29836620210544,90.1038411092753,90.78348348445752,96.04426033051942,99.92446634552752,103.64560761393732,107.38551736072856,108.60184508279,109.52325132665501,109.94754136265877,109.15052112771986,107.79859172527449,96.57824048903645,96.67092280929207,96.43643365943487,96.40144721481391,97.58637237318679,97.71560600067434,95.60393826883879,95.04019281087918,94.88343010717544,94.66874444998183,95.9224330611938,96.18254580787338,112.3462733498018,112.66715739611175,112.68989809146785,112.94604191215619,112.45705772429855,111.99612587901913,111.58073137116986,114.28982283968091,116.38409936969167,116.99632101326567,116.90566429329829,115.1719018318085,112.68463251801347,113.61084359765559,113.8088653603578,113.26690292158227,112.04125184352317,114.55809064324797,115.10341975805088,114.94240839476615,-51.3624536908526,-0.4661809064529531,-13.090776056291139,0.21891749,0.37609854,0.17621884,0.25063938,0.5535063,0.0,0.44905442,0.19052368,0.46541128,0.32907596,0.52364117,0.3810332,0.5892013,1.0,0.47298333,0.4171656,0.5524891,0.067622036,0.036291458,0.57305264,0.2617314,0.044813868,0.029036658,0.12383047,0.44350946,0.01546562,0.08161247,/content/data/frame114.jpg,0
304.91739908854163,75.88409614562988,41.57636176215277,44.83105945587158,0.9898310303688049,306.04641068594873,306.62262039916527,307.58903006607864,309.05298032697505,311.48482890363,314.9882681644426,319.1891614543476,323.75010094118613,328.60308014346776,333.1672470402419,336.93871844750794,340.40082345320343,343.38364285226174,345.38128935615197,346.55643853452625,347.353090928019,347.7925509694295,313.8842198049535,317.20125650175845,321.02678101313285,324.85127781970414,328.30520928548316,336.0628125379006,338.78822795765075,341.6451671462337,344.37240068961376,346.59007863153056,331.7607761005589,331.8552191257298,331.9726404118035,332.12471827669935,326.3341356043815,328.8395292058068,331.59182527880137,334.04264310565674,336.0498355602458,317.03220146656525,320.1026210762861,322.70822471407865,325.4308728662933,322.8410711919015,320.2364327308507,336.09017417623227,338.2953272664763,340.5148008860523,343.17666214293666,340.7216437129857,338.47775529037943,321.6360336002037,325.38859588040515,328.804875833552,330.7386827900913,332.5652493115709,334.8859125738086,337.0795252285252,335.0689049535475,332.82138349024865,330.5012493116069,328.0932167115486,324.7342349085657,322.7196833821413,328.6103398117184,330.659394001737,332.6102695157402,336.1770336698603,332.7209153252178,330.658839265603,328.49317184445727,91.37845307332091,96.69048925275239,101.94139864072523,107.07884204332534,111.9053382067014,116.20694175746448,119.678259230865,122.25024040777319,122.99162440817038,121.8066887865536,118.87653725455229,115.46090502798968,111.70620396743342,107.44716439032727,102.89903674293025,98.11854039001793,93.25828388336576,94.7888297361632,93.6631739232699,93.3705810749764,93.81709877090088,94.58586364903324,94.47811817963189,93.61366933480352,93.050281882372,92.94523153274305,93.69857282241,97.62837009085563,101.43900330392792,105.07117181021624,108.70495321983057,109.54328136785246,110.54809769398506,111.09483985582946,110.32022299246856,108.98248802832501,97.61114280831292,97.64315717572221,97.48660775279829,97.66173602636016,98.60846859335297,98.7080132670162,97.32594430409452,96.92165068569862,96.87851433978783,96.80578779130764,97.86453697527682,97.97841660782458,112.9778804396901,113.16462450310976,113.2131430721472,113.53990189447376,113.0263092248446,112.62998713262853,112.2297818874745,114.86855906673674,116.89227496235745,117.47532508515692,117.36187673590408,115.65585469699832,113.29660360449185,114.53658957263133,114.73084662311427,114.21874821382295,112.6959782866032,114.7745393084427,115.30488949851265,115.15622662773649,-58.59883119410051,-1.616275955487206,-2.806524820667888,0.20767817,0.40077007,0.16359231,0.30316898,0.55638516,0.0,0.46060073,0.64358807,0.4699176,0.63863355,0.5075013,0.33530158,0.70553744,1.0,0.54537994,0.46132046,0.0917699,0.08530113,0.022457797,0.7107152,0.027704334,0.0050668856,0.007908893,0.017949345,0.85606426,0.0025475689,0.0827587,/content/data/frame115.jpg,0
303.84806315104163,75.49597835540771,41.22564019097223,44.53418827056885,0.9914104342460632,304.5853832867603,305.34076319549996,306.42799631054635,308.03642243071454,310.6045034902604,314.07693652760526,318.1528333602663,322.567364575805,327.3682671727211,331.94885937266463,335.76820786330717,339.2540264677921,342.2953286156243,344.40902983374775,345.7243081315143,346.6081999167657,347.08944326713606,311.5086946087243,314.6910433180329,318.34607957228894,322.0092766506304,325.34352594486217,332.98903316888516,335.90612642741735,338.99231310771944,342.05110592106814,344.69068975136247,329.10002780818024,329.3381601453393,329.5889924066314,329.8851232937309,324.27893816105285,326.7820384199186,329.5208740525851,332.0688381392538,334.1850621414036,314.64057808150466,317.65211647435876,320.28079053787224,323.03677441271816,320.3919204483687,317.7583107108036,333.88732584628724,336.1127653735802,338.411314672305,341.2433308619468,338.6877410871983,336.3556565987891,320.3821351042663,323.8694619641003,327.09159230182524,329.05154384900607,330.93711149140836,333.3834984823472,335.77349551669585,333.61942975414996,331.263761057494,328.9196519356256,326.55148717617215,323.38160904699413,321.44352162804216,326.9118471252773,328.9819347589442,330.9813939958718,334.9406773666457,331.1671021164823,329.0928862907721,326.95086108835227,91.55665399782626,96.87285434413582,102.16017327280974,107.36310634993376,112.14692918933775,116.35052762933542,119.73360012074491,122.21788302274706,122.98122905207008,121.77266260742041,118.7681032799727,115.24837998713295,111.36733477451133,106.96784151779666,102.20870819731775,97.18798096676747,92.09079936475032,93.61371680335685,92.71174028791617,92.71077831723943,93.34770642857261,94.18991016338768,93.89103511159279,93.08571912983048,92.51985899124114,92.42885083162193,93.19729180166493,97.12167984540686,100.97936063778391,104.64256727212546,108.31954091727778,109.14373318457098,110.15588560316485,110.68895432741095,109.89914136314425,108.57840977465393,96.79701633467538,96.77346079442883,96.69792379897154,97.10667055458309,98.00509064531988,98.03867998567145,96.88256324023743,96.37501381425842,96.32573192907594,96.26131971040175,97.46854831503741,97.60675833715068,113.22012533657055,113.03640167864756,112.92957515352946,113.25034459422017,112.75905788774472,112.54194556547228,112.4242092735733,114.8690513778293,116.64754085377749,117.13196316684778,116.99000560002861,115.4558184519708,113.49014286073006,114.27018959289455,114.48396687113208,113.98594955525283,112.79255485342864,114.44576516806558,114.90859092090982,114.74048813781701,-53.36930902573871,-2.4221450019670443,-1.8306270079390197,0.23224254,0.44196683,0.6706226,0.23165737,0.33784097,1.0,0.70584583,0.7410375,0.47712535,0.32309946,0.7172523,0.24410859,0.6583642,1.0,0.42807013,0.46663532,0.0068280087,0.0659364,0.047475833,0.5625762,0.04624036,0.016311178,0.0022185848,0.005002925,0.7121347,0.002757375,0.21533485,/content/data/frame116.jpg,0
301.92621527777777,75.7701644897461,41.360595703125,44.66418743133545,0.9762959480285645,302.7555237856941,303.4875488655956,304.48616755243927,305.9212855308741,308.3121358638191,311.62148511961226,315.5550622015164,319.79096005321054,324.4916608340907,329.19186165512053,333.28590348654564,336.99795043529787,340.1284019170579,342.2431138824046,343.4883812922586,344.3507177923718,344.91873926956293,308.21432103521823,311.4848443354812,315.2509156997492,318.94282369069816,322.22009565028213,329.99458632899496,333.16464165908735,336.4634757848663,339.70979975052273,342.3533095058923,325.9044579213181,325.97188062189525,326.04119134976645,326.1285836926704,321.0783646542805,323.44426890747513,326.07389479377537,328.59374035869996,330.7231124886024,311.7451876456368,314.63081374038995,317.19862350462586,319.9344676980329,317.30548393269055,314.71559127730376,330.8351705823311,333.0929605145458,335.471836569479,338.35548678456826,335.6713924289555,333.27954297496785,317.270507508276,320.58481323504503,323.58915184121474,325.440955207206,327.2986973933997,329.8403207621544,332.39578646976724,330.08434269930603,327.6090207154259,325.2643815276846,322.9698980565536,319.9667925781935,318.2861927159516,323.4700016652647,325.43215399706196,327.4046537407128,331.49219769139995,327.49735556138785,325.4280233383628,323.36919186950956,92.5105413814698,97.70776938094991,102.888200007313,107.9524099349319,112.5430029446942,116.55204840693875,119.73862637182788,122.18108198548589,122.95739983429655,121.87411941593575,119.00791508418467,115.57278199985922,111.71590642610511,107.32476065834385,102.61078778035176,97.60234174517183,92.4575648051291,93.22046040914114,92.2370713299415,92.41448360026612,93.25647668615164,94.30235435737399,93.92971016148573,93.05309365798092,92.4607163092333,92.46911020384437,93.4627684264226,97.35217014213009,101.21208221324969,104.88460837409195,108.53782618135506,109.20718137388883,110.24049455890554,110.84338544035154,110.08249766231972,108.82597237059724,97.04135484683269,96.9284182294054,96.9024778205598,97.29277714815805,98.16938247045215,98.19325435531653,97.10322368031893,96.55707105395942,96.57373904449537,96.55970023579192,97.73707693153483,97.84825490424913,112.8917576852441,113.03916118334075,113.1824627744229,113.56030463597517,113.15233420350876,112.90648174243245,112.64223139779187,115.20079270345536,116.93962431107138,117.3113740101029,117.06751180453284,115.31394975046521,113.22187175022577,114.43439099122804,114.70921237193636,114.30042730840398,113.01023379391995,114.78623813519698,115.15087019495411,114.88361370194855,-43.7256368117828,-4.529794927680293,0.5693814458627227,0.22462012,0.3713141,0.42649963,0.25081033,0.34574482,1.0,0.6071047,0.09167124,0.47797492,0.3684379,0.4044201,0.36273757,0.58279806,1.0,0.41931006,0.6035582,0.34259185,0.15419902,0.109902,0.52883714,0.16324061,0.010949603,0.0031774475,0.17560324,0.53133255,0.0026727768,0.11302381,/content/data/frame117.jpg,0
301.73258463541663,76.87925148010254,38.65511067708337,43.235904693603516,0.9856374859809875,301.1505854965673,301.9777771535088,303.0431263325753,304.4938973658576,306.87213735509727,310.2449429114479,314.2022691384335,318.4319664613512,323.0827488089585,327.80048319461196,332.0021704443378,335.83516689129544,339.1060167089698,341.3559329894453,342.6611575593267,343.5007206540605,344.00569673704547,306.5832957485585,309.63190036335794,313.14514593725164,316.6008050272434,319.6822053170303,327.6668296088237,330.80484225355247,334.09801354053934,337.34631923085306,340.1773977564062,323.33766134919597,323.38925925934836,323.4484337280787,323.5203893872592,319.0802415530651,321.35105985779717,323.85013667893674,326.34226780596765,328.4756504305683,310.0181919755738,312.8718053510688,315.3743240945338,317.981960630204,315.4693557864117,312.93599890329796,328.7705115355854,331.0227131535259,333.42356066582033,336.3970537528561,333.7122430100053,331.30648155829033,315.2751639513491,318.6965970976422,321.7145104652551,323.6503536528909,325.6031080285199,328.46198788534485,331.48890034906464,328.8603973525761,326.1377471114559,323.6826205150143,321.2885764430756,318.16827748305485,316.3161645451243,321.6241422224938,323.68898173174694,325.78740085786495,330.56951125164795,325.92696725181685,323.7406662311402,321.5789240839113,93.23531648015164,98.32271889000626,103.41239890614361,108.3866384555723,112.81683780448256,116.58499437237724,119.62846393594455,121.97693732739144,122.74461279734832,121.7217681119042,118.92637981596263,115.52247635224057,111.60730053073158,107.09446102880946,102.1706628046727,97.0012232740196,91.74817255386752,92.8581213769387,91.88720085753675,91.95560171913135,92.63769454812254,93.55276036844043,92.95203823234014,91.95109753236856,91.27812595216338,91.18266749902678,92.00673885082328,96.94575513404666,100.78049109700433,104.42720316207642,107.99914232516622,109.16074936161112,110.06597184072342,110.56203232436955,109.75584319705348,108.55982002982728,96.72738016099234,96.46932721453614,96.45923647549944,97.07875930052819,97.7928143830633,97.76992699121206,96.75877339952467,95.93697501530156,95.81609179630831,95.84890447989669,97.05568017535784,97.28235534564615,112.61535701082066,112.7537389876561,112.80338554741556,113.13163917468773,112.66960826271179,112.3040284876698,111.80596098911874,114.7374242771206,116.64800350748992,117.11754294364027,116.9030490240616,115.20701628531006,113.00677748932284,114.19673013226802,114.44506498267064,113.9715950134784,112.28865271246586,114.42210027899719,114.84696894426642,114.64145247348442,-39.26332418106522,-4.591972614131469,4.596571763333146,0.25823444,0.50720257,0.4174585,0.27761132,0.45121953,0.0,0.5399699,0.28337586,0.4841817,0.47800645,0.5004377,0.18199718,0.54956055,1.0,0.48532152,0.5879416,0.039282274,0.116609275,0.21203178,0.6734004,0.19261956,0.004276313,0.0046857973,0.044890583,0.6697791,0.0029478644,0.08080072,/content/data/frame118.jpg,0
297.95439995659723,74.3408432006836,41.206570095486086,47.17548179626465,0.9689671993255615,298.4428417525517,299.2659689371979,300.2601387138922,301.6503387073759,304.0931910375085,307.5173285577219,311.5394504221838,315.7514870779685,320.32735766814875,324.98336846374116,329.0914376237191,332.94617796107343,336.32836085805604,338.7666334827595,340.0482390354597,340.70294879720404,341.1154209072555,303.0065540641631,306.01035155895613,309.4391109627662,312.7768768750983,315.80993589538906,324.2348105921412,327.3592477687977,330.61384002190977,333.7879023433419,336.58031973379866,319.6351498283537,319.67656541460354,319.7190236451545,319.7763994499934,315.4574259554088,317.70102103011334,320.16982052534,322.63812400531674,324.7608128321391,306.68150068327253,309.39457925350007,311.84065821344785,314.42608540324363,311.9780476891963,309.50834389405793,324.9398001038211,327.14291088621457,329.5571487039392,332.55198080744447,329.8335810396028,327.42672946257403,312.0212448812421,315.2131165121274,318.07114119859597,319.85761772936723,321.62618541021016,324.4351973788954,327.404995896415,324.95414405503084,322.34448972581237,320.07358006982275,317.840122939463,314.774146390114,313.02727515864274,318.03232041321183,319.93579918067974,321.84577844732564,326.55368188597953,322.0983041976397,320.07924206703046,318.053122685432,91.91799658798209,96.89033857858396,101.94045711009016,106.80725076716676,111.11163061578995,114.80477458349361,117.71656631078822,120.06535036103078,120.82556627813287,119.63344929989358,116.76409218337608,113.34121241611811,109.37732510398578,104.84670156479274,99.94730249709755,94.73246472441755,89.49718909888475,91.27217798395068,90.50446785004388,90.72481334566791,91.47786740992535,92.34847877556396,91.74572914194917,90.80926247267368,90.11990925125626,89.9187733802469,90.57805356822355,95.94559486571464,99.53551198623322,102.92337712594394,106.28067827834397,107.35987924075584,108.30303705452647,108.80619897324974,107.99043947090573,106.74590684032769,95.35681970256209,95.21093216962201,95.15845915497546,95.61206510111774,96.51893450668206,96.50670283810166,95.40655619770004,94.77216112855938,94.67489996138815,94.5632813459936,95.90160809837282,96.12410974192042,111.03313535891112,111.27968868070452,111.43382795033796,111.69208655718111,111.2606174004793,110.76205458914228,110.15613315733009,113.09421706712911,114.94959416523211,115.37249609254755,115.17877683051466,113.55934102725737,111.3904215545812,112.55819666878216,112.77678080413062,112.31484213921335,110.61723500740376,113.06050827564823,113.47095920791216,113.26610153540096,-45.011799386374086,-4.689500345630416,4.843136417259627,0.22804534,0.4367125,0.3896217,0.22489828,0.4046902,0.0,0.5385909,0.29588327,0.47554818,0.4827123,0.564888,0.089057095,0.33561325,1.0,0.48932105,0.5929006,0.91977787,0.17697044,0.072598554,0.41581258,0.33746094,0.019444061,0.004380222,0.24147426,0.25629395,0.0028495353,0.13809705,/content/data/frame119.jpg,0
292.258544921875,66.24102687835693,48.358479817708314,56.87267589569092,0.9694867134094238,293.8038747940394,294.71306079802736,295.8072089257767,297.49745787188,300.0210752023008,303.69567260362095,308.3617964273139,313.10775385635293,318.09937286142576,322.9853009677138,327.38038186047464,331.3538503598652,334.70512887996904,336.8314310896868,337.81128684819186,338.180533798561,338.0921394012631,298.71091911369024,302.1408180026471,305.92790368139373,309.694680615156,313.1294721116301,321.5940675283834,324.75095973144744,328.0364366974468,331.40018724802076,334.4301828462202,317.50784227341535,317.7708613686977,318.0002840844456,318.265129644725,313.191081745513,315.7407109477019,318.3972900484899,320.77160505198833,322.73098707308577,303.00522408836287,305.91651369922926,308.568876472691,311.2704663422825,308.78910584569184,306.15003680855637,322.81409733222944,325.327772835361,327.91884326730013,330.9271978993871,328.276858881685,325.63389487743433,309.8395083062281,312.9383970251195,315.9141356297083,317.7697020312274,319.568444625298,322.1040905904547,324.5015231898962,322.45073656192886,320.14601434945536,317.9887679989072,315.79271638590967,312.6727073858047,311.07096266897014,315.9129742583126,317.8863964663532,319.7908747055671,323.7302830904351,319.8659143487771,317.89326299845806,315.8697431742223,89.87261402081046,95.14923682066845,100.10286209952122,104.87511411595705,109.32034347304777,113.29274619553578,116.30971653556,118.84534622931358,119.69156495422314,118.33510757115134,115.1879009207779,111.29504502015644,106.8646429791334,101.66538866705298,96.0799529418353,90.4321204536102,84.82529393510256,92.97639839810722,92.25604507789124,92.29146588849737,92.85166182200314,93.48792046318835,91.66432126696913,90.47437932136577,89.49524764029835,88.88643072042798,89.23036953721274,95.10788304970986,98.33033273583196,101.42577191726787,104.71545910881733,105.83714862022546,106.64010575216389,106.95708082009963,106.0580003743946,104.70834850566607,96.01890670528451,95.77445734878103,95.36795295318174,95.26907977229257,96.59955172462628,96.91535525153941,93.99562281639359,93.32963021998296,93.06830741847298,92.798086193397,94.43644360111414,94.71511985402185,110.44984325794012,109.68355373286974,109.2742384523863,109.55169841791286,109.04071534305916,108.96436991975102,109.39698584946237,111.94402993248505,113.55734361691805,113.894405731971,113.82311664717372,112.51357378706723,110.62719748379328,110.68295144648839,110.82620081146051,110.39860867745385,109.61749183631579,111.10158617309284,111.46518694658903,111.34036087776795,-44.62464512248738,-4.810642187370375,2.039145453565803,0.25854462,0.37222677,0.34704298,0.28113154,0.31206784,1.0,0.6356281,0.22171511,0.4695855,0.4892004,0.5180205,0.4657475,0.60907274,0.0,0.42088643,0.5738801,0.029094124,0.04361308,0.011402843,0.8782816,0.49652663,0.081383415,0.007826321,0.2653051,0.06946435,0.009307566,0.070186645,/content/data/frame120.jpg,0
293.15771484375,71.67376613616943,42.3465440538194,47.593597412109375,0.9750349521636963,292.4893647337264,293.41898065685166,294.57613357029203,296.06483288259767,298.48124902262515,301.9497086985495,306.1265390448225,310.61118199089725,315.56058630410337,320.5450483524866,324.9239751296118,328.92806311120074,332.37515232569785,334.76010977803236,336.03799716048235,336.7095765274993,337.05836329144734,297.671385043014,301.0142814498755,304.7232764731143,308.34334974761003,311.6551355420732,319.6370296929061,322.8311932710552,326.1582994847216,329.4683542641498,332.46076352946255,315.37494728168093,315.46140952528583,315.54695264586337,315.657802287129,310.92696713192197,313.31125736902175,315.9855649628647,318.5958471274498,320.8153215849372,301.44582843412354,304.43569479239375,307.0213376515254,309.750841987324,307.1168907027033,304.51367557295123,320.7919690517221,323.16480769673217,325.6551987727893,328.76972885101134,325.9194670681274,323.4273739123899,307.4327898830667,310.74827940291436,313.77472345351634,315.73897446708725,317.70186041275446,320.5434722267026,323.4293585372972,321.0136649300941,318.35374331370986,315.8709264922305,313.42789067704143,310.2402971264586,308.4880418391611,313.71295838607404,315.7910104470764,317.9226916346488,322.5723546098976,318.1141041113471,315.8695001494583,313.66393849127854,88.96825904428115,94.3116709743841,99.7056176501981,104.92359481825406,109.66928232075225,113.72671688368428,116.92289232001568,119.40654996885715,120.15243192224224,118.94622251929323,115.80080990735004,112.03853979011473,107.77802669635494,102.98287675834436,97.85103843875405,92.47501466197464,87.09717817033561,90.2507522543463,89.528602397945,89.77251041614618,90.58051657578616,91.46540907874915,91.09136685650337,90.21075167977725,89.4398117093373,89.01534367448002,89.49425442999454,94.64011107783263,98.43960057143923,102.04602146481847,105.62141344562406,106.21805024431305,107.27512342566551,107.87363932032167,106.96838483814207,105.6123005110152,93.73300813712012,93.71054919573726,93.66242799901302,94.04215516739131,94.87111392789703,94.87354449768063,93.97175544973034,93.4688011166505,93.39637252001049,93.20270648981531,94.48198617344387,94.65951648826885,109.78725005924133,109.94860380878382,110.08384765602895,110.42687798649786,109.95325389047065,109.54506794983608,109.0598663078228,112.05017861096931,113.93656969164003,114.39654310863042,114.15475588171103,112.39408721455328,110.15623710483632,111.29259315770177,111.55809716288786,111.07562906084131,109.54327395785293,111.85884442993628,112.28977355926035,112.0413039675157,-34.995244266911385,-6.443142250565055,5.597991580811819,0.23821443,0.40617645,0.36390966,0.2527602,0.6561215,1.0,0.65776116,0.12833184,0.47919896,0.7026577,0.58977383,0.32497257,0.5093243,1.0,0.5384803,0.41307658,0.09220448,0.10632748,0.023736427,0.692564,0.55950505,0.029419342,0.0030330291,0.11221742,0.23129968,0.0032332896,0.061292153,/content/data/frame121.jpg,0
291.45331488715277,73.71559238433838,40.641872829861086,45.36605930328369,0.9842564463615417,291.12630802328306,292.1642937298236,293.4796721333187,295.1582325733395,297.77513718646145,301.34725910646625,305.40807240845703,309.64328577224876,314.30112733202094,318.99790040316094,323.23075639547335,327.10163499566704,330.39507926468326,332.56661588922054,333.7126229115065,334.5190873199366,335.00841144443933,296.1398636354659,299.3233964732698,303.0116493589439,306.6408917040499,309.93256267160234,317.8380801250079,321.07017757339395,324.49558272791677,327.93308462142767,331.00067874994244,313.57704599928,313.6209096574456,313.64663469679584,313.69138419448495,309.20768959950703,311.5218366528339,314.1163340687771,316.6821147089572,318.8976512746637,299.95015876209135,302.92575699591146,305.51168480679365,308.22334017818343,305.62332654542695,303.0224254507302,319.0473289506411,321.39322345414485,323.8775133478262,327.02490766462813,324.19706454298426,321.6826853090034,306.1467311553353,309.23808557656474,312.05779876807594,313.96861951701857,315.82076394323536,318.6678391925569,321.734051022035,319.2293251674772,316.57461662260073,314.1760130450296,311.784187924472,308.77294032828786,307.10627382516645,312.0521852062601,314.0534199936053,316.0628122921673,320.8174829260125,316.2535143970681,314.1164216792794,311.9738030101773,88.47438369599006,93.75042929643968,99.0213642842535,104.08932682959042,108.64850273957408,112.52961554437302,115.62821081137821,118.06917893407505,118.8296153804487,117.60157896931625,114.67394748552071,111.16998815874382,107.12695816630895,102.39149045664071,97.2233858623094,91.81239575202392,86.33739481287083,89.28777582377089,88.29482434905199,88.36050302229725,89.02821186404019,89.93676035426626,89.48048161330829,88.35061277003445,87.43166296628199,87.10286886312832,87.7656909857414,93.17375101144901,97.14152195996738,100.8837039770745,104.5771323720528,105.43530644585694,106.42919243260067,106.92846846120119,106.09161943263038,104.79131733641097,92.8975248321089,92.92865738635285,92.84553611106074,93.16143524620509,94.1026592089661,94.12352511027056,92.76437633757077,92.14069664049781,91.98526749728428,91.65878209310863,93.11752616037163,93.40708211539929,108.97823946683613,109.23284207626833,109.31054285733305,109.6312232545211,109.14599410979386,108.72993507907131,108.11162558130772,111.12475842570862,113.09331449568543,113.58758050148617,113.35314453175653,111.58053746231997,109.32111452461396,110.33952496234272,110.61542016867404,110.12700459752878,108.59818835257042,111.0218744924747,111.47910396962459,111.26225499702895,-37.55246432468897,-7.2981550753628,3.85779853518402,0.27601126,0.3918488,0.597032,0.2573398,0.42174795,0.0,0.7071543,0.14453928,0.48271868,0.4180641,0.49035138,0.23273632,0.4491743,1.0,0.42948538,0.44033703,0.7561629,0.19880821,0.03096934,0.5243331,0.8283603,0.012358668,0.003950288,0.08414467,0.052904878,0.004088283,0.014192917,/content/data/frame122.jpg,0
289.73090277777777,70.10851907730103,41.34860568576386,47.121936321258545,0.9707269668579102,290.2452246503747,291.4121486946746,292.8056528312472,294.4410758575806,297.02497398270884,300.51384936315105,304.47514015776943,308.6148628593132,313.2286659642573,317.87029865629404,321.9450126287783,325.6697215992967,328.91028608175213,331.1759184833029,332.42493677614516,333.2378896725895,333.7350305137867,294.6716473739195,297.63358652654756,301.0535468570582,304.50717266300495,307.7302277952186,316.1886089835493,319.4020820016653,322.77101580513335,326.1512540091233,329.1864990309375,311.6986824250514,311.81195561907015,311.9062297356465,312.0293310846806,307.63342249057075,309.96476298406367,312.5718984942241,315.14414843563037,317.33013772915143,298.4148304784154,301.16180991649856,303.66558801866756,306.3486962456328,303.86082485731686,301.3273903985015,317.0650067325349,319.2850002290569,321.7310749951691,324.82891889321843,322.0242108409019,319.5808762291202,304.98710243644274,308.01943541232646,310.71239538727184,312.54184779802466,314.3265275025961,317.0661223427236,320.0215995508375,317.50372128182795,314.9467629519803,312.65703876303235,310.37411608876926,307.5111957664428,305.9177572634251,310.67107062436236,312.5940084725853,314.5248061484818,319.12231325565506,314.6955012481925,312.6500350229356,310.609765990763,87.42510116482138,92.75947554244593,98.0468780125353,103.08433998486088,107.58610347079846,111.56020356004515,114.78321487675292,117.26281524572465,117.92188471502925,116.5358452239712,113.39109177122202,109.60572528842218,105.30565805783041,100.45857445863464,95.18848922464585,89.61114269990716,83.9906176793171,87.63766366563006,86.63810727041026,86.58064829005941,87.10593216773765,87.80290204964462,87.12388978430906,86.03932793722225,85.14621962837157,84.80792516296306,85.40396434182063,91.00288831800263,94.95047665575709,98.66700897879008,102.33848210964156,103.35278747823156,104.37522567880109,104.8609441546528,103.98430710559649,102.6258814945252,90.94538889256943,90.77052289373951,90.60557942178389,90.88389214482885,91.87233793887981,91.9771142951777,90.29398882200887,89.69762102685706,89.58440513003838,89.32425898982372,90.73200400841927,90.97934928006444,107.50445833119153,107.67313454720738,107.6839839405526,107.9800048688277,107.4714517735557,107.04646832972662,106.40532951360518,109.25730438551578,111.12611660225974,111.61144747940543,111.42071858222843,109.834459081331,107.82992664985409,108.734983110121,108.96477521601847,108.47568294621254,106.88401728597194,109.08287822695661,109.56471734532454,109.3815348264327,-46.89233859206978,-6.522617751445151,-0.8625777079543323,0.23985541,0.4640432,0.42396548,0.2241194,0.399946,1.0,0.5177666,0.3687987,0.47538912,0.4661039,0.66028875,0.17923866,0.3044409,1.0,0.53620315,0.60233146,0.03900723,0.15071614,0.28369603,0.2764743,0.7375818,0.004140435,0.0010974534,0.033177428,0.12866876,0.00095479254,0.09437931,/content/data/frame123.jpg,0
286.27495659722223,64.5710620880127,45.507568359375,53.147254943847656,0.9697906970977783,287.91593079633554,289.2299014323154,290.7840047917213,292.56345062457336,295.29309898019966,299.1408657153569,303.70704914734836,308.57812669741224,313.7788225924636,318.77833573488044,322.9805191690042,326.6123613692427,329.5493212651487,331.4143201837775,332.2871302502537,332.7852109015088,332.9805946368988,293.90452420594795,297.05318149342554,300.80190876887656,304.57459049019235,308.07879729023136,316.61790815405527,319.8489814319435,323.1723866205848,326.45744340807016,329.427087637158,312.1223526085902,312.42824649168085,312.7123622234807,313.0354801951556,308.25075687336886,310.70995073496834,313.4338656472913,315.90493504469686,317.94965217917127,298.0379329301477,300.7892520478566,303.3878618107641,306.19698863429966,303.6424673682803,301.03474567857154,317.351207284526,319.59849657891317,322.0337378953418,324.9020143146334,322.3200242196337,319.8964493626765,305.5458108866771,308.75092828797005,311.5716759543222,313.4764297876307,315.3422916213132,317.9506899580685,320.7740035612545,318.4307254209525,316.0440202252574,313.78590457812516,311.552665213424,308.51072048713297,306.67717995408765,311.5691480313673,313.5352258543118,315.51249496324,319.7902956055115,315.73982176117096,313.6932457480125,311.6681019598458,86.49202434495965,92.1070772234172,97.61750070125854,102.87235687044449,107.78228270417348,112.12938644928744,115.57360354684405,118.1758512379738,118.77661878062717,117.31958101025938,113.92034193435993,109.7731455762394,104.94933258265573,99.63235793376225,94.06917499322826,88.28253126625968,82.50000064100114,86.63027131948775,85.36334285879585,85.05973360983425,85.4687439411562,86.18930842215505,85.29762826613296,83.98724614033263,83.15715226971179,82.81296510558968,83.32020139960687,89.70225841436877,93.94427279093034,98.02454571503512,102.07625501044384,102.84570533986316,103.94447370462566,104.51199050729974,103.36868508187672,101.81951687431464,90.13375965721325,90.00488120316977,89.71349911839516,89.67451208407165,90.87763234813356,91.11599647583816,88.80790208126363,88.41741401249446,88.27344975056167,87.86841186959737,89.28091257930464,89.54240815239328,107.31748700538883,107.49661980749752,107.58491844568653,107.85505267278259,107.24563317126413,106.65551711751232,105.97043098980339,108.61679758892441,110.33057729680931,110.87232068950743,110.81649730816571,109.54074392545917,107.6785238213868,108.64755461843997,108.80262083374072,108.24307934288518,106.5236089573109,108.47149333775614,109.01857007768085,108.91659404582023,-39.19569153677193,-6.948076504739476,-2.0673882249496924,0.3201699,0.40824354,0.32802635,0.25741488,0.308154,1.0,0.44039294,0.0514532,0.4692705,0.35978776,0.4961379,0.2898602,0.38145995,1.0,0.5003401,0.57562494,0.029185904,0.25989452,0.3862445,0.61326486,0.3609257,0.009372305,0.00050851144,0.027227692,0.411401,0.00048191837,0.19008286,/content/data/frame124.jpg,0
284.23060438368054,62.23063087463379,46.71091037326386,55.304351806640625,0.9880772829055786,284.87658467002984,286.22145104676093,287.95443149122093,290.07084149470757,293.138618155013,297.29598562979953,302.1923583336571,307.3779225614395,312.64773674370446,317.42994271932764,321.37118395221626,324.7908575043577,327.5346287407265,329.1810797727012,329.91271360049143,330.32413549714255,330.37042876743436,292.41636323381607,295.7921426328521,299.8529698694001,303.88552984887684,307.55084887128106,315.9171104498229,319.04511226950564,322.26229874884814,325.4126896918198,328.1902305298703,311.5075567953463,311.9055214839711,312.27787712945576,312.6765459283182,307.5327951683321,310.00446339890476,312.7199515555003,315.1316675683047,317.0860837600929,296.75113088742654,299.4867613436312,302.253327160027,305.0436942758628,302.5371547879837,299.8005057453396,316.51385574331,318.538560332929,321.0400662237436,323.8680261016249,321.5625120644501,319.09462150397303,304.1966773496242,307.57015256768574,310.54708318462434,312.4250282577865,314.25490791803605,316.77842714296787,319.4080098948871,317.33158880387566,314.9911026396694,312.7223486948489,310.41421600049796,307.23494467075363,305.40831064224585,310.5526844211221,312.5215783852138,314.4763703661738,318.428454105588,314.58023849326275,312.5088450658026,310.4520203911823,81.6945233096998,87.59849754210009,93.32495094757397,98.78696744635673,103.87378812465104,108.29657351365094,111.72695112367583,114.06188747516572,114.29762595615685,112.69454099460927,109.2555241893082,105.17233354136188,100.4963374527193,95.31022536388119,89.82563382506123,84.0836089030101,78.37201499252478,84.76774495732097,83.23564261465326,82.71458917172022,83.11045735233384,83.7651948263825,82.4140033245385,80.7604874561337,79.59775620179134,79.11581054461749,79.67148010378769,86.41666037512769,90.6055506279161,94.65654998870232,98.68771163689235,99.6147439669985,100.54133326144947,100.9887280710318,99.8905573964068,98.33270953979445,87.37469926758385,86.7333655999424,86.3508280457394,86.766106725996,87.99402949029681,88.33577216314298,85.04024748634183,83.82725937486393,83.4316166677534,83.41526390526633,85.0046562960957,85.47943624711442,104.09655199002592,104.172188461123,104.18600563561922,104.44928352939095,103.75766135921003,103.14215034118533,102.29685017811062,105.1814474176972,107.14986274505426,107.79303184612436,107.83415900422261,106.49554259477009,104.35940662651993,105.32155348797534,105.4119564956869,104.76833249193515,102.82448586506362,105.03883740483215,105.70931648950427,105.6681537303266,-41.62230635612653,-6.221442436927528,-7.85072546888148,0.18788622,0.44432047,0.36811858,0.34507602,0.26617905,1.0,0.47878587,0.7817406,0.47427532,0.5512889,0.33095682,0.37155265,0.4464903,1.0,0.50266707,0.57760465,0.02693954,0.13490771,0.07850388,0.2321095,0.4619616,0.009619947,0.0011033852,0.013499926,0.20811649,0.0013193336,0.3043794,/content/data/frame125.jpg,0
282.72105577256946,59.66941738128662,47.229817708333314,57.69671058654785,0.9937164187431335,284.17234154419884,285.53627669822083,287.4079937997339,289.80771102624806,293.1568840617976,297.7058553562957,302.92577053914357,308.4862490937324,314.07209502846166,319.01244080060263,322.9210270891228,326.17218679100944,328.75828121736714,330.27220250243107,331.0170510153531,331.4572763734926,331.4137015944292,291.8530989401877,295.26049273367147,299.47359694382084,303.70136776679254,307.55196852442714,315.42681299628816,318.7817656016908,322.1988264015157,325.54956555399434,328.29744666833426,311.6691269228674,312.13151314506325,312.5736946018178,313.05899689069986,308.20486389528156,310.6195025639207,313.19813988015744,315.51692971666023,317.4191530839686,297.00072513687644,299.7978244160521,302.66851881052537,305.30439677199365,302.8344570495766,300.0059033745281,316.8185854144614,318.92078478743855,321.59557631829585,324.44475362800387,322.13874033435366,319.5356063907355,304.7404626202197,308.102337916396,311.1520978699509,313.18488050283656,315.1611261082415,317.8732362040264,320.46316854538827,318.5178202191621,316.10538112976724,313.7268931443931,311.25038976196095,307.9028860130987,306.06389126378645,311.24582965864954,313.36039702223695,315.4678497993005,319.457370699715,315.56093780870805,313.35424397785926,311.15914642782957,82.51296622880474,88.75128453837993,94.75854179414765,100.43751700618778,105.57350565415419,109.912780288368,113.35685505767387,115.75582430344122,115.95020438142656,114.2028429479316,110.43126609826996,105.97366813179856,100.93749003468253,95.42763894382611,89.71440724528102,83.86288061269053,78.09527845158638,82.4206354854222,80.2442921340338,79.42537598832162,79.75423990948532,80.54407456376268,79.39049016629178,77.90701221347058,76.97950577048721,76.81091606865084,77.77662833648216,83.82869428162114,88.18855540938154,92.42618719783977,96.62220855943025,98.40462294996328,99.16359333938453,99.54497892104078,98.49529266023919,97.08730195608064,85.02370546379026,83.63086420692237,83.32314595939454,84.49177044421242,85.50982485715706,85.81324092576892,83.11029436790525,81.26238575148655,80.83060380635621,81.4198640703673,82.91333091917515,83.401280544052,104.24438616672646,103.53415317106783,103.09008164434348,103.39321915460829,102.64119002651714,102.31494661721112,102.00331204566291,105.35130275578376,107.46825540418021,108.17654880838514,108.23980837730869,106.86053600703617,104.50099411605362,104.70350397098328,104.74744190759552,104.08622692744174,102.5328287661091,104.77881789445219,105.48275340807172,105.47354653885205,-37.04719323764891,-6.294696510794879,-7.798682827069763,0.25037548,0.45052335,0.26434398,0.39511842,0.19571683,0.0,0.245567,0.04762537,0.47092998,0.3765384,0.5077359,0.24001275,0.41341025,1.0,0.44219103,0.55795467,0.021572148,0.16933712,0.1732705,0.035975177,0.93540967,0.0073030284,0.0006038649,0.0018487097,0.0063703125,0.0061982507,0.042266224,/content/data/frame126.jpg,0
280.60438368055554,57.00522422790527,48.405436197916686,59.847928047180176,0.9955317974090576,281.7113190157652,282.8922903201766,284.7590486224351,287.63607310353615,291.63703233981784,296.7345932636797,302.3319123765273,308.0270316687678,313.59185203070933,318.42219291699087,322.29557572107376,325.59048760808076,328.2712364566928,329.95276429269325,330.79678579096736,331.1229462001528,330.79427732573674,290.45795308597286,293.96541887535926,298.3001067230922,302.6117068451913,306.41586927894673,314.8299594096359,317.8359140808353,321.17173192986263,324.56057000132444,327.30664596236755,311.44649784385615,312.12992619948125,312.7685018269723,313.44660076414664,308.3349265128694,310.78629205457264,313.2440314951298,315.5030285743768,317.3476665795717,295.6878269894357,298.63173353176484,301.6547423420066,304.60106959608987,302.00824973092904,299.01879485364,316.534140484545,318.5852645602688,321.3313105567102,324.3122747500659,321.9619027581686,319.31750953277117,303.78031561105996,307.47960835974266,310.8646366461272,312.9192237736796,314.8856807268835,317.6049554920069,320.0558201967955,318.07262587319605,315.73643569923235,313.4646351737314,311.0133038772873,307.4771298591138,305.0130250810175,310.9573514045406,313.09368624627274,315.1257314320086,319.152186263706,315.21370322203364,313.12433147252887,310.9370311239095,83.4043238846826,90.02332461946793,96.3346060171046,102.18995887677335,107.15099679449102,111.13540272864498,114.21688959949367,116.28863360186581,116.4044168229547,114.63151835496143,110.97973662265201,106.46470895972931,101.29403868830099,95.49498931528495,89.42201639521554,83.3661917886511,77.43391551568129,79.66764601468296,77.42807883932981,76.66667830934306,77.05458292072407,78.04045256293574,76.87823267822188,75.33818270929473,74.34364259553931,74.250253633587,75.34402794696099,81.720473792048,86.11391580278946,90.34566668226132,94.52675170086331,97.45014961363623,98.05035770893933,98.31809998672131,97.43805675650904,96.16428294020776,83.74748492469303,81.83666795624634,81.38266999476136,82.86365331269045,83.98386496610604,84.4413580843501,81.17113916949818,78.90991186775086,78.47282036262828,79.43383864836142,80.88816417239333,81.39872031964573,104.47137375877261,103.32244531525518,102.47715674239357,102.74894852206666,102.02366817913801,101.91910028041133,101.92752461415515,104.94412528028388,107.03736674406937,107.73505396946106,107.8504348087553,106.68308669648803,104.57685343752343,104.30572515974582,104.32694865908621,103.7029957572399,102.32541171857,104.21853244936577,104.87878960653796,104.96405174043505,-24.561258345061187,-6.875333863298244,-4.818487712456414,0.2141838,0.40945566,0.2323594,0.32584646,0.19106771,1.0,0.21539302,0.113575056,0.47200856,0.37852383,0.50533813,0.32220274,0.4812696,1.0,0.46326724,0.59605396,0.11467003,0.43485108,0.11136364,0.032336224,0.8593175,0.008050848,0.00035819714,0.006668963,0.008209127,0.0003686741,0.11702671,/content/data/frame127.jpg,0
280.49647352430554,56.38998985290527,46.87497287326386,60.05025672912598,0.9950181245803833,280.2610123391249,281.658606533219,283.62789851262687,286.32364392513267,290.0279436263928,294.9860795519344,300.65840309574594,306.58188216408126,312.33910752412487,317.30806932247526,321.0042469346731,323.91746117444427,326.1578735120533,327.40640739950373,327.9350518848501,327.96516932985537,327.3420148245581,288.5887511073022,291.716298730121,295.85090378921495,300.0447859245379,303.85700074356157,312.2487981403997,315.19680722072815,318.47039137932876,321.80723419880184,324.4860503600971,308.8438388690814,309.68819252123717,310.51834218157427,311.39628374302004,306.6033148581167,309.04021216994295,311.48031364805183,313.64016654491377,315.43632509304973,293.68145557402136,296.37254506662055,299.29940493143187,302.2564466681844,299.7632659850876,296.86814282893914,313.8790444430046,315.8914799200903,318.61341488207125,321.52296967187885,319.2811485319364,316.66308697126857,302.43266507590744,306.0497929852246,309.44133427334316,311.6012172361085,313.60884216864116,316.30152300655897,318.607204125443,316.7290172024196,314.4481705197906,312.13134783611144,309.61921274844985,306.07122567926,303.66686826523176,309.58964507996495,311.8166265489871,313.8943050365733,317.6615455591551,313.82874848165096,311.7067313767245,309.4420043134773,83.25251339908334,89.7374216729198,95.9723426973382,101.9154870140986,107.00958739776402,111.027122271492,113.97420789907142,115.8190345546453,115.76124788820192,113.89128613733841,110.02938956041748,105.37216393449111,100.08624738190238,94.31127884369039,88.35138781870472,82.42112888913998,76.69582278074452,78.80804269627322,76.35795719065223,75.39134913234878,75.53931418108081,76.26451880540306,75.15904707685675,73.57055157633022,72.5514785164952,72.43799261633414,73.7397796614996,80.22619767320248,84.48668867006874,88.57664156740074,92.62219786315018,96.03553693127469,96.50486997935954,96.6757688697353,95.71523627149458,94.45439683927233,82.83580641987001,80.92210307460637,80.42061669033933,81.80004678361664,82.97099345963304,83.47264305880455,80.02547555416243,77.8273294341196,77.37856361156352,78.35686515874701,79.80825369681835,80.30697831309647,103.55951209074473,101.88673971526514,100.76379110655247,100.98442759150339,100.17924551642236,100.22653059230129,100.6414185843555,103.56342495332314,105.56897963364636,106.3145367270441,106.51252499643414,105.60025676349923,103.58665730643688,102.76569492717026,102.7034628021444,102.03916955066046,101.0265284466006,102.67043755476197,103.37992415427007,103.58041648390513,-14.892478054495351,-8.223939759165374,-6.1391889406365365,0.38078606,0.41874546,0.5499811,0.51382685,0.20896246,0.0,0.25644884,0.14527148,0.4686514,0.40567204,0.3932065,0.33387473,0.54024607,1.0,0.5321056,0.5719792,0.2645043,0.30069175,0.081187196,0.025873484,0.84614235,0.0138435345,0.001037234,0.0010827347,0.010771947,0.0010360461,0.1260863,/content/data/frame128.jpg,0
277.0225423177083,59.34183597564697,46.242838541666686,57.197510719299316,0.994304358959198,275.5261000922409,277.48153633525453,279.9331321797939,283.0563573199645,287.1270715562752,292.35012061702366,298.3225295840361,304.60356589502413,310.5871742065949,315.6383629327763,319.2907525008559,321.92922398383985,323.68875863263474,324.5636902948339,324.97882903080034,324.975719806375,324.3403702504856,285.46059272166224,288.4244404496708,292.44561267218614,296.7020304511548,300.5614186808922,308.51096914116636,311.45110903293187,314.80107743263216,318.1571129110466,320.8368552571919,305.68113307697365,306.6369332118244,307.5626966022927,308.54015084883184,303.8216491361592,306.3175054040557,308.86237695858335,311.0395049942068,312.80563856273596,290.1556729740258,292.81702180304444,295.6666055334226,298.692326827495,296.24851324895957,293.40699713774814,310.7445909663808,312.7147919343299,315.4100435828389,318.34446413809576,316.0573022864943,313.4557896633238,300.2628308589426,303.58430076213403,306.8606869111584,309.06852672015134,311.0696481067933,313.8596001855617,316.16923436580566,314.4723874089438,312.2822742702599,309.9614141534067,307.417716740208,303.8791166039255,301.44400476269624,307.13584918171404,309.3809464997088,311.4473002330108,315.1973112658757,311.61535381319914,309.4908780385676,307.1876791346671,87.26717968205325,93.72259234474186,99.90484736841215,105.71980480141815,110.45441311483088,114.1009769781977,116.68335150681338,118.11487525199176,117.88948511874975,115.93829133064276,112.10201568431441,107.24605352336462,101.75744601355848,95.94327815991312,90.01248984380979,84.18684854292654,78.51684233441182,80.51393809363992,77.6270641255818,76.10355438488892,75.80183688309017,76.24373131345344,75.19762661892875,73.696221009249,72.84980625344022,72.98471386482078,74.39989372634238,80.39687579402678,84.52472918855105,88.48904351493086,92.43081596422712,96.79544293536634,97.11368432855174,97.16149683626051,96.32029207690653,95.16712164840455,84.10616007800482,81.96368148484218,81.36819955003786,82.65208831911575,83.8506452420578,84.46081826227173,80.7783285379958,78.60097958379478,78.18212409731464,79.22951134691476,80.54752180851811,81.0238140796288,104.83462906295455,102.5873102859296,101.06039471716558,101.31253645371962,100.54361707116945,101.0572118532144,102.14753912856206,104.90614122473681,106.88771540834696,107.56408627122676,107.6914826509693,106.67639860671429,104.7282158569981,103.44208108238142,103.37498729215092,102.79940030258385,102.38199101456996,103.73349314164415,104.34348206304344,104.47360719632768,-8.620998561808156,-8.167197366403386,-9.029071197895933,0.30190378,0.57174134,0.3988006,0.49116528,0.1570687,0.0,0.23933348,0.0015147288,0.4673657,0.3186487,0.4004024,0.17789613,0.61668855,1.0,0.37524506,0.4020779,0.5019374,0.22555886,0.053220417,0.029884452,0.3547188,0.16471024,0.0073215384,0.015678987,0.038871832,0.010405549,0.40829316,/content/data/frame129.jpg,0
273.99834526909723,59.88077116012573,46.596516927083314,56.92604112625122,0.9923027753829956,272.7385212802998,274.6086138486764,276.91508740834774,279.807905554279,283.6472663382956,288.68414736061607,294.63281119342514,300.9678661167068,307.01873898925436,312.1924117613629,315.9559967726854,318.71050443675716,320.52759610600907,321.4122758601081,321.9202815588241,321.95218307565915,321.28964944242836,280.3670452924555,283.3480618693915,287.39893968561034,291.66171116329855,295.52715912260066,304.23039983783326,307.3548633054976,310.89780464135225,314.54805478080453,317.52137386985584,301.1992874967135,302.22517268844354,303.22426223469927,304.2676759561006,299.6920130983607,302.1900626974201,304.75310425713315,307.01693116877254,308.85842434286076,285.4590953769784,288.09178077775135,290.923953468354,294.1102777841708,291.5554121333034,288.72491289814667,306.88518014366116,308.9828545093545,311.6790966078986,314.7250949663188,312.30414239613896,309.67728151608486,296.4719366927157,299.6559299787446,302.9651657289838,305.245694621741,307.29490799785293,310.30414733981024,312.7905723274384,311.09400202363855,308.81328990583256,306.43758170771025,303.8353951342318,300.1886588440493,297.7047420037562,303.2983299427715,305.60595578441666,307.7157107883295,311.7649110774347,308.05179438789526,305.9085458450564,303.5498287164622,88.33033179564322,94.79204408767885,100.98948478428653,106.83846808303088,111.63454660284452,115.34933674782995,117.89274879731171,119.16272639909198,118.9017324962042,116.81109397238583,112.80932046925315,107.85471970886026,102.3169217613796,96.5460411934495,90.6181693320148,84.71859352562095,78.99213281702866,80.37975311516051,77.64544499480526,76.32076657261399,76.11514735115014,76.65775815408836,75.44878227856495,73.71507429320131,72.60274963093529,72.50553856336204,73.81469578808361,80.37481418217763,84.29764008343756,88.02793106755394,91.79248309996748,96.43119573284338,96.6882686196862,96.67584596137559,95.79647566202486,94.58302502364228,84.59137426671722,82.56634659705071,81.90248763596674,82.84833401886657,84.04792266438828,84.74364446146365,80.66379672919099,78.69109813347009,78.25568416326632,79.03767849249985,80.30699851993819,80.80681202313767,105.24054614552067,102.5173129614502,100.71095828005967,100.90893090948572,100.07482126886354,100.66151601855006,102.0579148323547,105.2623865713411,107.40100155627846,108.11208982744897,108.26527818327341,107.26491013334365,105.11791158450544,103.40071421187517,103.23535971280847,102.65693859199354,102.31492664418124,103.87094704885811,104.49987720813363,104.69460879002926,-6.453831444603978,-8.903781004588472,-9.445755325344415,0.39958966,0.36633664,0.47832295,0.44132274,0.22809565,0.0,0.33971357,0.37422964,0.4711383,0.2721622,0.17848848,0.3947278,0.6093703,1.0,0.34364206,0.5705605,0.5612847,0.26645365,0.17637447,0.022830619,0.091503516,0.2842848,0.008701996,0.03259606,0.0412525,0.012974765,0.5286864,/content/data/frame130.jpg,0
265.8145345052083,58.3752965927124,48.187282986111086,59.244933128356934,0.9965865612030029,265.4041768603535,267.73099703695834,270.52677700312654,273.76038258248974,277.7410272403769,282.8142570057539,288.7146373727127,295.10821512905545,301.299582294753,306.5842117298803,310.41040273579597,312.94246545421026,314.32659459534887,314.7321429590428,314.9968062348853,315.065907601252,314.515465448377,271.9581725890922,274.6563781800043,278.548801745944,282.8608104865232,286.89904950394754,295.5968190382689,298.92279530870974,302.6836224478071,306.5229158897813,309.7308346348051,292.9464403052398,294.0994165406363,295.2141787500382,296.3557390854536,292.19081281718104,294.64485417314097,297.1561021548414,299.3421410630267,301.08566341470623,277.2441410830146,279.6780478254778,282.6147626704494,285.8907106872982,283.3526412731812,280.44453609737155,299.05565451884615,301.09553685455626,303.87848240830135,306.9566395760344,304.61067636744565,301.9101761552122,289.38989590789777,292.3394441059105,295.4590654834858,297.7934009157018,299.9511500880765,303.13131302579654,305.9912629353162,304.1749398554721,301.6809809873288,299.2462966585083,296.6129994001725,293.06929471216336,290.68128251489145,295.84125235623844,298.2085049046583,300.4416100344806,304.95231009884003,300.88826241815104,298.6168161364991,296.223769756162,88.19380155055364,94.71304319477304,100.87064997622804,106.580278027801,111.3006382567354,115.08247505882696,117.77127969424237,119.0986725752299,118.6512192987991,116.48029141486495,112.38316559191446,107.09422235345357,101.06427957301219,94.89897744101313,88.62025787657376,82.49261465442328,76.5435048361532,79.98214849660798,76.92382084036774,75.19062322525241,74.70190278402356,75.01907326724017,72.74324961933712,70.88799637129466,69.82513328402291,69.91251746422347,71.36056971271728,78.22207647997811,82.18140213533934,85.98897768148629,89.82201653237951,94.95804857899998,95.07310169718369,94.95798925361032,93.96397116227138,92.74317753144146,83.32647114380018,81.05725168302428,80.27771182540602,81.20427482994126,82.55668607525263,83.36987190386196,78.35857784528667,76.13381217023897,75.6153485211529,76.54383324456023,77.88118431595444,78.43106923391946,104.77458690528897,101.766281146349,99.83342605110761,99.98429899206053,98.99114959392728,99.4546715758994,100.75565194590615,104.11249013155202,106.29036332360386,107.10632473294356,107.3810690874999,106.59399914292305,104.59831422250727,102.67719284183443,102.40738944473094,101.70782444989788,100.99398746132454,102.67064162380518,103.40681038405648,103.66204939799923,-3.5253454116725553,-11.577690952403485,-7.77681842333595,0.36650217,0.43096307,0.42728928,0.34380507,0.16370527,0.0,0.2746345,0.33742934,0.46347976,0.17333136,0.1858367,0.2355864,0.6011414,0.0,0.38771588,0.5719792,0.9259897,0.5314941,0.0769077,0.029857496,0.20760773,0.6775592,0.0012183667,0.0077303564,0.017954353,0.0033508393,0.084579274,/content/data/frame131.jpg,0
261.6623806423611,56.049392223358154,45.388427734375,56.935765743255615,0.9912835359573364,259.66479425798724,262.1335209642136,265.09615610983576,268.54794113832537,272.66670902881924,277.6729670555856,283.2873144442496,289.1896308596939,294.934672604084,300.0827995515007,304.22065460883124,307.30083546714053,309.17461127359996,309.93987756983233,310.2965636551152,310.30212243103415,309.7444122756516,266.59665604097586,269.212139521916,272.7956074723254,276.82117729227525,280.6215352402422,289.87169470112804,293.0517665590823,296.7678510207004,300.59091646648716,303.81144725393193,286.5532846615137,287.4243835354612,288.23842045470093,289.08022274699215,285.45845829201016,287.7552426926284,290.1334702870948,292.42608866004633,294.31935479731015,271.4835042307497,274.0700026658269,276.88912671029374,280.02899008910106,277.58640286487446,274.7631718420089,293.0565841648787,295.0260197855034,297.7693062442192,301.01795670032345,298.4938285455293,295.8343920473782,282.38187943904904,285.31517626129107,288.4662691819273,290.82430192673655,292.9857657669079,296.4824109315359,299.74746079469185,297.5727291948547,294.8138740912026,292.28924503572125,289.6133521174321,286.02141365133673,283.523220342286,288.8967342733078,291.28605905779546,293.557684397881,298.6843744248309,294.02038224486466,291.6754787993687,289.2366544388411,86.32407169257829,92.67765075883017,98.66647638808092,104.06666633496866,108.3752470793682,111.64937831270669,113.7758483349503,114.66306155051768,114.10174328124197,111.9035874476424,108.1537919625394,103.3289536488956,97.7077036044202,91.81999068380759,85.66765152291083,79.62586277262446,73.71106049126993,77.11651322428438,74.35363055331814,72.61808704707269,71.98927953683256,72.10124509369336,69.71660759937618,67.91013981371384,66.83684199285162,66.94942858511729,68.31043072914466,75.13996522113774,78.85627366273792,82.3972648276364,85.94442969531372,91.50612957109865,91.53301938603835,91.33049261387708,90.48836860488433,89.44858837024975,80.38871008505035,78.05379411057356,77.24858811117278,78.23836786908018,79.42201859093223,80.20962383610473,75.3524876090448,73.08430137977501,72.53987934587485,73.52706297217176,74.73221780848527,75.30723143557444,101.24486878398841,98.22227521525389,96.19041840980475,96.31174632991656,95.37069647138344,95.90123989112118,97.33988367784622,100.81764936616645,103.13084539092631,103.9700943114218,104.1994864643429,103.28193821447508,101.025372473912,99.00800106475856,98.76153756483956,98.09145868862845,97.59902851711433,99.55911399157799,100.27260018831646,100.51545964670561,-3.840014066381732,-12.385312628170528,-5.926885981366252,0.31855002,0.42667574,0.63799965,0.4130631,0.2162217,0.0,0.21426587,0.0513215,0.47330788,0.48493937,0.21918623,0.2408763,0.6169399,1.0,0.5040256,0.44364232,0.9747303,0.5280006,0.06311261,0.08201304,0.098017775,0.16424522,0.00061236013,0.059853252,0.037612393,0.005452914,0.63420606,/content/data/frame132.jpg,0
254.619384765625,50.31515979766846,47.7650010850694,57.753418922424316,0.9935299754142761,254.4876830914924,256.5711364150799,259.11797466518476,261.9816302471496,265.3846297923755,269.68284158938536,274.79800055641965,280.41501399000015,286.1065272388253,291.597847277437,296.4576104680797,300.21617675003955,302.6797102857485,303.9137304303269,304.6456585846897,305.0755929495827,305.03343353098626,259.04611342809307,261.71196033094225,265.35939445157544,269.3572255546438,273.11862559725,281.9116857427127,285.4470789158061,289.40474786452364,293.4442571425801,296.9383253280546,278.3670518661703,278.9925239773577,279.56306409280774,280.1243056729588,277.45938304699683,279.495842828961,281.59865433159973,283.863056284626,285.831198063018,264.15167747159757,266.5349693155335,269.35993332447424,272.4105262304801,270.04786176815907,267.252433311145,285.7283441179237,287.677616189854,290.5179944522234,293.85749049538356,291.360022056307,288.6231338893811,274.54761136589315,276.98220625698355,279.88312620453314,282.2396749487245,284.4627312598997,288.3766545449943,292.2568866466603,289.7274413254208,286.59452891189096,284.01456746974065,281.4106099407172,277.9225294171334,275.7728906394398,280.4880390930717,282.8410642252639,285.16025772524915,291.04887018031667,285.74059207756886,283.3531693872096,280.91452007035474,81.93811133427835,88.00411472730264,93.7469620046304,99.0423064272268,103.53158226385457,107.18728633902725,109.73666299425929,111.1766554031974,111.09417479266291,109.3967728197019,106.2485308350951,102.01158362138955,96.64895597225009,90.76695287145985,84.41293860410866,78.02691647324637,71.69476677601384,72.01340994199288,69.30644562655752,67.84571430315113,67.47714159645338,67.8725957862509,65.2634292598877,63.39384947715617,62.364423959655284,62.48661233143396,63.88082876573202,71.04301421988129,74.77304874559523,78.37416368528372,81.9578691727211,87.33865189189106,87.44834651866239,87.37104185869634,86.6071574764027,85.65969414821018,75.95280609155688,73.55012198908666,72.87300190506849,74.09658133531194,75.14823493741672,75.80659684782658,71.56884205364528,69.12911252045072,68.54639260432151,69.7038950151775,70.86107522001247,71.46222284203611,97.24645812230514,94.13447670760229,92.21851578122968,92.34737753540523,91.56155835860375,92.23085875034258,94.03461349531847,97.91951345344278,100.16585121505986,100.85319514397577,100.96410837044198,99.83036865363616,97.053089070383,94.79295428171201,94.56444411926665,94.0148350026436,94.31098364442443,96.84441523246244,97.40275695842439,97.56251744384639,-0.6702157303574774,-12.121425082633275,-0.5856052509248003,0.23341395,0.48112026,0.5847583,0.40489635,0.17209575,1.0,0.17446359,0.19819352,0.46304774,0.33959022,0.11723858,0.21372089,0.38433564,1.0,0.30086392,0.40845037,0.99468815,0.72650445,0.19044322,0.074939,0.095075406,0.08136508,0.002029623,0.012215481,0.12733357,0.08763424,0.5943466,/content/data/frame133.jpg,0
252.3542751736111,48.886520862579346,46.34418402777777,57.23958921432495,0.992295503616333,250.190868473552,252.1571248898777,254.54392771251963,257.300500958478,260.6213489143416,264.885378998735,270.09902405757634,275.8174893865944,281.6097282507101,287.26029916427314,292.37157957936483,296.26759765401175,298.78697646693735,299.9489992030418,300.53553555156594,300.8399355686611,300.72833464781274,254.82293410873498,257.4760311642982,261.1944586800886,265.27849599570186,269.1471348136566,277.8484509187918,281.32603206929235,285.27888026911984,289.3553496511263,292.79407784521425,274.1780358722416,274.7772004551235,275.3132729953503,275.8410509002039,272.7118239649066,274.84984402015056,277.03172410933,279.3399950355897,281.40220269669555,259.83236573597884,262.28714383244136,265.13489153847024,268.09179803800293,265.7533618237719,262.9459798420581,281.52922607136964,283.47167328137107,286.2941911302985,289.58556877072516,287.0834916009818,284.3548144911411,269.43298039466515,271.8711119030588,275.0842739159001,277.52174218099145,279.8690134510643,284.0077662920702,287.93481350861924,285.5925575042583,282.26767379478207,279.5157340402273,276.7696201820872,272.9833606857822,270.66682787690496,275.5188251958358,277.97824599541445,280.409405260945,286.755243483665,281.5270070721731,278.97631662482775,276.36592609208634,79.1393128176089,85.14234432311717,90.81004902198964,96.16489530461538,100.76370563403437,104.48496728671381,107.08332118174675,108.58880159608188,108.55737942111173,107.0838616022153,104.25834687614409,100.2448937960452,94.97648203563048,89.0418996953764,82.61528498898717,76.24229677886458,69.92266690182159,69.704822182724,66.94528378885397,65.48289576574336,65.17169955184686,65.61829565767988,63.330441980485475,61.37556100561315,60.1826974559517,60.22388814030019,61.77388978482591,68.71673704969535,72.0766150315569,75.2743750610448,78.48383601249549,84.18482979341127,84.2453527917935,84.14159615592791,83.4332072740309,82.59117077262572,73.58330115671009,71.19108901176467,70.5029167683045,71.80427586816744,72.82407999801448,73.43658314064265,69.47833892431866,66.99432694637414,66.42447198572175,67.69646005193832,68.78774092989173,69.36313110625223,94.87908352845918,91.36352965185466,89.20418959971732,89.2851052825981,88.5044965744505,89.37856936499463,91.67865210233703,96.11760851361797,98.57497817187283,99.30647412289444,99.41131159969711,98.07537173098919,94.7010763954915,91.6447530002194,91.38588750169336,90.85542796496934,91.92884221470518,95.38420062048417,96.00283876365862,96.17537618642953,0.039569352340077045,-10.495770884198807,1.2988414345680972,0.35075203,0.5114113,0.6513158,0.46442264,0.20904209,1.0,0.18684109,0.30671352,0.46813342,0.3880187,0.33257,0.16362777,0.3517703,1.0,0.2731118,0.3310483,0.9992804,0.81028605,0.02104486,0.12884022,0.1735292,0.068330556,0.0060041253,0.022806091,0.023449222,0.44140598,0.2644749,/content/data/frame134.jpg,0
247.95982530381943,46.06760501861572,46.8796929253472,56.68041515350342,0.9964951872825623,247.48408806725698,249.23448594352035,251.53280445016222,254.34187763264617,257.53944500747684,261.39607310203974,266.06688391452695,271.34858261284637,277.0291580515973,282.842420103495,288.34438814731203,292.7186314671104,295.69863358061855,297.2894580577537,298.1294187655248,298.4184517148261,298.2401564855316,250.8655787746148,253.28106074851627,256.7252197215107,260.61530426983,264.32505234990094,272.66809055424164,276.4023780968497,280.65354301863647,284.97528575362475,288.64049144564103,268.9075182593852,269.2779858995807,269.5734182444899,269.8624025446006,267.3297459546667,269.2679783556731,271.3412487473698,273.75016206702117,275.95052441495045,255.45339812210995,257.75762446483014,260.4732202547072,263.370881586147,261.07112894190846,258.4014194739753,276.6322252517384,278.62942452579983,281.46973454272097,284.94630299835006,282.2501081002574,279.48271511178376,264.572786190518,266.2905100541731,269.3824134141623,271.8802777246491,274.3329955862984,278.9894001572318,283.2514381731082,280.8238597806795,277.1965882950006,274.2875977833097,271.44910400283607,267.7143928068602,265.7438695056212,269.85795519776383,272.3612317307002,274.91836697168304,282.06106950804815,276.48776148037757,273.7880557323664,271.1008528263285,76.13407682599784,81.90631544795778,87.45012584975362,92.79939624670791,97.50096753697485,101.50392023443742,104.41979460659219,106.09196053033969,106.04155591482278,104.44586651863187,101.53173946323795,97.56750341326082,92.46011273765981,86.69564176979225,80.30543680477405,73.78131278044836,67.34218497317566,66.7822044111629,64.14059187782634,62.656722646132124,62.268271021827125,62.631658177746914,60.323065570174165,58.39938130419412,57.29280073462155,57.500297640548254,59.17662915123725,65.46949316709845,68.61066802187442,71.59067216243218,74.61022606786369,80.43277200695942,80.54168943641952,80.48047253830117,79.86478865309994,79.05993644451456,70.38099990396879,68.01373029143471,67.31382046803097,68.52784682904927,69.46316805851176,70.09148654391075,66.2101770933383,63.785742654849415,63.26641862679557,64.58590021654597,65.51203080309227,66.05334223822855,91.63269135875493,87.62035342161396,85.21653205057424,85.26656368896356,84.50425114342163,85.68867649903522,88.71148179203567,93.36151331900601,95.93630010796284,96.67781512454138,96.7510564809259,95.1907391003696,91.39808874548922,87.63473331152295,87.34107868911869,86.84753670501078,88.90096633515842,92.77623112380405,93.38867578373402,93.5423139816142,-0.36280333912968,-10.547032014509645,5.062833739708863,0.32055497,0.5394922,0.5921419,0.504302,0.19947392,0.0,0.32875288,0.14871848,0.47060665,0.28946668,0.21934052,0.39052105,0.29580355,1.0,0.16012305,0.33624047,0.9985815,0.5204931,0.0038238862,0.18283452,0.63658166,0.03525193,0.09826766,0.00853697,0.06669599,0.07660809,0.07805775,/content/data/frame135.jpg,0
246.9109157986111,46.61374568939209,45.267903645833314,54.37277126312256,0.9937293529510498,246.47680895107774,247.61445241995392,249.49244438001904,252.07776976738316,255.15144431164404,258.8511284912316,263.38251965888384,268.5255504455394,274.09796470912016,279.8674115361648,285.63474272345843,290.5937867436073,294.28241242754785,296.4596818534177,297.6209969587909,298.07574672298784,298.003118832639,249.8843102527571,252.20244570129347,255.551910804436,259.3778936214009,263.02091249034174,271.99825448095993,275.7273962217494,279.95620229196425,284.14463231090184,287.6876366440407,267.5925688715269,267.70736566228015,267.76829919834364,267.7953611086511,265.5022040152814,267.31756681624734,269.28077355646656,271.6650023297422,273.8865601848111,254.23315165553504,256.627943071391,259.33444717015425,262.2062161792454,259.86125119076024,257.20970511247697,275.51438163336513,277.5127978303594,280.37295998864755,283.87499713587295,281.05993621690874,278.3017525614708,262.3704368813506,263.95940095017664,267.18903975685276,269.6042953204472,271.9785836981281,276.84635964166614,281.2048458727207,278.8215310247051,275.0863068196315,272.16676285370016,269.34034009368355,265.47733358107627,263.48235724319926,267.6305084369512,270.061047942129,272.5557683348264,280.05586681383676,274.35366155167196,271.6747910526342,269.0060709575488,74.08918906205213,79.88328075876962,85.56625470003614,91.11943569819681,96.12298204494601,100.50199464843753,103.86271950523641,105.95430941023477,106.28143242864448,104.81229562854575,102.21861851992198,98.55628277112241,93.67188505498189,87.92051450286851,81.34179658063312,74.60268283073205,67.93289322859071,65.4283413335211,62.85831349939325,61.35490644656339,60.93568698524335,61.336406265873194,59.2857621570482,57.524970416718155,56.60749445977771,57.006884659736784,58.7708158305613,64.82555317788781,67.83724414429705,70.68437217275901,73.56530571323475,79.84088240478927,79.8537706954782,79.72340606295435,79.20300924177809,78.48302281093156,69.43644417603599,67.16473710297254,66.52349408363004,67.84252157654355,68.66361730898225,69.19285003735385,65.63264251958535,63.18725464571396,62.72933725545598,64.11958674943526,64.91895439494604,65.42958582749228,91.35690070407094,87.15920309409177,84.64643753881244,84.63950726301047,83.9220876009795,85.17407575928345,88.4572064169798,93.6083925281902,96.62747656659693,97.4441562899598,97.49793009664538,95.58523231095924,91.18595001191227,87.16591947249245,86.83394292759516,86.34622962933679,88.67386115022975,93.5348390454503,94.21181654246189,94.34484128084912,2.5926001714872204,-8.002722071361381,4.42413609291185,0.25365064,0.5480226,0.5741736,0.47316816,0.2430503,0.0,0.49601585,0.6264459,0.47508928,0.106031135,0.27475974,0.14665963,0.24430053,1.0,0.117326,0.33624047,0.99683493,0.51006156,0.0029697318,0.2253342,0.56467116,0.006144852,0.22294907,0.016282283,0.044158835,0.111246295,0.034547508,/content/data/frame136.jpg,0
245.0813530815972,46.61088752746582,45.97379557291666,56.64677810668945,0.9950680732727051,245.01067564946527,246.1574973099472,247.98659069636363,250.35017434714223,253.13571551953254,256.52801599682624,260.85339308019263,265.87874272461573,271.4708432284112,277.39081688360477,283.3927319841797,288.6076056604403,292.5658831236853,295.0465607109513,296.5647139852107,297.47091570959753,297.90453197869175,248.22190190130706,250.71713114507463,254.29631091140163,258.271842510582,262.06493446366704,271.73206805080406,275.82914437156643,280.3428401080124,284.7492875226998,288.3897136979343,266.81345216308995,266.8692561349668,266.8669993417965,266.8302302250621,263.9640441491477,265.84172442874313,267.86883318323913,270.28565810987976,272.57288354864994,252.75211132673707,255.28294279956745,258.1366618151852,260.9989521879878,258.56028053105166,255.79037281727506,274.88304562321446,277.019981602257,280.01415864380016,283.4979828211393,280.5818413926325,277.70680439269535,260.4933697424268,262.14360619255206,265.56771651397594,267.99168862760496,270.4521219292772,275.2518145409771,279.1935691989282,276.68137754114315,272.750428749234,269.7449839486123,266.89152829305925,263.17528278102577,261.70168800387785,265.8155079472192,268.2739518674792,270.8182450913123,277.9788431845168,272.2207468319005,269.4623621338807,266.75350938650297,75.23678816087022,81.12401603078033,86.81235032808726,92.35063826726481,97.42145398809943,101.94868238018097,105.54927230684997,108.02419243793092,108.73173963961953,107.65031028321854,105.42502713168086,102.05082556837641,97.33326483164319,91.65582553763088,85.0615083073755,78.19107223014151,71.33423971317592,65.71716659770087,63.06903252617789,61.744698078658345,61.58724117347583,62.18674997321159,60.82362461399893,59.13260989661498,58.36479578287508,58.97025652007451,61.042693593409695,65.76902624614621,68.69712827328667,71.45174692238038,74.24230003938783,80.53816143747926,80.65280409951774,80.61049631803671,80.19294096119984,79.64380686431349,69.62980983926222,67.36203658004483,66.84178092718321,68.43636534393045,69.12380804344428,69.51221349280507,67.08425248711823,64.71591620009399,64.4439807264518,66.14808849074784,66.73540371948502,67.07989691681637,92.65642766430909,88.06759732723258,85.52802027440538,85.67288856849217,85.07291787571975,86.82483764685038,90.82344161355076,96.10196739161819,99.07930559578962,99.74701654891268,99.58049600580898,97.29752889670135,92.52037180315864,88.18385256320607,87.97327390711398,87.66205118934894,90.93326681225071,95.89687877995311,96.4385901747064,96.35980905010219,3.446572822976406,-3.997652348809964,1.6519519705197263,0.3071371,0.46707776,0.6533056,0.4896315,0.2030495,0.0,0.4199899,0.21938509,0.47399756,0.27212423,0.30609822,0.121196896,0.30330047,1.0,0.15906814,0.33624047,0.99987054,0.48051122,0.004245968,0.19863173,0.72403765,0.004526711,0.054495398,0.012707697,0.011209586,0.14895597,0.04406696,/content/data/frame137.jpg,0
244.6157769097222,47.199917793273926,46.1057671440972,56.31129169464111,0.9918317198753357,244.95195278024036,246.00099880162097,247.7639682922396,250.14950904632434,253.00900607658969,256.3938064839255,260.53099084341085,265.2708576963741,270.5795804258154,276.3086175499276,282.22787879671523,287.46140844253785,291.5298863251412,294.27049277527226,295.9829932030442,296.9365183517964,297.39101984238863,248.51400812447557,250.90344668276362,254.5056762951736,258.5082006320993,262.31219774806476,272.5298720830996,276.55354585931406,280.97300535275355,285.1658545047908,288.5396069380323,267.21061289713964,267.1626994083225,267.06470552946223,266.93334419111085,263.7719198841281,265.6995879648584,267.8162779005763,270.32634700429537,272.6854942570167,252.78295357128374,255.53819667393344,258.2374950590587,261.18320797392795,258.64334397835245,255.97073714420156,275.0945205149089,277.35713191524536,280.22831631657453,283.85814975343044,280.59931961141456,277.8222101393307,259.65719597945025,261.3977170983538,265.16746267523877,267.6165343149874,270.04515330710547,274.77364191478387,278.12104515133393,275.9323983868951,272.03080412026776,268.9001836433518,265.8761299993098,262.070463402753,260.64193981110606,265.27221100271595,267.7848376943132,270.3221420881618,277.14671291757594,271.6428804684573,268.81740640544234,265.9840884016514,76.18087312877981,82.30891812807378,88.2699022927041,94.07155880176703,99.28547758872526,103.78373495499754,107.34905273416398,109.59960923604471,110.38557411564993,109.23549733153477,106.9517445473044,103.44546878499834,98.72953048256153,93.22867047415802,86.72664168391404,79.91306244082993,73.14003405563179,66.64973190650173,63.86667352529022,62.37104245264739,62.14345740846325,62.68210354024782,62.05908520236521,60.864770203352315,60.38673890428075,61.191611809546046,63.34510281682779,66.8958181789039,69.80002768544124,72.4849894815076,75.14995778745218,81.52457238284185,81.63830650332095,81.60376094232691,81.30701630529816,80.86784020348779,70.2225452306151,68.12441693857683,67.68389558581951,69.28367284517134,69.60837574402126,69.89620104505595,68.38529694369802,66.29906848376385,66.20272998855386,67.88064659220609,68.09527050600911,68.30980178277089,93.67605502336326,88.86974727333137,86.28371579578149,86.43093619282632,85.94427756582552,87.86552146912942,92.20507950063589,97.94014206012724,101.53487411374155,102.29212553825451,101.97080389141047,99.02536083227008,93.6448887005264,88.93291768007387,88.79724469160661,88.52217309453457,92.30087425669066,98.47484306226352,99.09639330442707,98.89804934370062,4.04691951646361,-3.007984706790308,1.105478737743324,0.3568042,0.5258858,0.6081454,0.5193433,0.24314208,0.0,0.5235225,0.07116217,0.49911395,0.24514504,0.23112069,0.04453788,0.25193062,1.0,0.11525444,0.33624047,0.9993026,0.66460603,0.0017343344,0.33495185,0.88499236,0.0002261138,0.044827204,0.0070547983,0.0063957614,0.043231893,0.013271834,/content/data/frame138.jpg,0
245.89572482638889,49.4839882850647,46.1233452690972,57.33183145523071,0.9788347482681274,244.21244366360807,245.3099559829024,247.04148554018764,249.40862237884022,252.38276724671772,255.80480098679502,259.83991690632644,264.52881437478015,269.676735119761,275.1743198329906,280.6515077035265,285.47695206913255,289.2860562911401,292.03875660736225,294.00132736107844,295.2975930520833,296.06840835462,248.26365582495362,250.658957242382,254.21190352861422,258.2122148236256,262.01392959840075,271.77991040549995,275.8151883023708,280.20115739087095,284.3757316989726,287.6848426293037,266.81056865208444,266.7633532828092,266.6584452758465,266.52164413578157,263.2048116021549,265.18542335093156,267.3754717996109,269.9662234812328,272.35455679754597,252.7565514861213,255.36335532711684,257.99190103782723,260.8280709425154,258.4545759807031,255.87312671919594,274.6282347616847,276.65888520627357,279.4233996165449,282.9091355586377,279.95613693494204,277.3063065816901,259.1862829823211,261.102796812291,264.8775987445654,267.3969266208762,269.9086333608488,274.5581457316645,277.92243967609477,275.571865532987,271.6564549679977,268.50815678054465,265.49803756571475,261.6876744312209,260.19014882043626,265.0472874355758,267.62661458890165,270.25060238030085,276.8848292423772,271.2434701621023,268.34436488482845,265.4767775273261,79.36371698680222,85.41263975796625,91.20962010487267,96.73880475171654,101.67254839668334,105.87057046242921,109.23362189714169,111.48983091277319,112.30374038898657,111.24849287838407,108.87069013948093,105.40619988335436,100.86524923619618,95.61913126693622,89.36625647160389,82.77530421365833,76.20217561408995,68.82345579230983,65.87874261707873,64.37902518634638,64.20764085913692,64.92942418578127,64.05794509264456,62.77044668143043,62.32740585251062,63.17447147500462,65.48684562050224,68.6256425042719,71.41519164004481,74.02643037958742,76.63609035265696,82.65250488689816,82.81972291089556,82.89689793692997,82.50026669128033,82.00687961463802,72.22989460018687,70.0653955138724,69.60727643996171,71.21079264043348,71.42080548758153,71.70908004418052,70.33439886776955,68.24990633541069,68.09182260315035,69.86624129950539,69.88479898177525,70.12458080349805,95.07840990094667,90.2153867925893,87.670284015846,87.82363349903318,87.3732134746113,89.26200047469109,93.65097947122041,99.37362657174396,102.77255496197051,103.45709990331102,103.13360040124786,100.33272105309806,94.98615252922923,90.16574381356844,90.03193002772599,89.78652000604399,93.74613193158717,99.79817532946811,100.36297595969114,100.14310094795155,7.9574949627247715,-3.331770904101529,-1.0605795691779794,0.29275766,0.5241211,0.45449352,0.49567023,0.28518274,1.0,0.54260385,0.7595872,0.49486196,0.4116294,0.3989401,0.11562005,0.26518163,1.0,0.1774982,0.33413762,0.9975107,0.18587495,0.0037931006,0.35867676,0.7628266,0.00046228626,0.013166453,0.016211182,0.0054029142,0.13987897,0.062051646,/content/data/frame139.jpg,0
245.60487196180554,49.60008716583252,46.53466796875,57.50581455230713,0.9799953103065491,244.21096491679572,245.5634351097121,247.47351189036266,249.8748102658794,252.87846512464643,256.4561616358328,260.7573321006446,265.63579976531946,270.8051011336271,276.2766254802,281.68435508153937,286.36559785685597,290.06220514075034,292.7370599905411,294.58400218434696,295.7287373961734,296.3438939598342,248.12983992089002,250.51869503057713,254.1082414876705,258.2284442346608,262.21450320836465,272.0138861051425,275.9826596232149,280.3227383016009,284.45652262491365,287.84151047048556,267.0318825715432,267.1129380935899,267.1421680972651,267.1283973166692,263.72475845418813,265.7645265379952,267.94001783945816,270.50965043440925,272.9105333831518,252.44890150066502,255.00823068898748,257.7309891816127,260.73217615855253,258.31501135945496,255.65263165230073,274.9247198152516,276.86892123186794,279.72322399558834,283.32168361921435,280.3156883858478,277.61047858958227,259.45334858764437,261.4167398420355,265.31106970478993,267.861835343172,270.39910166795914,275.0856997468408,278.3852412972818,276.18044389912063,272.2934518716658,269.1473878920593,266.0913049404413,262.09856623325845,260.4932810845417,265.4563127765943,268.0838830105757,270.71432421374936,277.31007156102817,271.86327950350034,268.9649867462099,266.04640183059513,81.9516913699603,87.94709767081441,93.64627588967517,99.0446357663439,103.74712700419283,107.58129813427253,110.44020761073702,112.23202143765924,112.86110919423463,111.87076055638236,109.67642697716862,106.3751003255393,101.91507436407787,96.79704529729885,90.64105392594786,84.17736293524331,77.75071073762888,70.69855538179308,67.53538692455584,65.74428261365892,65.25188671835662,65.64819974785269,65.04423091514198,63.85408667769478,63.48456456200131,64.32398371700566,66.55305478950565,69.54302935667715,72.07916251239199,74.43305493457615,76.79913252328217,83.25385687668117,83.27785702745084,83.23448400433753,82.88640161201799,82.482540977267,73.78583030313892,71.3781154348714,70.80923165547092,72.45779522516426,72.80729253639808,73.20239836036701,71.36785315960657,69.11259786091982,68.93257410789724,70.84899951454831,70.88921776205916,71.14594122570338,96.12604056788823,90.91623097595509,88.16942503149184,88.30623617371988,87.84412530157387,89.90246625269894,94.66930750919249,100.18659461111474,103.43929987761155,104.11501826131214,103.85090143502723,101.2297929382968,95.98832864879324,90.95220035358675,90.76554622472172,90.5422522769953,94.69365727655435,100.38797376821549,100.93548569099227,100.7972719692591,8.364489762332374,-3.302530468103023,-1.3703280581840653,0.28621826,0.46122625,0.6817371,0.40379357,0.26480547,1.0,0.551218,0.23121531,0.49177462,0.3315776,0.34608573,0.20635223,0.24636702,1.0,0.2019517,0.33413762,0.9999231,0.48029655,0.0025205573,0.22214751,0.87009,0.00028820743,0.026254768,0.008172698,0.020668237,0.044500697,0.030025404,/content/data/frame140.jpg,0
246.1228298611111,49.40017890930176,46.783284505208314,58.230886459350586,0.9802236557006836,244.92948226348284,246.036089837198,247.7486389575946,250.10573082208504,253.00875390712213,256.39199808740636,260.50509561561466,265.24214934621307,270.39091725089565,275.9312594839473,281.4792569825195,286.45205998766846,290.44698404002634,293.4503971025699,295.6577000359598,297.08483228586897,297.9027628372544,248.9779025857872,251.44982968058144,255.07877435584328,259.2418226998227,263.20989709539174,273.3954465327861,277.32554239807837,281.6840707376721,285.8016164832775,289.07457152809775,267.8246748275403,267.6621045601688,267.4455434293902,267.20306768377566,264.01879584956214,265.98261510792724,268.15016105708105,270.83979569823305,273.3560456558416,253.17013298519066,255.96810337794966,258.5995759106354,261.6434560894995,259.1540891086603,256.53863515660123,275.9716224753288,278.224548792022,280.97768298601704,284.6080739566826,281.412017261865,278.7465229465872,259.75953397938235,261.78406640722096,265.69090700862114,268.2962754190818,270.8688840412119,275.7914321857677,279.3822973295619,276.6525121119041,272.49013849752987,269.25018481089876,266.1408225403517,262.2539905872434,260.67065843373507,265.843012719616,268.52427988066427,271.2488775938575,278.4524158086849,272.10101110522896,269.0895929173696,266.1030522599531,82.06225922275166,87.99062928874764,93.71827562719773,99.17658406825171,103.97763090390436,107.89937594908315,110.74484397404876,112.32664757345151,112.86476525857029,111.81100838017937,109.72597311524419,106.64604488247369,102.45527431471601,97.53666625785468,91.51697862029346,85.11156639344017,78.69533766791619,70.76482411848065,67.72554417942467,65.93650696128532,65.43463724995593,65.87002110518972,65.1775631878836,64.07758733153787,63.78097078260396,64.7381351200163,67.1212550955263,69.20287506245995,71.60880048212528,73.83984598412212,76.08216196952401,82.98952929015672,83.00301138726763,82.90305977575463,82.61356329015439,82.19841715807843,73.83412327747078,71.57195899618318,70.95462305741921,72.33744598075612,72.56517138750189,72.97067763271866,71.3454331087355,69.42320135103535,69.35106359324698,71.21703039887075,70.96999814592243,71.10164538888864,95.55290290865992,90.34516072098631,87.54266714087407,87.66418510976746,87.22752260028187,89.31020464159405,94.05161704214197,99.48021239058266,102.72899378954821,103.3784168695363,103.09354353123081,100.48667155664998,95.36898078128252,90.08572302279708,89.92472087700799,89.68588325676455,94.06271259564937,99.89029805061978,100.39670760929266,100.22147366683134,12.211968187499785,-2.0367777233078,-0.3899836482313535,0.27547446,0.4227378,0.5976833,0.39591295,0.2781827,1.0,0.5414117,0.014392378,0.4845862,0.19800308,0.4757995,0.055357475,0.24826437,1.0,0.2114805,0.32716697,0.99928683,0.31196058,0.0032317073,0.38627636,0.67235845,0.000993857,0.032702394,0.007830289,0.12729026,0.08862001,0.07020477,/content/data/frame141.jpg,0
246.88243272569443,48.91804218292236,46.48885091145834,57.048766136169434,0.980591356754303,244.12060827666647,245.1961331818972,246.9053360070933,249.1927543138014,251.96775528172287,255.319009036761,259.48872471669125,264.33449272536586,269.65233158081696,275.4319503989172,281.252591978149,286.3788396250867,290.4408498997902,293.4369049346077,295.5129826754765,296.7091286167761,297.35857235892496,248.26351848849473,251.2354876722883,255.24711770369333,259.5957976528301,263.62990992008775,273.42779459445904,277.415055183862,281.6541568031826,285.61279306580013,288.80135128875133,268.16439704591767,268.04345059430193,267.8780946116,267.6928995017661,264.25484242474545,266.15747469925554,268.2722105829562,270.8826981802187,273.31089798522885,253.48897605265245,256.3657698599401,258.99789402067796,261.84469859208394,259.35342121677974,256.7428948552828,275.7885038271197,277.99601680534937,280.67872625178353,284.0963933414988,281.02886929974653,278.42834003028446,259.3937686641432,261.48748821211916,265.48432560764695,268.0132593763567,270.60609292517483,275.31675125511003,278.57877382295726,275.88543889584605,271.6897613799682,268.41132521917814,265.34847532800785,261.54171121518243,260.40324237425517,265.5740892930055,268.18052704788244,270.87874014786206,277.599572939705,271.4370634564476,268.39257965150136,265.4599612662021,77.13419141689609,83.25012465238544,89.19213908981159,94.94250315226134,100.1811711594651,104.51861968173411,107.75241372603149,109.75049374679992,110.43941580137204,109.31503265909961,106.89146824043706,103.54624538418568,99.14366070675254,94.09323998278762,87.98576755151632,81.44172823175228,74.91158078947095,66.77581263681165,63.98589559952961,62.68424157302802,62.71925383760146,63.57556189662543,63.09853330828884,61.97679837529422,61.53229297963668,62.23825497557103,64.27986111092542,66.8840770631032,69.30132087133228,71.5584847131864,73.83068499755007,79.87293966474266,80.04801934961563,80.11019310118085,79.85169278383435,79.44377878524716,70.29524808321868,68.32921996364766,67.88620189045815,69.31021828324329,69.50661013615623,69.73891195170287,68.61877655343383,66.87407997106837,66.84043465581397,68.4763118712688,68.4336038860514,68.54821748589652,92.29271066151902,87.22102265441713,84.72084378675618,84.94081653553414,84.62698945455483,86.81068079062149,91.6202205618956,97.40338732755677,100.57153924141971,101.09324871048342,100.6736197522097,97.69611034322827,92.18219586940819,87.06025717315975,86.99556170613431,86.8983899715557,91.61756419172633,97.70452422232043,98.0973772957237,97.77909436800886,8.73159517653763,-1.5360243309110195,0.32080777474704336,0.24539486,0.40897328,0.4146943,0.42062506,0.22430086,1.0,0.5647425,0.2067007,0.49179658,0.2856568,0.27150786,0.18615538,0.21048827,1.0,0.124570124,0.32716697,0.99947447,0.4212038,0.0040761787,0.3847616,0.78652346,0.0015618519,0.14762484,0.0027895593,0.026357286,0.023499312,0.011643578,/content/data/frame142.jpg,0
246.00035264756943,48.02141618728638,46.168674045138886,56.5855507850647,0.9886642098426819,245.76491600153875,246.4217363752119,247.77777172472008,249.75603707893072,252.18993993508874,255.34839901176883,259.4758740973072,264.4624826406748,270.2274625149628,276.5367514814617,282.9170141459973,288.41728956739723,292.69446265528984,295.6455697419029,297.67702186101565,298.93736757781073,299.60779704475766,250.10638674305017,252.93956623026088,256.6476960783532,260.7639843880377,264.628377993596,273.67575379340525,277.94546768162394,282.49130147182467,286.71830000824826,290.10002511358346,268.8354172011037,268.63771603123337,268.40702115775923,268.175561341942,264.78311287820424,266.7268495849824,268.9206576809367,271.5213604646915,273.9736158661134,254.3021379918544,257.0886347477365,259.7942155787782,262.5741192601791,259.99663996406883,257.3297332418084,276.7514250625272,279.1419670203095,281.9788265277608,285.38008397038647,282.19138336361226,279.46272070091544,260.0256652763105,262.13349830494366,266.09093965901144,268.73756124358033,271.4572712477429,276.31798606595765,279.91391931125,276.95688695696333,272.5935667909052,269.23255786220096,266.1080274186551,262.26575238402353,261.0669764312216,266.1817391246025,268.8777581763553,271.70986816084553,278.7771623742935,272.33855363135365,269.19771858342017,266.2060007482841,74.33592986654838,80.56770265195422,86.75944143107986,92.82368172505771,98.4752336012659,103.41005473854153,107.23730007269073,109.72668553260878,110.67200856540035,109.70932255561418,107.2336696320464,103.61128314254964,98.77006018848547,93.17649013242291,86.60831472688906,79.68221106179931,72.75210460317865,64.07542431489021,61.457218921808334,60.10862557088963,60.00727678139735,60.809330970099516,60.534963555072885,59.593853776139454,59.49291578901662,60.6248341621044,62.95088217153965,64.55693730697065,67.16873580201467,69.62928212613434,72.14946764547639,78.59345526870197,78.89577343410733,79.06536803201058,78.89504087027609,78.59105116419502,67.6278145326776,65.64659160377262,65.32378593497643,66.92415054694486,67.12934127134403,67.29042234428034,66.7563671220498,65.08824035569157,65.21199507540346,66.98777432278523,66.94788804346545,66.92171406392603,91.86491351520878,86.80425329151909,84.27242769715687,84.61710505072669,84.25655413170867,86.58817529250092,91.50308769228556,97.0136109126949,99.9594969642676,100.42499068759639,100.01420450739957,97.21147599878167,91.74673599416789,86.78344605032345,86.79237037765984,86.71917065693154,91.44518681841963,96.9625540467772,97.35309151510829,97.04324939300527,5.554685029673222,0.10427617270902816,2.7677995177191823,0.35739604,0.44220278,0.78305656,0.3166056,0.22575317,1.0,0.5279043,0.036452454,0.49675357,0.41375944,0.45200008,0.1550567,0.2717047,1.0,0.19733301,0.33624047,0.99698323,0.42061055,0.0068236673,0.33924115,0.92044663,0.0012692868,0.03968598,0.0039880546,0.010808335,0.012674887,0.011126814,/content/data/frame143.jpg,0
245.95448133680554,47.04075336456299,45.73101128472223,56.30875110626221,0.9850993752479553,245.23418731074355,245.71136032615365,246.90921297858125,248.90529609026567,251.57031835127705,254.94558898356803,259.1249400417121,264.01993835597034,269.6590645038199,275.8465490007093,282.0545335526589,287.3866623140714,291.6396021258564,294.81828669478193,297.1267378851279,298.5533806166894,299.3606598969102,249.47151747844222,252.59376749009516,256.6080769949416,260.9131952867527,264.8277633645724,273.62187013752487,277.81154573224,282.34082950824927,286.52944989384343,289.8086129251741,268.87300217645907,268.6604963502961,268.4184325861986,268.13826449578977,264.4989851730733,266.4755428885039,268.6720069902494,271.29312429542085,273.74708560153704,253.98701003371673,256.90659847452713,259.5167468406109,262.31627503754214,259.75166377804743,257.1701127873969,276.6492288579676,279.06753456733566,281.7853142637591,285.2930951979263,281.97253333241804,279.32440549301054,259.1933977403144,261.45684546990543,265.5834078793905,268.2083211181365,270.8918508208012,275.73582453828976,279.2647378474866,276.2722292206462,271.8977228740994,268.5249019782505,265.35931489047545,261.42205780279687,260.1765203710178,265.64608005164825,268.33502676296837,271.1292366253796,278.1944698451987,271.6698178415469,268.54266936388865,265.53569994182357,73.52503501553878,79.83006054521888,86.08515494864969,92.12384287693408,97.61745488149768,102.36262961064006,106.08677271728061,108.5885285525519,109.7439664299593,108.8806321858234,106.57192323447077,103.06202785454593,98.40563165461617,93.08423622262126,86.66008281895324,79.80639486279574,72.99861454467435,62.19458611599288,59.61621283525244,58.584146826532304,58.84890664864122,59.92724579244987,59.513396399966666,58.60594877605189,58.427394907483745,59.50459023682538,61.84170122909836,63.24393520158475,65.81235246344329,68.20937476594185,70.63435608263057,77.18153398175423,77.4997318894334,77.66140442582378,77.62986495015059,77.39740076979297,66.30150230375227,64.543491688078,64.25374213775007,65.66843523014387,65.79665924840555,65.90601435547723,65.7478356889817,64.3436020549359,64.51938700644041,66.15021673042679,65.93861910906071,65.8777975802804,90.28619619275185,85.25468926037752,82.8162499998806,83.16680496892593,82.95487306375435,85.30767928482294,90.2806623861403,96.075387576661,99.23622622339167,99.65885761392178,99.14482980895525,95.99321417324381,90.24054027444879,85.12400443000547,85.19455442302899,85.19967339552045,90.23804724221259,96.3613371658987,96.70334171905154,96.30835519648474,6.309119317358466,0.7073732980970295,2.6603667635727053,0.2480528,0.41872752,0.8154521,0.253821,0.29187995,1.0,0.551928,0.14554891,0.49499822,0.6280319,0.50759566,0.07612796,0.26223934,1.0,0.118316315,0.43829662,0.9968527,0.49924138,0.005341424,0.46727362,0.9475454,0.00409121,0.013875229,0.0014705837,0.020227553,0.0044937828,0.008296406,/content/data/frame144.jpg,0
245.15738932291666,45.53125762939453,45.668918185763886,55.840707778930664,0.9847391843795776,243.19861752006605,244.17194377314712,245.78628227758378,248.06409550680783,250.96845557786557,254.70255621212692,259.4090275257196,264.83727554494976,270.7989633737583,277.02332514619206,283.0130091889977,288.0283754586247,291.84129644884945,294.5283219046566,296.3595646666781,297.39195975603235,297.8270343814577,247.99953486737525,251.05228445831045,254.99656538607013,259.36122287698123,263.3973307476052,272.53251594416054,276.6718537380272,281.1491231489966,285.2973756371555,288.6589183361391,268.05714769559404,268.00015675793446,267.9138735407322,267.8240516052759,264.06219639635646,266.19006842168307,268.5437214555195,271.19343060811315,273.62845219457904,252.97508057154798,255.78334906496067,258.4017828978162,261.2713818518941,258.7288527267792,256.1542295040006,275.7394573946386,278.06129990755625,280.7638581797176,284.21285035519264,280.9533273857372,278.3601937907824,258.9652139437031,261.26486358079865,265.5342971989639,268.29315544009637,271.10531812120394,276.0227905032399,279.538251470118,276.8696824669652,272.6380943621361,269.1646626640919,265.83034532964376,261.551228164744,259.9140158008934,265.64258956620984,268.4820375224328,271.39321242195655,278.46085554716575,272.30332602365326,269.0617922043288,265.9000253281306,73.52913977859517,79.88181803110383,86.04595369456229,91.90970569837391,97.11350272396854,101.4464555359854,104.57019716710771,106.46340344492224,107.2108358579013,106.19619826443568,103.8556756326986,100.2855642348165,95.49556559069794,90.07978895718799,83.6299836725113,76.8540691251697,70.20988596095849,61.72065064605397,59.00212420732434,57.65959600995082,57.633071599200434,58.47281423372185,57.76041952489996,56.779769203423555,56.58209923752237,57.64708268682464,59.880517153972164,61.27550704916323,63.685090603394634,65.94369150814767,68.2383605790325,74.75383584737997,75.00744532026312,75.1181201315706,74.97735822702676,74.66126201928597,65.00110038107577,63.10753863382038,62.6927756920076,63.90889655978638,64.09771473750422,64.33039744482093,63.66782237724206,62.340834984300045,62.49674228344793,64.04609378482492,63.820943834423616,63.770301421216345,88.0459965125307,82.7255216355205,80.15188693731062,80.47289581260493,80.19165957430087,82.52235287689223,87.68833035040203,93.22869702591579,96.30363949267308,96.78705396801737,96.38128360425077,93.46498834716309,87.9365758293629,82.50666429303024,82.5193653359735,82.48424175998511,87.58470102329325,93.51372760094819,93.92009707051403,93.60017057969694,13.766652327129064,-0.7349540682601287,1.0754916495949787,0.24565136,0.4246186,0.75178295,0.33156216,0.50245,1.0,0.6047925,0.24861994,0.49981934,0.64567924,0.5930082,0.1345703,0.23563874,1.0,0.22307083,0.43829662,0.998259,0.45609993,0.0031604536,0.6179249,0.75398505,0.002266775,0.093764395,0.0070137847,0.05595305,0.046129413,0.04088755,/content/data/frame145.jpg,0
245.45334201388889,45.233699798583984,46.58951822916666,59.3311243057251,0.9870229959487915,243.68827160267506,244.81925920668516,246.53223213301754,248.8867304512612,251.7884890153368,255.39945986998498,259.97948007590395,265.27092565814166,271.0915469897446,277.2624448391504,283.232696653722,288.2350045989727,292.1262331636205,294.96973219238123,297.02889496044065,298.2393658679117,298.83137797517526,248.53090530524508,251.42298612810458,255.1580956036362,259.3505287454807,263.24680942629504,273.2337121434415,277.2154841356654,281.59758912300634,285.7082844996398,289.10672273618405,268.21886196439806,268.0754739534,267.8803319880054,267.6701991781267,264.1285638967562,266.29168864872827,268.6876054077828,271.4220967020035,273.9586664121071,252.99689112261368,255.8955135977795,258.5103603416924,261.54421232862893,258.97305864481746,256.3856813237907,276.37854306018005,278.7685271368316,281.46325078670395,285.1459315606988,281.73907808151847,279.1168069972164,259.48318445762516,261.4773550718916,265.6360062979496,268.4631883282556,271.29857129471606,276.45662276227847,280.35357606838676,277.55321841967566,273.23397949608193,269.735377380597,266.3645061718712,262.1113160815543,260.4472983942788,265.768006359571,268.6841255797639,271.63929738208407,279.2368228706359,272.9476533055127,269.66496178752567,266.43125733629086,75.66612880301983,81.91024732637572,87.93329492190313,93.70618956348753,98.8730636681858,103.21946222509814,106.31229093141687,108.21159379523976,108.92547626963534,107.85953280465391,105.5324614723694,102.03870989764748,97.33610426237549,91.93911592069216,85.4612845089365,78.6721485313438,71.99158318794245,62.61560247275767,59.9470624068816,58.63439489166367,58.47294360266235,59.14346402498761,58.014711786110425,56.99596242771287,56.782225661803594,57.76738725335601,59.992881557028724,62.37179808310293,64.72711967773155,66.8978724673427,69.1163073881989,75.89530942760956,76.09431739705934,76.15657236905696,75.97167892154748,75.64275029990226,67.05004067854955,65.37135678928195,64.83243964331007,65.59235981802713,65.91127120303975,66.20654946337241,64.89767156574098,63.765764141336845,63.838133954899305,65.17498839669533,64.87616877479947,64.87864284764709,89.27524391679273,83.69685044300428,80.85608859603897,81.09343832908783,80.81750918564835,83.2579974491945,88.78187220278843,94.32364260852376,97.35555734973997,97.84348016230972,97.48046620084958,94.66150844700789,89.12014119207964,83.30795419973,83.28888728840177,83.2532190512075,88.6818016850873,94.4404332754867,94.81524045897692,94.5588662515269,14.262934923124451,-0.8306472849104727,2.76753770275049,0.3129964,0.4361018,0.58231896,0.31245714,0.5626842,1.0,0.69934386,0.6450952,0.49214062,0.6121915,0.43295863,0.11928951,0.2525927,1.0,0.28851223,0.43829662,0.9998036,0.6986073,0.0090241255,0.78552574,0.5387777,0.0033797857,0.21448097,0.009124678,0.16568613,0.03469792,0.033852946,/content/data/frame146.jpg,0
246.39298502604166,46.88948106765747,47.82836914062497,61.179423809051514,0.9946940541267395,243.9679372553463,245.1441008200252,246.87524581547999,249.0803055347698,251.9338868758802,255.71094691192727,260.58439469426185,266.1644070422947,272.1620130843333,278.3979018369994,284.3413146273688,289.36086255021,293.24239375898605,295.9518769308151,297.94470253884543,299.3252706475385,300.1349422012019,248.90949253635196,252.16898721804097,256.27926606575113,260.73982205152595,264.8493416817332,274.85296434766224,279.0297677146102,283.51379380457394,287.6823617401648,291.19591094622666,269.828729843002,269.77752532651715,269.67349721299377,269.5682197819079,265.8878483921985,268.028695157933,270.38893609048375,273.00638547256705,275.4029791394423,253.78180805627233,256.9180195995554,259.7819039816489,262.9058039488836,260.17612165317354,257.32983055044826,277.8168488334151,280.34841693185683,283.2351544171715,286.99073866244146,283.59647631014855,280.75427666774146,260.79226056994634,263.0990674683308,267.3500422282129,270.0796479457887,272.7962025613334,277.79594081480514,281.5015829888328,278.97490713919933,274.84099627924485,271.40437965484523,268.0612386770628,263.65935248189356,261.80807827319256,267.49196339053356,270.307542285512,273.15047051416826,280.3918039148033,274.4905528572315,271.3003252859615,268.1075006219654,76.40575161218183,82.9880317095836,89.31095698174579,95.44149610108514,101.09274799348182,105.92591348922913,109.51930524605648,111.92922788419293,112.86670178015916,111.6970736122559,108.90059767986467,104.89738162774282,99.74545417811444,93.94657277047189,87.32511092367002,80.50040633254858,73.70781642300491,66.36159942168905,63.62212606452235,62.395112430723074,62.48559715420927,63.431369931986694,62.593441046767424,61.48238202392178,61.129328381502205,61.98568196583351,64.02820240712968,66.65017427502994,69.14267658524636,71.48614471843925,73.88683422152607,80.57023246334795,80.74339094062199,80.8329961095371,80.595883950391,80.25572387784047,70.74717447425289,69.27316353814301,68.77031868914368,69.51908437068006,70.01205501624837,70.27554506074001,69.13147867406535,68.04311522227886,68.13813118336878,69.31438882975553,69.32346662058984,69.33774953660972,93.31261959171476,88.33605169373482,85.66822702696376,85.9240373785587,85.56847416128085,87.83449554533837,92.8178154468167,99.1090855062069,102.62168514340343,103.20283004074884,102.75213052531288,99.43786825594748,93.33127840112307,88.11814970656397,88.10618601403996,87.98713545851402,92.90091803815659,99.49996218312947,99.98313957929444,99.63182973039017,5.917784404522208,-1.2773365726769077,1.4388357903189835,0.3067063,0.44301736,0.60469234,0.28279674,0.53510684,1.0,0.6794507,0.7928095,0.496637,0.63995725,0.48865315,0.07387074,0.24682476,1.0,0.11601525,0.32411072,0.99990225,0.53373575,0.0037568482,0.67522067,0.43638605,0.0051607583,0.33259162,0.0015004211,0.19484565,0.014116717,0.015398807,/content/data/frame147.jpg,0
248.29014756944443,50.457295417785645,47.882785373263886,60.66994571685791,0.9938898086547852,245.62675030185608,246.75317783334475,248.4852280591448,250.76592613535192,253.6958659993023,257.4644018382219,262.2028368111687,267.6551616529567,273.5839388709879,279.8703477418255,285.95797062504687,291.11233345804413,295.08007295690004,297.817495172624,299.7700188856498,301.04570514650504,301.76262178358735,250.18848710130538,253.34267577630933,257.5437812762902,261.97003602375474,265.99835428196195,276.07778326857806,280.25685845218806,284.84132530475216,289.1345150753723,292.59188286614614,270.964831832464,270.96896733086385,270.91551395280584,270.8547594456212,266.90912945814745,269.1325131282785,271.59733309664796,274.3256771773746,276.8130731482888,255.01033503358252,258.21335231495544,261.0292817387599,264.1330058337362,261.3766744529783,258.563290118168,279.0575422189706,281.732476316166,284.5957166227662,288.34318984326154,284.84063099232407,281.9729644439948,261.85280570972355,264.3215463735854,268.5822813776448,271.31589572364595,274.0661258339419,279.01982369631435,282.73896029083807,280.003933452991,275.7909367678159,272.32738308725294,268.98836084984794,264.6813065279293,262.8821130357429,268.6461168962291,271.47537711865306,274.3392466458912,281.6401284237767,275.4407559552534,272.269401490328,269.10251232220577,79.27420660179149,85.91259064887296,92.2565797172631,98.4017133667941,103.99410923177122,108.88039369682826,112.68117709344332,115.26585925389172,116.31718713251338,115.17091202934971,112.33849919455697,108.2508953338958,103.01535002024352,97.10461624643744,90.33270941025425,83.39800800694613,76.48453086667433,68.9432781261823,66.20064422779494,65.23543929669947,65.61219274772093,66.72442267491823,66.01100580641878,64.84876368713525,64.42937511357607,65.26388874844066,67.43808689222018,70.33484513128664,73.08642698109108,75.6786706378267,78.32275122649864,84.83575980687684,85.07566644804709,85.17066140656851,84.89859074216676,84.51864996315507,74.11723358800987,72.7452743998202,72.30456609526581,73.0221575172392,73.46576023672819,73.7064675069171,72.68662018773053,71.68937273807845,71.84708146666759,72.96639338063146,72.98108893711736,72.93105938722043,97.22456305784355,92.70572174809249,90.26851588682419,90.60261034831822,90.21754901514933,92.28453881085196,96.72297006252424,102.89096828820294,106.46504999813959,107.05582742484773,106.56973929393831,103.21579801823458,97.27552992951841,92.92947694640418,92.96686133120443,92.81222927456228,96.79852427305903,103.00518702207728,103.47177365266256,103.12013044454844,5.883873972808315,-1.001057629165746,1.446348034227016,0.31813446,0.43101478,0.47077727,0.2552091,0.4912879,1.0,0.5593841,0.83394593,0.5050467,0.646051,0.53642106,0.14122796,0.24130969,1.0,0.12339729,0.32716697,0.99730444,0.5298432,0.009309415,0.7685255,0.27030408,0.0033687942,0.44168597,0.00091709173,0.23607805,0.031480636,0.016165372,/content/data/frame148.jpg,0
251.2314995659722,56.605605125427246,49.719021267361114,60.39012050628662,0.99611496925354,249.07694047908493,250.01207181324844,251.54237959161517,253.5818411262198,256.2555959357084,259.86815144195583,264.68561202328857,270.27726923729296,276.36130135055873,282.82222602798595,288.8495180034622,293.81382651905426,297.6591802969396,300.3972288614497,302.5659020648908,304.1571743914276,305.11982594505605,254.26773224793422,257.44950696118127,261.32694012535836,265.39808604641826,269.0553196597931,279.6382127659867,283.58300432645825,287.93478197575485,291.9475182962317,295.29957929427707,274.2537589936513,274.2284946006906,274.1578372336108,274.07372481710837,270.0518636838209,272.3060315239298,274.8205988446044,277.58754660916634,280.1056753064858,258.4625350405409,261.7040616197347,264.54977649625323,267.5322793358897,264.7534509570624,261.900583091188,282.26308341557893,285.0627271662095,287.85297181971544,291.46220351840884,288.00379363695026,285.14398875362076,265.0479934354324,267.6652229991728,271.82203849414014,274.6377073598133,277.53875855676586,282.7073635322415,287.0624973848772,283.9742633414638,279.5921718761649,276.05277469160916,272.6695921426522,268.27461363403,266.2298564684167,271.9719402710774,274.8810709768405,277.87931600832945,285.89430105377824,279.19964726582043,275.94476498427844,272.73587823845907,83.04587782577238,89.50420220151348,95.73635648325356,101.91219393212975,107.70747161396815,112.93036328643979,117.08507953453095,120.06186775767117,121.31026741386727,120.42562059138537,117.65855836171598,113.50964743831946,108.07794549323657,102.0471331757766,95.32230811327099,88.5047922303615,81.64199783844023,74.07157583284418,71.91957566014817,71.22290214128415,71.5904819970813,72.57546936469495,71.34875760678153,70.17176905959924,69.84868805425184,70.70324135207025,72.69427982678683,76.36977386437799,79.34819483508858,82.17683713284539,85.07297280933471,91.2679367297496,91.59490090987416,91.77378179646655,91.43858908691988,90.9098682764656,80.36846337242399,79.41800559231714,78.99573085263145,79.24012897506366,80.09015118240238,80.33948642248785,78.81344192944375,78.1931360747179,78.39307638136152,79.09281022206048,79.46281976174211,79.37970945485962,102.9552906993843,98.84205833400708,96.60952223948664,96.96409194797698,96.57294523835984,98.49256396518656,102.68365852025576,108.43697286176032,111.51801072143755,112.00211605661565,111.56973167225149,108.56065996937323,103.02629794094352,99.31374096544866,99.37895584062728,99.20628630590313,102.76774933956808,107.96508289729394,108.33532352690946,108.01556848883504,4.5363320833759655,-2.1178860597041305,5.3402217508529395,0.29685393,0.45535514,0.38205767,0.26951596,0.6760228,0.0,0.53232,0.12875105,0.49799547,0.64253247,0.53046346,0.2791053,0.25607008,1.0,0.13719644,0.32716697,0.9987458,0.48318848,0.00930416,0.80872023,0.015554181,0.0011334529,0.76180995,0.00062671193,0.19269633,0.025608815,0.0025705274,/content/data/frame149.jpg,0
251.90253363715277,60.53166389465332,51.58048502604163,60.75109004974365,0.9968377351760864,252.6780812604369,253.80607836304395,255.47841553307225,257.5427719740691,260.0700883448055,263.436002298979,267.97845964848,273.44839680456886,279.6470639043365,286.25757659449005,292.24636997452797,296.9969129706799,300.6149734731298,303.2287626222486,305.31910912910814,306.7965658872034,307.6760936149069,257.46623897009187,260.788252797133,264.6909949564314,268.8189561090384,272.5738378777538,282.414544778356,286.4182381109299,290.7780643267703,294.79212109626496,298.28097973984586,277.4571892957283,277.3561468720648,277.21128036325894,277.0458216835652,273.04200233855073,275.3431546226744,277.96872593498426,280.85229033828625,283.45014108630426,261.75999990503345,264.9193338439577,267.62344784140873,270.8210917348873,268.0586578763745,265.3383534529416,285.4173604029804,288.28127121081377,291.03882317356954,294.8201610369148,291.2823878401191,288.4632462107322,268.12508815882524,270.90064034692455,274.9309114413123,277.7469744564189,280.57087414175055,285.71129093843933,290.1985374579548,286.9738704138639,282.6354489318901,279.146238322527,275.7803938924586,271.37378012649475,269.2100400635302,275.1638215387508,278.0322709670721,280.98468161547805,289.03237488057437,282.2250090320048,279.0386106625308,275.8688220362978,85.78814158655723,92.070491809989,98.17549473174995,104.19275823283817,109.91047712697832,115.22268364218417,119.4499317348002,122.4543290328163,123.69672913672719,122.89105338969694,120.2183034541722,116.03612870796258,110.58652952525222,104.54060036656801,97.89586878092132,91.14363120246242,84.44590921293775,76.36829885635314,74.36029278887742,73.54286964070866,73.71641267025194,74.67115027130694,73.8671995911352,72.89942622036853,72.7609428934648,73.56470238234743,75.24173460210022,78.76346945689397,81.99934509030862,85.09808659898471,88.29014683777012,93.98370827800625,94.5785174141804,94.95622449631969,94.66176818481574,94.05262404721532,82.57330351282894,82.2244880416273,81.79334951206812,81.40875519826449,82.28558452163765,82.54253257842453,81.58048625581785,81.63794575607864,81.85607546329243,82.08919630567465,82.31233174845772,82.22243056264114,104.80568708891155,101.42552938369977,99.69680381915532,100.1871703683995,99.89816735389161,101.61237107097725,105.2528009542524,110.71330673095486,113.53376062782604,113.87858715349591,113.32444092830906,110.22738103392578,104.95609814510146,102.02554848250202,102.24222904664953,102.16107268968119,105.41530485947817,110.10614837560718,110.34201759277028,109.92164443636466,2.635680919147678,-2.020986363305987,4.459377199469219,0.31531173,0.425314,0.4826002,0.25116244,0.63948774,1.0,0.5585148,0.017430084,0.4918657,0.62447095,0.6167103,0.14895873,0.267127,1.0,0.16450302,0.32716697,0.99764615,0.6083439,0.001962263,0.87873065,0.049405698,0.0039037114,0.26767993,0.025672985,0.48753047,0.15662117,0.009185993,/content/data/frame150.jpg,0
257.45871310763886,60.53275394439697,51.11357964409723,59.845773696899414,0.9979028701782227,256.95754653795774,258.0580441388066,259.7351367703539,261.9210025331413,264.72090863442395,268.5792644175864,273.60460311390085,279.4880757090853,286.09508391715383,292.9269897685525,299.12218787623607,304.0432214084118,307.65922365579064,309.92476991736334,311.5632609701601,312.6861654005906,313.2503442964073,262.9971713584273,266.3482425553718,270.41084255344674,274.6583025072445,278.49978026589895,288.3737756043578,292.5280725441042,297.1091228212524,301.41898181189157,305.05950706267043,283.36657126026955,283.3745608196772,283.327188489667,283.28076429113753,278.93355576896283,281.31342357239396,284.02615829411803,286.92810410316844,289.5373619381421,267.13184433079937,270.5237087241835,273.3643192014623,276.57708091606077,273.67094235402897,270.8246987344087,291.45742877845134,294.5351662969857,297.42781913337393,301.14722977945036,297.5699532454177,294.63184574449724,273.5855955390016,276.7717389438351,281.0339195484782,283.94035132498595,286.8767038195539,292.08120084119696,296.7089942143704,293.3222814067066,288.82036051354396,285.21741380122717,281.718162281329,277.1316158379448,274.71638893701214,281.1588224944918,284.1516369678253,287.228133140403,295.5123581146144,288.4102626144786,285.12205274873173,281.8339841395937,86.55671143923334,93.0859407621071,99.44927703937591,105.77247931771316,111.6226560179862,116.94219156579032,121.1825351828535,124.16685499739013,125.26064772488402,124.2925476962624,121.40468046256245,117.0374156421802,111.36789758364206,104.94602970426253,98.02502517669481,91.10859650715375,84.26240447599454,77.53745984103159,75.46110754477202,74.74020016091353,75.07465728618203,76.16915629672025,75.70493785419379,74.47110846127264,74.10490926379029,74.91699350816944,76.81723733770096,80.34141208805765,83.88948916883605,87.26086921368278,90.67638980854895,96.1651507737763,96.79961125325954,97.15541524848021,96.75802616370962,96.02866264558392,83.66477558714769,83.21823776349778,82.83690484660178,82.6932104911055,83.53735356494262,83.76896089719405,82.73639434863762,82.6174263204481,82.81779453962332,83.12852911560869,83.49199307148297,83.39615046236638,106.15120968860337,103.07503883427648,101.54379151113321,102.06325626948842,101.6754341095911,103.16824679361252,106.30519651428212,111.60515732049984,114.39163227255602,114.79831004948551,114.29502131309727,111.28854561348493,106.28945282314834,104.1308549365015,104.36173672344376,104.19180502297617,106.49412080788743,110.82422229862763,111.10910691519024,110.73594547909205,-0.7247710323853227,-0.9167439327590018,3.535059016704083,0.3134478,0.489799,0.38696605,0.25297067,0.71573734,1.0,0.50133926,0.065611824,0.47916186,0.51049846,0.601434,0.35508016,0.31545147,1.0,0.1712634,0.32716697,0.99828655,0.43682843,0.011379601,0.5840315,0.028284153,0.046849042,0.10409014,0.28079844,0.14752094,0.3818106,0.010646679,/content/data/frame151.jpg,0
260.50249565972223,58.30685520172119,53.38075086805554,62.12277603149414,0.998801589012146,260.4522015305933,261.76643513087356,263.5326991411943,265.7297342711997,268.5723950983518,272.4885101224089,277.5598895093673,283.430164101579,289.9026682452043,296.5621603889134,302.62251778646197,307.43763041367856,311.0264892219649,313.3566665175143,315.11179656048023,316.4294682161295,317.24554592233505,266.92059555956104,270.40184934442834,274.4892184053233,278.71427630724713,282.557831144971,291.8600870231982,296.06641835406873,300.6867870837585,305.0542971163468,308.79616327407496,287.23415519777734,287.3094747151402,287.33301123118474,287.34962053776854,282.92701053024905,285.4058584488558,288.17191895805047,291.10851812196427,293.76424315859714,270.7155755070831,274.133293584395,277.08005250740564,280.3841581288477,277.44539060174156,274.47322894846354,295.4215613594471,298.3834032924092,301.3198158349007,305.1746323867863,301.5670136821926,298.5841590657541,277.8534605584147,281.01167266129795,285.2200057290909,288.18027248838155,291.14381178761306,296.2406116783077,300.5676781826654,297.40538262532783,293.0485722209508,289.4547590582394,285.92711429814784,281.4211933773611,279.04642244861867,285.3059893277274,288.3422465528277,291.42672542043755,299.4577428302282,292.6631012298435,289.37811986081897,286.0771379265167,85.11749323863364,91.65956273910115,98.05445680957337,104.333245695178,109.99300243631214,115.06494613090462,119.11799906693422,121.9310637360264,123.0147610051631,122.24104636181737,119.59127988059616,115.37919883257226,109.72932414008508,103.31830509005357,96.43523159570658,89.57700541072737,82.74537944347526,76.78566875631464,74.81858787635001,74.24106122487028,74.59648172362168,75.56213872147632,74.82632377864064,73.80569788518719,73.52896053276704,74.34131691894481,76.129207908257,79.59944880752559,83.13390747121434,86.49516590323273,89.88996064917336,95.21545620615007,95.79945240026917,96.14492419986563,95.73385941370142,95.04349345224418,82.8026588900167,82.13299013296486,81.74548852304838,81.85759912080552,82.79150603835127,83.03321188378726,81.9513075133147,81.5507490688887,81.68499874370681,82.13308344367601,82.65486805366459,82.62453096412446,105.48324244626683,101.95634195018083,100.16199919169803,100.65147163542724,100.2818545784802,101.92225243704252,105.31396792951536,110.3801930105248,113.03203898759438,113.42943153289224,112.95072981124949,110.206746171975,105.56987921988139,102.9966408519007,103.20204438733407,103.04973020317502,105.43263693725584,109.31194532913341,109.58091567569252,109.22203379389438,-2.1561156876923864,-1.4516800587452392,2.4016314814714286,0.2537089,0.47181684,0.4600484,0.33574468,0.6592419,1.0,0.5716925,0.5301242,0.48172054,0.45823804,0.6237732,0.11433219,0.26898444,1.0,0.14256,0.33624047,0.99983454,0.63528883,0.007776212,0.46485212,0.0046918234,0.006956578,0.010304996,0.3665768,0.030594535,0.5717018,0.00917341,/content/data/frame152.jpg,0
267.32655164930554,58.480374813079834,51.61341688368054,59.22358274459839,0.9987518787384033,267.1517101461693,268.5032485404172,270.34152565802634,272.5457805310666,275.3139815948497,279.14124002818795,284.03818183892315,289.6564933946858,296.02592624663237,302.6241031382247,308.74192601856237,313.72865621885967,317.5630501954347,320.0854107206088,321.88398698033706,323.12510554344703,323.78621394203,273.20747455675104,276.69421677607124,280.7436661559195,284.90845336375816,288.6721611960819,298.63758166728303,302.5666841482729,306.9787246009653,311.32102777357085,315.18141808665155,293.72692156817016,293.8122727469632,293.8333341426135,293.8582545349327,289.51892715284293,291.8820797084232,294.5357181323503,297.4061466018514,299.98759933726734,277.2184896429379,280.7409148734427,283.7279667971569,286.93102298830877,283.92800134182676,280.93392401089494,302.0137843884446,305.153647920644,308.17220509981865,311.9043843786779,308.3342829599099,305.3008997781656,283.27467871259324,287.13970744647787,291.5504262669412,294.52254840606776,297.5613197807459,302.71075900524386,307.44071131303656,303.627217764084,298.92369386487184,295.2375006099829,291.67032203172147,287.0715184246594,284.3679142540722,291.5375996567181,294.6167528263952,297.8081430715252,306.37423882419614,298.67170265319686,295.2736675842513,291.92841096645327,84.20273511404068,90.6958994294323,97.04148783324615,103.31641550881312,109.02027521740291,114.11760316086895,118.17929670083942,121.01919631304924,122.03382438890401,121.15828116115534,118.39847585082742,114.21766597021178,108.71788406899265,102.3793104823946,95.42888047774994,88.50761322015975,81.61158617294419,75.70101598252745,73.90583064138693,73.40514594460853,73.83715659748438,74.86959705642639,74.09105400948974,72.75058428516027,72.0613149536965,72.4009998525705,73.88327605547778,78.8371497160804,82.73823528821438,86.45388145620811,90.15220026319867,95.4261736732808,96.03189212626359,96.34342032825748,95.93602719364833,95.21794458519065,81.85728480552854,80.97502328061546,80.68638642658908,81.20700362482216,81.94259574231458,82.1092188311936,80.98066775159376,80.07154574602524,80.09634753032387,80.79678931372405,81.44525960411656,81.47007409641739,104.1426008560071,101.73426499859568,100.49054976703565,101.01959237072901,100.61189848006774,101.79110365644692,104.17372275340114,109.22256543246374,111.89061896688929,112.29241210852786,111.79346205405011,109.0042377186233,104.35438394871323,102.88856249065788,103.20679204581324,102.97390519744943,104.355853840968,108.44484840567026,108.72905440292868,108.34916138508584,-2.3327399108284452,-1.8099811488367188,1.2090699608002748,0.27141032,0.5082214,0.45303166,0.42805764,0.71454656,1.0,0.47925252,0.29534876,0.47077277,0.6610715,0.52447975,0.07610867,0.28667325,1.0,0.22490859,0.33413762,0.9999143,0.47962293,0.010292206,0.5813814,0.008491418,0.0123276,0.08970696,0.20204599,0.5980773,0.08480103,0.0045496714,/content/data/frame153.jpg,0
270.89149305555554,58.02701282501221,52.00379774305554,59.88632869720459,0.9980522394180298,271.8419027437962,273.21857059093253,275.1123930805621,277.5463774465201,280.6476594034852,284.8073265885746,289.8475288543798,295.45258574983023,301.7800194577128,308.35085117385074,314.4552416093747,319.3650977491895,323.1467866551606,325.6511901831858,327.35692733150415,328.5105465520268,329.1037551745737,277.6681653312812,281.1691831180774,285.3816496828031,289.73985692756224,293.6744419399801,303.44897501572274,307.6754997124377,312.39955463613427,317.02555387503526,320.93230961154376,298.66088320194694,298.7632908252255,298.8150300623671,298.8868070635081,294.56325898236605,297.0048678074774,299.7219680454541,302.72539242505934,305.43315912567937,281.9500626625967,285.51531330520595,288.60232831423576,291.8537724950326,288.7902176898131,285.71318087044483,306.8997238438067,310.0946934843193,313.27555787539836,317.1579453264446,313.44028046034066,310.2609366776882,288.74562959568067,292.5066896278978,296.80906912637954,299.7929654670637,302.8107949343838,307.9098575965117,312.51081177211546,308.79375514938215,304.15746717402834,300.46439761379963,296.85927062147846,292.35662270980544,289.84815637306855,296.8914282771487,299.9849990360291,303.1409254489114,311.3951520780063,303.85087824798734,300.47690943693823,297.1027136054761,84.31314109440858,91.06761733274138,97.66723352388487,104.10481282440576,109.82357696293604,114.85435359819816,118.88240676970763,121.68245512650603,122.6263374692541,121.55894317162742,118.42364991590308,113.88651417677363,108.17097544146941,101.68453106790344,94.63750047679686,87.55875342063399,80.51306781838929,76.37229258672426,74.29809059961312,73.6089444355579,73.89228946969152,74.79582000488162,74.0625783381561,72.72567440137615,72.01685884606717,72.48304098073808,74.19223911950353,79.14126913077116,83.45894466500361,87.54478309842708,91.59276266543142,96.48166439278685,97.17438505749567,97.52068542219381,97.06834939101327,96.20540625060215,82.1839659001217,81.01418539623654,80.71820432024784,81.49476619351626,82.37327094072722,82.58495248392632,81.05622486497788,79.78639475172642,79.77663929907388,80.5910172047212,81.53568341040469,81.62423422168284,104.87223605520032,102.56182361177711,101.39780000289306,101.88858386854525,101.49396670651642,102.54118188781109,104.74933234369236,109.88946856695537,112.76723928967272,113.19799553140714,112.67912538560446,109.72430050799511,105.06421822331751,103.69509666321107,104.01944029890946,103.7490632704424,104.92013307893718,109.27581525702738,109.61425985875525,109.21466538125671,-4.0150022910384235,-2.046745111364629,1.259246742768325,0.2444085,0.5055487,0.35077065,0.43448335,0.65237373,1.0,0.52381146,0.54121774,0.46956608,0.6205434,0.50164336,0.13339584,0.30583802,1.0,0.19675472,0.33624047,0.99979657,0.6143654,0.015302237,0.69767636,0.007138226,0.013148071,0.06003473,0.13455038,0.74056154,0.037042856,0.007524131,/content/data/frame154.jpg,0
278.83360460069446,56.48139953613281,51.82397460937494,60.85396671295166,0.9988576173782349,277.1261390506297,278.5546264494391,280.47631027286263,282.91037086245865,286.11012061102963,290.4910470774543,295.93780705548903,301.8739728746517,308.2174259262537,314.64399215904507,320.63339481084074,325.5413728845157,329.25373988123147,331.5787195892467,333.05480881664624,334.0636143680603,334.4985972889997,283.41577691589623,286.7489647789328,290.88206205915384,295.34904842704356,299.4686634826648,308.61997751370046,312.78135155650835,317.4048166057465,321.9050678328789,325.7335060106775,304.25613506069124,304.4753218646578,304.6353065772944,304.834843501372,300.5298396963501,302.94006319053983,305.553978179713,308.3411228886114,310.8385967244367,288.21285362681556,291.54389238625373,294.5966314790004,297.6186955183597,294.73408488069555,291.6959662213406,311.911446651238,314.79458828137916,317.94256476407156,321.61792147643786,318.209062315508,315.1176654736787,295.2632235667822,298.877147472691,302.91642196280327,305.6950377228386,308.5379873071509,313.2481956183907,317.6201796375384,314.2775324542075,310.06813165878145,306.6369218204278,303.27444194738285,298.93841270347554,296.45442544486497,303.02178353496663,305.9007814757393,308.8709623456942,316.5227417892635,309.69368055301885,306.5270139420192,303.3905784176889,83.35757864494221,90.17142749217103,96.74477695665905,103.1416801190233,108.7966757219792,113.73763791123693,117.63523043429531,120.39430512981377,121.23294520238014,120.02331435288308,116.93455954828771,112.48431986616,106.73980838552202,100.19884237576291,93.10863730438783,86.04848703877929,78.94790533352332,77.4065551748767,74.96403310194827,73.62735160032625,73.53502175712234,74.3078568215813,73.21370084492807,71.78851980119912,71.17382176435892,71.74298056798658,73.42751869843657,78.51263731630912,82.82295348779563,86.94910834727841,91.09180531962372,95.82865598656184,96.3903652898174,96.6500466463472,96.05780810230287,95.13208526377394,81.325360166567,79.81609313222238,79.50696607062261,80.63187327142364,81.42034292854206,81.67623968643116,79.8659936855476,78.14810799617212,78.00485691145295,78.96316995391771,79.96878286231517,80.20073588573334,104.16077089940572,101.9296161578067,100.73655136055405,101.1607572070433,100.5910347397883,101.42802517131403,103.20227287080843,108.12044912115407,110.81347288582424,111.3464331677781,110.9809484486743,108.46068432132205,104.32196128636485,102.88730460003578,103.0771134298501,102.66582179171846,103.41903309197778,107.51385565322587,107.96546991563287,107.68564030481002,-2.805021302452879,-4.292714273617536,1.5393478142659476,0.23385137,0.4760126,0.4165414,0.3815774,0.77329326,1.0,0.5266409,0.7309028,0.48074484,0.7338628,0.5760722,0.04869468,0.34423214,1.0,0.21429774,0.3310483,0.9998288,0.3861766,0.002431801,0.33008543,0.030506136,0.06560011,0.048401117,0.55210406,0.14899173,0.14789999,0.0064968723,/content/data/frame155.jpg,0
283.2508138020833,56.925058364868164,50.76996527777777,59.30153846740723,0.9985484480857849,282.563678847214,284.058878061472,286.0435817208361,288.5370062879203,291.74358620946487,296.1032906786968,301.3498409418139,307.05749511377223,313.3674658822615,319.73157401319963,325.58001247361494,330.2726679782327,333.69841122112894,335.6461686278499,336.7362707705852,337.4322032034156,337.5863972361733,287.74970923555065,290.8323980076905,295.0239409325461,299.59521311990136,303.7947429334232,313.0783515406438,317.2832257406337,321.9991250848111,326.6491697112872,330.39049473354794,308.7083018661772,309.0522428264351,309.32005597055854,309.6086782892951,305.28776515851075,307.746471361041,310.4216782352362,313.2621857104166,315.7570471115612,292.4776482947992,295.7858998669286,298.9080777168605,302.153346118621,299.1786033491953,296.04850859661053,316.40144438916354,319.4283564295133,322.67747618279213,326.3608655107928,322.96235318942445,319.7709019110823,299.84578849687693,303.6756394635628,307.7938879454274,310.59760610629746,313.48949179837314,318.2677720090476,322.8764103651256,319.3094226227154,315.0391093795272,311.5638330055401,308.16436420865705,303.76038616327116,300.94758042461706,307.8487442551035,310.7934396961641,313.825424662082,321.76787008907536,314.6846917251612,311.4863903006715,308.31407065341216,84.37783548942184,91.08977834790176,97.55586246254302,103.85063354142244,109.3972753462997,114.20823266280763,117.95462636905995,120.51669979240569,121.15523096962283,119.7394096795399,116.43200218114634,111.80915878516225,106.00975719138,99.40278486965599,92.30182581679401,85.3159258905406,78.30748622643682,77.80358905166179,74.97552424132596,73.49697427546789,73.37609570581628,74.1514071232159,73.03729129477495,71.47526498138882,70.72798190191077,71.29095363425279,73.21691782059827,78.32470490649018,82.93619148122957,87.34901745532375,91.73121500506386,96.51776629003416,97.11570557955315,97.33203870894386,96.6622259045821,95.63676538865138,81.62526862110099,79.77141759867402,79.39467228528576,80.71273371876816,81.51173222047817,81.85568166388919,79.66711723101491,77.68573684688715,77.50337450418135,78.6661115247523,79.72136911603093,79.96460020318943,104.23910257242801,102.4585311474741,101.4366505221617,101.83314037444597,101.20839856263183,101.75967626839247,102.98942383627787,107.6104772869528,110.30004401859856,110.87949003430731,110.5943330836219,108.25292343933666,104.41684159668125,103.46947698840972,103.67367920883316,103.18205079426366,103.25445450617667,107.06612183414131,107.56207241522748,107.3476437537131,-5.223603047572657,-5.146497282350739,4.829603455004771,0.26627296,0.4655554,0.36211637,0.34111542,0.736957,1.0,0.38731852,0.87274766,0.47753653,0.79681295,0.60225236,0.113835216,0.33888692,1.0,0.26050186,0.33624047,0.9982638,0.5031998,0.03836197,0.0565471,0.023967952,0.02884132,0.021269344,0.6869406,0.10675608,0.12531203,0.0069126016,/content/data/frame156.jpg,0
291.833984375,57.6335563659668,48.72428385416663,58.7437162399292,0.9972570538520813,289.915777958117,291.5319954203361,293.60654557502545,296.0437278526363,299.0860578556423,303.16178636282166,308.2621885897926,313.9464223792089,320.26435744733726,326.7184583954813,332.6299840575319,337.4630986389188,341.0545711507434,343.1774269470611,344.5040101392154,345.4783834707447,345.8745302782901,294.48437800140465,297.7203244782373,302.0089719680079,306.5098556676938,310.64575010309613,320.155067600694,324.52304382165863,329.35415840431415,334.14752931343173,338.1132158736046,315.5979003232638,315.8397636152267,316.02512694302783,316.22959950240534,311.8425350582544,314.31719315243026,317.0735821603397,319.9939038373749,322.6255870420329,299.40604924930864,302.72572571504764,305.88869009531606,309.0783120217007,306.06407653868933,302.90036005805763,323.46302348563216,326.47063922494334,329.7397085799256,333.4888028405094,330.0050697561433,326.7650634079363,307.3957227528421,310.6996282201814,314.57189046986593,317.385325660078,320.2825885282101,325.08265271039306,329.5206120802443,326.3231267134693,322.1288352562851,318.6186063904061,315.2138585500569,310.97342636583744,308.5513417677256,314.6871530017963,317.609531400216,320.66665551148503,328.415864881832,321.6195204532959,318.37806032449845,315.2199887982693,82.34021184746905,89.1014722646457,95.62055216316989,101.99411114559548,107.64703613134176,112.64975144548612,116.67876569658229,119.51769666894157,120.21176765725984,118.88544076746405,115.5098126565432,110.79892068670543,104.86479840033257,98.16141189602601,90.94211395425913,83.75639162144712,76.50510840585102,76.67259569457086,74.14076326691304,73.11201812113258,73.33118604934,74.25938083873207,73.25145500747689,71.55223969874415,70.57846930800885,70.95058671903149,72.80515066872151,78.3467900107712,82.80649096347028,87.03625718806867,91.27802970757241,95.70924538422221,96.30509374576803,96.54969863263057,95.8096696902704,94.72524180670058,81.47931953639505,79.98812510411685,79.62089844629449,80.62679906875024,81.61147281391402,81.93868058955755,79.44403511310176,77.73879459810681,77.57033882260632,78.41773534392144,79.62552239294133,79.88157054985626,104.25647945846163,101.90474565606203,100.61710781735582,101.0181579831355,100.29042315062415,100.95891012155707,102.67228298433481,107.52717066115463,110.35695458049241,110.97428612168864,110.71048796968955,108.31713234495142,104.33273571261287,102.90628283590738,103.0486693002127,102.51716123398992,102.86676185257241,106.73672158270901,107.28342711828356,107.05840205093418,-7.012158279441803,-5.759299721561526,3.6221166496193873,0.21715735,0.47444853,0.5049818,0.4273025,0.58034605,1.0,0.4954352,0.7369325,0.47510624,0.5606689,0.52115846,0.15956603,0.32614437,1.0,0.24975194,0.33624047,0.999548,0.6007486,0.0655079,0.11334572,0.028981738,0.09919867,0.026532829,0.43290272,0.31709456,0.089098476,0.0061910055,/content/data/frame157.jpg,0
