FaceRectX,FaceRectY,FaceRectWidth,FaceRectHeight,FaceScore,x_0,x_1,x_2,x_3,x_4,x_5,x_6,x_7,x_8,x_9,x_10,x_11,x_12,x_13,x_14,x_15,x_16,x_17,x_18,x_19,x_20,x_21,x_22,x_23,x_24,x_25,x_26,x_27,x_28,x_29,x_30,x_31,x_32,x_33,x_34,x_35,x_36,x_37,x_38,x_39,x_40,x_41,x_42,x_43,x_44,x_45,x_46,x_47,x_48,x_49,x_50,x_51,x_52,x_53,x_54,x_55,x_56,x_57,x_58,x_59,x_60,x_61,x_62,x_63,x_64,x_65,x_66,x_67,y_0,y_1,y_2,y_3,y_4,y_5,y_6,y_7,y_8,y_9,y_10,y_11,y_12,y_13,y_14,y_15,y_16,y_17,y_18,y_19,y_20,y_21,y_22,y_23,y_24,y_25,y_26,y_27,y_28,y_29,y_30,y_31,y_32,y_33,y_34,y_35,y_36,y_37,y_38,y_39,y_40,y_41,y_42,y_43,y_44,y_45,y_46,y_47,y_48,y_49,y_50,y_51,y_52,y_53,y_54,y_55,y_56,y_57,y_58,y_59,y_60,y_61,y_62,y_63,y_64,y_65,y_66,y_67,Pitch,Roll,Yaw,AU01,AU02,AU04,AU05,AU06,AU07,AU09,AU10,AU11,AU12,AU14,AU15,AU17,AU20,AU23,AU24,AU25,AU26,AU28,AU43,anger,disgust,fear,happiness,sadness,surprise,neutral,input,frame
,,,,,,,,,,,,,,,,,,,,,,,,,,,,,,,,,,,,,,,,,,,,,,,,,,,,,,,,,,,,,,,,,,,,,,,,,,,,,,,,,,,,,,,,,,,,,,,,,,,,,,,,,,,,,,,,,,,,,,,,,,,,,,,,,,,,,,,,,,,,,,,,,,,,,,,,,,,,,,,,,,,,,,,,,,,/content/data/frame0.jpg,0
,,,,,,,,,,,,,,,,,,,,,,,,,,,,,,,,,,,,,,,,,,,,,,,,,,,,,,,,,,,,,,,,,,,,,,,,,,,,,,,,,,,,,,,,,,,,,,,,,,,,,,,,,,,,,,,,,,,,,,,,,,,,,,,,,,,,,,,,,,,,,,,,,,,,,,,,,,,,,,,,,,,,,,,,,,,/content/data/frame1.jpg,0
,,,,,,,,,,,,,,,,,,,,,,,,,,,,,,,,,,,,,,,,,,,,,,,,,,,,,,,,,,,,,,,,,,,,,,,,,,,,,,,,,,,,,,,,,,,,,,,,,,,,,,,,,,,,,,,,,,,,,,,,,,,,,,,,,,,,,,,,,,,,,,,,,,,,,,,,,,,,,,,,,,,,,,,,,,,/content/data/frame2.jpg,0
,,,,,,,,,,,,,,,,,,,,,,,,,,,,,,,,,,,,,,,,,,,,,,,,,,,,,,,,,,,,,,,,,,,,,,,,,,,,,,,,,,,,,,,,,,,,,,,,,,,,,,,,,,,,,,,,,,,,,,,,,,,,,,,,,,,,,,,,,,,,,,,,,,,,,,,,,,,,,,,,,,,,,,,,,,,/content/data/frame3.jpg,0
288.03339301215277,102.83599662780762,127.66267903645831,141.41556930541992,0.9833499193191528,296.8177569001284,287.12458154934245,278.75048367222155,273.8130667223928,273.6602291164803,279.03002595708796,288.9147395166833,301.0349632035259,314.61616278159414,328.18577835091526,341.1924126123505,353.9486036896959,366.191543019518,377.219478887464,386.1596734400273,392.55434971333324,398.3436534273591,333.16527868200836,345.0620683088449,356.6489901269339,366.1286591230929,373.0098890508525,389.332574148055,397.6649078932249,404.9988674848244,409.64201938293934,409.8720002664875,373.6332154329016,370.7771314216453,368.2150248216324,365.7129396212314,344.4424894712105,349.23149721401745,354.3577182077444,359.44789500573216,364.14699202707817,334.63340575785253,344.34202898234213,351.39894844507944,354.98528270344997,347.3801293545716,340.36740158292025,377.7558379635032,385.6706821116089,391.44516760008185,393.4538817507919,387.6739039097762,382.04956295380043,322.313821305759,334.5653734130953,344.72246795810895,347.9904278359297,352.38368780817507,354.52866894499414,354.35036472653144,348.83465198443025,343.94198746656053,339.58791234468526,334.9826708283946,328.88247770781845,325.40908058078696,340.7086506509021,344.7644950756329,348.7796121384599,352.74091324971386,347.7346288494984,343.72266761354683,339.6242903298056,127.95456857037874,143.1911308374045,160.0284837582924,177.4037230945086,194.43548810020258,210.5358188954727,224.92413384047322,238.10809623930228,248.1900628865038,252.4400614678826,250.07180557962585,244.7007601897235,237.17124048014367,227.65183031797943,216.92552878738172,205.01941328753503,192.7767774026048,129.06409205913351,128.580294695781,131.75211817444261,137.4788667240095,144.2101190139625,156.5609734621632,158.2044259391148,161.92680465734026,167.44253257168606,174.53478313466678,165.63994347860825,174.12213854104283,182.1313237060309,190.44907186673154,191.69449062160277,196.55070129312918,200.724150843119,202.81154825429087,203.5480090068587,146.05198904829285,146.66148845810238,150.89292126951364,159.32337392046958,157.4945570739045,153.43183962237282,173.38434263095078,172.68199414164397,176.3918962173987,183.1278367309311,182.71036736352644,179.18715975749456,199.58089186851058,201.2177747635532,204.13866448888314,208.08447979582198,209.78843412679754,215.45420542534322,220.9598387396195,221.56627335602116,220.57251156480726,218.0744419518086,214.3738101175005,207.69388553100725,201.0432534914092,208.46803413914532,212.05032246562422,214.41546298632448,219.70882648390815,214.91336547973407,212.51636324538748,208.94865038854806,-4.3672841183287225,44.26580065200804,-16.131066301533295,0.53691643,0.58633095,0.22513603,0.55487597,0.2108343,1.0,0.3668346,0.3176695,0.47331378,0.26956064,0.52457625,0.06526937,0.51983166,0.0,0.19182162,0.45892903,0.071017854,0.48061743,0.06992591,0.47219944,0.074042924,0.016447177,0.011921025,0.064566195,0.5051313,0.0038427187,0.32404876,/content/data/frame4.jpg,0
287.9180501302083,102.86705875396729,127.95925564236109,141.65063381195068,0.9839845299720764,296.8287090326771,287.1215528870471,278.7357516712552,273.78570072842456,273.6269036906284,278.9915617222765,288.8752503465164,301.0033004954829,314.59966378741035,328.197959690212,341.2562542264298,354.0629699389726,366.34150791214074,377.39638658813305,386.3539138771912,392.7682873621542,398.57638333881255,333.2658682349818,345.1909689130554,356.7956462542701,366.29243023416234,373.18625332220006,389.5232133412251,397.8741794359787,405.22177854410245,409.8764984300541,410.10110682045524,373.8094405424258,370.9454480041147,368.3737432304607,365.860822248638,344.5716722436851,349.36591498336105,354.49899532078075,359.5978762977512,364.30004266718197,334.7527476134703,344.4719008906933,351.53638643676305,355.12511058579094,347.5154919960325,340.49510442547904,377.9392805387513,385.86121208526515,391.6445564584344,393.6584433715482,387.8722114801659,382.23956516278747,322.40034996390614,334.6658535785443,344.82943643532167,348.0980563942404,352.4971853259474,354.6294908807233,354.43753677523637,348.9080356479197,344.01083515357476,339.65287108677825,335.0485155974473,328.9538562343436,325.4989964165068,340.80805060991275,344.86485665873465,348.88271667243083,352.822998696804,347.82423861450377,343.80808578262827,339.70946644375334,127.92712694724466,143.19909679489905,160.07446244675856,177.48248402413367,194.55559908119187,210.69399916358998,225.1192802825991,238.33686957356826,248.44048830212205,252.6946334246071,250.30561230322985,244.91792884674362,237.36989544806522,227.82634380476497,217.07405677421093,205.14429047460362,192.87354373478922,129.10726070672533,128.6255593460266,131.80131773237906,137.53497146317733,144.28000124428053,156.64890334005173,158.29673906271944,162.02601442722118,167.5501761787545,174.65146998330806,165.7539980072592,174.25785565848128,182.2893406591612,190.63044866541918,191.85079491538215,196.71697231931216,200.90337727768417,202.99191413533651,203.72870746686942,146.12235944389835,146.73939675691253,150.9752188032985,159.41153385744315,157.5808625078559,153.5111538118611,173.49950725677928,172.7963560453387,176.5098868368474,183.25189738838048,182.84004610641887,179.31160016654303,199.76160191804377,201.41870302810025,204.3521479781665,208.30692331764044,210.01914056481553,215.691948714462,221.1984155517531,221.80186633170183,220.79933013978587,218.2926502499604,214.58354698637834,207.88846620453887,201.22281784518646,208.6772652588346,212.2700268675393,214.64316157292353,219.9416764406633,215.1459646127737,212.74169536890315,209.16386780176333,-4.448376076697146,44.17491625501016,-16.11863901100868,0.54571986,0.5929472,0.3907438,0.6179256,0.20001984,1.0,0.35885423,0.022433465,0.48214227,0.30155355,0.34891805,0.0808027,0.48653212,0.0,0.23677936,0.45892903,0.1719094,0.4580444,0.025232496,0.3720538,0.07324261,0.016091969,0.011940878,0.064070135,0.5092931,0.003778473,0.32158282,/content/data/frame5.jpg,0
285.96137152777777,89.21419429779053,135.79134114583331,150.23979663848877,0.9968067407608032,301.2517427111778,291.6131881899024,283.5911767695471,278.9599610090567,278.9452645276946,284.646268880634,294.92800568732446,307.4240956339876,321.72967020336034,336.2146221716094,350.3554070203431,364.02944526841827,376.4384497311519,387.45582730101285,395.75486759653256,401.2797129738974,406.2911365532385,341.2214572142232,353.5349137277516,364.9672691027589,374.04218045272023,380.2283124181964,394.1692004046329,402.1029523419078,409.0068840445557,413.2099944327347,413.13123708923524,379.5126296405921,376.28375049291776,373.42263128064815,370.7273763877828,350.95814409473405,355.39689250013987,360.350556395853,365.01646423422847,369.3046720986214,342.6840774745169,351.92754501378926,358.42402647564086,361.2608597558176,354.08636557607474,347.5205563748881,382.61403988274174,389.8394700439537,395.2534705586911,397.28832003443256,391.5087732577467,386.2479030670463,330.5289039861045,342.47467578614174,352.4020072335817,355.57516843528185,360.13775360238606,362.09801517783694,361.6606212424491,355.9296355839614,351.1222030882128,346.53032973176386,342.0552706340829,336.27202186465104,333.64178019707856,348.3680279450531,352.1584279314802,356.38484636687576,359.80166209259096,354.9762408135134,350.73074287704225,346.8108644853996,115.6769322477706,131.86045950017592,149.68538263644274,167.57166536220086,184.77532534136515,201.20504854386513,215.5562935607577,228.68343088628023,238.94128204891786,243.46961975337604,241.96214036763024,237.20764260705403,229.79876769063958,219.68102271500504,208.29620758936892,196.05954727659355,183.92518876626252,114.83549186317512,114.69196845209879,119.01786249518628,126.41185690520001,134.92581695375407,150.44926654165886,152.4888120140041,156.31335200320075,161.94761302683537,169.4461632102034,155.8692848094812,163.2853810295976,170.2292018384087,177.47400701535673,178.85502761841713,183.6721852329905,187.99761719860896,190.22797917368575,191.66510457827576,132.6070907222172,133.9814810508965,138.8691699554219,147.58248956689062,144.69325347793028,140.0591537630039,164.87816206532273,165.26294364516775,169.5198054635806,176.4350526912258,174.96463621689077,170.99982885087627,188.03932237668528,189.21363316127724,191.74977221498364,196.03937705777128,197.98215491131282,204.51738103164269,211.23978076489016,211.49899547902487,209.8351619729466,207.09623538626465,203.17106996869734,196.48976289223003,189.59405187013567,196.65834594651017,200.382357221225,203.15132958938113,209.79313441524073,203.793069225954,201.04372977723756,197.41293994540138,-1.7355885269181122,44.85515765876857,-18.064352105577218,0.5027038,0.5650903,0.3163386,0.5851658,0.35078916,0.0,0.35782215,0.056092504,0.4802717,0.3863227,0.24147779,0.21830152,0.64658827,0.0,0.23101914,0.48037753,0.65131855,0.43505082,0.017067902,0.35842416,0.0030114828,0.018182144,0.0068781106,0.051506247,0.3628747,0.019292172,0.53825516,/content/data/frame6.jpg,0
286.219482421875,82.15549564361572,135.82014973958331,157.02799129486084,0.9957864880561829,295.83530114279023,287.01175948139456,280.2234670068165,276.82727382552343,277.24754456253464,283.5505316038734,295.41940929353535,309.51863043112155,324.72785679477215,339.81964641490254,355.12043772227423,369.37855674901044,381.62915439694024,392.36460914724023,400.70144985938833,406.2537728349712,411.2089834317756,342.5376904171024,356.34201122413793,369.8188883796253,380.65462934672826,387.79412293954647,402.84816343047146,411.13432753715256,418.09594759256356,421.4643357491649,420.4123693880719,387.39774023561426,384.4164238552119,381.877337231826,379.5046343037833,356.83554655158287,361.5299725512378,366.7600408362046,371.2024428221019,375.4165417585027,346.7218012026617,357.01990067439664,364.0471240215924,366.9258741872065,359.5389053450842,352.6274733241433,389.57758678234626,397.0230493658853,402.3102636102085,403.91841470151576,398.0979392535204,392.99910001515747,333.8852777670539,347.1668332232118,358.113401185981,361.55729883251024,366.5845483804373,368.2402649469557,366.863011385611,361.63780634757836,356.7947536812247,352.01413140305544,347.5004148988929,341.37048868985437,337.5396821241251,353.39146920077894,357.48369494437776,362.0536195762131,365.19360359966345,361.1638587860764,356.6442288881243,352.4707655808413,114.44933945479522,130.6936231304407,148.00846132809403,165.40784477123782,182.20407327936618,197.92045880078786,211.06635437681877,222.92593798602326,233.59746294059667,240.07035475791113,241.32275877440404,238.1239440640219,231.30623343809864,221.54594393448932,210.34927816315707,198.36472146241192,186.38914997540206,106.92376807504752,105.72648553694133,109.4813698544867,117.17635182345464,126.41065253075891,144.88176418945474,147.841224037446,153.16468238767396,160.76137734989504,169.50428233377508,149.1751014794836,155.98219832168206,162.13190323245544,168.7253878496146,171.21805461254058,176.26340936614426,181.05895271487265,184.12636990589337,186.79224912660135,126.10719378412537,127.34818657917444,132.25314175240567,141.5900199060154,138.13363842815272,133.27353631873632,162.08932455086733,163.3700656851779,168.64037649616165,177.04341577050445,173.92321044878892,168.98659924441654,180.03249312927068,180.59283352083747,183.41312363958633,188.4855688126019,191.12342539797294,199.92252166225003,209.22006142697495,206.81789822939766,202.97870733610165,199.0190134950983,194.32209409863188,187.46895926755724,181.50716887054023,188.77968855270933,193.2280881687749,196.9682732382252,206.842427862895,197.12746876258015,193.31280750278148,188.7920993791812,2.3885352921474863,49.029304887011136,-22.216722497478962,0.43365598,0.5944148,0.32549316,0.46505442,0.4082907,1.0,0.3431723,0.013140513,0.47983864,0.39559457,0.27838206,0.14227627,0.53195214,0.0,0.27359882,0.48037753,0.73880416,0.51664484,0.06648841,0.2458131,0.025693133,0.036423586,0.020166386,0.018218396,0.63597244,0.008843756,0.25468227,/content/data/frame7.jpg,0
293.20765516493054,88.64236450195312,140.16118706597223,150.6100788116455,0.998502254486084,312.71230707432863,302.48252500085624,293.32155935091214,287.1769990549735,285.8794103304005,291.12355352942836,302.2022764409423,315.8067105139976,330.52205579263915,345.3527392390423,360.4497612905064,374.73733977360445,386.924625491744,397.45708710556994,406.1605337380463,412.47304091676597,418.25905428446197,351.5293247485597,364.65244206628506,377.44109027790967,387.6889862635488,394.664291345261,410.4706968561643,419.0513049870426,426.07158514059313,429.3551101039011,428.0056640442514,393.98040094151173,391.03335415038794,388.57274911828904,386.221280003027,363.61519302626294,368.3655732247812,373.46202986829985,377.9374858013367,382.3112388234215,353.65885400333116,363.62901410821945,370.6364857922093,373.66749323241277,366.0468416528285,359.0328903267523,396.49504069465024,404.49234099561266,410.00000445163687,411.460385430997,405.3350068685414,399.995135441009,340.6630188320261,353.6040382780499,364.4519017220117,367.8305907055877,372.62894072324275,374.51901407756935,373.3326847934346,367.5850214271146,362.48170810497913,357.84454120406195,353.3619862117816,347.311535580385,343.999388158185,359.620329399794,363.6834581832064,367.95936483942126,371.6385303927662,367.16230961419626,362.8504929215808,358.6757074628141,118.21794799867921,133.50132843463825,150.16691940473714,167.402126392463,183.99152905224423,199.58372395152972,212.57691986712206,224.2650630813989,235.2278095561677,241.95148045750378,243.76281781181459,241.31490275208114,234.89961541517968,225.65225588397593,215.05661372013046,203.62504925101388,192.1605856515035,109.1320462822568,108.33072515800237,112.48633830919914,120.13344438762579,128.92401877603706,145.7762374424383,149.96108439032997,156.3196492743537,164.50174595132802,173.32005945590305,151.53038583708087,157.66466784788958,163.29300453858025,169.28633952186027,172.91627487680978,177.75367510653996,182.35220653556541,185.62143642813578,188.4319205879557,128.86245409686202,129.9045561356538,134.92951588053995,144.22735521692556,141.01123899901353,136.1275710007695,164.55174099525652,165.8239376560674,171.41257778634514,179.93984063441076,176.89336392398934,171.70611688395502,182.03911540073722,182.75070183076105,185.4338553680352,190.33653677988272,192.93828274401153,201.65661693320183,210.86735005859717,208.86314236028815,205.5697390398842,201.77761334203717,197.11290661569373,190.15324316375617,183.6591982818943,190.99176163485075,195.2497213522194,198.9202258378379,208.45665389064845,199.5209096655683,195.81632107760336,191.50225832451406,4.152849141470792,49.13808848681589,-22.028709061129167,0.41733006,0.56423485,0.37991804,0.4906181,0.37121427,0.0,0.21758693,0.78386116,0.48053285,0.4087089,0.22685465,0.23324402,0.47677028,1.0,0.25704983,0.48037753,0.029318811,0.35964862,0.10574516,0.432715,0.0037758637,0.015140089,0.011872007,0.050905827,0.8070051,0.00212588,0.10917518,/content/data/frame8.jpg,0
298.3509385850694,97.6490421295166,143.851806640625,149.54342651367188,0.9992451667785645,318.13843438971924,307.9110605307562,298.42937750231295,291.77684461579736,290.41905890371277,296.2130007808294,308.23656131352857,322.90700508046973,338.3728782490656,353.4987412675615,367.96962374178366,380.9275476871138,392.02206348237814,401.6154346788746,409.7310966056226,415.6301892796582,420.74959465404027,357.9827561502025,371.6609768591843,384.5558628713443,394.73850798218916,401.61728511790716,415.39424225873665,423.0569744696804,429.1782374855975,432.04978728258357,431.0429559176373,400.55816013197693,398.52437788867246,396.8868676990016,395.3748878705228,370.6855655211639,375.80280491922167,381.077775526492,385.30616776624373,389.37841717942064,359.902907531874,370.00195665278227,377.1647601357305,379.6778060884702,371.88635605487946,364.81323468793454,401.3828997391749,409.0179609340652,414.34967477294117,414.99872963383893,409.3473711704006,404.29113743143097,347.2479635636337,360.9405813300597,372.42315451319445,375.72342857205,380.5791624285601,381.611664624016,379.4621069351131,374.6518104486051,369.78600079112005,365.21539498831623,360.765196076782,354.46898100285216,350.8614057104376,367.15056380583593,371.21414396562614,375.34744717069844,377.8114725333442,374.7643877365692,370.54499098367523,366.4500924106633,119.54440334959199,135.6697574799353,153.1988648217557,171.5457699503571,189.5652222434495,206.3340291107408,220.64597705557026,233.6121744956501,245.11837553903314,251.64480982982712,251.617149509953,247.31436534262028,239.51452950439634,229.42414963687477,218.58409594903713,207.07355225682622,195.59644482135408,116.41915354796001,116.54631775055222,121.40693976103847,129.75900597037653,139.02441091475376,156.13417454402006,159.81271363852466,165.19131952779827,171.89490394146742,178.9708918844859,161.46142272800535,168.03334786969828,174.15147155696758,180.78721010483568,183.57324394768656,188.51834438290825,193.22122983609222,196.09999955415913,198.3511174662657,136.01048427405368,137.47493028137214,142.93700380642986,152.77154710747453,149.67094397717665,144.4067069859131,172.97959814420318,173.9252473631015,179.3596017392985,187.40887248064098,185.2938848434911,180.29806312565415,192.89648313396611,193.37407823941828,196.0815700370891,200.98268778270432,203.32101164528794,211.86038132577667,220.43199998709315,219.39837469280246,216.2520935284665,212.54611338576504,207.89384225340254,200.95327328941204,194.60926233792708,201.97546436794653,206.1633715687487,209.69358139571486,218.1032599012331,210.20065517153563,206.63045232987133,202.32741145423353,7.412953655677838,52.02386167876776,-22.473199074599048,0.41301525,0.54704714,0.2596042,0.46683007,0.3554715,0.0,0.23864569,0.9957177,0.48039415,0.4349005,0.4388026,0.45892322,0.49680758,1.0,0.28197408,0.48037753,0.038276292,0.56221694,0.03536549,0.359512,0.0035053364,0.0012095077,0.007338208,0.0028904083,0.8865153,0.0012384454,0.097302675,/content/data/frame9.jpg,0
298.35812717013886,97.72586059570312,143.84589301215277,149.36726760864258,0.9992501139640808,318.13746050295185,307.9367413921171,298.48540059901086,291.8591614706497,290.5186480117572,296.3041862524427,308.29835919144807,322.9387920096108,338.37648427798104,353.4741876537429,367.9042260696757,380.82559348836423,391.89932664083307,401.4855209163328,409.592466772565,415.4817258772216,420.5968741775788,357.88575279995086,371.52981095474627,384.4040370788369,394.57110825599773,401.4447203261755,415.2282793204522,422.88209183525134,428.9939540026254,431.8620677584869,430.8569993322915,400.4063939169584,398.37229379572153,396.7324070749076,395.2190246190983,370.57702796668383,375.6880524053493,380.9602172737982,385.1926882348524,389.26791827264526,359.8074830318778,369.887061034623,377.0389376167771,379.5568009019086,371.7738452779653,364.7100815178386,401.24292887634795,408.8595091165468,414.18185475796486,414.8398671037045,409.19709954555475,404.1471531309609,347.1812494972155,360.85613512069347,372.3235368110301,375.62776496616164,380.4835266395406,381.5258380239158,379.3796030521183,374.582002785604,369.71980959735856,365.14670872892515,360.6936539016813,354.3978098115266,350.78585183212397,367.06268051149493,371.1299032064433,375.26609374893303,377.7308062259911,374.68520616369244,370.46110578718606,366.362751141539,119.54958585671018,135.6450207104374,153.14996958906082,171.47177427361217,189.46451936739612,206.21249390325784,220.51053135252695,233.46530098256054,244.94846095267778,251.46309406766406,251.422966543016,247.11624470435154,239.32629133582768,229.25115236036982,218.42646412991127,206.93571881834032,195.47663963644374,116.43874117433013,116.54903043653007,121.39800803691884,129.73530255101483,138.98176433981445,156.06458362474942,159.73865059364658,165.10855953105317,171.80454640826008,178.87953861045418,161.3917529023172,167.953009158295,174.06104126241388,180.68473235706134,183.45901223406662,188.40151388950574,193.10406234909942,195.97751789471704,198.2240609945552,135.9940318859439,137.44862260369723,142.90022353184432,152.7210772895411,149.6279459819924,144.3744560105309,172.89396703649453,173.8365685732818,179.26126290642725,187.304256855699,185.19059611783433,180.2035225686701,192.81970819680112,193.27473253180779,195.96776378662236,200.85911246335672,203.1921818736647,211.71964410307893,220.28979791622416,219.26439863821687,216.12690910853325,212.43046538234768,207.7900739883563,200.87100328735386,194.52833306819696,201.8589779863297,206.0375716559036,209.55989440319837,217.96601253651235,210.07257801683272,206.51241403090552,202.21971973214067,7.399740220490164,51.98833774099424,-22.468785779697658,0.4310284,0.5451863,0.22288103,0.45992768,0.3487444,1.0,0.2158679,0.95863014,0.47850436,0.47454995,0.48610327,0.32684836,0.5186818,1.0,0.28266394,0.48037753,0.013695937,0.61355513,0.020953154,0.3263533,0.0036470336,0.0012730296,0.007202749,0.0029627138,0.8850489,0.0012515862,0.098613836,/content/data/frame10.jpg,0
300.36252170138886,104.34500312805176,136.17537434895831,156.6185703277588,0.9972823858261108,318.8967821663501,308.14480042178116,298.4120608571694,291.95745877005845,291.286678854012,297.9634450282322,310.3103433100688,325.0135683118323,340.6131483967301,355.89858425881755,370.3856593723671,383.38707192778963,394.6159551398722,404.2221052696217,412.044557429631,417.4040754181426,421.7505754674629,363.8296980798924,377.4634206826184,389.9131120556555,399.4954350356023,405.6255546390312,417.9581826761782,425.19062442106787,430.81522085141387,433.25156092153327,431.77542026154083,404.1921392960804,402.0915301519542,400.34124844354994,398.7802508678285,374.5653693730684,379.4450285045282,384.40672158897587,388.19290834312346,391.85948885446726,365.07913914864946,374.9642024781113,381.9116594129487,383.84197220949574,376.5655841041565,369.72914129933554,404.33389235372204,411.41723237605686,416.35140157377896,416.4855819218452,411.4644721930376,406.8822323503706,353.404211020126,366.42239331849856,376.86866052066455,379.553275682969,383.7720926794208,383.86285317199327,381.15996716750345,376.6609823212322,372.39613534897444,368.48262961453406,364.7127253061966,359.53360247840345,357.01574935913527,371.64288599312835,375.02769673531947,378.4974540111044,379.6216317093424,377.473502692408,373.8305812973704,370.3620786716926,128.63741868719455,145.46959448282598,163.72871353123497,182.76059622554942,201.78971756940484,219.52577634881362,235.03655633193142,249.3193251182116,260.91854295433177,266.1682790584679,263.9808077988879,257.9913770409561,249.29028893001757,238.56538298285022,227.32014451044236,215.24499980108828,203.38078193876544,129.29635364201732,129.8917551318161,135.00304003651675,143.50363618055627,152.82358605796225,168.68292912508872,171.68445546177912,176.47711805098788,182.6556705092226,189.36528723200718,175.30617663067585,182.34255129074086,188.87833736140334,195.92808188667263,198.56947883367906,203.40753287140714,207.94142387601653,210.39251728712802,212.289178575444,148.95765060637902,150.4167470687105,155.90039140108155,165.72378643733043,162.54601536728498,157.28770395371117,184.6582097036789,184.95718610287247,189.88501483666028,197.50359755649106,195.78346105735758,191.25355804773162,208.3137300930797,209.09991401423844,211.6774246258782,216.33837135830257,218.35030362521283,226.1487830063891,233.24654030272302,233.40521993457799,230.92358923603717,227.64398986711694,223.22839444403866,216.2627674871138,209.97828111157327,217.25195827650236,221.2232955393191,224.38943869140724,231.1980327447428,225.11537700295665,221.9110902471646,217.85225234160734,2.6481972673289174,53.202028641080126,-27.83107116605005,0.5238497,0.58975756,0.4801804,0.53759074,0.38453,1.0,0.4264878,0.040671516,0.48029315,0.37455308,0.30860135,0.41778862,0.54080045,0.0,0.3002601,0.48037753,0.89655,0.46554717,0.052661724,0.3463054,0.043806095,0.00027200638,0.052927256,0.01729555,0.49507427,0.011525917,0.37909883,/content/data/frame11.jpg,0
305.3318142361111,117.74352550506592,131.68256293402777,154.27071475982666,0.9985519051551819,317.3847593978301,307.3222020418445,298.3750842819272,292.43645086334675,292.2060187889901,298.8297057746331,310.62408156051714,325.23816134252684,340.7571586638062,355.3147566156117,368.39338301584735,380.79075716584686,392.04395701968906,401.97960611689336,410.35930837608,415.8221040989704,419.9449935706209,362.5742510812449,376.7841471621704,389.9821867719729,400.1731254659745,407.0005663438054,418.323845045731,425.2803210439348,430.74351400167495,433.4785200796723,432.47888961448166,404.8170546489306,402.86699566841605,401.3013827823869,399.94406440356465,375.2457007261462,380.14550432387284,384.932592532972,388.6728234669613,392.3630359127814,364.84080141117744,375.10482580038934,382.3549245583949,384.3114496395199,376.8563666647222,369.6962250487416,404.80546863247844,411.9116138946413,417.00236607780084,416.82471382553445,412.1115112984958,407.38887444377474,352.06961271607514,365.7266902977121,376.82615474753555,379.4647872372538,383.4693338265716,383.0006518753284,379.36326063022875,375.5184907249369,371.91437893280835,368.1630916288333,364.292898693155,358.5429849311281,355.60879316171537,371.7048816867506,375.0974659213669,378.26868000163734,377.8548716311718,376.5910137850637,373.17060104235946,369.7440256423328,140.12332921231325,157.63902474747775,176.7860369162566,196.5854687057577,216.0207354467155,233.94564908297016,249.66099903878478,263.5477004322021,274.0778666536214,277.6637828827694,273.35667574952953,266.08115396113755,256.6213811796781,245.91311029963572,234.6753805363325,222.48169407271257,210.30832175793876,138.55733840146166,139.10231702961764,144.41254146728517,152.86095156260845,162.02256096924697,176.46536908376504,178.70505088983,182.43133446687116,187.24337123139736,192.93402527784679,184.15026345346655,191.85492025694504,199.1292172378835,206.84688348269253,210.95212910643164,215.16668051967082,219.02464744941676,221.12361432709497,222.6408969730666,159.46182513014207,160.68128646463566,165.95142328537872,175.571243091248,173.07110211818784,168.02970636511446,192.25116753675945,191.92872318174526,196.44689994898994,203.32791236003527,202.69958613638278,198.5669092394055,223.67745924498618,224.2355962775414,226.2985251269027,230.58036370997544,231.92440782423387,238.65087381010886,244.49985904710306,246.18436653053413,245.2612810140374,242.8485648108348,239.04571421649698,232.2321655241073,225.2223607473195,231.40667840334322,234.91610485530418,237.3437173653738,242.87387749820743,239.1965200134985,236.81899219740635,233.2755359599802,-5.615363720002451,49.15313758400124,-28.115226157684152,0.5864863,0.5450495,0.35468152,0.5841892,0.3486221,1.0,0.33021358,0.9517117,0.48107275,0.33739394,0.27697474,0.12433418,0.4798652,1.0,0.2690316,0.46486872,0.1515701,0.5818089,0.039075,0.31758526,0.0091598835,0.00024698174,0.016762743,0.07560042,0.38663372,0.015902588,0.49569353,/content/data/frame12.jpg,0
305.22458224826386,121.18555927276611,129.88020833333331,150.0968885421753,0.9991388320922852,314.34997728753046,304.8568305147743,296.6342079773518,291.4504540671178,291.7519492695508,298.70512651612944,310.6710476552427,325.13991871518914,340.1328293563365,354.2082936365991,367.1019164771338,379.52212960924487,390.6429339274159,400.4601800580616,408.8686574937142,414.5453977817971,418.87207254374744,358.7354856692871,372.61614410636025,385.39554913169604,395.3944229526825,402.3011170161276,414.89333322429934,421.9481379164205,427.6779665677103,430.7844785729526,430.25522677732556,401.30137027256444,399.3216950095999,397.72507187994654,396.37492046768546,372.5272734348482,377.4038233990425,382.21919023241446,385.9762037752573,389.60064134292475,360.9708546726964,371.1942563052319,378.42951848919233,380.63389333596297,373.1689716442729,365.9701090751665,401.9518825459311,409.12089431748507,414.34732289783994,414.69109286310777,409.75164204552027,404.8346826578455,350.4572008687428,363.5841977920667,374.24861395891514,376.8542058551842,380.72315049505346,380.2441850276896,376.76281227864615,372.97689805354787,369.53857035855464,365.86976723761063,362.09269391586946,356.6471805573621,353.83447426210654,369.3622192972364,372.67258202858045,375.7774836689125,375.21282531679276,374.0847002825868,370.7434829595629,367.37855569717755,143.77112238893167,161.05737785419785,179.94317389354643,199.23192617649647,218.04469216716655,235.24701809725354,250.0313489073461,262.9286863229404,272.82666541441847,276.406528081371,272.8385069643916,266.40142751606504,257.4989545405532,247.05212014460767,235.95741447374826,223.8793018952814,211.7122864380043,142.2223351489364,142.84670851586864,147.97087355654148,156.08601497197282,164.9135898755103,179.28460442774565,181.43839234480322,185.03983926943573,189.7581172023705,195.53470011488707,186.4023743878564,194.03563289149486,201.20493452873268,208.72669136598745,212.6749518455681,216.74212167011945,220.43628803839943,222.44317846834667,223.854502275664,162.2503254439232,163.45685914560778,168.56973016037693,177.99770814915803,175.52725807615468,170.62404583693018,194.44196016564172,194.05109239463297,198.43941192534658,205.2325215837908,204.63298272771567,200.64141416781615,225.1266798189722,225.62363843026628,227.42960899824834,231.50976909974213,232.77123234851433,239.28747733582736,245.12836748709208,246.3947477167235,245.5033033812557,243.286786383062,239.67124876546507,233.21436182874277,226.58884821438824,232.18932162032308,235.5247738369684,237.826672382702,243.5075137334229,239.673288561018,237.46069011743919,234.1261074978454,-6.073005027297641,48.270716477233364,-27.10246595775119,0.4873693,0.53552324,0.51057166,0.5981128,0.3489701,0.0,0.35284328,0.004464464,0.48043025,0.34524408,0.239175,0.2780241,0.59182984,0.0,0.18296562,0.47840774,0.98889077,0.44971994,0.027315382,0.41141286,0.011085799,0.00027203065,0.02164326,0.04940575,0.36099556,0.01168309,0.5449145,/content/data/frame13.jpg,0
298.0071072048611,115.31208801269531,134.7522243923611,150.59056091308594,0.9992616772651672,312.24892909324933,302.5700830433978,294.0014427913025,288.80607474088066,289.3069903746328,296.4292083760446,308.5168077146412,322.6851379853262,337.44917609284187,351.9010522535051,365.61712926663097,378.26829689685985,389.2580798681771,398.94699687433894,407.0217927042519,412.4859166105518,416.6364000552428,355.88973797604086,369.25182895316686,381.48102889953225,391.15836699870636,397.9522233545591,411.2453040460379,418.7622550649703,424.76597757905324,427.8193730504976,427.1562948243816,397.68919367210185,395.95453338134104,394.5808226273872,393.4097481312576,369.6544948683586,374.5316705156027,379.3621535472263,382.9645507760353,386.4764278798906,357.8078135390262,367.6436318688651,374.80892878980956,377.1397035255301,369.79514358226226,362.70883096358887,398.826533157361,405.9643422916703,411.19655415485033,411.6266540012959,406.6452789622381,401.714387957647,348.1123854172605,361.1891021142119,371.7524527905527,374.42997001348306,378.4349039045686,378.1417152085618,374.42630784755204,370.2471625689126,366.33424598238196,362.5648916858854,358.8668742275098,353.9068905459197,351.78290431792465,366.7774434575691,370.08574721996484,373.28511231698906,372.72761218044906,370.941681566654,367.5207338886506,364.13686564069883,143.41130686798653,160.25472548390354,178.5488330430906,197.21220540996327,215.29095068471577,231.68365630697988,245.8609885046557,258.8825626766545,269.37290161251474,273.9083971783948,271.46818830779443,265.6149161870187,256.80625461775855,246.22572946030886,234.90662083210663,222.6856069037047,210.56535639378706,138.40698943647848,138.7990404560084,143.62718347131286,151.24818847252936,159.56509116924954,174.65313940751201,177.32997266709936,181.7401144473759,187.4180280609753,193.78914660101145,181.91184310184997,189.15174049702455,195.90164547616695,203.01021113840943,207.14137127227622,211.26582102562824,215.11470356374738,217.17373481631,218.88550657000195,158.29462656685973,159.17264700543583,164.13598587728336,173.5229142181277,171.0903635827537,166.34880117125812,191.03214960630174,190.82156429419192,195.50784415674352,202.86303515228755,201.75834279919582,197.5142371595859,220.70394429197296,219.82199779609726,221.2290019467946,225.37531698497003,226.94394113506422,234.37964592570933,241.60249270715212,242.2649031265395,240.48560749572533,237.8611162812609,234.05048183496837,227.96313268474296,222.00468100421313,226.4043317562049,229.83280841651938,232.51898558476896,239.67611802990248,234.71536960189732,232.09799806884584,228.6524707947996,-4.409744029715215,48.357005469004555,-28.457859823132658,0.53371435,0.56495136,0.48786032,0.54599994,0.3371092,0.0,0.36078325,0.019747073,0.4807234,0.35141906,0.2925779,0.3702963,0.49072212,0.0,0.29621002,0.47840774,0.9735555,0.5184548,0.015469114,0.4658568,0.004082577,0.00014060135,0.038862325,0.004309029,0.4146824,0.013110988,0.52481204,/content/data/frame14.jpg,0
297.88180881076386,115.56874752044678,134.62532552083331,150.3594102859497,0.9992627501487732,312.207436254935,302.57706824592276,294.05082212447314,288.8809600105645,289.39068905628056,296.49781406748247,308.55000973299957,322.67584665668943,337.40068743257416,351.81369485439495,365.49596333711884,378.11701114896994,389.08502116117097,398.7580658857861,406.8218438011131,412.28486131638033,416.43988979238395,355.72645573828953,369.08453927421465,381.2980974485191,390.96788354657906,397.7672283221427,411.0731254377407,418.5796029303265,424.57430354670294,427.6189792217433,426.95057361437557,397.51988458569684,395.7817891047758,394.4031427174341,393.22777870351297,369.53003546702894,374.39139006932317,379.2080595450931,382.80711040715516,386.31561877097215,357.6687907469659,367.49664174203934,374.65100473943073,376.985192280006,369.64774394111043,362.57224400817216,398.6601242618975,405.7840411478111,411.007124806819,411.4444798105168,406.46620181578635,401.54420234502743,348.01212519147145,361.06126296815137,371.60401683762683,374.2777360579853,378.2721561875355,377.98404197824874,374.2769294672538,370.0978000601933,366.19037342966965,362.42926235783744,358.7378944979211,353.78366903880357,351.66775570471145,366.6416663212075,369.94293463974805,373.13582942760615,372.5822608313159,370.78787607188025,367.3732226055789,363.99678540813545,143.39469158800333,160.2098848376994,178.47650853371067,197.10168331895358,215.13577228434906,231.48678601125388,245.62520306171916,258.6138088926368,269.0778287521762,273.59600588458096,271.14511004243127,265.28990660442946,256.48617310658045,245.9241363413509,234.63127460067977,222.43836514910134,210.34633331167407,138.35229500739132,138.75499349599292,143.57711283647194,151.17709032665152,159.46510584260312,174.51512636052212,177.19419596606608,181.59803079637538,187.2637929579089,193.6210937489891,181.77794892494063,189.01200308660282,195.75834409656477,202.85883758763597,206.97550460845017,211.09354821077943,214.9356302375097,216.9981687742636,218.70683982530008,158.20726523775178,159.08201288604815,164.03427564105237,173.40099333766386,170.97897344370136,166.24774881275346,190.8766418987509,190.66372345472482,195.33549697149064,202.6753220644083,201.58024071462773,197.34850008278823,220.51625943597065,219.64558238223253,221.05270679966725,225.19090441574056,226.7648640600758,234.18370278104985,241.39353771168126,242.05378062084628,240.27792593914862,237.65622644369947,233.84836537307038,227.76606900325453,221.8168493495907,226.21095131840679,229.6364023459669,232.32173647285873,239.47134596220587,234.5214061885083,231.9058798007908,228.4649099675569,-4.440904279556431,48.41808465178445,-28.536534250747923,0.5507791,0.53350234,0.31758428,0.5397841,0.34445557,1.0,0.3708017,0.87989426,0.4801593,0.39417917,0.3209892,0.25274932,0.47094187,1.0,0.21036977,0.47840774,0.115525424,0.5233792,0.2428869,0.40290934,0.004231367,0.00014407666,0.03852221,0.004427595,0.41561618,0.0133309355,0.5237276,/content/data/frame15.jpg,0
294.91571723090277,112.40618705749512,137.84168836805554,147.3335781097412,0.9993749260902405,307.8531146003784,298.41364219274897,290.3056083927842,285.55962634570466,286.1299117879206,292.99992213347275,304.89760436675584,318.9083967489016,333.66057476170465,348.05999188541887,361.9805568952205,375.057171399548,386.6146844783288,396.8885809321239,405.3819568496807,411.02560416916634,415.2973570432823,349.4512712001446,363.3529413631099,375.99109109345807,386.2307070471089,393.521546624989,407.03455516297043,414.9356571950028,421.3531396471651,424.82742038835124,424.58406361311836,393.9967630879487,392.30690198692145,390.9372732370732,389.71683263371835,365.69090203349634,370.7787162819362,375.7515069647212,379.5864758947913,383.23683806140355,352.7423783620167,362.93536314040205,370.3139009421374,373.16027841846073,365.5193519991129,358.2049439187511,395.37921672825985,402.88520253760214,408.3210065418875,409.2910614448339,403.9358740486345,398.7286734533963,341.99426129747945,355.71111393461285,366.91616909521764,369.8590757388701,374.3493470424336,374.7368547434193,371.86477479557686,366.9788709015068,362.5816459170409,358.34595448513016,354.2007591475906,348.49220755500664,345.78366340227313,361.7391233266511,365.44731341965195,369.1563412930897,369.98496410490884,367.4064550679241,363.5452989128745,359.7874584735995,139.18951470171947,155.69432938866987,173.5049408059483,191.5771768272332,209.0600106003405,225.24857371045232,239.43421982719528,252.61670027202373,263.32611609562036,268.2140959990751,266.3430740994063,261.01106002623715,252.53964554805964,241.98349612289493,230.42766914310675,218.13800972924253,205.9650915943819,132.59947845936716,133.13437228854795,138.08229828025077,145.67143511522744,154.00247131414818,168.22831508468778,171.06524513759285,175.83489250611967,181.9891485602326,188.7722984623665,175.4998699053395,182.54169900730204,189.12040413751777,196.06213691896977,200.5429660681744,204.64385388562272,208.56705848360187,210.86759302541086,212.84674656110204,152.70018641187824,153.80531892037322,158.67792370863873,167.8453651200415,165.29430261322153,160.56722397519974,185.35894385446792,185.38429856806988,190.1781361880819,197.5398973048404,196.22036677131126,191.87808226870897,211.96592844734172,211.8125882820789,213.67300883433143,218.1060265389757,219.9738237743211,227.85208970312178,235.80036035447355,235.798421340632,233.62558772127886,230.68622188551092,226.6372764551549,219.999357635941,213.5117440038032,219.26649470878573,223.00754792496517,226.01657072536693,233.70495029323914,227.44580307460535,224.51426706103456,220.74212639467814,0.5601362610327845,47.696967393070416,-27.796110884655548,0.52524656,0.5366675,0.54625815,0.61814827,0.338777,1.0,0.3536973,0.0028922558,0.4791203,0.3865614,0.2359862,0.44166088,0.52339315,0.0,0.30536312,0.48037753,0.9797814,0.51364297,0.019805713,0.40444705,0.0028466373,0.00011414807,0.011257972,0.00055984675,0.72721183,0.0018144086,0.25619507,/content/data/frame16.jpg,0
291.39911566840277,103.67995262145996,136.25260416666663,151.03174781799316,0.9993515610694885,305.7899256669332,295.9196765583795,287.18816804116165,281.88260636778233,282.2141513095355,289.1970512211578,301.49650313431164,315.8350558909823,330.8635700792896,345.72546446524035,360.037283407344,373.13255849880653,384.5491801315297,394.5473621151067,403.01213203275313,408.9925233504149,413.6589472770082,347.5250641964891,361.1249248467026,373.43694427234135,383.3479598149682,390.3224957884437,404.744420561429,412.64801533042277,419.2202072596315,422.80474754994293,422.6169545880545,391.4217824655449,389.79437669497844,388.518045675241,387.36900207324004,363.02588567789377,368.18811802440143,373.3087170255848,377.1902108783301,380.8376656998218,350.1132831005553,360.00256374676474,367.22166051546526,370.0372046147396,362.57284487970713,355.440790321684,393.0198482864743,400.45448997973534,405.8778111490618,406.9800361421796,401.51333160107777,396.3779329934869,339.20299705303415,352.9785949273618,364.22786217872425,367.2258411342096,371.7240788767462,372.20226820319306,369.4528038063964,364.23234527117614,359.64048111350564,355.46616570522497,351.47082290946645,345.78676400287475,343.0648787266315,359.06631039805865,362.75651123601335,366.471072010062,367.47483100872444,364.6477280927669,360.8366782059946,357.14284228223255,134.41991644603863,150.6997427574121,168.22453464530838,186.20553250268864,203.67399406386107,219.78941511252287,233.71515337345926,246.71132511515395,257.6954201486451,263.20760377221075,262.18242315347095,257.23200882334083,248.8679302424271,238.32636504578358,226.92027597966424,214.7461953673224,202.6371574047464,128.08045913021945,128.579400313534,133.44656955828032,141.21646284654165,149.88887556313762,165.2446122899034,168.1337763290805,172.98484425021343,179.16667765581894,185.86077729182193,170.99449703711102,177.78818614134047,184.09496819476482,190.82403595189254,194.71612718703614,199.10041876286783,203.3144284439545,205.77389617359208,207.77796813117675,147.785619236042,148.93429014722466,153.80771951745498,162.80132150230608,160.1793281679969,155.524754729162,181.218356814453,181.6468972423242,186.5442490420358,193.91532804617168,192.24112527198696,187.79417842815292,206.18160912616872,205.85525079830342,207.93647515659026,212.52775597211038,214.60690622497373,222.9146922883771,231.37022595530942,230.71796301014018,227.80540046915394,224.50978738539266,220.27662463703558,213.75252602733485,207.73322362771714,213.711843313663,217.55109887366874,220.83826429888214,229.17745361471356,221.65717945430518,218.431178533821,214.57805239379542,3.2458236044116764,47.68746278648719,-26.426736233145984,0.51545715,0.5649245,0.38787937,0.579672,0.3412331,1.0,0.35261193,0.009553415,0.48026258,0.33617496,0.26707718,0.23733504,0.5182504,0.0,0.32393083,0.48037753,0.90346456,0.6038017,0.048121303,0.4447611,0.007790583,0.00028673472,0.014819988,0.0014082681,0.6070198,0.0021346544,0.36654004,/content/data/frame17.jpg,0
287.93405490451386,101.36732196807861,138.08870442708331,151.30909252166748,0.9993534684181213,303.85744256832027,294.21822869528745,285.6405232301065,280.3371897787337,280.49284530133025,287.2928356675641,299.51525941089596,313.7413335408911,328.6555895768144,343.40145339616794,357.7325622997653,370.74671192743284,381.9748618556337,391.84385028749205,400.2420759159435,406.1324214741172,410.67849725419126,345.18293471455445,358.5509033425957,370.6486603523744,380.3738289850107,387.2480127919523,402.5061798572817,410.33367172609945,416.73129890432995,420.12136176592253,419.7809085155707,388.680767081937,387.10351117714214,385.8507129125517,384.7350678058769,360.4508528250414,365.5237339604267,370.5220049900224,374.35845143493293,378.02246347085827,347.51425701490905,357.4537863039672,364.7002414220413,367.44733053906475,359.9766013823664,352.793701217331,390.50834670981146,397.9969762313163,403.41649024722545,404.3439975414482,398.8917780222469,393.7619923414249,337.09987022487525,350.73857916499696,361.8158909224057,364.7526762875113,369.18501873399936,369.64908623273067,366.87631539522005,361.7081532370076,357.1239174289362,353.004095438625,349.0451007585959,343.55249719388354,340.8710517665418,356.5849259727954,360.22741211658047,363.88408651808084,364.9565716157785,362.1104569014278,358.35932398479383,354.70738982500154,133.07267646863974,149.33546092447128,166.82364115173124,184.72306981457982,202.06652115516687,217.98235887885457,231.56455829368187,244.1360148001833,254.89133102923373,260.49403698896344,259.7887474641309,255.12281283264707,246.89301729940914,236.49548109462546,225.24804552550248,213.186392274487,201.1612215686726,125.11100762106103,125.65611647817329,130.4586360879159,138.04238158958574,146.4084157820536,161.98352969364805,165.19593089341294,170.31825448140907,176.83628704576677,183.7003464323478,168.2593445646964,175.0313263794676,181.30934903432518,187.9568670368492,192.15495712769268,196.50601200461517,200.63509802894959,203.18448227034747,205.30946336429324,145.12583408097743,146.0873888647293,150.98837671461197,160.21657754077108,157.58550529843046,152.86611848932927,178.8782976761159,179.248707522468,184.27104772457255,191.961938381427,190.21978050652558,185.63068540957988,203.72135252243618,203.3554556459295,205.39121630005388,209.93978124814817,212.02989234487117,220.35716586227593,228.85249068845633,227.87857664436046,224.79872905290856,221.48863341958378,217.26214516837015,210.9848963200928,205.2523423694634,211.0328506831263,214.87443780112216,218.16862440405663,226.59345166291578,218.91485533158746,215.6757767441273,211.8535834917501,3.218254537657437,46.46956886563941,-25.572620337868738,0.5011868,0.5472943,0.39903516,0.57491934,0.35453215,1.0,0.35124198,0.011454415,0.48089218,0.35833368,0.22160624,0.4250415,0.52076197,0.0,0.27776715,0.48037753,0.89131564,0.37310925,0.021787908,0.5724333,0.0064207236,0.0003011009,0.023373483,0.0013878248,0.46642804,0.004728402,0.49736053,/content/data/frame18.jpg,0
286.19278971354163,101.88276100158691,137.08021375868054,150.7338638305664,0.999268114566803,300.9720862103923,291.4991872443786,283.0443958544619,277.8453560558619,278.0351437820407,284.85295387258225,297.18803212095725,311.6033443282905,326.7309895317882,341.5209851647652,355.731964289357,368.5821406067204,379.6250647940862,389.40142035492283,397.7678911215013,403.4785008001263,407.744994974154,341.5960285850222,354.83837563894906,366.96475841051307,376.7728865393401,383.717936492743,398.86560261879185,406.6099261819578,413.0058077282587,416.57802762732445,416.48085553526545,385.46829556495777,384.06247533063595,382.9600416125175,381.99505902073435,357.84936282701693,362.98220124042035,368.0393331820122,371.94217322698734,375.63676117718694,344.3170142732289,354.2117541852087,361.4736134057983,364.40558425494453,356.87920519871005,349.6731662939571,387.51796581211346,394.9664066620355,400.35706970758133,401.37363016338423,395.94070431956135,390.81155311968104,334.8139222034971,348.433604889286,359.493827714365,362.49187731112363,366.9348186679581,367.47858563068837,364.86147262870634,359.73087673112985,355.1599933775724,351.0079483706647,346.95988925390554,341.37270958703436,338.5867286744876,354.33205761239617,358.03241896271754,361.69207541638207,362.97184038604684,360.03217167007153,356.27035137036785,352.55153238977846,133.1510350158639,149.40390027017366,166.93430415031037,184.87636062325709,202.20394619696816,218.08647829071197,231.6058515185494,244.02060241907185,254.657124519434,260.1160657031147,259.1697240241431,254.18427711973092,245.66431261359358,235.07263004844427,223.6577932362401,211.49506661442302,199.40901678376576,124.5132710455238,124.93695020758847,129.7058164428197,137.22897996854755,145.52479531458803,160.64294756046257,163.60097148410796,168.4092865915065,174.65691951339187,181.4876928008922,167.04089912137297,173.82390035296368,180.07175968269695,186.69636706202039,191.40506810700026,195.68098516003158,199.72980436028013,202.20099211361924,204.2459724839253,144.5380613974161,145.45032869527685,150.22419746581437,159.33160947734007,156.82214262571452,152.1955898948857,177.45763310804216,177.79104561740917,182.70559452144624,190.22578509650447,188.657856843077,184.1533756769146,203.38201091761567,202.90263003430135,204.7978470038761,209.32143267987195,211.34579915469186,219.63346920887054,228.09796379226918,227.3322308879755,224.3668918345773,221.10293161110803,216.9037883811714,210.63670055635467,204.89864162150172,210.5979309077311,214.38909797705475,217.64509080054268,225.86865508978372,218.3131125464728,215.10578662896006,211.30888389415594,4.278871273998221,45.310895496671904,-24.47066268804891,0.5004366,0.5382918,0.54388493,0.584502,0.37264886,1.0,0.3740391,0.0027165909,0.47957233,0.36405203,0.2518318,0.41064048,0.5242534,0.0,0.24681187,0.48037753,0.9215079,0.45405835,0.03361613,0.52187,0.006986974,9.588797e-05,0.00737834,0.0007040759,0.44379228,0.0025124121,0.53853005,/content/data/frame19.jpg,0
286.18253580729163,101.88377380371094,137.09955512152777,150.75127029418945,0.9992658495903015,300.98248826481256,291.50377801135414,283.0421715157501,277.8391173102203,278.02846060652934,284.8495636049401,297.18824436435654,311.60702460989785,326.7409292314693,341.53501034230396,355.7480887833585,368.6005684903629,379.6454687610045,389.424365793842,397.79134983677216,403.50098001507536,407.76714740043735,341.6096149517337,354.8553458092674,366.98188891707275,376.78930585046555,383.7329905084083,398.88331159447705,406.62571520653296,413.01997395415736,416.58998620169405,416.4900856804675,385.4807051100329,384.07405401482146,382.9711910777361,382.00576279187067,357.8562863019444,362.99045066072665,368.049223282389,371.9544656653745,375.65087121132655,344.3281652986294,354.224214966451,361.4860016456529,364.4165642967707,356.8887446321438,349.68257445466736,387.5271077136539,394.9764949561111,400.3682010255784,401.3855797389958,395.9501287785823,390.82023431795506,334.8233342666852,348.4437432960313,359.5047581191794,362.5023991451003,366.94523895790934,367.4889716706878,364.8702086280221,359.74052981881675,355.170153755056,351.01779640763755,346.9686013092029,341.381202356871,338.5948997244785,354.3418420345633,358.04231800110495,361.7020088924669,362.98230981954737,360.0436171098214,356.2815672710224,352.5622218050586,133.1157842444196,149.37412233655877,166.91202814094376,184.86107338131032,202.19401329168602,218.0824768474372,231.6085976838134,244.03024898001055,254.6719350044279,260.1306439707006,259.18100136892326,254.19280067509987,245.67022413122,235.07590594163793,223.65860801297129,211.4941749503262,199.40793709328662,124.5049550517422,124.9322413879436,129.70542683149398,137.23329232204804,145.5324539927693,160.6522927503429,163.61346172952346,168.42242913526388,174.66907987583687,181.4999950139471,167.054411992298,173.8373285151638,180.08461003614602,186.70813859303541,191.41454757377352,195.69201509364655,199.74184097249042,202.21442469877528,204.25929617730034,144.5333301722215,145.44915323974868,150.2265061470286,159.3366142074886,156.8255043546692,152.19536589059555,177.46830541969075,177.8026298191674,182.71857650406045,190.23924732404913,188.67246426545552,184.16658954200528,203.39459867063613,202.91619755614283,204.81096486240722,209.33567673756633,211.36023385214202,219.64887173347122,228.1131900457065,227.346872717744,224.3821616639576,221.11761965563826,216.91689169427244,210.6476137282495,204.91174955446385,210.611610723352,214.40386254379754,217.65992945123352,225.88299851771342,218.3273382545105,215.11939396188663,211.32129798790572,4.252829853647522,45.29854592696382,-24.430468926601808,0.49660805,0.5645701,0.37243465,0.5776617,0.37521115,0.0,0.35261193,0.012837882,0.47980213,0.35182196,0.24995573,0.27920136,0.52374893,0.0,0.32488647,0.48037753,0.60739887,0.5777388,0.0670177,0.534064,0.006978582,9.604298e-05,0.0073817377,0.0007043753,0.44378033,0.002516666,0.5385423,/content/data/frame20.jpg,0
284.2146809895833,102.47767925262451,138.95081922743054,148.28757762908936,0.9993901252746582,299.94403616412944,290.69861785809775,282.46234110977286,277.5204933918516,277.8881904972643,284.81151595619235,297.1199909818327,311.369977680561,326.27316730086096,340.9003371629207,355.0686284194478,367.84855323177874,378.8612261167543,388.63764358438596,397.0081676077257,402.79639442542975,407.09467244286077,340.1341076292339,353.2716468816426,365.26851517955936,374.98328851735346,381.9525752858367,396.92941542877804,404.8604651713507,411.50565357860796,415.3078512036162,415.50959466432505,383.5464557496125,381.96069975305204,380.7082378266937,379.6028648185368,356.0139409383793,361.1537376938419,366.28753125290257,370.3656956043807,374.21445512374316,343.0038476364399,352.8620772161675,360.1525402953313,363.1123706739826,355.5978960937463,348.37010596076453,385.98045491268306,393.5691527586804,399.18181259751304,400.49829447701995,394.90800343891465,389.54007461382446,333.33581650101917,346.9486795109415,358.07054481103705,361.18783712216737,365.71617756566616,366.6463442109899,364.24740965446495,358.920347111595,354.12803572807616,349.8410322650184,345.6682327193773,339.9322899240466,337.0559368550798,353.04006774694324,356.87978004628656,360.6895081826824,362.28614629851563,358.7988619321113,354.88760977458594,351.0339023910512,133.86061282966932,149.93438332293022,167.17669296599416,184.74575255880086,201.64049728226553,217.0390354565576,230.16323191555,242.33738542169704,252.95889596868085,258.56230706676706,257.8724910109561,253.1298173644709,244.8045082285189,234.36887403655965,223.01644781175514,210.85639015016318,198.81660854369125,124.47211745886199,124.83831774255702,129.64558673689888,137.082250452111,145.19097783801442,160.1708460950419,163.0842471587648,167.88869221133632,174.0937699565825,180.9933729788454,166.69379096849968,173.40212430469495,179.59711010404635,186.13417733794438,190.7192723820558,195.0076864902045,199.03558732975898,201.47089107437978,203.46879938363065,144.923782566358,145.71782196040857,150.3971067318122,159.4982759709439,157.1508034443521,152.59570316954222,177.2342159386411,177.33184742782805,182.1583112714427,189.7726234625119,188.3426005627175,183.93282855133396,202.3824223556078,201.73920001321324,203.52753737245382,208.02412239187595,210.0736942517873,218.37236022632294,227.05577169463982,226.46299317218802,223.6261222562357,220.3736837815834,216.1768025090331,209.8254313221405,203.90774334669436,209.3785750189428,213.16132059059214,216.40839225008654,224.88785413604865,217.46690638597534,214.28983666332329,210.5080986953103,4.808744310718481,45.089757153404854,-23.950953226777965,0.49972287,0.57907575,0.4254159,0.57897526,0.3570408,1.0,0.37686867,0.00936749,0.4789278,0.3554317,0.26929608,0.31250957,0.4926426,0.0,0.2568675,0.48037753,0.89074945,0.5611274,0.025546666,0.40516812,0.008665481,0.00020599471,0.019873926,0.0006682987,0.39763284,0.010235912,0.56271756,/content/data/frame21.jpg,0
283.71085611979163,92.85867691040039,134.42116970486114,151.19813919067383,0.99949049949646,295.55367428555667,286.90168778023894,279.4567870776226,275.0146430299015,275.16566664054324,281.0472480983084,292.34384499573173,306.20606293146216,321.17456169808474,336.205298105878,350.56049926179526,363.6236177877686,374.91674862715627,385.0433049069052,393.7127866240394,399.6933318792594,404.36636757228007,331.3479340940157,343.7701184685345,355.6923685813613,365.97011204157343,373.60147422979435,391.5285103750234,399.6571788932588,406.55385573779085,410.2935539184582,410.34703178737027,376.60105817087924,374.69739744108074,373.0855020146955,371.57846430660584,348.92288146711735,354.2791793963088,360.16123669355466,365.31764959724524,370.00260290635106,334.11851487774015,343.61351861397816,350.47833043510286,355.7611598299254,347.979708136407,341.0412763774423,380.7700933375545,388.31361988344906,393.44885793024787,396.4355725762862,390.23012827922685,385.01926419859547,326.38080797284647,339.8471301642562,351.38857351084107,355.40273374107755,360.6768412145093,363.4951627570431,362.9261668834456,356.51617649688114,350.6466640586723,345.2053693022383,339.9767315355489,333.1338191450707,329.8477744293291,346.87649052217193,351.54978576400026,356.3227693770382,360.77337174189233,354.829941966168,349.9143308760529,345.10830345543945,128.8239661319219,144.54762756170453,161.30279543307188,178.29133553339534,194.57390287687758,209.79649451893465,222.33305880863008,233.27274905918375,243.07812450398433,248.8895520819451,249.2284471230164,245.2336124644171,237.43056955446127,227.25384465309799,215.97768181701122,203.96856396262,192.21791346252576,118.59355247824033,117.60976516639766,120.73910188224636,126.8831682935604,134.46774140193338,149.29398579288977,152.72125209633373,158.32366718239086,165.5902659650435,173.3276268048603,154.66539162559388,160.85661481090006,166.54141501432264,172.6621652910817,178.08229059789073,182.64326609320324,186.96637592082698,189.66382342072575,191.6559578503361,137.72685792888,140.58895129637267,144.11862041897302,149.09873479505904,147.25773347324366,143.7226733056175,167.34273951437876,171.07236395694872,176.11513774101786,181.5708969362122,178.65250851379096,174.03507033827827,189.76026743183957,188.75591087698967,190.31731324575094,195.07388039670423,197.32818075112073,206.13153558034037,215.90242347732283,215.28641682593752,212.87338074656827,209.52003178063978,205.16807959176458,198.06097355142037,191.18881325467873,196.81094323558455,200.781337048129,204.21228029301483,213.82548147480884,205.69333067673733,202.38346695062592,198.44039065008792,8.896540307242796,41.954074901521174,-24.405380361520784,0.52734077,0.610408,0.48388696,0.47383702,0.4973486,1.0,0.40369928,0.03540682,0.48001364,0.4116778,0.18132341,0.2693087,0.54283226,0.0,0.29374126,0.48037753,0.88176835,0.486685,0.09012914,0.5463407,0.0016964638,0.0178773,0.018028138,0.0040472555,0.89866227,0.00043234337,0.05925619,/content/data/frame22.jpg,0
276.9724934895833,73.1365098953247,135.371337890625,153.16039180755615,0.9988973140716553,289.82267377472573,283.11756667291183,277.7696520448012,274.63819545832433,275.16293718360316,280.5263967933824,291.61132712881135,305.86607258018347,321.09866475105173,335.8886850495309,350.53060625909006,364.28072863129626,375.37008474022355,384.9042087050042,392.8744899861092,399.3968969950564,405.01427714313775,319.51727781921386,331.07107175078426,342.71978975998553,353.2591503952256,361.2580458356811,380.55529467912544,389.5472504354776,397.92548067525524,403.6840473798868,406.08640981821964,366.1804699956781,363.98674334020524,362.04827645771314,360.14327674858083,342.8025922574782,347.4579910981152,352.8651579599115,358.0188178303106,362.8174627458584,324.817974154698,333.6596288902658,340.42947388437744,346.56516797902447,339.1395909622015,332.23148984324956,373.9142681765155,381.2075156612274,386.78390263002484,391.1706548283372,384.38404886033345,378.7584196839247,325.97726389401896,336.3508333012306,345.47804902140376,349.408804135886,354.2576662438008,358.19657179264635,360.0543559478734,353.6258432573768,347.9370920341927,343.06975999034177,338.39350852630366,332.31788006554586,329.13625284496277,342.45986320603873,346.76154524568483,351.18012138462245,357.90286037367775,350.7362513583731,346.2159262485139,341.77241131410864,126.41039695567558,141.04142900964726,156.18248763976015,171.11531034031185,184.70517370136253,196.86672821468105,205.86956217173574,212.8069949949989,220.10833813964948,226.41763977269883,231.2733267739044,230.8945287639422,224.9256173144068,214.88650602053752,202.99916323107126,190.20890787352428,177.4775897967222,106.66009789243842,103.92741554853308,105.6306618812419,110.49074726873354,117.61233718455468,130.1565458273191,132.28459794783555,136.7824764985412,143.5426866713861,151.78994030733736,134.0562712303311,139.31574433394854,144.0512014734115,149.03986434493711,158.58403941661055,161.92441387423344,165.25449074005334,167.97107214188156,169.98268479082975,125.21714707317449,126.68016099625974,128.81077655984205,132.5284975051783,131.77056736126457,129.40987182763683,147.9144525871596,151.47275257003488,155.88695770989864,160.91188672787518,158.26211916903264,154.12174233204973,173.3462288300094,170.1292611507492,169.83515535592426,173.8838288514359,175.82275583909365,184.6039177002612,195.12079343425054,191.87072009283213,188.27266483266627,185.1254030860045,181.75870403997453,177.36076690418253,173.53759971427195,175.7134479975932,178.8956558270758,181.9930290279175,192.51062778431,182.82683818206905,179.65872928944862,176.35637923730258,17.02761831922313,31.039219922696507,-13.007155060972254,0.47564423,0.5558858,0.43984073,0.41562724,0.49762136,0.0,0.36297393,0.01300275,0.48071602,0.3485144,0.31208244,0.5190871,0.5141482,0.0,0.28873235,0.48037753,0.87160444,0.56579083,0.021279624,0.5074258,0.008169529,0.0009959074,0.011538765,0.0047416477,0.20625706,0.00036568652,0.76793134,/content/data/frame23.jpg,0
277.95391167534723,65.11126756668091,127.48147243923609,143.70607709884644,0.9964941143989563,289.841559642031,284.10052224108784,280.12845757754,278.69412459150186,280.3827361983775,286.386128676949,297.49670959343547,311.0994851556809,325.2661916686016,338.8345825447765,352.5060272622318,365.5382369990217,376.06454035812885,385.07344631319995,392.2532031181711,397.8200943286201,402.67519863952504,322.5106320669073,333.1158549745235,343.51425583273567,353.04342642278084,360.127581414691,380.49232995294045,388.5352680348963,396.0441269633581,400.70495432891676,402.8626094402498,365.707331228316,363.8415180993763,362.16184121736933,360.5258075240794,344.22022501093875,348.47568259867796,353.21006405242764,357.6559646454774,361.80135834608006,326.23674896323405,335.27674786363457,341.7611070918146,347.51217132521026,340.5004500475933,333.8427206677199,373.8819286612554,381.1110435896884,386.4640564509091,390.597249382551,384.2271528739594,378.7525640268356,326.12856093147684,336.6849447879416,345.92884659841604,349.5465750291232,353.9589055198768,358.08951850795586,360.25274465279915,353.78537090962965,348.3483402847319,343.9612130673495,339.59568131381417,333.255218180887,329.0550906178448,343.0863552330444,347.14070056679464,351.19365828149716,358.4954433333944,350.5944638193544,346.50958058789377,342.3258988802325,122.2168705506364,134.9944830281409,148.04297416175788,160.63208116128885,171.4628589754538,180.86262124097067,187.55025638098823,192.8908937360348,199.3972030418185,205.47701992427795,212.0570683341257,213.80829496569908,209.76998434094517,201.24772152525395,190.36413195799716,178.86208572048278,167.6169134653581,95.97986724282364,93.15565647357377,93.890709119152,97.55990279854169,103.64199126477561,115.47908069103698,117.90192008105687,122.6970021591514,129.70662659020735,137.31908412890903,118.74093108996149,121.91967852591449,124.64364666728808,127.43199005381821,140.42962237966984,142.6027674310397,144.67587028839574,147.81817987602048,150.543186162015,112.95110603116504,112.94951797825482,114.71039627120486,119.15908238100978,118.0970398764914,116.03533605264622,134.01406849893954,136.73031222761392,140.69199544495257,146.54242348082755,143.50229404841616,139.59704067235316,154.56384832821328,150.23390129425832,148.92648662745722,152.46346590824422,154.41497222237788,163.3667288300004,174.32910432319122,170.12187420635644,166.27435606133997,163.48209650549728,160.5289553693911,157.16559292812812,154.6804905575022,154.97281563689734,157.63109286468392,160.6714998209049,171.68401461568817,161.2525524488306,158.23138714340527,155.43216893500454,28.193176532878795,30.537992690923765,-14.981529756634862,0.5133564,0.5144182,0.34651965,0.49796706,0.4408309,0.0,0.37960744,0.04322746,0.48000127,0.46023577,0.31203973,0.2668079,0.5529714,0.0,0.25756797,0.48037753,0.91938907,0.54066753,0.13138142,0.6949104,0.053622723,0.0074539813,0.016595315,0.13352832,0.36074582,0.0057348018,0.42231897,/content/data/frame24.jpg,0
278.03415256076386,65.03479242324829,127.39900716145831,143.70630025863647,0.996586799621582,289.84712825660085,284.1087466870985,280.127602354506,278.68696888264753,280.36545604664195,286.35576281514193,297.47192945763567,311.0879213932699,325.26445062269386,338.85458654992,352.5517029325274,365.6065151571485,376.13493171226855,385.1326992941848,392.2955793845623,397.84392623037104,402.6845451481606,322.4965420525523,333.0865330137024,343.4824677193404,353.02027691595043,360.1223483616281,380.5009636214239,388.55402840994674,396.0666609941039,400.73207988672306,402.89248275503644,365.7212046192108,363.8693161982715,362.20202251197793,360.57763201753306,344.2505725876852,348.52113615810293,353.27068601030084,357.7257004139062,361.8778228056769,326.2382677646526,335.26951299291557,341.7601933973978,347.53065214369985,340.51050688169016,333.8449193942914,373.91173641486944,381.14276412430706,386.49406875934915,390.6326438567124,384.2730833771986,378.79570050755746,326.08978201730076,336.68299534324353,345.95482839134536,349.59251334927876,354.0222113749437,358.18140549550975,360.3941987732273,353.8874579381596,348.42731240745724,344.0202685827589,339.63978999508333,333.26307954537316,329.02952948569987,343.11803727684,347.19173337397586,351.26605647032176,358.62684218021417,350.6647847852296,346.56056102163694,342.3587720694894,122.26462435681131,135.01667305304238,148.03918967900785,160.6093212355804,171.44185296492856,180.83197815088158,187.49953914399072,192.81616352764382,199.30370379673798,205.3897384405339,211.97710520680937,213.7383254305044,209.7035855137966,201.19108448443666,190.3200693937369,178.8299491158229,167.59472971348544,96.0330742579022,93.19344622893826,93.91832412715377,97.58053400500836,103.66161946651508,115.48736933796917,117.9013317146966,122.70493198240396,129.71406878287314,137.32385540856222,118.75022697305843,121.92382972879494,124.64863467291411,127.44075980270966,140.4607324564704,142.63101313201105,144.70265963673705,147.82902159953233,150.5419341160116,112.99717002450433,112.98732819264157,114.74000683693404,119.18342689449119,118.13377368414245,116.07929770696396,134.0326080715357,136.75206296501824,140.70214770969295,146.54205946685312,143.5073010607794,139.61217639440252,154.58074438824696,150.25869493187565,148.9619269426982,152.4916652497463,154.43405740912067,163.3532856309708,174.29419571557838,170.0674604178111,166.1997900938942,163.41412511169733,160.4783914661101,157.15569652116284,154.69999758226442,154.9731842216883,157.62179334377237,160.64978838131793,171.6614671472572,161.23485059502883,158.22313697959356,155.43635162175906,28.13600554085613,30.561100229883888,-15.016655571780285,0.5294941,0.5282083,0.24218185,0.508899,0.42407385,0.0,0.3746358,0.036548145,0.48114106,0.5059321,0.37425965,0.5212542,0.60147214,0.0,0.3779561,0.48037753,0.7907434,0.48696414,0.06797482,0.6732334,0.05373876,0.0071341903,0.017481701,0.13037096,0.35429662,0.0057030506,0.43127477,/content/data/frame25.jpg,0
288.8640407986111,61.66784334182739,123.056884765625,137.6604723930359,0.9972620010375977,292.2979142138105,288.2484727185735,285.57771096119427,286.1692462396391,290.6452344212456,300.5478755147704,315.75431423814115,332.5254516384208,349.1100322485562,363.3983899254587,375.41666644765957,385.3214663302401,393.6039990072383,401.0304302838737,406.2776218554234,408.63368041507243,410.37327546735133,334.1609275806886,345.8261374759304,357.7226602646364,368.77650700703884,377.00262070438185,397.3337563359261,403.73970316414585,409.8253319738416,413.08644746035355,414.0859495622343,384.915180753013,385.4932537539825,386.3095763275029,387.43408634660915,365.76951323883765,371.5354640358869,377.7858303584292,383.10490935937895,387.9243702336859,339.88895556793995,349.7846476745727,356.499175798149,363.11670856944204,355.37046143274034,348.68916930669036,389.9436380081508,396.3562605899842,400.7176643347033,404.1996113876561,398.24508532038766,393.89209026827336,345.18530451399715,359.0598393136854,371.7423336279559,376.6826768431401,381.99876258583237,385.8541382988903,386.15487213756535,380.776380898703,375.16548875638495,369.8502891756768,364.1189774659621,355.2090716429449,348.11798867670836,368.33239215933435,373.72145826454044,378.6253014522235,384.95511711976366,378.02851074090063,373.2250598597733,367.83918393771,118.0203451770185,132.67300404558972,147.70400485015574,162.4581194196636,174.9677432233222,184.86325809755812,191.44019480373453,196.41211492428596,202.80272130393627,208.00461030560922,209.94479304611417,207.20893530631866,200.43749589087378,191.45173460201653,180.9124919700326,170.03690163385653,159.8321654583866,89.20784427329075,86.56093750421162,87.67571943398117,91.96622775841018,98.21975472536252,112.02865938388294,115.1173966719964,120.55106626373617,128.09838480437097,135.4891579073901,116.49841120052622,120.80048147728684,124.54684942005463,128.6523640456169,138.11862697787075,141.95982409918287,145.38838481571503,148.1027383580294,150.10853647033576,108.32235580904131,109.57778641505595,111.49137444979326,115.52574503739768,114.32451800607794,111.91967622920347,131.55497285521176,136.46437917090617,141.33042262684467,147.1429658517697,143.14957533280835,138.3988313972472,151.20775148791773,147.97280731866994,147.898940794172,152.19167683136664,154.57435963551615,163.7959286283458,174.7022294003935,171.57017848374545,168.09537980413114,164.60657976516785,160.6382380916241,155.46967862679804,151.958616229545,154.99993400526415,158.52912333821445,161.94042358854495,172.3856542802588,162.15352585323552,158.58516816058744,154.90730053919157,36.3404261922748,20.378749593187496,-25.273044369422706,0.3991414,0.4126371,0.2826867,0.39740777,0.40705144,1.0,0.22115597,0.1877888,0.47392857,0.61772865,0.4316387,0.31034818,0.42895135,0.0,0.25516757,0.47840774,0.7213282,0.37947318,0.016449217,0.39851868,0.038075868,0.09045456,0.14094819,0.32261345,0.15135074,0.0030225415,0.25353467,/content/data/frame26.jpg,0
303.33097330729163,69.6272234916687,124.15904405381946,143.82480669021606,0.9986370205879211,300.0856097947353,297.6427249967577,296.37136547947966,298.39444061313714,305.28596435088104,317.7550442121662,334.67400904448124,352.6892705021653,370.4730967618871,384.59291215456085,394.5672419702041,401.8407520868316,408.4217414304122,414.19328623341454,417.5866267054772,418.4223034831843,418.5951790694386,351.4445971425898,363.77233410972224,375.4904801781659,385.7968381057963,393.1029070579189,410.0224634014633,414.423152640725,418.662673072498,421.06636896563566,422.2219453033398,401.2612253893228,403.61038909068816,405.95562310006005,408.715995120934,386.1385052790343,391.8399225681124,397.8615377445902,402.2565896246571,406.0108342438522,356.97740801341695,366.5879789972992,372.83365862746365,378.68120490807655,371.7844205780732,365.60063874038076,403.67854147146375,408.01929776425015,411.226656818646,413.5294460396284,409.19709434987504,406.2732389123541,368.89383378952255,381.89839847960775,393.70183532375114,398.1095404005508,402.6442506536608,404.38156542651393,403.4421632970543,399.6614601233906,395.5795594317299,391.2683375518049,386.3738958868695,378.2182522149375,371.54047105992777,390.4591604771738,395.13330278598687,399.0529133706111,402.7308684719447,398.028426208488,394.2282185949827,389.7031988388826,120.55923155110133,136.388540114544,152.64603594156637,168.75271183582615,182.66287507450625,193.47854988850682,201.519738709343,208.70272188999678,215.13281929075217,218.31771120558363,215.64479026229063,208.73112471615852,199.00012718955176,187.7663619514782,176.14221987632175,164.94771040957494,154.5906265363438,95.80842400917724,94.13361139896523,95.89977391729614,100.73878069288745,106.96343852831757,119.18768160461322,121.08972453948304,124.58562277156727,129.47585184783438,133.96980440545258,124.54819811326361,130.47518692376934,135.9628526288555,141.94612244694213,150.61370622895714,154.20594878136654,157.2340027796236,159.00889651805767,159.99067142584408,116.12934223141224,118.10117320419633,119.84459854522771,122.86087375465637,122.4578385772649,120.28969788639151,136.4610491041134,141.5364160515985,145.62361462644407,149.4597243997844,146.94664522139584,142.9646224867088,164.5530952659442,162.2628563701763,161.86525795251916,165.82444321017647,167.72643470928722,175.8407137437703,184.40006640153766,181.9705600444957,179.19787430289895,176.1406973778531,172.66423671912366,167.9954643035581,165.21954839629137,168.10173058180902,171.32012775010256,174.17316643452776,182.26489603223195,174.1461112252538,171.03281788705607,167.78911432529716,36.31086038534146,15.67816794694667,-33.94871862552574,0.33586478,0.4692011,0.21480104,0.40062895,0.38158864,1.0,0.3107477,0.5706333,0.473467,0.5552007,0.7030933,0.3353725,0.50917137,0.0,0.35950524,0.46486872,0.30633995,0.34155914,0.047766943,0.39444202,0.03643696,0.029931871,0.21160588,0.33258,0.22732805,0.00273586,0.15938145,/content/data/frame27.jpg,0
306.1863606770833,84.41561508178711,121.15768771701386,141.71125602722168,0.9969152212142944,304.84385140421125,301.312948948459,299.0993221104268,299.9995021967652,305.2973579057655,316.52050415510774,332.53584239851557,349.36324486276663,366.1346511116321,379.8224695901943,390.621442860894,399.02103734439737,406.2045981683403,412.3711554142344,416.49048818755665,418.59753520754566,420.33923086839377,355.94211852599506,368.26784895716094,380.1089326256234,390.2939797908491,397.42365775100524,414.33512295619227,419.5096212680894,424.1397668336233,426.202965608928,426.3421123271494,403.77466954076533,405.03952821064576,406.3975365265383,408.1456685339824,385.9170917938961,390.9566092748963,396.0315317301642,399.76841374795566,403.2515009902851,361.2389935790377,371.4134182383852,377.88971072724314,382.29162445607903,375.5588612933317,369.24067993920096,405.7221762530035,410.819073510508,414.4199712354923,415.90804443251943,411.3597367605548,408.0342639899869,368.7264614580818,381.14963412232026,392.3034376060716,396.1659753541799,400.49563982547784,402.04798526465544,400.7444578353042,396.861749489202,392.5776563789999,388.63228741139096,384.30752875387645,377.3654576270215,371.3792802614789,388.36835665703745,392.63138720310326,396.31453839679136,400.49196046514027,395.94788963235226,392.3018361214068,388.11524099216115,131.90353483537507,147.3660871979819,163.20340724411983,179.02116991898674,192.8064255626321,203.68216873745533,211.86332273986991,219.47314202011225,227.0778629029722,231.5736662042793,231.36256417190785,226.98444972150898,219.38153304289168,209.5569111510657,198.9551232137196,188.57239405217467,178.45202456825507,106.7730754845771,105.17314415849906,107.24504973967154,112.50843298446222,119.23958199257109,135.40906820295947,139.08424744924946,144.25400719101486,151.27875749768714,157.47316334558542,139.7340295800518,144.39110644150014,148.4761491982327,153.1334439832272,162.42995096687392,165.76101879778992,168.78656795296092,171.8683616550004,174.45835766122855,126.46842530221136,127.17425939628319,129.98207252089836,136.58570331256908,134.6747672121711,131.41753998747907,154.5243992985063,158.26519887213925,163.22397314529047,170.09527486752563,166.562085481536,161.62081604393023,176.0348267301677,173.3969889035721,173.10891424749926,177.46366526655345,179.90205743650273,189.46374189990655,199.1369829469893,195.58809292969687,191.52453844821406,187.8142126951181,183.80310176841948,179.02880231109197,176.57065511828333,179.3395511519449,182.956798210881,186.42283673671506,196.48198490813053,186.68474029529025,182.854962030959,179.065950673729,33.21254349561391,20.17374650872582,-33.66469993557611,0.42878595,0.46466312,0.1865728,0.42420796,0.47357664,1.0,0.31121707,0.88829345,0.48095614,0.59907913,0.41284847,0.20238999,0.5240798,0.0,0.46164334,0.46486872,0.045348525,0.5787894,0.32392967,0.5945979,0.0144135235,0.0031273689,0.58791435,0.12406852,0.13832434,0.004682012,0.12746987,/content/data/frame28.jpg,0
292.91642252604163,85.4751091003418,131.0756564670139,146.757568359375,0.999496579170227,300.6116093484394,294.58339655883026,290.0341655802491,288.9625088490444,292.73333028178024,302.3286980278688,316.7686826852005,332.6509046876337,348.56239210100904,362.771552127687,375.458485660149,386.41569484660283,395.63373245969996,403.85662013773685,409.95195022919796,413.75793371727923,416.71930358964016,343.08895724052564,354.96526618188363,366.7467144637427,377.3451809370133,385.33668502344517,402.9101864050375,410.0391796283831,416.7622149956412,420.7248650039197,421.581602561404,390.7699954099953,390.16342043270123,389.831696789735,389.7305799663474,369.0064597547636,374.17955151245695,379.7472119688231,384.44292483167374,388.70532486680315,348.03624451920916,357.302578457896,363.9737013108737,369.53437081900194,362.33857520138264,355.6573910512787,395.83642797092324,401.9686442367208,406.750914695923,409.89852091008214,404.40410795642526,399.6967645070166,349.9484735522128,362.36643402514164,373.1195935977855,377.1290178783587,381.8181281789846,384.64647059335834,384.595413577999,379.438109186897,374.7429316669295,370.2766499686986,365.57211969365596,358.4434308809694,353.1098359790834,369.9886459945177,374.38914349964466,378.6156440708495,382.9897943085932,377.34395279745803,373.15086392030935,368.7542082876374,135.00875943466963,150.62972886169734,166.60589829165255,182.23353326242068,196.0476049929217,207.79431896889582,216.79591010651782,225.03476359877385,232.71764776156633,237.4408520560013,238.08514246425474,234.50294279822262,226.93544077211408,216.94683481187093,205.6874613071326,194.20534317535348,183.17776264207203,115.06472827601537,112.61612241337716,114.21593163796351,119.11072382334677,126.00695311020245,139.8828202044824,142.23692230287708,147.0290021331428,154.01152659336805,161.30916332180493,145.16308550798567,151.1138625240943,156.63069164886548,162.36388327375752,168.80256759474287,172.63526574238205,176.1143961580412,178.37385803224169,180.03254972550783,133.91698010921243,135.14996399277297,137.545639139961,142.18743457694944,141.08646519866596,138.49596722971182,157.76751325493677,161.13288855639985,165.45433376245782,171.06759283615975,168.2226967800874,164.00556995779624,182.6433539848018,180.07155627753818,180.14837273280136,184.10349644995875,185.98919451949186,193.93727285087806,203.11404707430046,201.0072209032951,198.13356328840598,195.2718511676532,191.83673433451912,187.1949021583132,183.2915282531874,186.06981085953302,189.23921917502884,192.19432238658192,201.0525361038104,192.4348382979573,189.4527685007837,186.30683129678945,19.257317241894444,27.433528458483583,-26.22687281677369,0.45584688,0.574217,0.4777067,0.47284448,0.4982489,1.0,0.4188435,0.20837079,0.48091632,0.4392072,0.2008766,0.30400193,0.537723,0.0,0.360099,0.48037753,0.9585567,0.44317502,0.022345105,0.52343893,0.0070847413,0.006767132,0.21289226,0.4300696,0.10752186,0.0050960123,0.23056835,/content/data/frame29.jpg,0
293.06787109375,85.47933197021484,130.8625759548611,146.3085880279541,0.9994737505912781,300.7473220889762,294.60505932335974,289.97369997236336,288.89987094072666,292.62629537548645,302.22654592053976,316.8091061567593,332.96398775225447,349.0547671804319,363.4177967226686,376.16018366530795,387.03286563268074,396.12290980821416,404.2733818687434,410.4102055515971,414.2106357841693,417.1324095357194,343.81224486312254,355.7826064624239,367.76744088800893,378.52417280822135,386.6362390318301,403.986143881879,411.136128193422,417.89058470871294,421.90282260866115,422.8262475284697,392.13097363132465,391.5965464690113,391.34047267352264,391.31756521384443,369.9991234924522,375.2825213408273,380.9315176411514,385.7220754650665,390.126481958637,348.8177079369009,358.22073875372456,364.96295667874887,370.6502750975478,363.3050279764411,356.56635762054924,397.06705504330944,403.2402125315549,407.99627835588143,411.1231832287706,405.57586298063154,400.88683470162175,350.2046923548197,362.925009022237,374.068520161136,378.2212899368348,383.0654066363245,386.01104014487146,385.90142130515983,380.7061789800048,375.83936411695095,371.22438480307716,366.34987830783354,358.9503083803361,353.4059967638359,370.86624775759253,375.43285873951913,379.7959292505731,384.2937236702139,378.4681023792786,374.1358297914009,369.5809603214701,136.49628350076839,152.2203970668154,168.3036889265142,184.00148350622476,197.8311009723009,209.52665154150708,218.49895618810535,226.57162241825216,234.34912880361932,239.44169045524208,240.34871702451804,236.7773090646989,229.1419147407431,219.1475543806101,207.90363343101583,196.43328548048214,185.47986753713084,115.4346899704866,113.03174820455496,114.85993406320527,119.96085971078405,127.00263269898215,141.36344370241034,143.8035381447798,148.65178321011828,155.7027076709014,163.09372261973874,146.1447977297119,152.06255640243637,157.54303270416415,163.25781077312092,169.79855502639845,173.71728988741364,177.26954725280106,179.60741624068623,181.34874944442612,134.43897072130795,135.78201865249366,138.25236161574014,143.0187143440702,141.8286618722242,139.16060733488018,159.0359628149938,162.59997215718278,167.04840408833485,172.73646550833848,169.76420953408973,165.43168579087524,183.81468672447272,181.1097751414519,181.2821409561431,185.3997175902715,187.37229160557303,195.58298862290803,205.09865737588788,202.93772732278498,199.9331246341163,196.91958500137946,193.34032843728505,188.52457136124343,184.50308257305605,187.4327363232985,190.71200876718544,193.7959556126745,203.00388582442287,194.0933130666512,190.98094380887986,187.69756916115838,19.297288825528057,27.328108451239682,-26.16820808952777,0.39377704,0.5452417,0.23767346,0.4511646,0.47116354,0.0,0.39332214,0.021912763,0.47958142,0.39521027,0.27739552,0.23071294,0.5207776,0.0,0.2289023,0.48037753,0.9347505,0.5788478,0.052290514,0.5701782,0.006710812,0.0070626927,0.2081532,0.42411697,0.11154498,0.0043843114,0.23802696,/content/data/frame30.jpg,0
275.4661458333333,86.12753391265869,139.24405924479169,147.81441020965576,0.9996927976608276,287.33923822745163,281.04694252764017,276.3306830380661,274.7154201707613,277.0711988535268,284.8292422987742,297.655394418207,312.0338923949836,326.6196327225003,340.87277244232723,355.0095193941051,367.95845536418176,378.6881050835584,387.9515061848145,395.13351828976835,399.95061838445207,404.1383157842953,325.9636031599759,338.1664582093795,350.3923454728984,361.41104762923237,369.71855633902476,388.7943255765248,397.0682137029403,404.35225053417935,408.2686255971669,408.9338902476094,373.3517995709327,371.9995966235311,370.976875393223,370.0540749596114,348.6789221318947,354.04487296395087,359.73090655126964,364.73145027556734,369.37518234313967,330.08297042448424,340.07599633382654,347.0214802339666,352.57391957865957,344.9339010327691,337.8806991094417,379.7746102696882,387.05319168551136,392.2851042295008,395.8645862455372,389.57802348954215,384.2578093378911,326.251841513625,339.57774034543206,351.21738190195464,355.5962831541158,360.74839438888233,364.30730229949376,364.6754371149602,358.47467028163913,352.76033408372285,347.54628908247145,342.4003257625582,334.91346588996623,329.8037768535644,347.52132738519066,352.3979612864767,357.13642304809207,362.75687535280497,355.7622609963905,351.03837872674893,346.127014128484,139.12112646960426,153.62821260528693,168.49998691801437,183.121779506322,196.21760993722836,207.20582097329222,215.5061509484579,222.7960132329802,230.71827023281335,237.09948867527802,241.11716953383703,240.62618214640852,234.92052597960938,225.79082484608415,214.76026033297381,203.3914812091004,192.28482633795124,115.4613043431535,112.59683063944271,114.13562782458604,118.9576837835647,125.8579543425692,141.01314065790433,144.26410834155763,150.11932324183147,157.93471859182756,166.1702390776535,147.05973385691928,152.42846525923585,157.25718982920978,162.1566709256774,170.29574897075997,173.86847515258953,177.30151732574757,179.9617618442095,182.3959555157591,134.9447046522049,135.8663685409382,138.7108972035985,144.56443636095875,142.58496107958155,139.47376198468373,161.79824167484617,164.52558991742546,169.07601957987168,175.5737470880009,172.14664666574157,167.8383380661614,183.78146187122275,180.55699418512734,180.51088746685485,184.60244902875905,186.73837103419896,195.83259082250004,206.6905485292547,204.43673245927522,201.36661285390915,198.35989659398683,194.67575729655172,189.4866845650916,184.75489405759907,187.14609990147244,190.46383827516246,193.63931294761994,204.4667583890835,195.1957662252914,192.057221331996,188.73668124302458,21.259839153757284,32.11054187073073,-21.746302240061976,0.59548694,0.5530791,0.19744575,0.40277442,0.35688245,1.0,0.2097761,0.24373858,0.477482,0.46950614,0.52366537,0.11050921,0.5351805,1.0,0.21073952,0.48037753,0.013678202,0.60911846,0.024665304,0.41283518,0.009631812,0.019095954,0.015966827,0.022204436,0.23225853,0.0030413466,0.69780105,/content/data/frame31.jpg,0
263.20147026909723,84.0915355682373,142.49348958333331,148.6501865386963,0.9998295307159424,279.73896843256387,272.60731215204606,266.80559850890546,263.8359773525536,264.7869665721958,271.26072998101085,283.31511255207624,297.6639273302328,312.4779925069137,327.39596705256565,342.4165059825192,356.0720343250076,367.05946394881136,376.2792009544812,383.7491713827505,389.33605695084736,394.0730610598904,312.2517161137446,324.03494605414113,335.8117275107271,346.3515377306956,354.3286896506928,373.969782534808,382.57925799838927,390.37171641092755,395.215808943615,396.7520897725689,358.6374357557672,356.77132003023905,355.1951468496654,353.63472009040004,333.33031053770844,338.42060437479506,343.92937450916327,349.1132112325906,353.923067791873,316.26309833553,325.6814677806881,332.4274749589206,338.18157986606303,330.63856029019166,323.7323191873629,366.0552654344781,373.4896176916583,378.9691596611537,383.14811740369566,376.50370175524085,370.9657991466089,311.45890347060725,324.0547540101826,334.8798710967191,339.1475765628671,344.3305201739447,348.5812990346079,350.2437745121158,343.3715514207496,337.45384215311987,332.2048401250344,327.16519851692334,319.96340633622975,314.98919052387873,331.3437097032904,336.1908005417232,341.08251510077116,348.1917638303725,340.4244507833941,335.56339974835237,330.66680496825074,134.61159502570376,148.8920840510362,163.5604496433832,178.21479656152695,191.5980213279673,203.3480200463523,212.39205846179948,220.20146474440222,228.3098191214856,234.7808752834906,239.10534654529354,238.4446666846067,232.20244929763126,222.44556900735907,210.84773962169828,198.74664142698438,186.86967190288442,112.3931447008619,109.6247808305616,111.43789193297889,116.68567656387339,123.9060539872725,137.3883025854853,139.91194038160677,144.93304459231678,152.01413370217807,159.97085036103107,142.9455081163896,148.0912546613314,152.73309445982747,157.51325503348255,166.6782304301393,170.05855435083612,173.3022746111891,176.01743184487083,178.25449753192888,132.12899786850872,132.77978438346474,135.4440023163442,140.8895262743771,138.91637528665393,136.08305609942062,157.29416606827044,159.63716657552123,163.7609746304695,169.7120586560241,166.37596506121696,162.53187128836123,180.53597429380451,176.99346542331904,176.7103594407556,180.66229652983696,182.55962865844498,191.3206567819376,202.1353116952349,199.47327338178027,196.18781075136894,193.22329442319443,189.7943915700481,185.23337312305452,181.29119647608053,183.0128300144658,186.13002602527865,189.07183178227524,199.82227829700335,190.4220262737963,187.43233268319227,184.34296137498836,24.83731337833261,31.63228218769718,-15.18194419367358,0.49962434,0.56951517,0.33909127,0.4320002,0.38875377,1.0,0.1842384,0.83646816,0.47706586,0.5024139,0.40930682,0.1535375,0.49590757,1.0,0.27317953,0.48459852,0.013097749,0.5655802,0.008250268,0.4977007,0.011075944,0.008448563,0.0039009133,0.0008257627,0.5067219,0.0019707095,0.4670562,/content/data/frame32.jpg,0
260.07194010416663,81.78924751281738,138.13446723090277,150.5870590209961,0.9997527003288269,273.4567037576539,266.66847158289687,261.1664752680846,258.45084446352257,259.94729318411333,267.28681122813276,280.22507183694245,295.2531203785603,310.5506442106897,325.58615154916913,340.18011426968314,353.18739433017345,363.74338523176976,372.5536299180334,379.51444841988234,384.5074262785498,388.59813206054935,305.83317330497783,317.76063499643067,329.8213479591799,340.8121463272082,349.3141192084544,368.73402582124015,377.4543987370882,385.20398635339984,389.968138018098,391.56198327727395,354.04868341469955,352.48765686171447,351.1961486825441,349.96015333951016,329.36102440644464,334.7370451427836,340.46010188616856,345.7429549793993,350.64936771116953,310.84344372445577,320.0406734106311,326.89113403140635,332.94788172867993,325.32451741983476,318.34472072293886,361.3384860195656,368.4482973546071,373.87650274191253,378.08611844066525,371.69996657816864,366.26400619629237,307.475573446828,320.3997350446748,331.67318680857227,336.2570133078463,341.7138690917607,346.1600013540989,347.90149309324335,341.06588544123645,335.020985652335,329.5668225748688,324.27513201907504,316.53457035477777,311.0933807369791,328.352713549846,333.46802644786874,338.6137238454532,345.654677291201,337.81515327951894,332.72463482247133,327.6126716512701,134.2303528915025,149.11048029709409,164.45491646096434,179.85504317959658,193.89262812295453,205.95015830668197,214.90404272571922,222.73820286615646,230.63293813085272,236.3505340655607,239.1323690972118,237.36221619063252,230.4744238876592,220.41546351310024,208.64276781746503,196.26812298074418,184.1830625662902,111.96353391762514,108.94308470406546,110.50949128453408,115.52447124758991,122.61844946871597,135.42132618272225,137.92940452060913,143.04163696245513,150.28032122810828,158.2451584124774,141.59119986329824,147.23944245072596,152.46954542463618,157.87571908778227,166.13194480773853,169.710734781455,173.2059646886704,175.63740321562818,177.59292203410257,131.0540094381234,131.79436907606015,134.38117676507989,139.580345927313,137.7329661997989,134.98682029941244,155.670290183849,158.18385087206443,162.25116242044186,167.9602278611219,164.6747920986998,160.929991387038,180.75377165457866,176.70281021975478,176.4280679954305,180.3422830259882,182.21734377578997,190.87184232108882,201.72819924157065,199.51756264336655,196.3192090074797,193.37973216952432,190.02802351599877,185.55872320738018,181.50783716833683,182.94052933199998,186.00228735518175,188.90493873975137,199.56777623321287,190.38235137210648,187.46797055824845,184.47480115371565,26.095905926948618,28.55369479266643,-21.108488617163033,0.53869736,0.5345423,0.30605438,0.41742006,0.39335373,1.0,0.17251879,0.951234,0.48167506,0.4471853,0.3307904,0.19026643,0.5111957,0.0,0.31652555,0.48037753,0.1201638,0.6355307,0.033047527,0.4279069,0.013104033,0.0031028918,0.0090789385,0.0004860785,0.37081125,0.0018916854,0.6015251,/content/data/frame33.jpg,0
258.93299696180554,82.0931568145752,135.460693359375,151.7842254638672,0.9996387958526611,266.73249711493247,261.2099031995375,256.96722276367774,255.53069679559968,258.20578401065234,266.8311279977921,281.05874412894843,297.2604761079236,313.65931243403776,329.03835319977986,343.03678416279,354.962620385475,364.3946748858401,372.0720658956925,377.89880065044815,381.7018164199293,384.501305025072,302.1199713951992,314.4084728856187,326.8142892159041,338.21594327930325,347.0976949925167,365.34868576435326,373.98107559001545,381.6156704589506,386.2734908320333,387.97398061803653,352.4914852258018,351.83053346142333,351.4316890613685,351.18787482171393,330.14546178991515,335.8985463620269,341.84227026303415,346.8956563871212,351.5312535992558,308.1198611599901,317.55210022007,324.8199260817306,331.1151602441831,323.29756356160743,315.96935953208504,359.1469473821086,366.27818277016445,371.7491189642202,375.6600587410219,369.49107427992055,364.0279655890615,308.4415541710474,321.8821859655503,334.0766922788869,339.18289505075734,344.9877866204482,349.3883416076063,350.1870400579202,344.05505439140177,337.9393425491438,332.17592263300537,326.32863661118824,317.90750252020587,312.372507820447,330.820244676447,336.3662749615032,341.7296562676678,347.88839223637297,340.5140808475215,335.1473340406759,329.58293463577394,135.75602694469308,151.6101732702751,167.69611574114458,183.61642129624198,197.87257361623668,209.68987787018776,218.24601196429174,225.47350067182305,232.59626802590753,237.50172411038582,238.78810532227797,235.38922104585689,227.24134389726058,216.21479116943482,203.90575469663452,191.3032465644548,179.33360455064832,110.48378209011807,107.19863816614605,108.63962613673985,113.46575682734527,120.32060318609109,132.84106366860522,135.27895093848673,140.2465493645708,147.33416894944693,155.10209735584394,138.62873690255418,143.88701687938863,148.7396020338145,153.9135056516412,164.24421940077156,167.44563563885094,170.6663872211651,172.85211706663938,174.7927190415481,129.6388331964901,129.87036335865923,132.1128995986919,137.22221274457877,135.88544673055657,133.4637410050782,152.60012986735165,155.13079096326254,159.35719757486186,165.22111568391517,162.1366343098183,158.25525665673996,181.11413897058918,175.07105680431704,173.50781430737408,177.47124503834493,179.0731582237575,188.49147931005353,200.32351577182416,199.20038305586604,196.63475332223462,193.9441983746168,190.70943111043454,186.1496119458905,181.59694718440696,181.54261063309022,184.45474580296067,187.28052873923008,198.071887251726,189.2303912692383,186.47457817777138,183.60465290031243,26.371596797989213,25.959888392546553,-22.847712310645733,0.45475414,0.45020133,0.24770139,0.39345637,0.35819075,1.0,0.24830979,0.92720675,0.4774353,0.39931464,0.57263064,0.07634343,0.3979844,0.0,0.106401645,0.47908366,0.53753364,0.532409,0.0036319313,0.3610669,0.001902712,0.0014828112,0.0040528816,0.00023787496,0.083589,0.00040915655,0.90832555,/content/data/frame34.jpg,0
259.07752821180554,82.10144805908203,135.3242458767361,151.7376365661621,0.9996439218521118,266.7337974283742,261.20676390002774,256.9618788045317,255.52586702464725,258.20237838358014,266.8270393085633,281.0471247071002,297.23966183577056,313.632715810934,329.0082842177961,343.00136572679,354.9208389865988,364.350801527765,372.0319463341111,377.8620804134812,381.6662514471033,384.46567305051826,302.08251458400684,314.36276188255346,326.7740497702348,338.1825146567773,347.06658689213793,365.30297843736855,373.9339450259501,381.57148199006144,386.23015183968,387.92026504024216,352.45138483651016,351.7891924805831,351.3895696933934,351.1439201410931,330.10834576112075,335.8607714904656,341.80361523673673,346.8586519370914,351.49556127807864,308.0973742180702,317.5265987469735,324.79076662483243,331.08383517573185,323.271383878774,315.9461834720929,359.10806009086195,366.2404276610804,371.7095326533571,375.6202487808616,369.4523655600412,363.99053215917746,308.4108177938946,321.84822490804004,334.0379680262989,339.1413987954752,344.9453551457585,349.3495952677737,350.1521401910926,344.02043042427135,337.9053367864849,332.1421447606002,326.2957309989623,317.8768940968916,312.34160134307456,330.7839525752365,336.328106902768,341.6911660447519,347.8552832324077,340.4781452127314,335.1112332126107,329.54783630063866,135.71604079855166,151.56616194352154,167.64742744389113,183.56106648250943,197.81212668984125,209.62799605169747,218.188677825368,225.42167553824473,232.5467063983211,237.45300106835518,238.74008360157293,235.34173248752376,227.19623687729097,216.17354619488896,203.86662735022682,191.26867119910156,179.30434198808405,110.50606013754134,107.19778179219979,108.62379784717174,113.44972243912984,120.31147285100978,132.82761274561756,135.25917322194744,140.22365147640684,147.31848895243712,155.10158255570525,138.60867443607157,143.86534585443508,148.71532367694394,153.88627714160646,164.21267496029105,167.41409618450677,170.63433672142418,172.81959103160224,174.7588810489561,129.62714659609486,129.857102534689,132.09679610237077,137.20084007291243,135.8642455993574,133.4449328706537,152.5778031058888,155.10695485085364,159.3318959789314,165.19229941419815,162.10649649344867,158.22674432161767,181.0822786479205,175.03830551540148,173.47495677409833,177.43689963513896,179.03862501410822,188.45461958788854,200.28406620475616,199.16215732782803,196.59830272682882,193.90786816963634,190.67408293707211,186.113883458931,181.5639835931047,181.5069938520457,184.41827857888381,187.2431616053657,198.03232567219618,189.1947590625141,186.43986781666243,183.5704435794957,26.408694210241762,25.971281026410438,-22.828452580858865,0.47239956,0.43701,0.237404,0.39239532,0.3607108,1.0,0.2288862,0.4256011,0.47617477,0.43764272,0.49004477,0.13232654,0.48646826,0.0,0.18555193,0.47908366,0.7432904,0.6175874,0.029045446,0.25935423,0.0018904473,0.0014910317,0.0040670647,0.00023752906,0.08324074,0.00040786748,0.9086653,/content/data/frame35.jpg,0
252.81871202256943,79.72313976287842,138.63167317708334,147.55260944366455,0.9997114539146423,261.95756232162177,256.4303419327292,252.30635676120698,251.0390107608643,253.63141217740372,261.813861984437,275.7485863695738,291.82245216876873,308.2463368874567,323.83741715128133,338.3434152825057,350.7997733737536,360.4855834761107,368.1539847980215,373.76833459780664,377.50559874311557,380.4895442656342,295.1944867518872,307.2371364693364,319.5911333994243,331.2906479036766,340.5856935609247,358.7474911706888,367.92245586168485,376.1496589942052,381.2629150800117,383.31076097653033,345.8747440442405,345.0607411574364,344.50684685687315,344.0554403628905,324.3366533990919,329.8802400701444,335.71063640360387,340.74732477890245,345.33733475591896,301.82598924682475,311.0082677108576,318.4283648551013,324.9776586414239,317.06189770560763,309.5808155144763,353.4124578459281,360.7530480505286,366.5026762670319,370.4968617554979,364.2816533116953,358.48786805856,303.22278269764774,316.18348506866846,328.022657810433,332.8061925438359,338.3182761665264,342.91949426326164,344.3186201005798,337.5770310738286,331.19942098573995,325.6508529281458,320.09970447010795,312.0080172144693,307.0701597592329,324.9924761556283,330.1673241309626,335.2166031718209,341.7909463669499,333.45846922859687,328.3988580321786,323.17540987670804,133.38689653755097,148.6365460244636,164.07298167601084,179.4437991690353,193.25883043952047,204.99267640652704,213.5447144889747,220.66842441088227,227.68710306401317,232.89530100009245,235.16821691649966,232.50514867451614,224.54555786940432,213.32812971226303,200.77869779069545,187.98152631896073,175.80994100960595,108.2852860718576,104.6990122907539,105.65434619000001,109.85047307842649,116.35568370461243,128.4313298310076,130.7809717646984,136.064339034767,143.68520083193857,151.8768218781767,134.15743366064362,139.12571240127477,143.72667193027638,148.6609516523822,159.51873847651484,162.60443304066087,165.6501815284082,167.85035020449413,169.7106342331773,126.82135519915022,126.78599474235398,128.77031212978892,133.59524936192685,133.02015778409896,130.84231036338508,148.402726916772,150.79030970770276,155.03455130215343,160.97236405980993,158.42689664459272,154.54092966798726,177.29976607560843,171.3619005490267,169.8959692523681,173.73585840346323,175.47253650168898,184.77932852169317,196.4219897859033,195.41374448532963,192.7010206847052,189.9882757765107,186.83949068536037,182.39154520884654,177.74561072487188,177.11337567791304,179.95891886333993,182.86729928493003,194.23789452444225,185.8101061533398,183.04217550314036,180.1789547277616,25.167656498884458,24.032862895558832,-19.755314774987692,0.48443857,0.45629805,0.29685485,0.4501549,0.36950204,1.0,0.18390942,0.7715802,0.47775677,0.4507757,0.63629067,0.040421985,0.51691693,0.0,0.25660735,0.48037753,0.050633572,0.37172678,0.07152933,0.6425476,0.001148147,0.0007773902,0.0018111194,0.00044124617,0.05584765,0.0006991699,0.93927526,/content/data/frame36.jpg,0
241.16227213541666,76.0145673751831,136.57321506076389,145.01087093353271,0.9997629523277283,257.9390887642245,252.11327143051216,247.8654869023328,246.11949275271178,247.41226224142247,253.46750271372568,265.08883043881605,279.5436524254409,294.92936272528783,310.4138350733575,325.6669810234529,339.29781356789186,350.0014020646829,358.4864435555148,365.0310420940524,369.55252258195674,373.05908352116444,288.1267351114866,299.3388931851002,310.69101602029133,321.4592012442753,330.0192633079695,347.6548440107124,357.0378401670433,365.36169062747945,370.848232528625,373.6058323774985,334.5252687931487,333.17896430003753,332.143601567446,331.11570666458783,312.93848012249543,318.1065605734592,323.44814360189304,328.3422687934883,333.00934084523453,293.50385256306794,302.62077616919333,309.6506228746156,315.6534199940175,308.25395201874767,301.1328577687718,343.19669486774063,350.7194650094956,356.5522756545936,360.86459467805145,354.47195610260053,348.54266524614275,292.3579711364167,304.4254653861209,315.33367241760396,319.9027914360152,325.0915432545602,329.95136828931106,331.9948050600103,324.6668934143654,318.08433340801696,312.6424014175421,307.382020665472,300.03309537671646,296.18270829619826,312.44905723135014,317.4119383164204,322.2401702826052,329.4767047338747,320.30869909797656,315.3412128512374,310.2681812776012,129.92762762884166,143.78066959578894,157.7839134742398,171.83827568441356,184.7424157919036,196.17007261325122,204.9569803770798,212.07689222068117,219.0105335723658,224.2296649371452,227.67591277927087,226.33158933543612,219.57066229030525,209.10007008119277,196.83665939283298,184.00532025325674,171.54600349822704,103.89622784960457,100.68007991813937,101.46172572853888,104.8811023486069,110.52948352925704,121.77638256910902,124.23584487385966,129.148727801667,135.77375590363067,143.20639867529206,128.50652556056156,132.66252320092883,136.34984192163216,140.33627315311796,153.14583112263878,155.40611499921835,157.7055842379262,160.03247700693237,162.19797130582793,122.67622493601283,122.06268567750176,123.92643816722955,129.08944671716614,128.17390634984383,126.10115834744141,142.55801473068516,143.73352892059756,147.39966286042556,153.25005920734685,150.8766480822937,147.50902507807524,170.72778865910234,164.86671435286104,163.00182094470176,166.46270365870754,167.94050418703904,176.8885926092777,188.3965597162154,187.59621580852186,185.24473106132453,182.93542918013452,180.09731160595618,175.8943755441195,171.06695259282245,169.8883942250952,172.3459740144339,174.95643687359018,186.19309357752323,178.92961270729938,176.42568051368562,173.8763293945134,29.55766809448856,24.02192673485392,-16.457224762974597,0.5189159,0.5344895,0.46630922,0.43619603,0.3753192,1.0,0.20682271,0.73753226,0.47630617,0.48915985,0.2921687,0.43761063,0.50483805,1.0,0.26198056,0.48459852,0.031784166,0.31075364,0.016496459,0.47768706,0.0016873309,0.001710542,0.00118649,0.00057859905,0.20666392,0.0010960243,0.7870771,/content/data/frame37.jpg,0
236.03187391493054,70.41430377960205,137.28965928819446,146.90153217315674,0.9997398257255554,254.03042046977808,248.043739559143,243.74009931313762,241.52996939288647,241.6253223814494,246.02051725729973,256.34095734966644,269.83656527664334,284.64083912216256,299.9843695798603,316.0168897366254,331.1420802381427,343.2348670806808,352.63501161279834,359.86978696640335,365.4004074040821,369.9511563646905,279.5223117105376,290.5553669779809,301.6817105659703,312.53753010767485,321.2037245618754,339.49105132289935,349.4259711394135,358.3398837267665,364.36864078535757,367.6190586768098,325.7289620011361,323.72981698560596,321.96848179819096,320.14238012906776,303.8239586148594,308.5139176851616,313.54407940710996,318.42928357201004,323.0897278715272,285.8077180361962,294.63919625751396,301.79280861826453,307.9716612627092,300.58074867383743,293.32131288341066,335.4776834363473,343.0661632146349,349.3779636678163,354.1986114953356,347.4810748820046,341.1263104210839,284.62054968735094,295.66835183297036,305.355669095712,309.2907056842214,313.94478261061806,318.73826928381936,321.79290621263874,314.0413439290636,307.8499141466234,302.9449879365958,298.2599357363387,291.60956650365654,288.23724914148124,302.64058337112397,306.99234666810656,311.35482732578714,319.0610614779397,309.908929281033,305.44813259977303,300.97586203823636,126.65266965148818,139.84595606863883,153.04396022593983,166.23882797915425,178.59105900831443,190.14738941183668,199.03924735202793,206.19510300347363,213.22131011212286,218.84540274663414,224.0433962356697,224.31991464889398,218.53992644509256,208.07590524102204,195.33170250515775,181.9769779620815,168.92826558858172,101.29759024828576,97.63931111217308,97.61724333099079,100.41802591229717,105.7666928840867,116.24466241788916,118.62003933000028,123.68812684943828,130.73111923623952,138.6711442062454,123.22546259099298,127.30639713241594,130.9091377495979,134.8131097529077,148.4549334760934,150.54095215657543,152.63573385551047,154.99716769149785,157.14320359188852,119.52379653168211,118.09110080429761,119.6526517796426,124.97771954346382,124.42663180565198,122.65301368229977,137.85529563032793,138.36553131089101,141.87259321580254,148.14034741795854,146.0452084736669,142.79527916777596,165.59298091050442,160.49067664095566,158.5669524245335,161.8306094086126,163.25266657942188,171.8681742218508,182.7836274700665,181.13060066899934,178.57324927656632,176.37430954174982,173.75938911082244,170.07450832966356,165.9733316359027,165.15457781465875,167.43186986195062,169.95836155990327,180.63615208103306,172.58824426694235,170.21170105381407,167.83443284275626,28.426985989460086,24.737404237387526,-13.219808380435607,0.4579439,0.5056597,0.61975473,0.49624705,0.2336755,1.0,0.40579185,0.018775124,0.4755603,0.18012352,0.12116443,0.15993223,0.555501,0.0,0.43063173,0.4856591,0.966387,0.3892483,0.2676056,0.5008943,0.0063377256,0.005599833,0.0029509088,0.00066151866,0.18539199,0.003573235,0.7954848,/content/data/frame38.jpg,0
235.57541232638889,66.57358646392822,136.65055338541666,148.34168529510498,0.9997510313987732,252.71799971404238,246.7425893815546,242.4901335602624,240.29616997864986,240.21808403402622,244.3866501180853,254.5757040719287,267.8316300532248,282.3336048432288,297.4995091042367,313.39566734740316,328.36349994399984,340.3411803914083,349.69148286350276,356.91539031392074,362.5110315460038,367.22917541030233,275.7309313218396,286.62453333728484,297.82961970306866,308.7096088009309,317.4507146432934,336.4022726090516,346.5759284750989,355.7354378965483,361.8730705986043,364.94457133634194,322.1124333355682,319.9421862574844,317.9953268386311,316.009994747014,300.58015055007866,305.057612089784,309.9587823206506,314.8425411736889,319.50528905770614,282.48429124659117,291.08308215244483,298.2676681121671,304.5244589365271,297.1013975788346,289.83078392171325,332.0609508554005,339.72121438416525,346.2260245031173,351.1329879163692,344.30071444951034,337.78680075823854,282.3505493711946,292.79100993368957,301.966132299974,305.79361150831915,310.3829790821227,315.2333900006611,318.6601740940239,311.19903264186115,305.33076170027266,300.55470192745753,295.99340370163986,289.4570440811811,285.74094039572674,299.43086168049643,303.69034677528725,308.0136629785577,316.0284671472572,307.22415619963976,302.8784577285272,298.49359161496915,123.5977266059727,136.7477837707113,149.97926910068048,163.1408383586206,175.60719389965388,187.37738080360688,196.26467431429265,203.38570503136316,210.63001594281948,216.623010069278,222.12426274733264,222.61763817025542,217.05741386638132,206.69401536187962,193.8983609041618,180.55188726997918,167.37493318702317,99.63780861988386,95.78828667086941,95.78101336221536,98.62749246620365,103.91078991979207,113.85893077666708,116.57229400848355,122.14050250602969,129.86007718778666,138.4869745774107,120.49744033011912,124.7753235535841,128.57866980710264,132.70205755673584,146.2210746560275,148.41551304517066,150.60538903792985,153.11077065598005,155.35291261289657,116.59840046500187,114.54026101527515,116.12313669470122,122.12199297000198,121.39362760774195,119.6242878491235,135.45032312089,135.39600938347192,139.0240800391631,146.13463315988656,143.84714310495775,140.45262470323166,162.64980779523472,158.20663849997854,156.6148714527157,159.95961729295942,161.41554164044416,169.88044212776316,180.5200672077567,177.9442124809097,175.0141142004041,172.68227340853295,170.0608265485182,166.63603717729538,162.96130275579748,162.782456817544,165.14056852440774,167.6939826271799,178.27282173302456,169.401507219907,166.946025486029,164.54214127218694,30.85002992557815,24.728740006377098,-12.312274584866852,0.43685725,0.50975996,0.7610378,0.4941554,0.25204527,0.0,0.46472645,0.15098733,0.47894254,0.27396616,0.22908588,0.5081169,0.566416,0.0,0.66526663,0.4700893,0.8198353,0.26754597,0.05066771,0.55587685,0.010667834,0.0018790961,0.0008512985,0.00050807424,0.058612604,0.0025830613,0.924898,/content/data/frame39.jpg,0
235.6067165798611,66.58315229415894,136.63235134548614,148.3528904914856,0.9997511506080627,252.70669759964383,246.7341359351548,242.48813669127938,240.29898926208597,240.21778573587218,244.38453122948908,254.57074442629067,267.82498977574755,282.32694052947,297.4945050029797,313.39768943771867,328.372467492488,340.3555411545495,349.7070274109526,356.9289657162403,362.5206897134258,367.23455295112046,275.71489744850726,286.6117310302081,297.8230276612845,308.71181808557526,317.4593778195573,336.4066161418362,346.5772417420211,355.73584077494064,361.8690347978245,364.93551508798475,322.11883832896496,319.94973247438674,318.00351121268307,316.01872948392366,300.585767343445,305.06488286163653,309.96852429231194,314.85294915561315,319.51684507372454,282.47421625938205,291.0771371033154,298.26643058832326,304.5271479169518,297.1014991420613,289.82668079066116,332.0662397834559,339.7265832227215,346.2343995046597,351.1448956578772,344.31310354210683,337.79760487762917,282.3535529816923,292.7946854576759,301.97111101361514,305.8003224354305,310.3905672248038,315.2418962992369,318.66955467900743,311.2046981644992,305.3346363546171,300.5566666057179,295.9937133742057,289.4582659815869,285.742518256587,299.43602558033945,303.6971216608972,308.02224997548024,316.0399197020608,307.228906034949,302.8805342687739,298.4934057315693,123.61741853993344,136.76382138339022,149.99003505594982,163.14551032630055,175.61380496731783,187.38682276646358,196.27678246409127,203.39973051149153,210.64738994285057,216.64247085643402,222.1477362169738,222.64236917564304,217.08234031194564,206.71579273495348,193.91328262039323,180.56203392759377,167.38325684501012,99.69841069706953,95.83599737612994,95.81162915582351,98.65097513735364,103.93279882617452,113.87910203951515,116.59170993119554,122.16115608011913,129.886423079561,138.51658242622747,120.51449468232603,124.7888863779693,128.58750621295974,132.70669043704976,146.22737598674144,148.423497512515,150.61375114112792,153.12035127616167,155.36443463767878,116.61250223587241,114.54891241992996,116.13080411741808,122.13943000518884,121.40845767317542,119.63906915321202,135.4704434721558,135.40719645402538,139.0315779430365,146.1493212823765,143.86202982458778,140.46979104829333,162.656745264792,158.2127840744364,156.62072701441681,159.96764610034387,161.42395630977342,169.89227629388228,180.5349970343472,177.95455477211453,175.02307856075186,172.6906265779798,170.0672627171669,166.6404107753425,162.9683910868689,162.78762165462842,165.1477896362859,167.70258504962652,178.2872634800213,169.41470586438905,166.95830649150193,164.55230949024795,30.809366784524215,24.735161566837714,-12.31417028678078,0.4215392,0.45713457,0.6997714,0.50382674,0.24303047,0.0,0.45310596,0.0041125338,0.48038352,0.23863254,0.20753057,0.1312445,0.56812555,0.0,0.5617839,0.4700893,0.30891058,0.4018672,0.08901067,0.48660868,0.010289878,0.0018421415,0.0008102423,0.00048677612,0.058661237,0.0026443233,0.92526543,/content/data/frame40.jpg,0
235.11778428819443,67.01291942596436,134.4369574652778,148.42133617401123,0.999722421169281,251.57933524288978,245.54219619597347,241.271580942423,239.0798576562848,239.05523402700643,243.2807714250608,253.43224344123306,266.6894005574152,281.2739990032104,296.4350525873732,312.290541350423,327.1870780254551,339.13630587523323,348.3695139754579,355.4368405957831,360.9134032685022,365.54928052359617,273.9724214651633,284.9994548541608,296.487128988936,307.6509272910583,316.5143191595345,334.69329867693125,344.9376308100274,354.1895229316058,360.39359468578425,363.4965116843351,321.08690429229284,318.9723932551948,317.08413934713724,315.16995074353025,299.7495767436758,304.2526329003796,309.1989196920542,314.06192458172893,318.7407857018576,281.0641859361454,289.6662934435036,296.9149293824082,303.28128672433326,295.7562546604487,288.42504808626626,331.1384937596517,338.76261483223817,345.2165110605737,350.0434430499304,343.3147855484833,336.8750721909026,281.69661882712546,292.2327295550547,301.44320365997885,305.22285378877615,309.7951947553463,314.6652273848712,318.1142764949204,310.5429165508156,304.5829791370183,299.78978985327115,295.190919699563,288.6347921498433,285.07356990818397,298.93057434515003,303.14079562285895,307.44185733847894,315.4045307548101,306.4158922477368,302.05853430186755,297.7007198713857,122.66219910537637,135.78862115168874,148.93206582768335,162.00086996155414,174.4174637432052,186.40381546950258,195.68546401827095,203.2646372803963,210.61120509258944,216.5025530393605,221.82523793394222,222.10851317587515,216.37786904458827,205.89165314641036,193.12696330783456,179.88177564283217,166.8590552229934,99.24507458206276,95.23832070450737,95.33492824162326,98.5427305418641,104.28881553057083,114.5990300707812,117.18480839080183,122.71014591358316,130.5792506002487,139.32119632992595,120.96067394368289,125.39496016269959,129.35530388664532,133.63363691492543,146.4478447180491,148.77865515007983,151.08088752217634,153.47660369656865,155.63178432787464,116.33924495737439,114.65669575486827,116.37813107681677,122.16091530519378,121.46312549520009,119.61545094602009,135.70553033627095,136.01449079960457,139.68815157090458,146.47837610748843,144.20201473541405,140.81382139377968,162.4108356073706,158.29632747541444,156.92332791986985,160.29905286202705,161.77816916612363,170.05203769720595,180.351891098302,178.25525727254467,175.5876779715349,173.27683608732593,170.63116804772187,166.87046733830886,162.81141677882528,163.0735981852867,165.47404906054481,168.03877070081825,178.20578707964228,169.72566181510487,167.308278545495,164.8552151646523,30.48381902462549,24.785107410703645,-12.303998531543323,0.45162252,0.5500649,0.53501046,0.5025551,0.2524867,1.0,0.21952832,0.020988546,0.47745883,0.33270136,0.32162654,0.06757899,0.4176527,0.0,0.39483115,0.48037753,0.29988852,0.2802572,0.07097427,0.3162204,0.02082623,0.008368777,0.0023701405,0.0011774914,0.048636604,0.00449153,0.9141293,/content/data/frame41.jpg,0
233.8630913628472,68.54661083221436,134.4450141059028,148.98603343963623,0.9997187256813049,250.61402926511508,244.60417593701868,240.3663499952045,238.1420287868624,238.1509747603831,242.49615771260144,252.73911090835307,266.11901047953023,280.9273672972863,296.23600597195286,312.21079199233253,327.38898142953195,339.56504281649603,348.80962749859964,355.79174936935465,361.2737502985615,365.97692404404705,273.8029303861871,284.868918473999,296.1927306908718,307.23533883120973,316.0987365939459,334.61462133113275,344.9676329122588,354.28481904474546,360.6386874135511,363.979856671094,320.96619869412905,318.9092428504358,317.07824343620416,315.20925427140514,299.5864622049851,304.10757286815834,309.01764955810836,313.8520770925808,318.50891719557916,280.60399619606835,289.3571064627325,296.7611863007289,303.1178892483988,295.49393240666274,288.00385080654735,331.00025621516204,338.7647005398167,345.36506005038217,350.1984645789487,343.3951556154925,336.80858537203346,281.3560653815639,291.96883521229165,301.15882228232465,304.8720566565742,309.36120904150016,314.14208861058665,317.5184556650787,309.9641538035905,304.0240806674023,299.3151844826307,294.7443408135955,288.2399094193295,284.7832470575372,298.6025010245116,302.74679385604037,306.9537564556159,314.758385731011,305.86268868805894,301.60262568818126,297.3059369456107,123.17731108397845,136.6051107754362,150.08776915859684,163.56777944834485,176.3293731843762,188.60443170535734,198.229393427153,206.0607807007738,213.3060388718822,218.80816957354952,223.6711133976484,223.6727970948685,217.71185890072493,207.02121274541202,194.07479594238475,180.61078077622767,167.32315953465445,99.8909473377482,96.15888592512138,96.27598280425447,99.21111728804401,104.66690369091262,115.09139248155633,117.64356310603247,123.08686031180011,130.76928300668845,139.35442849118067,122.24814998549448,126.81690501747185,130.901986054042,135.30661257599454,148.5037830453894,150.68452260369426,152.85520260392462,155.2383055179866,157.3616714950699,117.75656263338628,116.05429146231133,117.80166014373721,123.6464818394075,123.12779120434688,121.26956491418264,136.84135054551416,136.92456568217068,140.54554303943934,147.28240990057083,145.3118980559246,141.98418771983097,164.65963578295427,160.6350346424136,159.10224144974632,162.3975885677549,163.75874055077603,171.9389941509254,182.02398884102203,180.27389214384712,177.86245409745453,175.71567620396263,173.13044437299695,169.2965059581649,165.11558738394325,165.40497017956943,167.73470628554128,170.18783182259853,179.96289834845922,171.74641328914322,169.4552956561184,167.07270424500936,27.385723522386147,25.032673145704848,-12.695201541928038,0.42735827,0.5491338,0.44704908,0.4461529,0.25324234,1.0,0.20730224,0.118598,0.47518128,0.20403181,0.36009553,0.13152708,0.4699089,0.0,0.3729406,0.48037753,0.17902456,0.30022258,0.101019874,0.1786116,0.019019246,0.007204083,0.0019528922,0.00053520576,0.06849869,0.004062758,0.8987272,/content/data/frame42.jpg,0
233.10850694444443,71.07308006286621,134.27346462673611,149.0537109375,0.9997735619544983,251.5320348269015,245.22553152898908,240.5972215198388,238.00531151721952,237.9127087492845,242.2380954453547,252.38995373547658,265.80232552675295,280.701701499254,296.19973315076203,312.29878192648755,327.51435701183505,339.6704905916471,348.92695069266483,356.04981572791,361.644329968444,366.38145302743646,275.1411750119063,286.4005511057097,297.62310357984387,308.4143698032247,317.1056822265731,336.0444088471355,346.22560662808826,355.31337531798056,361.59646139510437,364.94472417465875,321.7204259195598,319.74162012245506,318.0263153629145,316.27298227350695,299.97836532198124,304.5896388099296,309.48840625844895,314.2591226079967,318.89410116784273,280.894647031615,289.9909712961409,297.54053828669714,303.6596984877251,295.90364097094863,288.2647175332997,331.4758492654422,339.6018007880775,346.3744256515289,351.0938938424922,344.12853666972364,337.37711683798113,280.9472544871038,292.0534031710355,301.59918562022506,305.4048971180106,309.9906957827974,314.7893123676302,318.00653892559933,310.25552946438546,304.01921386192555,299.1900637372164,294.4943219404551,287.9183047151426,284.49684246464165,298.72546671644085,303.00475192514716,307.2887120490894,315.2759406594094,306.1872657715809,301.8125152755762,297.39742831025507,122.89930570363066,136.4521301791654,150.26519337969364,164.2169635008089,177.3859385222662,189.9674414133653,200.04907469400203,208.19825686726253,215.58660591437945,220.81295858628582,225.07122533344662,224.5838827444706,218.3004341881722,207.4668378600152,194.47312151943333,180.97662524150218,167.66414045039562,99.56914388388395,96.45258259019465,97.00777275171713,100.12211386046255,105.53191031283932,116.13821087627439,118.60846380594884,123.65575709622352,130.67136027927046,138.705114157754,123.81330227273283,128.33884943590965,132.35803984517696,136.70738481550944,150.67667120967525,152.68926219807472,154.6993158322526,157.13149778745137,159.3486016583396,118.57246109499829,116.8829883072176,118.89195983444806,125.20898568957345,124.56984428511932,122.48706560126737,138.11905463006116,137.75036000382386,141.31624888306249,148.16255829988512,146.4974782283185,143.22351834896253,166.9078916196944,162.74053251727017,161.03296775422058,164.3138627130771,165.59203891046343,173.9180256316671,184.0009808951756,182.77106773376,180.63889060122892,178.56496600427198,175.9531649569515,171.93555239820853,167.41166304419747,167.69787233592942,170.01644905337596,172.41576267636844,181.95686487974598,174.12440421578938,171.88619126356207,169.52207010395358,26.49948844954482,24.554528380391936,-12.830502330603307,0.50450116,0.5710272,0.5427614,0.4711005,0.21597175,1.0,0.2309066,0.6216478,0.48104814,0.13255434,0.39236262,0.024268327,0.5172011,0.0,0.18468577,0.5812656,0.103148244,0.26899233,0.49991894,0.32734102,0.008661572,0.0030727007,0.0007071445,0.00020887349,0.11216951,0.0021068947,0.87307334,/content/data/frame43.jpg,0
232.98993598090277,70.53120517730713,134.45128038194446,149.21106433868408,0.9997878670692444,250.8791642842354,245.02647499258077,240.80871840778553,238.6738661448912,239.1408933426022,244.08831972477526,254.6213664181396,268.22386139447474,283.2033103198543,298.7154777760318,314.6248455391272,329.40293816194423,341.1121161221397,350.06148434318413,356.9463394676625,362.26627821129836,366.6905351988223,276.11415864468944,287.45268924654243,298.8192722701523,309.68783275806857,318.4047346101928,337.30066874362313,347.4268512655457,356.4185782699086,362.53699448684836,365.59783013738326,323.0776053184034,321.1971272078652,319.5962554878945,317.9848180850098,301.46759270974746,306.17654682597015,311.198853483643,316.0724828396251,320.7608925724041,282.01198154547836,291.1458810194755,298.6197996474224,304.7788457177493,297.07653758034996,289.47278912144566,332.4386829836603,340.52924261472174,347.1866474015622,351.9278855489108,344.97011653991945,338.3148889241036,282.77925290076166,293.9076918349359,303.4994268961293,307.4903414704848,312.2176094370916,317.08642553752406,320.17404892958814,312.5402576450246,306.21176576901655,301.2077622893209,296.37810325011185,289.7673635628079,286.36948796352243,300.70901936615587,305.1298291662241,309.5644704057433,317.4812298890742,308.3532162475286,303.79777403336027,299.23558152177475,124.59768564622304,138.48878918841643,152.54756691673168,166.66749220086035,179.84499058628828,192.12459802735862,201.81852672162498,209.58887145354572,216.75293808953313,221.73184006800304,225.43090700098062,224.3444239528131,217.63982578229044,206.62227315667744,193.56383614356034,180.0266669703728,166.79762085921334,100.19129429588625,96.79516363514264,97.22652098061218,100.33286644262756,105.77363017382831,116.60725453748323,119.03865296893002,123.96710647958768,130.86514202669093,138.87330000343078,124.336841347133,128.9327693371942,132.96915903770747,137.30535265900494,151.12450816951736,153.1685195722677,155.26008722053766,157.63045015644434,159.82404601547904,119.05191343460734,117.40846414697492,119.37268863511467,125.59147350353315,124.83326302177903,122.78847786952237,138.4878500166019,138.21117320175142,141.7521604424856,148.36903142760178,146.68226817622576,143.45290988321383,167.58308866840397,162.9903570642344,161.13629316098098,164.48061995822545,165.76276024362625,174.2949974377105,184.68843837532032,183.7617959665485,181.64945981428815,179.53019726989533,176.84053726184857,172.67034759497994,168.02735962632386,168.03649520670194,170.42256792568872,172.84761627498017,182.59982698378485,174.88160628757277,172.5896962154037,170.15951443835306,24.886297184201037,23.907265207906132,-13.186192196424646,0.4645882,0.508918,0.44497702,0.49760103,0.26263982,0.0,0.34895724,0.003211904,0.47788468,0.27329648,0.20100763,0.23865867,0.55960053,0.0,0.39220825,0.48037753,0.9383727,0.29943222,0.34984866,0.28576514,0.0124853635,0.005870884,0.0011750017,0.0002966368,0.10128562,0.0023269274,0.8765596,/content/data/frame44.jpg,0
233.09033203125,70.88355302810669,134.59551323784723,149.29550886154175,0.9997817873954773,251.36976449154713,245.40119341051115,241.09853212955775,238.88838193379704,239.3222178667,244.24322529539108,254.73342722044777,268.30105877414644,283.28217232102736,298.82309810881725,314.76773326111817,329.63878405552555,341.46762006964343,350.49990965346757,357.39617882009617,362.7476824974139,367.22041406334546,276.2621559721887,287.5710744231157,298.8978258804103,309.73822747242826,318.4368583035806,337.0444898896864,347.1959341036638,356.2059377687519,362.35317795415375,365.45409215719934,323.0014565484226,321.0936345420507,319.4639433643318,317.82314660180907,301.5102064757827,306.1642687489766,311.1349469735473,315.97812454181314,320.6611040492846,282.23232615065194,291.2842106845866,298.7355508616887,304.78821204266075,297.15109892437476,289.5864390684864,332.4726409793812,340.48369729137,347.1419118406616,351.8465579169473,344.93983455077745,338.2934730775745,283.1012420555247,294.08784226441617,303.51783992557847,307.44002280330994,312.11811158208894,317.00286034424045,320.22858423496535,312.5508876791344,306.23933823087134,301.29545222963975,296.53132186474886,290.00057593642134,286.6407040561797,300.78020648697935,305.1330511292648,309.52737085941357,317.53146482400615,308.32935589870664,303.81595012843127,299.3200516718922,123.82173164750844,137.75511869572887,151.86646206198282,166.02011343496036,179.27220489081014,191.7160874125654,201.61712204611155,209.61126369816844,216.84646677025063,221.77575533453341,225.35293894895693,224.20783569277182,217.4775843405127,206.40770826326337,193.27655021885852,179.67696074311993,166.3833408071722,100.15979091011373,96.75618812009552,97.21368215216457,100.38863269736473,105.89695470702458,116.65553269946662,119.10548343863687,124.03808232146693,130.95270773836253,138.95579258972055,124.40463069067297,129.02991988862289,133.11683382786916,137.51891144971017,151.15593956037378,153.20522963163063,155.30266882008,157.65956223350747,159.84149997248784,118.99008146269998,117.36206146192507,119.35444608950951,125.57500983073359,124.85607271294631,122.78466757810426,138.49172864317984,138.22842483808463,141.76029980219815,148.3453830077122,146.7078752068429,143.48690856422385,167.7040618015139,163.31907503397906,161.55044658329678,164.87576834850705,166.14394070552243,174.54880746172114,184.7371243529364,183.8226328365804,181.70144478216605,179.59129824187391,176.92774118960534,172.7947978048815,168.15848311047978,168.29114145665022,170.66748032193124,173.05949514730065,182.67923813190356,175.07280953086143,172.81176585704804,170.3903425888425,25.05855355674975,23.857941745060618,-13.352397663364203,0.5236973,0.53912055,0.65644985,0.45914426,0.21115363,1.0,0.18890786,0.5414305,0.479986,0.2656445,0.32444283,0.11644161,0.4653606,0.0,0.18242545,0.48037753,0.44308448,0.4152898,0.067657836,0.28329822,0.009631308,0.0045594345,0.0011806315,0.0002602986,0.09308005,0.0028006765,0.88848764,/content/data/frame45.jpg,0
234.3626030815972,70.05303382873535,135.80417209201389,148.50643730163574,0.9997836947441101,250.35939771493128,244.79436832515267,240.85049902679887,238.85385625895904,239.33108980675976,244.3324543685784,255.09112260035292,268.9318514673056,284.0679103262749,299.5387430154984,315.49022688363874,330.36541453392294,342.12584700800267,350.89334811712877,357.4873101905088,362.68950240455194,367.144542566684,276.12621192826356,287.68570256353144,299.198913109374,310.2726115137899,319.1528546172148,336.39994730508516,346.7982240784963,356.04784751466514,362.37565393031514,365.6915368304737,323.197555983251,321.2874002611131,319.6379935945668,318.0036489355498,301.9956188071259,306.6163782291085,311.5873718141795,316.38493987250115,320.9958792479669,282.59794655408405,291.6123774862237,299.14851699179803,305.17459995549234,297.50915874494336,289.894166762011,332.6538730756346,340.57325994556743,347.25246363419615,351.878932385549,345.12890114670495,338.48839343369633,283.62856282597426,294.6429585589966,304.1288420110119,308.0297851190076,312.71846697198174,317.558682392948,320.6907939304379,313.00566482781875,306.75388012435997,301.8659825088952,297.1532046304766,290.57936595150005,287.1752778958244,301.38429037318156,305.72198390049005,310.1124528751957,317.9291674145376,308.80170769387945,304.34264179066594,299.91855947123076,122.91143721313733,136.72147113209445,150.6161412118367,164.5713036278831,177.6960905583146,190.04131769002828,199.71470614057014,207.54123541542475,214.6545180883213,219.6809904218588,223.40698905594243,222.39257665745558,215.69707880835443,204.67969829104734,191.71136291837246,178.28824626758305,165.07959858295993,99.60908821624184,96.13603677277786,96.63589254239486,99.91952702586872,105.55264879876897,115.69545034362537,118.035122897539,123.1792870811643,130.4317924146295,138.69192268338608,123.22855726587841,127.96885676736353,132.2236136551877,136.79024863474052,149.92304455930253,152.0717599620471,154.28319832280326,156.594101167695,158.7076789675433,117.85545163000876,116.09429081591972,118.10042700352635,124.47482685784148,123.7927133617144,121.69106938800088,137.35126061616984,137.01895640280597,140.5355580796057,147.3156283574432,145.69172513241864,142.46880604741966,166.3132598512719,161.79120543984354,160.13026327246735,163.51584778997935,164.86420550208626,173.33731765587083,183.6944129037594,182.5881413789585,180.2849713559859,178.08151012333587,175.38879919618728,171.3045733378969,166.78447337596458,166.91819383632156,169.33174776778804,171.8170852302016,181.62841107832833,173.6822355038899,171.34421467224055,168.85171797634695,25.408820843944945,23.75221611670747,-13.630298575754924,0.4994508,0.6190793,0.39394617,0.4526933,0.3079598,1.0,0.20757543,0.019585062,0.4749618,0.3502893,0.45267308,0.08231175,0.55416155,1.0,0.23349108,0.48037753,0.22282374,0.39259684,0.045404427,0.20190662,0.008830051,0.0016422875,0.0009553363,0.00032810186,0.07373172,0.0058482867,0.9086642,/content/data/frame46.jpg,0
235.3213433159722,70.65576267242432,135.1694878472222,148.11033725738525,0.999794065952301,251.30008987793295,245.24562611535794,240.84021646561072,238.59920093262684,239.27971224913404,244.71970832508993,255.91036799581954,269.9838372755809,285.22185091228073,300.71264027224464,316.5809035256475,331.60841550654413,343.4710559354993,352.26639257628074,358.8044921164052,363.99188726476496,368.4514226579465,277.01454808596407,288.5811429185705,299.89762633764,310.6723862005847,319.3062434251759,338.56396947653093,348.9361537287459,358.06384579327175,364.2561677210857,367.2991696145707,324.23604272730586,322.3489804767397,320.77452703627375,319.1988341356166,303.2073505299592,307.8427939271976,312.71302498441264,317.3188378675079,321.777154987852,283.1421903197841,292.3487205274109,300.0467853076563,305.8827306494736,298.1385462970715,290.3262922740842,333.66597239229793,341.86337013076195,348.7620678371069,353.3618317307221,346.415483665916,339.53813221841926,285.1150772433323,296.0531174475313,305.4846096798584,309.25596923133344,313.69301424856724,318.4239384552344,321.2690080904961,313.7646486914117,307.49933633011676,302.7525322018548,298.09321595384,291.68417917875166,288.67971178480036,302.72467612858367,306.92941770306163,311.08229793253145,318.56803364771747,309.56196758708063,305.2554790433185,300.8992055152103,121.14505832732988,135.3632822559581,149.74587237771755,164.10604627926716,177.44411045751554,189.81736611053213,199.5627225036659,207.45996959600268,214.50304852410557,219.158461002202,222.72516131065538,221.74252362728885,215.06612363591705,203.89887334260175,190.85886226246475,177.42734066706555,164.24094616024638,97.64163819522273,94.59615738135537,95.4351130256359,98.90295843858453,104.55822067650587,115.26722029041815,117.77268313013315,122.78710472292289,129.84905098949162,138.00070523132706,123.55245020362685,127.97661330981379,131.8821788564345,136.0925827511876,150.06787777918169,151.94200515031673,153.89262946196936,156.30895180784898,158.5514636976876,117.29289550569865,115.50023880636121,117.7115046463374,124.50141058829439,123.8549579428527,121.54082750068488,137.4597550136121,136.84371151756187,140.43980927926776,147.42145017849214,146.0910326778909,142.7964521466256,167.07709591960224,162.2717829141102,160.22230900379122,163.47849805016028,164.7330966055622,173.29083826200235,183.59490517208633,183.11583791767748,181.2113702560505,179.15367565249767,176.53727053199464,172.34274655883632,167.48115994192904,167.14975794910094,169.45210292577565,171.83048931486348,181.51170099468413,174.28812700044932,172.06435532495436,169.65713294748696,24.73113383494357,24.194867637958577,-13.131460608063172,0.48370486,0.5540907,0.42723852,0.48251083,0.25867093,1.0,0.16265751,0.12923501,0.48134494,0.29920378,0.52246135,0.048153043,0.49570876,1.0,0.21630417,0.48037753,0.1310276,0.2909983,0.11884499,0.21460955,0.010564224,0.0040669115,0.0013710029,0.00024218038,0.13253732,0.00450605,0.8467123,/content/data/frame47.jpg,0
235.7334526909722,69.61702251434326,134.7633734809028,149.01828861236572,0.9998059868812561,250.19723363615682,244.30781659927607,240.1478830026282,238.13630323350074,238.828194135954,244.06901024978208,255.1513568918237,269.1484493431238,284.2690907618172,299.6246161583637,315.4831377540687,330.5709133223419,342.49265282483987,351.28115283096207,357.75873642349404,362.89788530390774,367.47235123007727,275.3751290540629,287.0371286801574,298.7556776071777,310.0615674568934,319.1259338293447,337.25678763934656,347.84175517422625,357.229759841524,363.596674997243,366.6902964083222,323.69303465006897,321.7604459033071,320.1098842044189,318.469203044963,302.75434363991434,307.27777077096886,312.08487170646913,316.6785444633366,321.128485748527,282.5133338267616,291.5884387574416,299.13402659124324,305.17290677194757,297.44258376075567,289.77409672530973,333.19672796353535,341.1662836689648,347.81435186583315,352.3390420431905,345.54480155098804,338.90364013896567,284.7566959157327,295.4824638021775,304.81090810879806,308.4466801544237,312.7444376833956,317.2807457550153,320.032044312861,312.4710867510536,306.3158837363746,301.7161835306948,297.2223287369164,290.98612022095847,288.28211928310293,302.2114309141388,306.2236120752467,310.19800843345547,317.251658384885,308.2041113125677,304.0658173763108,299.8847930381293,121.65580307210575,135.76121639947456,149.9280660043923,164.11965426305585,177.3871829244987,189.878327149276,199.65398577466777,207.6166879883443,214.6096690827634,219.2812670001375,223.13740598509756,222.44381769763396,215.94414944738492,204.8708786190721,191.86765172278893,178.3709414444383,165.00722940884532,97.72405471726219,94.30879083766729,94.86361723437102,98.2002285027406,103.96285860684661,114.49415999712907,116.85580610589525,122.10404594757081,129.66765217609768,138.3350382991893,122.13426313127157,126.66719775010776,130.72443822130208,135.10482136157844,148.71611711907372,150.75171075588293,152.83596098655244,155.2274885325338,157.3535844997851,116.45856472038014,114.81825661257488,116.86337905440297,123.11356101933151,122.46345456640309,120.31682477043951,135.9377391112418,135.72144909351778,139.4105781838016,146.24334958220444,144.52761043064248,141.18676769069296,166.1139670700686,161.43214753746733,159.61090937910816,162.87992901769348,164.21499560633742,172.6599150422325,182.75320050158638,182.42675899005093,180.5503198460176,178.49345160650407,175.8488245035004,171.57332217014306,166.53211533594668,165.9715785843337,168.28653461436932,170.72144273800927,180.72433245310702,173.92556204800417,171.68873369222837,169.26306659090534,24.341614511007368,24.171584699305487,-12.707141033613276,0.4415849,0.5074037,0.5380092,0.5001396,0.22213744,0.0,0.3724752,0.0018984998,0.4775068,0.23646206,0.28323486,0.28328088,0.557089,0.0,0.41621548,0.48037753,0.945222,0.45203656,0.099069394,0.2283195,0.009356529,0.02099357,0.0077998005,0.00049998093,0.1812445,0.019418549,0.76068705,/content/data/frame48.jpg,0
234.63609483506943,69.42166328430176,135.24107530381943,151.54855155944824,0.9997708201408386,249.17033610964518,243.27675232081884,239.08150847565807,237.07890104144292,237.9540630121678,243.2751616099447,254.24550050865702,268.1746293808207,283.469116613387,298.9259051333062,314.67079930450143,329.6434914180101,341.76348340476784,350.9258588044602,357.59066095753644,362.60336759806773,366.961785318148,274.87522930331414,286.6835666140998,298.53728389813756,309.99276522438043,319.1526691959343,337.3623576721203,347.9358968596533,357.29434973125694,363.565837103621,366.5400165950527,323.65846207816315,321.80495601193456,320.2467314102611,318.72699821788365,302.5597933437382,307.2506831860178,312.2002166546602,316.8213645292093,321.3517199384629,281.96038561206433,291.2789325069505,299.0345612546197,305.17841237115107,297.27979849815813,289.45163658650563,333.0484148189345,341.19333143699384,347.98256132516156,352.4923106603313,345.6460644914264,338.8816356014196,284.46137333176637,295.4482913942405,305.18301919991785,308.9515243667138,313.2835801866509,317.6418461523717,319.7336174024183,312.28067898392095,306.0740232418019,301.40980422818274,296.7610424800257,290.4569983777769,288.02187205004424,302.4596463061469,306.58348430542253,310.5387232114311,316.9416406986121,308.0298551046386,303.85783509626094,299.53225051579153,123.04684443730673,137.64351634727353,152.36607391814158,167.12137791184364,180.84025382899065,193.63476142438503,203.8029755576209,212.16964865311746,219.43539806932407,223.71933691774177,226.76048344004684,225.35028437634784,218.50158845849876,207.19278856019022,193.83532648949506,179.8779794361852,166.2160547621927,97.6871165340393,94.21630464215285,94.77630261734507,98.13358056922382,103.93337203425773,114.56380826695978,117.08744532479872,122.4398486789955,130.0789517578578,138.81312513357693,122.83041020204475,127.2848125544305,131.2354500514708,135.56013494538104,149.7390542029775,151.76149538998328,153.81401645893686,156.27289234391196,158.52949050743547,116.61274684907238,114.84378964021062,116.97223666703933,123.6798335494597,122.9385243435033,120.69013175498323,136.6839464339441,136.24730578362994,139.9596293186653,147.04891551390995,145.3682414036154,142.00053575932805,167.97405313838806,162.36347768030225,160.1053294543937,163.44515023514563,164.8630779315757,173.88953562325227,184.6933512115418,184.78674518014085,183.1581607537022,181.0942689473925,178.3446750682407,173.71934310921168,168.2011318580006,166.92350106681397,169.31635296586322,171.8561572827743,182.5279574180035,176.07293398757088,173.7948625821956,171.3215266746914,24.981733836758533,24.710118631367937,-14.892878568312652,0.4774996,0.53550726,0.6474464,0.49393833,0.20782186,1.0,0.27414823,0.0036558842,0.4757774,0.34057382,0.34467328,0.028377153,0.5516961,0.0,0.20517842,0.48037753,0.11867538,0.47682443,0.28325337,0.47656566,0.0033674275,0.0037192232,0.007056873,0.0006359543,0.08425579,0.016880995,0.8840837,/content/data/frame49.jpg,0
234.74186197916666,69.54114389419556,135.19278971354166,151.56746435165405,0.9997711777687073,249.1257271281277,243.22938329082297,239.03197619849453,237.04444252765128,237.941775048831,243.28084798998236,254.2591472506886,268.18897912449967,283.47986785941725,298.92548947149567,314.66541034906044,329.6295311737011,341.73360345075514,350.89569128128176,357.5767084889601,362.59710899913244,366.95386992349387,274.8896997585242,286.70351102390975,298.54287982855874,309.9807757375377,319.1235992001869,337.37028375173645,347.94856822452704,357.30547876474736,363.5754071542417,366.55510726528547,323.65628705865936,321.8025388396358,320.24443416387953,318.7271998690451,302.57834752231577,307.26370847747825,312.19912678180293,316.8088504298855,321.3263826404724,281.9529959601691,291.2667757814246,299.02516116438557,305.166082250705,297.2646993187922,289.4317227804116,333.0347385662249,341.18278562999797,347.9762451694855,352.4765402698162,345.6373644448255,338.87187455594227,284.45623632545374,295.45904697376324,305.1937049909142,308.95791043760903,313.286994417012,317.63645938212665,319.73215591982716,312.26653580794925,306.06415737694925,301.4107013371854,296.7692787517513,290.46416063905485,288.01165049857747,302.4705776398905,306.59124435849213,310.5400494991752,316.9412943141617,308.02854833010747,303.8638565141787,299.54190587977473,123.32469071368104,137.91473372291404,152.63680323985417,167.38091782830742,181.0615786006062,193.81330006244738,203.93443252115566,212.26345840166826,219.52120330023715,223.7965161684009,226.82861059005344,225.4137148617711,218.56444611247318,207.26333046770907,193.92108078582254,179.97255098376354,166.31827708339142,97.66293197891343,94.20717594749227,94.77671608863454,98.12816863134387,103.92664308367071,114.53551529645353,117.07043833766494,122.43883333791398,130.08515040183542,138.80974628082657,122.82324799900034,127.27471004074697,131.2230761229613,135.54182867716042,149.7737625901099,151.78237377769247,153.82455938695006,156.28828449004374,158.55517046677232,116.602233975214,114.79199590839988,116.93070391461688,123.6845018390905,122.92467050529045,120.67051180368183,136.68874154570915,136.2193555197249,139.93279821876288,147.04976796309842,145.36556135872624,141.9977606636482,168.0066466125047,162.40014098982442,160.14014985719834,163.4798670716987,164.90046513960036,173.9216531449704,184.7132766697927,184.79020404990433,183.1546299465441,181.0865995128522,178.3378875201904,173.72744836941797,168.23186734556833,166.9415774948231,169.33083611342036,171.8742747207363,182.54244150870522,176.09425538088288,173.81047920429327,171.339089549658,25.063171552925404,24.799385212599223,-14.877245379945474,0.4062439,0.538016,0.57068247,0.4953128,0.20291574,1.0,0.21828583,0.085130885,0.4722539,0.25630012,0.37291858,0.07352316,0.52451366,0.0,0.216149,0.48037753,0.781782,0.5672983,0.12167261,0.29224843,0.0034021712,0.0034057957,0.006830039,0.00061121833,0.07941127,0.017488752,0.88885075,/content/data/frame50.jpg,0
232.80707465277777,70.84873151779175,134.12090386284723,154.44656038284302,0.9997379183769226,247.42778472085146,241.5725495320697,237.27699554980416,235.18702549479215,236.15281544787928,241.50677641544397,252.24569036916478,265.9163796863007,281.29038725209693,296.8953795310416,312.67079753332257,327.61393263676234,339.7106516095997,349.02648453712607,355.86792707281484,360.9800801476855,365.2955654611019,273.65539217478727,285.4093872549886,297.4206033855884,308.9663261355405,318.08655197941016,336.3412872814922,346.77119794024236,356.02849345678453,362.2159276243856,364.91349810946974,322.6311274662536,320.78488469913435,319.24932435256983,317.7520414411931,300.46104689617295,305.5615676076229,310.87817631610284,315.80264291944655,320.6283393790632,280.72320735170797,290.1246922543364,297.85884963957193,303.96449823966566,296.1481575992845,288.3949553949252,331.77069639497563,339.91079896046057,346.61531543290175,351.13639420844805,344.26695888177346,337.60257572016553,282.31889585980997,293.4696374567635,303.7351208473887,307.82818830219867,312.5196209963687,317.05719276202626,318.6693853071183,311.10569783273434,304.56245474450867,299.50050973397526,294.4437070455428,287.9972677566103,285.93346223413573,300.83000160261963,305.30106011076896,309.5966610422696,315.94521393778246,306.7301064515382,302.15898531483725,297.4485906531348,126.04851833928417,141.103503091,156.3851974137524,171.63177923210523,185.5071782610637,198.22520684061627,208.40117184854466,216.67487536674568,223.93428761030341,227.7912943111369,230.10723931974252,228.11392945459872,220.96681978134959,209.54934024787514,195.946522954345,181.63262911662898,167.8105754655989,98.41178206713141,94.44374871049558,94.90083265462462,98.38354900653076,104.34076069562349,114.72622423735251,117.14707040744253,122.31198337566298,129.94188031838695,139.0478833057474,123.47030385664931,128.08024372560132,132.08040140590992,136.46902258070028,150.90302913206625,152.9410015283686,154.9824757852639,157.34782243605127,159.61056567615344,117.22767395891375,115.38361847380529,117.5138267849996,124.31822361249144,123.32454581376747,121.09567230419513,137.0666808198145,136.524864553247,140.2295789823636,147.27124067362564,145.37292844308428,142.06473620656476,170.33986884528161,163.7324986253777,161.04419647164207,164.4406477466704,165.8653637109335,175.2932782711916,186.77856354699873,187.34951043307282,186.0752971461542,184.0359659837543,181.18985916575957,176.24163072602653,170.4617269657886,168.35736282764537,170.78526795331547,173.34112907661338,184.5680389031831,178.80899165019903,176.53416312464364,174.00975246540912,24.417356392889932,24.47106909522937,-15.100150075699489,0.42692688,0.5324784,0.15141523,0.5968089,0.30565816,0.0,0.41042846,0.011980206,0.4785227,0.33760437,0.23893957,0.20572199,0.50150126,0.0,0.555768,0.4658804,0.84979993,0.5697973,0.0468384,0.37592795,0.0051707956,0.0033153677,0.006002457,0.0006217595,0.114989035,0.03089968,0.83900094,/content/data/frame51.jpg,0
231.3586697048611,71.96323871612549,135.05208333333331,153.70850658416748,0.9997625946998596,247.08130223425013,241.03793664879967,236.54477610867787,234.2892012994551,235.16793135764874,240.59956933329056,251.4782562489991,265.1721940687972,280.55140206729385,296.3786137004139,312.4379985075846,327.3556581536612,339.2710079663043,348.2498585629904,354.7714532825793,359.7464325269375,364.04761703135614,272.9647714552721,284.6878456432836,296.3389085475545,307.53043501771447,316.5539655925871,333.9285402989981,344.3721443833223,353.6946812000102,359.99887880132667,362.89869074188795,320.6759684325168,318.8362285531503,317.29785864476,315.788018397638,299.26017545303483,304.0894500342765,309.1224230987463,313.85654383864846,318.4724121559685,279.6325051044978,288.80983199207964,296.55445316181016,302.31836824146876,294.62577659850183,286.8702987657647,329.8965900430559,337.95823676667055,344.8185153957113,349.23675396699787,342.4166587336932,335.6269841449855,281.1060208811651,291.908103732403,301.7516119532082,305.6755342894506,310.2139492489154,314.7740885284827,316.85154260281666,309.1796473326195,302.61906757300864,297.7059080917761,292.88910080759723,286.70583818660833,284.639240775281,299.07666211743236,303.3566720062046,307.48916320715546,314.1334959376877,304.70859315719713,300.27683185629206,295.7456400133795,124.612422609522,139.49735834933085,154.56962787071163,169.72755234043166,183.8095072960884,196.78446741818325,207.1807749311103,215.83810339146194,223.2517365141251,227.160772853698,229.1814864340801,226.85659938999598,219.41998862107062,207.8239511328487,194.32146163247594,180.25138029306956,166.5238417883964,100.13250553052555,96.69659706773908,97.33840450538193,100.71240250380754,106.34150531414599,116.36816956265733,118.93987390750087,124.10283008764452,131.54774689090056,140.17843117626825,124.83956049075537,129.37694200584286,133.3974749002332,137.83423301464362,151.81958840624145,153.85524295373858,155.91108264886128,158.31336808035502,160.52462021928773,118.2910137616871,116.11649287450659,118.2552499897775,125.33278831097671,124.66696428564973,122.42859522590084,138.2491774232811,137.31294278194173,140.98576561971214,148.27633640580288,146.83898018825352,143.5217886483145,171.39436619201888,165.24244771911304,162.77620967120424,166.0909605233585,167.4931136675434,176.65894073790503,187.7183237538789,188.32048100910802,186.79575476531653,184.69347603774807,181.89393018996742,177.16454790247627,171.50531853942488,169.38204110163588,171.76878089111298,174.27543321062942,185.54271445187547,180.04473539395713,177.76644129956648,175.27686280045447,25.367011312062115,23.53645954854966,-14.809376772201091,0.47734016,0.5302029,0.366017,0.51819634,0.2591673,0.0,0.29195133,0.07279979,0.4749221,0.28249884,0.42363638,0.11751973,0.4857545,0.0,0.21877073,0.48665944,0.83909905,0.30162272,0.08163225,0.19787921,0.019221187,0.00641467,0.010888473,0.0005848265,0.08717784,0.042260915,0.8334521,/content/data/frame52.jpg,0
228.42008463541666,72.10819816589355,137.59836154513889,156.38473320007324,0.9997262358665466,247.06001032915105,240.72762033854536,235.92885853931267,233.30823109248513,233.90268490264657,239.10668646269096,249.83117513585452,263.47683466397865,278.93907098789475,294.8732126989009,311.0653089972255,326.2499825387114,338.5107867214885,347.80633516682695,354.62232499289087,359.81045431741694,364.2620291411373,272.42222078873937,284.2025570782325,296.18993711645237,307.6826101100037,316.876717185423,334.2159096760455,344.92030638088653,354.4630433623198,360.8875404166149,363.6438396834989,320.8500444391506,318.921014141045,317.2912297321717,315.6828431996525,298.51605294020914,303.5757167080563,308.83597018664994,313.75375697400807,318.5965113752798,279.13555002453774,288.469822697758,296.3013168100206,302.2853453467987,294.44413102828844,286.6094098970357,330.1431432582886,338.418729992584,345.2891037574004,349.7891118297425,342.85518200980636,336.0082866257883,280.19784888247057,291.28859302550853,301.41998972408106,305.4539871719251,310.08639809967934,314.63180814803883,316.4600458356756,308.5438718368794,301.8301734793248,296.7749559508142,291.81945722402696,285.6137598871195,283.79982846391397,298.62765075117875,303.01881264746135,307.2405364721224,313.67439579641666,303.98802570977534,299.4409266497434,294.79153612120217,125.86985362397976,141.07311188661694,156.5562427390377,172.22320181881946,186.73241610291112,200.03387518609614,210.70505093287565,219.4449257234733,226.95612841364414,230.92463471352517,233.03123494739728,230.732255165478,223.29033551040246,211.57046248313213,197.78064413093497,183.31232406323153,169.2289532452544,100.66809927327782,96.98247726114606,97.69062616498303,101.23025213339139,107.04447627316867,116.93929388976133,119.6193918849975,124.96840236770504,132.8065798208571,142.0312736672593,125.78362454462076,130.4977847558742,134.65149510057125,139.2335712433838,153.61105380252917,155.66860558485254,157.77947868269084,160.24376908386643,162.56973949602224,119.15375597500963,117.20708053840502,119.37924462604067,126.36824629345692,125.58792849352132,123.32370208422732,139.3915665405619,138.58810033230702,142.3947411493233,149.64159673448813,148.01431228660022,144.61968405534725,173.67662432676485,167.25673570166882,164.68258124322716,168.10617434683712,169.5539929153923,179.01712263806334,190.31647650091523,191.00474316470022,189.6122816740731,187.47433964744394,184.59021239782356,179.66702301021502,173.76769673098602,171.5792745078142,174.07032064356326,176.64337892224398,188.12040339043227,182.60573553772775,180.30757229787525,177.73554308590892,24.743003616756205,23.452395243631226,-14.639278931237698,0.5315959,0.52968806,0.3305965,0.5875962,0.29974356,0.0,0.4471813,0.011197882,0.47791865,0.41102526,0.5634086,0.46660376,0.5329486,0.0,0.63741416,0.4658804,0.9577436,0.37700826,0.0715377,0.27395514,0.00847872,0.0026267613,0.0075019286,0.00066449266,0.100584835,0.0481983,0.831945,/content/data/frame53.jpg,0
227.5103759765625,72.94853210449219,138.04159884982636,157.59734916687012,0.9997207522392273,244.6088786622882,239.1295776677614,235.22217374688233,233.35914850963945,234.71441565925528,240.50629870971323,251.49531038643238,265.2018366975094,280.4165662854946,295.7354006535503,311.327919392536,326.105083136465,337.9637397380784,346.88452348765156,353.44134925416984,358.6769105854985,363.33515283111495,271.8220237296632,283.7048254711078,295.59542760319823,307.0093999406792,316.2651834151095,334.142641729019,344.7343097349793,354.03275864090404,360.29681049666783,363.1490255907354,320.5779427519085,318.68474736211743,317.08694104295057,315.5623704723754,299.0474329950478,303.9735487714528,309.01954482895246,313.7435042385353,318.4510287210061,279.09942185432374,288.4649518653538,296.24068448431785,301.9824765146428,294.36373802966534,286.59860695319014,329.78844563497466,337.7342030983104,344.57998148594606,349.03330566574004,342.298333405341,335.5612081469458,281.75623265381887,292.2733798757343,302.0630279475251,306.1020409160696,310.6171820645071,315.2373917696051,317.2166281735566,309.4605825231804,302.8497401786643,297.99221598763427,293.2014178261237,287.1225632508721,285.3339460752659,299.48940628526356,303.79567281135166,307.91009707096566,314.45228019666195,304.87453898000047,300.466100863142,295.9161003099762,130.95386923746076,146.17517054184253,161.6135526598889,177.00291180261968,190.83215899947754,203.03810206843917,212.52964445956877,220.18939135664053,227.01463172150662,230.68527913237403,232.9672090189995,231.18915956915984,224.20714487900312,212.8206937174782,199.29464725413112,185.04582470956203,171.17361900294844,102.18882123358816,98.34306519774032,98.79316295552535,102.00656882598962,107.5764422754855,117.60981873823363,120.21765165137646,125.43659769974003,132.95014926952842,141.91393661782064,126.50428744161822,131.21457925920976,135.31030287130739,139.74645942833624,154.69456106814317,156.41791760553605,158.27395968959246,160.6662786305443,163.01796114334888,120.28885839662101,117.77529523343543,119.85387389571213,127.3786300728732,126.4402160248112,124.19215922184249,139.87828828469762,138.5046530186696,142.08273842406362,149.6224077758263,148.00517374961038,144.8121142738218,175.3289614967302,168.27696873557807,165.14484135752883,168.38048172300574,169.77582732484836,179.3424315675821,190.82120238140286,191.2418936809551,189.72228289633964,187.69135199599876,184.97940866666494,180.62624961877583,175.27555361973657,172.1442265707854,174.40884229551511,176.92591112559495,188.61937303802696,183.0292320995411,180.7426693219396,178.36004450809082,24.30665408689689,23.054427717514347,-14.486616705481435,0.4792155,0.5143029,0.33726674,0.59678584,0.3522557,0.0,0.29499343,0.0016462432,0.47861192,0.45307866,0.28110093,0.29114005,0.5165449,0.0,0.5778387,0.48037753,0.7638564,0.5771082,0.10866214,0.37688288,0.008491936,0.010512711,0.018663952,0.00082202215,0.29581633,0.0701512,0.5955419,/content/data/frame54.jpg,0
227.18556043836804,72.71397399902344,138.77947319878473,157.59618186950684,0.9997158646583557,244.49688134866187,239.06715643377547,235.177467469232,233.30350231222582,234.59283702952172,240.2726347546843,251.13632573365103,264.7446263932442,279.95761446152324,295.31751255623135,310.9498643295863,325.786390523572,337.73778550566675,346.7457384060234,353.3239552504573,358.55496893992324,363.2120720112959,271.5792453642928,283.4523157612081,295.44469630734,306.9595657248301,316.2797911995874,333.82816173089236,344.5186193780346,353.92946172553525,360.255599315689,363.128071894903,320.41814959082,318.5379199323799,316.94834285058937,315.4273343018126,298.7991325173395,303.7433036193321,308.81624784661625,313.5640692401481,318.30008868495975,278.7794091252645,288.1556403136958,295.96556578913606,301.8531431902878,294.18425494730985,286.39318779107595,329.65709153909995,337.613295800159,344.45356775810654,348.96663520316827,342.2181975109552,335.4758355115408,281.35889015518376,291.9823573713379,301.8434265906729,305.9111423719437,310.47724531722395,315.09039824718275,317.01747499146944,309.2919892465579,302.68730537672263,297.77648858825756,292.9407556397406,286.8158655104057,284.9445972170397,299.2270799702191,303.5722824483828,307.7356988453509,314.26737295218595,304.7000730610012,300.246748049767,295.6539075473096,130.58998602635955,145.81552564182107,161.27828780820715,176.7198470466631,190.6396988625881,203.0062135825255,212.6845442233709,220.53840856806767,227.47234088123653,231.19137501994382,233.39554393561696,231.46247040363286,224.34322382402542,212.83519660603218,199.1759457953258,184.79280831330433,170.80806268765386,102.13130569142713,98.18381874019488,98.60569895439379,101.84558468360767,107.46681791538327,117.39302893190492,119.96448418580809,125.23143914890784,132.9233282289094,142.05286825426236,126.35575230099118,131.0836388842921,135.20345457672346,139.68631827623028,154.64621259606983,156.4069912033268,158.3032836859564,160.71424032777404,163.10997955720165,120.21313670426117,117.82536125398433,119.87065474822691,127.248879142398,126.32284887375674,124.11005112165057,139.8192902801258,138.57040288135477,142.16380882666436,149.63020403543902,147.9453264995363,144.7479734379525,175.17474989768078,168.17498818572838,165.10045091428952,168.39418655708877,169.7978970367317,179.4166768704241,190.9398087792341,191.3477594250175,189.83747069785773,187.77017958859355,185.01032713322314,180.55659632432526,175.12493823445743,172.14968612474547,174.48557019877234,177.01946098838678,188.71993774840593,183.0583501934034,180.75002654403852,178.308296912721,24.378348316848797,23.260290235089496,-14.280075852326805,0.52786934,0.4226389,0.62556285,0.5614967,0.36558434,1.0,0.32965937,0.15425275,0.47902653,0.34196144,0.36673063,0.2787654,0.49542198,1.0,0.35519996,0.4658804,0.5161921,0.37539276,0.15885018,0.4249698,0.008120694,0.009020439,0.01877253,0.00092185097,0.23520178,0.058658004,0.6693047,/content/data/frame55.jpg,0
228.037109375,74.04740524291992,140.11740451388886,158.56666946411133,0.9997100234031677,245.28215167253475,239.73599820335502,235.56194528030412,233.38472354968894,234.63199591890526,240.3696404898672,251.18182194120226,264.59782417726655,279.45340647751397,294.3026488390089,309.1426988563914,323.23490829871366,334.7023604143801,343.58527241773083,350.38327458043204,355.68347471904735,360.1523262879079,270.45794638434234,282.2087393226974,294.3568105161329,305.7855028094621,314.7806623509755,332.55292837057743,342.6984522192852,351.6765086702105,357.6298585991917,359.77360851541846,319.7137131205494,317.9776927180085,316.43428623287866,314.95610512836646,298.2384238403518,303.1540993216096,308.20148447859566,312.67351168761843,317.15714132480537,278.3019136839048,287.16676990461883,294.59659403152494,300.47010496435615,293.0913519362018,285.6282970033124,328.442413769308,335.986180999392,342.27817892695856,346.4698538175168,339.989120790166,333.7957605143526,282.1572032194932,292.34774176750057,301.5716551456283,305.29298370344486,309.6265076351066,313.21007011774253,314.56135037305773,307.5440475740108,301.9044282099136,297.45289522150915,293.0790463305732,287.37590849244543,285.64425459512756,298.9007829871881,302.8564170811169,306.71872137899226,311.701425550817,304.1503543483599,300.05998237897666,295.90023968440676,130.63659889574848,145.92891678009198,161.61892688689431,177.08929611019065,191.06823727286954,203.44906020705218,212.87000504488805,220.46186054028576,227.23276768745998,230.7359411077036,232.39524711718275,230.02579991799783,222.82299436718884,211.4730295959528,198.21700023306065,184.1974675841653,170.53373139073136,101.9382168278126,97.84486202499127,98.67576827343771,102.63192975046488,108.76762096801085,118.30933653537335,120.77430245400923,125.82220932330769,133.4224972774933,142.72978255145148,126.43876553158988,130.9101349294362,134.73931049547636,139.02157619244812,154.01237271417432,155.7953472248281,157.762440815459,160.0501039388946,162.47683741829167,120.46501211456643,118.54652850156162,120.51612857960626,127.09541419692017,126.15188046764878,124.10332036528479,139.78666729853245,139.4004414053737,143.2466746957138,150.31684056188982,148.2158540429191,144.77499121928713,175.06828468623397,168.42292874118775,165.2722627205232,168.48638483657223,169.83802802219168,179.25752113881052,190.2695637720697,190.07033771817805,188.18557259875286,186.13113756208875,183.61336528418386,179.8161502680621,174.87581820925905,172.21641238011887,174.45725749430565,176.96398308107482,187.8980410652073,181.2648319437816,179.0051257953456,176.82685213392668,23.584102583129322,23.218122268759764,-14.691135137435266,0.48411095,0.540945,0.19744234,0.5567666,0.3146111,1.0,0.4293465,0.006815654,0.48275334,0.3191009,0.35753843,0.24105996,0.5308197,1.0,0.4468398,0.4658804,0.85263634,0.5331188,0.09676877,0.25584248,0.004490506,0.0009770115,0.006538731,0.000331533,0.069254264,0.061311174,0.8570968,/content/data/frame56.jpg,0
228.74462890625,73.36041641235352,139.78065321180554,160.58393096923828,0.9996598958969116,246.03102724070263,240.3025360667159,236.02642012498194,233.71474192769378,234.88895552734456,240.64211832387383,251.63770802131458,265.3962839834327,280.6947401854107,296.0039816078577,311.48528692299476,326.1103789688432,337.8261147212104,346.7019491621797,353.3795741950123,358.77645716861497,363.4465380326992,272.0579953602911,284.10384040860026,296.2726702792437,307.80112912027215,316.9894707801133,334.3475193154354,344.97016895321866,354.39715228045554,360.71222621200576,363.3905215042356,321.48694217326226,319.6896696031572,318.1272024239444,316.6294580534035,299.96641877322475,304.78233557372533,309.75412695035465,314.3163670956066,318.8653181033904,279.60175744354683,288.64506717701727,296.1999188559736,302.19176926332966,294.64094337753033,287.0649175197299,330.56619115577155,338.3367874446103,344.84830400201935,349.2078761864879,342.49448419248324,336.0961837353543,283.50041938351006,293.7050641985792,302.8501501179664,306.565939973055,310.9004270441004,314.8927504114487,316.9324434961638,309.5905798212192,303.68936431771925,299.23672222754215,294.8396429744457,289.0773489209699,287.0399587507425,300.23189140442827,304.20550430942933,308.0435726065978,314.13270822947305,305.8326368680249,301.76960656009396,297.60826879530015,130.13104235613008,145.61714875982523,161.45608922910867,177.21392805650538,191.48316525616556,204.2311580202373,214.11399207162103,222.13167213333435,229.20070074222912,232.87629009503706,234.7135334502669,232.2758668788312,224.77449909669485,213.0747057149463,199.39886238652178,185.08589852623808,171.16793331550616,101.59716229992755,97.82389146950655,98.67163679013623,102.42662213494845,108.49721671187899,118.15035657908894,120.68569314227989,125.93715941327564,133.65380088512484,142.80957439518977,126.77090060178944,131.7464191392731,136.109770170956,140.90364561034903,156.0028336654508,157.81997676954035,159.83567589732283,162.2125363375946,164.6105537279238,120.36390535031005,118.70469279089448,120.73631706050901,127.2093100508754,126.36566231001389,124.2298785389902,140.18159290302864,139.92694569279638,143.7562215658232,150.56653122789757,148.6911433389323,145.26814522781143,176.98724316707376,170.81452495702814,167.89456721680273,171.19569463379537,172.50773565551535,181.82806130727278,192.5397952581099,192.13999552000004,190.1283049565878,188.008566928903,185.39971513289856,181.49398364746284,176.8835373570475,174.87909436990356,177.18272098087783,179.69857178632046,190.201389469734,183.28630581285853,180.95164441412362,178.66578642515742,22.757022546395053,23.662135169852583,-14.962965151225774,0.45401087,0.4885593,0.2293019,0.57364595,0.36279657,0.0,0.40460652,0.0051800716,0.47861436,0.44750327,0.30541983,0.14216788,0.5279407,0.0,0.6306307,0.4668327,0.31520095,0.5936631,0.07214211,0.2596973,0.002905042,0.000613186,0.0038486177,0.0003156873,0.03876694,0.10632672,0.8472238,/content/data/frame57.jpg,0
229.8061794704861,72.51520729064941,140.64105902777777,162.23086738586426,0.9996858835220337,247.29909424420734,241.42967501550183,237.07307661857186,234.82365571238674,236.18534762924216,242.09256286601905,253.12243245455275,266.665703219322,281.58688491093415,296.38763806013515,311.19538821382366,325.15500395291315,336.5202395023884,345.4777976851423,352.4178282223765,357.9406694576594,362.6179522899457,273.13077871645385,285.235799543874,297.14528716628666,308.3126571759252,317.2033666972318,335.3364229272255,345.54261570681297,354.5547806940749,360.37873679909524,362.574009245179,321.9655070648703,320.1164877098448,318.4763109531058,316.91040919756864,300.6860151137546,305.3796823081245,310.1127323105055,314.29633760394876,318.47581199590354,280.217949411904,289.0950420430512,296.64953257304353,302.3329568018638,294.8650121391523,287.2862061482916,330.56932779853196,338.3450536312762,344.92895636630965,348.99631623528165,342.35774867746085,335.9158630865783,284.3777033907135,294.3182130637522,303.2020010043344,306.6540654173259,310.73682333763287,314.2843742347503,316.06741520251853,309.03686454586926,303.5674117312284,299.4543276563142,295.3280154137121,289.726048849075,287.75914795410114,300.5988716581967,304.2943227529894,307.8456448382635,313.26464495719654,305.85586153392074,302.06083946813703,298.13848468470155,130.1175221862929,145.74099774374508,161.8462512909492,177.61520188200055,191.87289233299043,204.66772149253825,214.41040623853573,222.32086211954663,229.2403889968646,232.6084313377263,233.88161927037348,231.13430289643782,223.61795358327893,212.01826616701976,198.73192935227598,184.8378858724884,171.28475780206054,101.64723019009665,98.37312524530272,99.51203857317596,103.42510753100422,109.34126338462629,119.06351989447069,121.92789975061618,127.29962657554883,134.99362786002484,143.82044765213016,127.72173856683482,132.41056703670836,136.5239179957075,141.09385540757222,156.40411348221824,158.0993843970117,159.89442354494594,162.33456794078188,164.7408064541757,121.0246827816186,118.92878984620398,121.0798755707479,127.98570433231538,127.36099250959916,125.16764046856127,140.99284558325377,140.37855964533364,144.35877605874776,151.74641181920674,150.04667929873256,146.45569591770652,177.51542204520396,171.64863684638016,168.7350864985001,171.87336484954793,173.17500494637991,182.18402534290206,192.50069652999508,192.02347297517085,189.96215313241066,187.92111648010527,185.51727992347583,181.97847818288173,177.29933876565678,175.10900947697212,177.29767944286786,179.73631536344112,190.1171083528528,183.4125856150864,181.16972657629384,179.09925144905495,22.10566350503616,24.143047285925448,-14.392102722728712,0.49772397,0.50324875,0.57727474,0.5549903,0.24480398,1.0,0.30457792,0.047311887,0.47710028,0.35605848,0.27682185,0.21203448,0.49593773,0.0,0.30692756,0.48806775,0.047613174,0.46010926,0.15485156,0.41253456,0.0038042064,0.00196926,0.019332603,0.0003896183,0.07021304,0.1620824,0.7422089,/content/data/frame58.jpg,0
230.88612196180554,71.68518590927124,141.95673285590277,162.7486538887024,0.9996519088745117,248.8456014141251,242.84739496693288,238.435168623334,236.07184646661005,237.253880047079,243.0217987073192,253.923262029433,267.41054476287593,282.312864054879,297.11895557602634,311.95218154752934,326.1074595046668,337.80631888006144,347.0284932309552,354.13259732015604,359.746006180661,364.5681856438594,274.05293831081553,286.26954651319085,298.3087855091876,309.6428896573544,318.68175804953944,336.4265477944109,346.87590705538184,356.0495280847684,361.9971877421465,364.21343559041134,323.1343455784646,321.20199089848495,319.4928697468063,317.85936652284545,301.9490099665802,306.5114390543023,311.113178755002,315.28799611902554,319.45089341562556,281.5489786403632,290.5291255675895,298.15932485910565,303.81443067421117,296.2749705678182,288.6068750072618,331.66781009630824,339.67525507632706,346.4174966499746,350.44814405790447,343.7568537880778,337.1463964754667,285.4254218166925,295.36329494235645,304.2011460647148,307.567261354476,311.58913168151,315.20493978985894,317.0682884545198,309.94687465803503,304.45040817774134,300.37895432806044,296.2744234553485,290.6645126224419,288.7981140967801,301.66026263021337,305.28680345551976,308.77861492500637,314.2522190884839,306.61316705158146,302.8897989598409,299.02575311925966,130.08237508689766,145.7844680432863,161.88004545190392,177.68457648771317,192.0581756016158,205.16032025816435,215.3275440951674,223.6064150635783,230.64734512357285,233.97648957921587,235.19405927865654,232.52568699803982,225.0952827038118,213.45334630664064,200.00854627443016,185.98310858295832,172.3219081079718,102.35193300079615,98.91746066423069,99.99336024593629,103.85782515138789,109.84444620101834,119.3104697436965,122.1961155189025,127.68934588714177,135.5253234910395,144.60572586815329,128.29322418567168,133.05201426688313,137.22271082634813,141.85218447298192,157.31127218767227,158.93685974185973,160.68603651073,163.1141914951054,165.49179095914855,121.69972153927375,119.34795276821177,121.53889957492882,128.69258136643109,128.03015621330505,125.8241929154002,141.46633049360068,140.5070037001721,144.47789944200355,152.04103671357174,150.45669794738734,146.88236562051293,178.14049578527994,172.455345347108,169.53655852507126,172.6631782414234,173.94323516931064,182.92984850030035,193.18399337582997,193.09314942448924,191.24222137695813,189.2628033838992,186.85155068262821,183.07846520029614,178.00765222137676,175.95788953355208,178.13124143605955,180.5530289625437,190.88343200378745,184.41035812450838,182.20093172107767,180.12131066124005,21.285021859486047,23.91141905780435,-14.72231965412342,0.5043579,0.515815,0.32492635,0.6012135,0.26438102,0.0,0.34481272,0.001517099,0.4795177,0.3634921,0.30652502,0.29179642,0.5415475,1.0,0.492268,0.48037753,0.9130714,0.44353274,0.097144894,0.46648026,0.0033029888,0.0005272521,0.006714753,0.0004510938,0.032196224,0.11010724,0.8467005,/content/data/frame59.jpg,0
231.48714192708331,72.05139541625977,140.99715169270831,162.6346321105957,0.9996676445007324,248.80899445538213,242.83804313122047,238.46673990848555,236.17623553142536,237.41106696670718,243.18793234635166,254.0676129354832,267.4882551125959,282.3218722797827,297.1075634012446,311.97062251545333,326.1600705877148,337.8823393357143,347.0938649144904,354.1766830506698,359.79705884011344,364.64743058326513,274.068355783951,286.275718705689,298.25294354766373,309.53432757259895,318.56459498523736,336.4396955641785,346.8763597681393,356.02337130575256,361.9444016043732,364.19334293255577,323.0541836438837,321.1153191785279,319.39924103058127,317.75979802565325,301.866869841251,306.43155814824706,311.0468828817094,315.2222534949371,319.3840256743171,281.45442830096266,290.438875156778,298.072627616891,303.71933946641263,296.16905044758056,288.5050650280406,331.6159739595599,339.5995225745211,346.3466141073825,350.40199511826705,343.683135748749,337.0729591571943,285.39779962876804,295.2957436709339,304.1036319049011,307.46915703819406,311.4848362058603,315.13081013439233,317.0711286666694,309.9210861085859,304.37396039436805,300.28827662884424,296.1891514687002,290.61604448673313,288.78403649128757,301.57901693724887,305.199021230567,308.69886724977914,314.26118505519037,306.5338313992214,302.7987289846833,298.9418804549611,129.86716959471153,145.5076019663692,161.55204392396774,177.3140944529204,191.65947666181884,204.72138308065132,214.83523279555493,223.07955958844423,230.092466187049,233.4479291772468,234.71051293378795,232.09733365809507,224.72215501045758,213.10952290832185,199.68187794491632,185.6897991002802,172.05512990489206,102.27143971025176,98.91663395830238,99.99728776978816,103.80716412168564,109.70817191880042,119.26237454077824,122.18579935106082,127.70476851341515,135.53766997906513,144.561446436967,128.25610997608663,133.00886729867966,137.17750267392807,141.8032792404205,157.27110805225584,158.88221420102218,160.62889754952766,163.04920938878342,165.4287724566375,121.63725551314583,119.28821621810303,121.47405685817026,128.63377768568176,127.98084929162269,125.76890524218484,141.432230443451,140.45900018797477,144.43310467422808,152.01229472718734,150.41948074029057,146.85052001217664,178.10408319497827,172.44878653435345,169.52432061215524,172.63738483030977,173.89988715910332,182.86750173623807,193.08220553280088,192.99869556137855,191.14838958779575,189.16617066311537,186.7632610967734,183.00101997721669,177.98105750090355,175.92658889903913,178.08954252576558,180.4924404595722,190.79640070003026,184.3467879941898,182.14073582391694,180.05847709505326,21.39346947975497,23.93814766392638,-14.538456093447241,0.44974616,0.50664735,0.31593344,0.46923006,0.2516535,0.0,0.2836099,0.006028303,0.47574586,0.35589755,0.3755153,0.12722358,0.5296749,0.0,0.28176284,0.4658804,0.90667856,0.50258553,0.33425233,0.21394685,0.0037821233,0.00057037896,0.0072162338,0.0004095972,0.031430334,0.11779504,0.8387963,/content/data/frame60.jpg,0
232.624267578125,72.6258430480957,142.81624348958331,162.82407760620117,0.9996563196182251,250.15560366201396,244.2565090277751,239.8615267252826,237.66979747487107,239.21989728700373,245.32939592615537,256.31307835066264,269.6638305783706,284.33710646012855,299.02977889739986,313.7504776395904,327.7179541515902,339.27647280212295,348.4392751904793,355.43433344165123,360.83964278237454,365.4539034069826,275.8489676317645,287.8858550700422,299.81206975716805,311.0094898785819,319.8654295583092,337.71912330172427,347.8152196953224,356.6931122463452,362.3370615264407,364.4268118285768,324.51627053768607,322.82237068400354,321.3155768410552,319.87716881256165,303.6802821402953,308.320210737495,312.98076455223554,317.12526866937606,321.2718690819188,282.78121272042586,291.5780718080671,299.141686133622,304.85920373625004,297.41217837331556,289.7897280234715,333.2524302273473,340.9155778232084,347.4346722033051,351.40231886501124,344.96812444870466,338.5921138758954,287.55343502663436,297.4765637573778,306.19223798252506,309.48059176522565,313.45286192290223,316.85708261091804,318.67716780172896,311.67138350574896,306.3401199770665,302.3418499333595,298.3523202768713,292.85445367109696,290.87336717035237,303.5885459242768,307.1317975818024,310.56886023111974,315.86014274804756,308.5640448310305,304.9005589861017,301.1154064852449,130.7816031205855,146.4688105040575,162.67121159784028,178.51339344196458,192.9053814190006,206.02833038995732,216.2417727417378,224.70407472926945,231.88888265259948,235.05211089195836,235.86866453546736,232.82654393992925,225.18711942036998,213.52681398197365,200.07863642544726,186.00075502226355,172.240811755084,103.35106535470345,99.86038121591002,100.87329950817968,104.76679845459626,110.76092223554792,120.04033687869583,122.87535513457965,128.2916467339935,136.02273759305785,144.79398693853523,129.0255830464837,133.77299336738974,137.97412075256148,142.6335099587452,157.71884181702444,159.44375519657433,161.26629771144007,163.59486264423185,165.98951911262157,122.31290160903427,120.06429287670903,122.24976817917059,129.30639346169733,128.59409557619233,126.41181130117639,142.16966966274617,141.34342065300189,145.21699023549036,152.61856092645326,150.96183537790353,147.47484013671374,178.48552435920055,173.15966461422158,170.3985407712662,173.49931105372434,174.76482129587657,183.53657142303337,193.51977066313611,193.41035568922553,191.60585296090449,189.6544232170586,187.24602436769874,183.48567802910156,178.43005405364056,176.65636686773223,178.84077655336432,181.24378326510623,191.2423669842442,184.98268916017287,182.8276741945142,180.78711695781703,19.347356193272322,20.688392202508012,-14.676043850943708,0.5041685,0.52582085,0.5886693,0.56788,0.29528674,0.0,0.32845977,0.032575104,0.4780362,0.2211163,0.2915345,0.39916134,0.5416091,0.0,0.40913188,0.4658804,0.6752934,0.4190811,0.11586396,0.3287908,0.008603501,0.0005269511,0.007816211,0.00065202283,0.026492454,0.10147011,0.8544388,/content/data/frame61.jpg,0
235.73456488715277,72.66430377960205,142.04890950520831,162.3499402999878,0.9996839761734009,251.28111948468148,245.42688620140282,241.1872848790351,239.29863177156105,241.0802148413457,247.4041808286103,258.5335454433125,271.8947667335089,286.68398914618615,301.45120649173896,316.3447352450209,330.63337431409064,342.4711017802239,351.64680834509693,358.44285559826085,363.6868895313945,368.22902569020613,276.79371592665717,288.7212287115274,300.5874408371099,311.8329649176238,320.79030457628255,339.4486158163364,349.7997181064911,358.87832368387336,364.6886252150682,366.7446648878895,325.6356926231977,323.71995122003256,322.0215664640633,320.4111787522468,304.99645504894784,309.53166454678865,314.16315637395013,318.4083112178758,322.59425559358624,284.1552237318849,293.1180559481953,300.8781573848647,306.4920157917614,298.9193580456058,291.09904749387545,334.6539265151023,342.6538541529971,349.5492319307958,353.7054723689314,347.0600466068871,340.28746755459844,289.1393191808065,298.85835349672,307.40451192881153,310.7660268846603,314.75434369446475,318.57999719013736,320.807293184833,313.8824785494297,308.4622066723655,304.3264036580501,300.1684272001071,294.5257938294455,292.38286026887096,304.9618391623525,308.6152551075638,312.185719497628,318.0382893371781,310.49357047835844,306.6896781941852,302.7477636261905,128.87430853009306,144.64975276381705,160.8649673931111,176.7710195384355,191.3215014880278,204.65788434097914,215.09800554647754,223.7869298349079,230.91668770497094,233.85569375985676,234.45131693031416,231.293200790166,223.622687265299,211.77687772701873,198.14490701989638,183.98799643708537,170.10765296968555,103.59909973309152,99.76690277814473,100.4392562822654,104.0765690470889,109.92198869134515,119.4089479312604,122.35281368038981,127.9026483735182,135.819961209272,144.79496298249347,129.33436539123915,134.18086820672636,138.48865910979157,143.26552953213258,158.04068960376094,159.79848223488,161.6414037035134,163.99152164806435,166.29149823122026,122.6223089826723,119.87092080088965,122.09990056061592,129.68114550842773,129.03383655761618,126.79379620346454,142.45702040093988,141.0704631225578,144.8505910954538,152.59797139701243,151.25851889688394,147.8304487736346,178.05568580811894,172.93366097275685,170.24688291946006,173.29648330642698,174.5109888291098,183.08647380316592,192.98602514862233,193.09144045171266,191.5119643434241,189.63717907310752,187.27117567640548,183.33260541412676,178.02093057545216,176.52464407184954,178.69476172853933,180.97571757293542,190.80059103624004,184.69904460343594,182.63734980254634,180.5702669535587,19.648780782401595,20.763481006518056,-14.62152716295726,0.48247254,0.46324247,0.42140773,0.52276963,0.24730213,0.0,0.26211685,0.0067148963,0.47490034,0.2996869,0.24319811,0.090389065,0.5464706,1.0,0.21322055,0.48806775,0.32812855,0.34118003,0.06476266,0.23283191,0.0029863832,0.0002833781,0.005934107,0.0003898389,0.042100698,0.044335973,0.90396965,/content/data/frame62.jpg,0
235.4966091579861,70.32579517364502,140.26283094618054,163.51284313201904,0.9996882677078247,253.76422797175508,247.67324295341632,243.29498052988166,241.15395960191796,242.6224949857984,248.61275965064925,259.61681790121673,273.3238206333878,288.65006210463645,303.95422860291615,319.40913061860516,334.02214287049605,345.9973742066852,355.2154384952165,361.9688013514725,367.2575906236326,371.8667514167473,280.9599835874527,293.2224234792364,305.2064146325136,316.5023917408548,325.47843245819723,342.0565792706453,352.85235795837275,362.25905654572057,368.4888068908283,371.01503755901865,329.09040093596184,326.9613209602637,325.0839015240864,323.3290844410924,307.57700358400433,312.13022551846456,316.94143517675093,321.48462250098214,325.9014064833069,288.338796214262,297.0814445286544,304.5953793807334,310.1024155777005,302.6610737625583,295.0967553430355,337.6253632265225,345.4297403984482,352.18512655023983,356.39251698764497,349.8800315582861,343.26204237732304,290.90469750937194,300.95776300060015,309.8070261248388,313.4554840943454,317.88859478515485,322.09462856196956,324.67466953512957,317.263653762323,311.37003946918884,306.8417637161022,302.5044320934407,296.6059057533413,294.56355264495505,307.38724653159585,311.3048963701494,315.3117700332221,321.7779769629582,313.41003596456676,309.2278373108835,305.13635948650887,128.68541105677417,144.38341846351955,160.38493774364417,176.27139817128221,190.8837905696275,204.3743766992536,215.1195496078888,224.256307823795,231.63374624698898,234.92886430479362,235.51414639605585,232.18625796778292,224.1726392904865,212.12837030373547,198.23600212304984,183.815776019196,169.8824975044996,103.94908519437672,100.24216801830838,101.16942506499049,105.19344118720454,111.56779868636497,121.18627667001556,123.76589076290355,129.0411426675343,136.56488407051896,145.25959314560026,129.56546859502748,134.8121487598102,139.59676319238457,144.77681494868835,157.84997064906554,159.97492216624283,162.30488147212083,164.43592626660504,166.49476397069975,121.89613762859707,119.78807419670038,121.99285232473834,128.96674854671022,128.1606173152843,125.9314602303437,142.2422922774066,141.5551553837144,145.26068666081756,152.22980533234823,150.77989771704858,147.44348337868593,177.23298984148408,172.17785026997223,170.05053629211164,173.35622694624152,174.67319351903097,183.2441073152375,193.2158082570909,193.16448906165374,191.08466989980735,188.94451442773754,186.3544388443485,182.3531204724865,177.39431549824357,176.3774048229328,178.71051017793852,181.1554932502533,191.0904240119667,184.5455541586867,182.2655339969557,179.92862765322684,18.73815364451303,20.858594568674878,-14.049659967102246,0.42274743,0.46091324,0.5052074,0.49076048,0.337673,0.0,0.274778,0.34957027,0.47414705,0.4307697,0.34872484,0.17712104,0.52796024,0.0,0.34457144,0.48806775,0.28092816,0.6064253,0.16920318,0.23581152,0.002295068,0.00015077945,0.0017180957,0.00025513442,0.04482067,0.009394065,0.94136614,/content/data/frame63.jpg,0
237.64987521701389,70.87740325927734,138.99283854166666,162.20335006713867,0.9997705817222595,254.9619809304245,249.19805946417068,245.0952792408475,243.0845646461729,244.59215755273078,250.7078537909648,261.95829747075186,275.90722699393655,291.40563151618426,306.7828854148904,322.1951416053107,336.59153662041535,348.2531470118106,357.1220455529374,363.72499527097125,368.8818874338731,373.21470011956353,280.9159308001713,293.14167905558566,305.3307775796361,316.916396916763,326.23402553376627,342.4674085718848,353.28153888202905,362.7728911702711,369.24445177539064,372.01803244268376,330.25042539150854,328.1925528368588,326.3756937419603,324.6914187338066,309.2103239295693,313.8098014064594,318.6430296866165,323.1978406659596,327.6299637981442,289.44256215236715,298.07849880498884,305.6281926440172,311.2797053583922,303.8534476753773,296.2730267665429,339.0107669410645,346.7187890117875,353.46962544260896,357.70451988432615,351.3263528649868,344.7089590457981,293.2073388069798,302.9256085044485,311.5868020311377,315.29804269797614,319.767268027344,323.93105572530385,326.56215606626574,319.28228267748455,313.51039665264216,308.9635676344192,304.63286065504167,298.80463683485164,296.8683267636559,309.33078425269423,313.26658718616136,317.29953105052755,323.5579454496901,315.4327963003161,311.22051354787664,307.10964114740045,130.45680982088174,146.16324420482192,162.0284186803692,177.6786312858385,192.07622127477362,205.28905852007074,215.74946497470546,224.5520366673968,231.70222639135181,235.03276927883735,235.42329368765058,231.7131783845166,223.26306596337827,210.88368235893358,196.8534018017749,182.33941208040096,168.31160268271697,105.50645234173476,101.49818816747427,102.29332433435957,106.20993807641298,112.51471862036692,121.62414915120644,123.89987239616516,128.87904410642432,136.1473216083748,144.8309702015581,129.96240390063053,135.35491473851494,140.26965647627344,145.55453845760098,158.1751385513312,160.31414170788912,162.7065489266347,164.66979811661076,166.58835760566444,122.82067180699028,120.62886356898161,122.6594953609715,129.45636148764174,128.72163240805594,126.64097413881336,142.27596533005362,141.56409737603053,145.14838657549012,151.93925462963261,150.57860289831683,147.3423469265624,177.68051075924177,172.4976424176366,170.33690930006424,173.67949473935596,174.94667747392168,183.499209593851,193.50138419040377,193.52145511008075,191.43489158181183,189.28291773843375,186.69243490602048,182.72283625635737,177.79783862669456,176.69132766473376,178.99774317443553,181.4460937311478,191.3975573508751,184.7955357678552,182.50880832213716,180.17481560083297,18.769477432085473,21.750567161681484,-13.631288350846537,0.44988617,0.49092764,0.24459144,0.58493227,0.32419378,0.0,0.35054517,0.0017840712,0.47546068,0.30659643,0.21435946,0.31970486,0.51684874,1.0,0.48540196,0.48037753,0.9655127,0.33312362,0.52233106,0.5129519,0.001915469,0.00072060106,0.007769859,0.0003496063,0.044062488,0.056521468,0.88866055,/content/data/frame64.jpg,0
237.22965494791666,70.48765468597412,139.62269422743057,162.95827388763428,0.9997692704200745,255.5243306976902,249.56234632709464,245.27758866369396,243.09781548369173,244.45549287133312,250.56240110328568,261.93000616456374,276.05791323268045,291.72997697729755,307.2725169330875,322.7806318260832,337.2456387599875,348.9687975487999,357.9054086442502,364.5660376297611,369.73147546739824,374.03110578362623,281.40526133103526,293.6451923550184,305.8304873600925,317.4052984303629,326.69788577189377,343.09342365233954,353.94056454052907,363.4686316665976,369.97365727025544,372.78830681782335,330.8322035214684,328.79223735753226,326.9996281201644,325.3308372142891,309.60282035846706,314.2882071934823,319.20302451302166,323.80943243302295,328.2744685613766,289.81863128667595,298.47507470500244,306.07787925371287,311.7878881329417,304.2912377265704,296.66731307839046,339.61910901118677,347.3906412419725,354.2040063110642,358.4948948642667,352.062705630137,345.38226198176835,293.11087248753455,303.08433826759205,312.00072092340145,315.80324797126593,320.38477100585476,324.64092562063615,327.2026235132995,319.9117950034415,314.0865755153792,309.4234626925528,304.9562527791268,298.9169475145711,296.80350974632705,309.67129750216645,313.7269743515641,317.8718288395054,324.19155237839163,316.04581441169626,311.727196986177,307.49459268098616,129.73340145041027,145.54824149660112,161.55521383840744,177.37334078749586,191.98897412617077,205.4604039302859,216.1541560165888,225.16356851451508,232.4631620987666,235.90584321345125,236.28481612413077,232.505542165914,223.9379034042421,211.42292737626804,197.28163375503834,182.68205029327817,168.58821861743468,105.46751444993902,101.48039633402902,102.33785547174884,106.35925004048164,112.78203313759599,122.01054335615027,124.33237309923715,129.36360156306546,136.68026489658467,145.38302217542002,130.3538393393789,135.7774855454199,140.7233011566475,146.0511376399295,158.5984115683616,160.80897032381847,163.25954292490223,165.24035649236612,167.16064209264175,122.88788417691097,120.7445670626459,122.82898800548747,129.69274059665787,128.9144847458697,126.78775366998491,142.7383591238031,142.0549514018411,145.67779442463836,152.50806023557925,151.11718163196718,147.8468880841445,178.05172490963923,172.7847310970144,170.64167040779807,174.03136478286444,175.31389797553902,183.95156408688683,194.11741858760854,194.10413110780985,192.00637606243345,189.83963102326015,187.21749840888083,183.20132267267422,178.19296848876252,177.15203431474345,179.49398759631492,181.9687807088212,191.99891642465172,185.253527304846,182.95417554841856,180.60130089090728,18.806819588436664,21.245710231693927,-14.142202087235544,0.42288965,0.49795064,0.40443608,0.5080955,0.34622678,0.0,0.4053238,0.00015611389,0.47564292,0.2681717,0.2183774,0.124536656,0.52987003,0.0,0.39690042,0.48037753,0.9931466,0.39003932,0.18224135,0.28109723,0.0017593259,0.00068002864,0.0052366746,0.0003343305,0.040422644,0.037245117,0.9143219,/content/data/frame65.jpg,0
238.72504340277777,71.68103170394897,138.80517578125,161.1907753944397,0.9998086094856262,255.8632643728651,250.20547758745715,246.27617804076567,244.63980384631213,246.59627072546354,253.03989782046324,264.5689702777753,278.7379326010382,294.4269763283148,310.03016163633794,325.7721707964131,340.4152452246516,352.1368506042577,360.91422817068116,367.215385284303,372.29132765184306,376.6557069846726,283.66603523310243,296.0324780395998,308.2060766337105,319.6718188510655,328.8995524766915,345.82189296319575,356.71796854639933,366.31479998778764,372.87867441032984,375.67596177052667,333.1300424819003,331.1240314786537,329.36209496655744,327.7095365696026,311.87356391860277,316.5401944021172,321.44136467653726,325.99370557900426,330.3887873383777,291.9724712417901,300.7719388755279,308.5141270035285,313.9644302952489,306.4355565855414,298.68107826351314,341.61929224443435,349.47807580602034,356.52753971454615,360.84710480329915,354.31382904393655,347.42292708518835,295.4503886248997,305.2679305065968,314.1193144102283,317.8214298356105,322.30957580341874,326.6133342730235,329.19828720225587,322.00651760434556,316.1206791206108,311.51255964524887,307.1450328237049,301.21361916455606,299.1914095472298,311.79277837493294,315.7335264794757,319.7938906844288,326.1609836513756,318.10698661392,313.8626269056949,309.74593072323773,129.97129977873453,145.8171587724912,161.86211660364398,177.7325732793501,192.26471314198398,205.618447065058,216.24793150707734,225.32512754975804,232.57232984268256,235.99017976717647,236.6934532620127,233.25470078426156,224.8904628170768,212.37198938811582,198.09785136596204,183.43413955750822,169.28110491065172,106.09281323591847,102.2646627931233,103.18834696743843,107.30947326908425,113.71912650925174,123.31554866181453,125.34222586843326,130.0800034320086,137.31603386938636,146.06870999049616,131.6176093153113,137.24224082353805,142.4090049579197,147.89778139923715,160.17672286654764,162.36755947998,164.7955645562114,166.73860272664447,168.58507179278487,123.84150786110767,121.45627058482538,123.62268821988003,130.9111306854472,130.30875553304378,128.09300994756933,143.85403086182055,142.64276652359376,146.21888440166666,153.34427426963845,152.3704262733585,149.1514676595323,179.60188181487968,174.080575558882,171.8584024094578,175.20087401448353,176.44780989147364,185.1624221518119,195.49505113808536,195.43394604582758,193.34227262079312,191.15494090321855,188.53644934882058,184.5122293824011,179.70987641849825,178.50268191000112,180.79994514732624,183.23995218601806,193.32064372398642,186.5093974411644,184.2084909568292,181.85731688716493,18.835561023425683,20.80975307409288,-14.421190457869324,0.44212186,0.4959067,0.41057456,0.5346037,0.34360546,0.0,0.3729373,0.0004171151,0.47540572,0.32984868,0.25856867,0.14192247,0.5303708,1.0,0.48283082,0.48037753,0.94189817,0.43157208,0.25191972,0.5050187,0.0018557442,8.303858e-05,0.0036954535,0.00044511424,0.025232157,0.046443474,0.922245,/content/data/frame66.jpg,0
241.19699435763889,76.73067855834961,138.4053276909722,157.69823455810547,0.9997888207435608,256.96064205108405,251.4911686388988,247.67777043863302,246.05500346235766,247.94836178507504,254.44457876216137,265.9191362278046,279.93134586250005,295.3112121813539,310.6394355076927,326.18207566622823,340.72807430993885,352.26283023600627,360.9125831238509,367.2344253400364,372.27207885166627,376.6686531621215,284.1852745237602,296.57997622886813,308.91085876795023,320.65470198292206,330.12556548037867,347.05653756720915,358.0384760408033,367.65558897387166,374.1690466005286,376.8161546174273,334.15342563066787,332.26148851949506,330.6208802625797,329.0875960361938,312.8807650696992,317.58253891962556,322.35151577258875,326.859192731569,331.19913288991825,292.143438803314,301.24207458984154,309.0652294123882,314.7329646549071,306.9839778999114,299.067068233249,342.3574143896079,350.5817174500702,357.60617958320216,361.8177369653573,355.1159124117594,348.1995413122128,295.8351147465688,306.0402539562089,315.0816690588819,318.759279519628,323.1958056657255,327.43189586620974,330.00178472251935,322.5486919552148,316.56085701091996,312.03507652393125,307.6655785492917,301.6837950335181,299.5488589468631,312.56409432276104,316.504944744043,320.465883877713,327.02235007277864,318.7618737946697,314.6022695900889,310.4894130938138,133.0284786883638,148.86983833849453,164.89637282931926,180.6206911969708,194.84824821904093,207.7706029087176,218.04438325212413,226.5912562153802,233.64230402796127,236.98819694652738,237.95239874387423,234.80482123306118,226.64767605780887,214.38870005520874,200.37769732238047,186.04105667453513,172.13029447342686,107.27827987672535,103.42145012842448,104.00914084115934,107.6163110947949,113.71081304126628,123.45082129484271,125.71632273256381,130.7745161348499,138.30915937411754,147.26752947681433,132.46115021484212,137.8044093263844,142.65603075861083,147.8386309286032,161.30396738450798,163.26755160465854,165.46467697584575,167.61167644144462,169.7199648116386,125.15689551846262,122.70378287739968,124.97663852089117,132.50865928647534,131.65559397602362,129.37154347175436,144.99927585165767,143.57714503135202,147.22381594236168,154.54398031242079,153.4388191446559,150.1606142457648,180.4161720880311,175.1250240664569,172.80170413367594,176.14229570759161,177.448907972073,186.2909191994211,196.49229671025077,196.75523212545556,194.90330324720853,192.76766219450963,190.0831289402702,185.78755088513407,180.6303464119086,179.50114872190952,181.82655535418053,184.3426524814733,194.34282704363395,187.86801283564162,185.55419020540467,183.17485649063636,18.60115012960952,21.83414472617021,-14.068089032204277,0.4026582,0.50205827,0.541544,0.5686847,0.32840723,1.0,0.30705932,0.036617488,0.47579044,0.28001595,0.49166054,0.21374272,0.51895976,1.0,0.21767826,0.48806775,0.3328922,0.51178586,0.03294539,0.2784062,0.001535756,0.00012552585,0.0018401641,0.00038108326,0.03551256,0.03905496,0.9215499,/content/data/frame67.jpg,0
242.00330946180554,77.36980819702148,138.24007161458331,158.07290267944336,0.999799907207489,257.83484095543656,252.35977281204626,248.47228095194947,246.8418850541974,248.79655000006554,255.348784848529,266.86333221423837,280.8768474301286,296.1769635931742,311.4224196661545,326.8795684056644,341.3611060495724,352.88280179504056,361.6326786636399,368.1766034146377,373.36937415524136,377.84088496709666,285.4902913148217,297.88412330962484,310.13251163939543,321.80613518717036,331.22931085057314,348.0112304543054,358.9317500059685,368.57994275748365,375.1675548780154,377.8406927607607,335.20464665932275,333.27562995304777,331.6090088140983,330.0443700957483,313.8119344877079,318.5451851040954,323.3582691874291,327.9019930503231,332.2496438380466,293.31553699186395,302.38663021971445,310.19357106982204,315.7611667780219,308.0543597758124,300.1507447918537,343.41573524951275,351.69607465191694,358.78274487059355,363.03199732057,356.2561473596211,349.29201433323476,296.37289534015656,306.73589214878336,315.8839414016684,319.583902062289,324.00194559398733,328.23575369955813,330.8202618489243,323.3126484482806,317.32668738426617,312.7937836074601,308.3996358458213,302.30209335066536,300.0142104558048,313.3796059069,317.3475926498636,321.30613866985595,327.8328553006594,319.58299756188455,315.42476046510393,311.2874060214106,134.5124745913933,150.3628605348571,166.3848980425718,182.08717204481002,196.24862960809998,209.1113037344124,219.2213117799199,227.55411220578108,234.48049364653744,237.70815811472932,238.54046808063168,235.3758812093938,227.29827426638778,215.2509846421598,201.45738739335192,187.26231633378228,173.42646760983246,108.66050758840319,104.94812983316804,105.60773957966313,109.24422127127522,115.29361042615034,124.90936553191155,127.17023213031722,132.1907916470447,139.67088562288365,148.64671799876498,133.90236645609448,139.2848109315073,144.17914176366895,149.39594960252035,162.68326405620303,164.72481191904427,166.9683008034298,169.1068563346463,171.14231012601266,126.72340327740076,124.17882882089026,126.44922093918008,134.015349862863,133.23437029491208,130.94687746585095,146.37127763759293,144.7874352450314,148.41958664095728,155.86441640727844,154.8147323816812,151.53992082990834,181.52225501096757,176.53445536826302,174.36489808568467,177.67421632788654,178.98387638222738,187.6394251648997,197.68633300094308,197.93837203863777,196.14105059124796,194.01884390484156,191.34791074183204,187.0066479882148,181.762399868344,180.91964292277044,183.24903673306682,185.7295725609436,195.55742170528885,189.1408166924698,186.86089905429583,184.51477198651747,17.671551253854595,23.31668749273766,-13.664962694152132,0.47872543,0.50003314,0.42498118,0.5878076,0.27859333,0.0,0.38774687,0.00030107098,0.47610262,0.2901216,0.19915834,0.3032157,0.53213763,0.0,0.43881708,0.48037753,0.98738873,0.44614303,0.17072743,0.47008866,0.0033035309,0.00070145284,0.005522276,0.00023477024,0.05198606,0.032103173,0.9061487,/content/data/frame68.jpg,0
243.33704969618054,78.45453643798828,137.7055935329861,156.60598754882812,0.9998190999031067,258.61918241473177,253.0359787385205,248.99792615603837,247.2061721132468,248.91082458978235,255.32188799241794,266.8170684732577,280.93294365195834,296.3957399323572,311.9240864141102,327.6731943694431,342.40304821985046,354.0805051940406,362.840373335981,369.2848363136145,374.4403842930551,378.92403150728205,286.0190265641231,298.3132793452969,310.69609546669744,322.52009948195337,332.0939685009289,348.30992561758103,359.52345697839337,369.3753542864688,376.09815919052926,378.892085305255,335.54859404775925,333.6057452226596,331.9290736762305,330.35618248105675,314.07211005776844,318.8019961777318,323.62679119312816,328.1878620218049,332.58727521105175,294.0236280191857,303.0046552820313,310.754387204197,316.38730239674624,308.66984151526776,300.8372309294282,343.99085959072545,352.2884487152551,359.34732721658656,363.60776546594934,356.85040444924743,349.90394252699843,296.32883997036333,306.87806506980996,316.0459977769133,319.75048026007426,324.2391792755334,328.3959043816394,330.93491055746927,323.5149010767018,317.6209612187122,313.04298757837387,308.6490238376846,302.50282435741246,300.0279906189644,313.4773864776762,317.4720843003597,321.5052026956073,327.90926246471645,319.85113543939224,315.6689385017962,311.5172371935896,134.28482465137859,150.09812744675946,166.08992348523316,181.8328034993574,196.18121835340207,209.33861786062698,219.78792706874083,228.519321421918,235.77929745655638,239.31546870842067,240.30269820198737,237.10722669796814,228.88119168933918,216.6320298745959,202.6579859757221,188.30540422576087,174.27929653059618,109.56241835304536,105.54094374356464,106.10118962034721,109.78650662255859,116.00877995664086,125.97868890968675,128.27291795375095,133.43881036431776,141.08638612852883,150.12145982362563,134.92542889188553,140.41354445133402,145.44550252191584,150.8427976725161,163.78978573795393,165.89351931049896,168.18284777132794,170.28225762929287,172.33981930676237,127.57489007906042,125.33168870797454,127.65714146808023,134.98608971133763,134.17027421833882,131.85855429262483,147.75582788165775,146.52420770231765,150.17838499848585,157.3665716892283,156.2450158090178,152.94934838033805,182.24681597240124,177.42066559569867,175.45596296970325,178.82665692754745,180.12700848684472,188.72356119205506,198.74016290216605,198.75142024194065,196.80181701297624,194.61807231803323,191.91817019342488,187.6097342316898,182.5406381411849,181.94353987847353,184.31891698024629,186.7959125759844,196.59069428653675,189.87055529975623,187.57450603906182,185.16767559391883,17.594074791769682,24.721727063574054,-13.097091274499208,0.48985317,0.4957591,0.34219167,0.58186066,0.28133643,0.0,0.3856613,0.0004552313,0.4763576,0.30841088,0.20366535,0.19236606,0.5243856,0.0,0.39943984,0.48037753,0.952585,0.4374246,0.3972194,0.47747818,0.0026184572,0.0003353999,0.0052776155,0.000306482,0.040397447,0.046709374,0.9043552,/content/data/frame69.jpg,0
243.32747395833331,78.42412662506104,137.5573459201389,156.7890386581421,0.9998148083686829,258.1691233112172,252.60100102411772,248.5915802098877,246.82296711218586,248.55772105435423,254.91817337411618,266.327985458416,280.32053310629703,295.57957634102667,310.8722628535903,326.4359291474681,340.9574780887982,352.4850108058457,361.14288406791104,367.5547993883331,372.7153529897189,377.2123826512362,285.3134815047267,297.5180627593319,309.76905491570915,321.4718859319108,330.91879498901733,347.0937091762224,358.128266943168,367.7927919357309,374.3529843959934,377.0630625697829,334.54560762607997,332.63105839995364,330.96906926052725,329.41542269015235,313.3328593006017,318.0133681849998,322.8237289074113,327.37019175849275,331.7326258798222,293.5744313749063,302.4487823081946,310.05944686833345,315.60697666579205,308.02199314106645,300.3423766830068,342.82400714302946,350.91437438016465,357.843902744489,362.0402736464297,355.4032399395943,348.6071520295856,295.91658105509,306.311580110411,315.3616947415302,319.0145024179326,323.4382682347534,327.55537557411714,330.0314311072932,322.63329674044485,316.75183498163176,312.2306270177777,307.9011633087256,301.88056416721696,299.54765517401165,312.847555017846,316.78208028840453,320.7527272249308,327.07446734633174,318.958475145913,314.8265647643023,310.737538347504,133.99110267444408,149.6751950813287,165.48265178081766,181.037486714264,195.22384767853384,208.23720211784286,218.5327965015903,227.18040856391625,234.41037139929833,237.97004326823026,239.01906309994678,235.9143604915902,227.78460819053734,215.6515861878851,201.79403219231304,187.53894922585422,173.6212074062371,109.13211271895395,105.11317926791635,105.67566683723625,109.39536576079216,115.63546486131587,125.54595585812325,127.93166236867607,133.1422098809232,140.77527525688652,149.71350916756865,134.37757982856235,139.89752774541,144.93785709345593,150.31866762760802,162.83759484865539,165.0112870295112,167.3631876530538,169.41933022115757,171.37891658187772,126.94174256168796,124.73081848669582,127.00632083349036,134.23470804202722,133.41459146548038,131.1192788352546,146.99264271602038,145.87164869859095,149.5153334394874,156.61801814761043,155.43798578479527,152.1611753814658,181.1901711235007,176.35776283968198,174.48079315489622,177.83222434846152,179.19325193881076,187.74641610583066,197.70121529954545,197.66832338824972,195.66127757693172,193.44705646071185,190.73875016622162,186.43611136402922,181.4591267009318,180.8698759040949,183.2450688903246,185.7526593892571,195.54630728214696,188.89094920331797,186.56132042970148,184.14361355471553,17.669921536965322,24.67143900386459,-13.101368874289435,0.49297148,0.48659998,0.4066211,0.4817861,0.34227702,0.0,0.30179736,0.0023232168,0.47361392,0.37418127,0.2960886,0.1910978,0.52483535,0.0,0.21622415,0.48806775,0.17018081,0.22530292,0.154328,0.31770563,0.0026875022,0.00035780485,0.005524632,0.00032814717,0.042038526,0.047365606,0.90169775,/content/data/frame70.jpg,0
242.89534505208331,78.49679946899414,137.67049153645831,156.16323852539062,0.9998449087142944,258.9925178153744,253.1558148336766,248.82295090003808,246.82190816629628,248.5092787761847,254.9571802544977,266.2915505767163,280.19888400150666,295.6031592060761,311.0765132052675,326.64589281645095,341.11927695099223,352.7231182393283,361.7175023363663,368.50382233185223,373.8182373521747,378.3070018882769,286.2766171892272,298.4543838013022,310.85940283733726,322.58555195995433,332.0617283970721,348.28891751788035,359.57912577619135,369.51625195806776,376.2835053350042,378.8614529006852,335.4856552376943,333.6000370320347,331.98590870948317,330.4636843924534,313.6084473350289,318.44566074768153,323.3351817026116,328.01780694846525,332.50851500631757,294.2226220925033,303.28472786983764,311.0077192371089,316.4704059785421,308.7879995898882,300.97413182629646,343.5085577012542,352.02654440651895,359.13650545207713,363.30623084018225,356.5061163081358,349.5041659253627,295.3265815404553,306.2143858543168,315.60457820848535,319.4038504795346,324.07147486498286,328.25850206453106,330.70255885308654,323.27483200136777,317.31802719427213,312.5905222335197,308.08789055803317,301.78544604519266,299.0507713218209,312.86678156368146,316.98892417790194,321.1714611720272,327.7465851373228,319.7902315392101,315.4844037802635,311.2054558206957,134.3227580275692,150.1207695163688,166.2202837787525,182.0620747704255,196.43222885890063,209.53449190765895,220.0657772618404,228.95970138978953,236.55587796285906,240.31541973468117,241.20376554984395,237.8580151961745,229.61686864366345,217.53524492506548,203.68172136252613,189.36164088328223,175.41824619429315,109.67099969665688,105.57723920178869,106.26427414049067,110.13710982675221,116.40684397496334,126.32448467584399,128.76266063565527,134.00586345529663,141.8443435762252,151.25074311464414,135.18669253936932,140.78409102832265,145.87386174151652,151.3028942816083,164.05306714295074,166.250464214207,168.62219742039088,170.80452661325035,172.9324371971037,127.22980279732546,124.94823671371995,127.38335777009051,134.98559388654792,134.0431980613317,131.63881033884462,148.2334870305898,146.88658177902798,150.67541599791875,158.0576152941554,156.92010775668166,153.52097757287265,182.00632697125693,177.32170235532683,175.58041856378404,179.06848162216338,180.46337175555817,189.1917726144471,199.35843541682334,199.1786373155977,197.09739359308003,194.762039986554,191.91355195930953,187.41948183222266,182.3562949222789,182.25534348791987,184.7562762118323,187.3185862461898,197.12822186911797,189.93623080210236,187.524074577447,184.99530704777862,18.061593317594788,24.364667926716983,-12.600993622547385,0.42262748,0.5031802,0.30180594,0.59251773,0.32823378,1.0,0.36248043,0.00096035475,0.47695932,0.3075498,0.22239403,0.24722794,0.5218723,0.0,0.49124926,0.48037753,0.95668966,0.36377242,0.14194788,0.5220793,0.0015801651,0.00045583394,0.0041196486,0.0004226207,0.052998357,0.027420273,0.91300315,/content/data/frame71.jpg,0
242.113525390625,78.13557243347168,138.12513563368054,156.62387466430664,0.999839186668396,259.59906147202173,253.68302062699394,249.24288476907208,247.03907883247456,248.33299737959507,254.27124740389473,265.1970937561468,278.87753929224425,294.16344242764904,309.74822566312093,325.55984499770295,340.3749527416884,352.29747872372445,361.4544269616697,368.40915443268557,373.92060452548793,378.69096819389176,286.475055864319,298.56060786469226,310.74111320857526,322.3141904977406,331.69158374436745,348.0716292382649,359.38063294438587,369.319232266575,376.1556265418035,378.93561084556313,335.22489892798296,333.20710677056286,331.4559591957548,329.77254261609306,313.1497589146485,317.9280988431489,322.84113898429234,327.6067863528357,332.18373691650896,294.240281146754,303.13121774969323,310.80283400211783,316.3042353515119,308.6775695817245,300.9161811940692,343.49417455702934,351.8545162230496,358.92653504689076,363.20468953009066,356.4236361605887,349.4505027972432,294.26470284199365,305.226543188193,314.7378636672006,318.5582906064569,323.21230394148506,327.5248504450454,330.05529655547326,322.2208727356551,315.9840982942351,311.1520642440449,306.6047669956465,300.3145897004616,297.9111196013612,312.08418881932494,316.2205630387849,320.4221476655797,327.005306885353,318.3858039818675,314.0093465740218,309.69865970413565,134.37820729115774,149.86058184450425,165.5744359798402,181.20289820143108,195.56410969494635,208.95706818788437,219.83729190074953,228.99478906670709,236.60491417914525,240.3087107197135,241.20835892136984,238.0350732981268,229.93640225477066,217.91677202762574,204.12961600620474,189.83008609708833,175.8380791035791,110.47547867665384,106.51257691168288,107.1876491413,110.95827206605554,117.16897802819912,127.32145202684137,129.7147277485711,134.92147238280882,142.5972504057754,151.74652485416146,135.6248060030983,141.03664246559288,145.9813019805041,151.2758470901734,163.67804653403118,165.98282721835466,168.48645427446888,170.66249453599693,172.72732646328458,127.97467076013335,125.65892271817702,128.02411349038115,135.43866899518343,134.5741297810872,132.22941178321815,148.68726502220136,147.4263549727981,151.15944634504143,158.4489470865592,157.27753470838053,153.94620262805446,181.5131657570996,177.0063995607091,175.45898269673972,178.95583337668313,180.441826316341,189.12198016387583,199.3603725990504,199.6101236420196,197.7242982597936,195.37225375335265,192.4452127553678,187.6120248360906,181.9585592246859,181.84161515284796,184.3826813399213,187.00290518688615,197.25357568535554,190.72021207812367,188.30760624853338,185.70395106544902,18.15652214306089,24.79936774461282,-12.80738341999049,0.44281268,0.4950475,0.36856496,0.57691365,0.27374056,0.0,0.36904863,0.0001262312,0.475228,0.29012662,0.23650855,0.24513654,0.52886325,0.0,0.42995277,0.48037753,0.9893867,0.37348768,0.18566988,0.59717727,0.003806174,0.00047931285,0.0050342483,0.0005538508,0.07857626,0.017965844,0.8935844,/content/data/frame72.jpg,0
239.1858181423611,78.19513034820557,140.222900390625,156.25184154510498,0.9998262524604797,259.29144474756504,252.8104137762962,247.84420613919394,245.2576823864632,246.3483764214681,252.16375350110664,262.83046846899083,276.2693210350024,291.3810982561447,306.90296771716686,322.7303220336115,337.61627694595643,349.74857657449513,359.2605059263898,366.6142374136965,372.4175555865157,377.3313198313566,286.8973586518438,298.88958943963434,310.7740332702242,321.86903221624146,330.7705283054164,347.50850331476477,358.7311098586167,368.4131379702805,374.9744461683182,377.55718684416445,334.0520150166299,331.8636642969923,329.94854448923616,328.08468900546563,310.9536204562118,315.8369524459377,320.8142522656333,325.68113317951287,330.3645041304877,293.7495893738993,302.7944679885972,310.38615892353897,315.4898369807819,307.9515952783366,300.27697281600535,342.3067223065853,350.8217522254042,357.8547100857139,361.93408515147416,355.15891296743496,348.2233204418894,292.1050964694159,303.2038561403124,312.7498387721687,316.6186579487009,321.4091285327157,325.66576617592006,328.00424413865755,320.26169952044614,314.013297043566,309.078600145831,304.4415593136881,298.2035058152276,295.7798723005807,309.8337626423884,314.08977442944644,318.4147086246186,325.03974238955533,316.6480173075651,312.1633780350538,307.7305451226549,132.46989254210138,147.90948427188692,163.70852418571167,179.45041561017507,193.88808988171172,207.31900748586807,218.43225684415225,227.87776721251808,235.9455670347744,240.07185895950386,241.37633316049067,238.49770781546638,230.6833462044641,218.800193202176,205.03227441522856,190.63966178622735,176.59533810265629,109.06946930506878,105.53132289984808,106.65693914901783,110.66417032391081,116.9014023861793,127.1596484285632,129.92162983431606,135.2393227535958,142.81972592589847,151.78756276658393,135.97959881467273,141.44528436055322,146.41430835031392,151.72716764846353,163.7971498864324,166.12131138982272,168.64409281165047,170.87199540453543,173.05909441188044,127.2483244212957,125.17561180069428,127.84237366418476,135.53999633989343,134.40290513004084,131.78673703037921,149.11882275063095,147.79318678869652,151.59859891440408,158.8937681480189,157.74290810294713,154.35704311532993,181.0062045819194,176.45577218202567,174.98714485465973,178.5536755125167,180.11134205270002,188.96768709131868,199.46231117696792,199.29034602476236,197.1553048375885,194.6935779180353,191.70405309908264,186.92646844608055,181.47074630652955,181.59962796866216,184.22043410940816,186.901132448157,197.2222714452453,190.19055412122572,187.68511785545326,185.0053471249213,18.065934583867374,25.336775921656272,-12.289052083179802,0.45369288,0.50400674,0.29774696,0.57848555,0.27374056,0.0,0.36395082,6.4138425e-05,0.47503442,0.2938965,0.21027546,0.1890718,0.5265077,0.0,0.45410073,0.48037753,0.9596864,0.44899088,0.22301392,0.4001459,0.0035432298,0.00082183594,0.002522604,0.00043976956,0.12736511,0.0041226298,0.8611848,/content/data/frame73.jpg,0
238.70057508680554,79.05929946899414,140.83772786458331,156.8891773223877,0.999817430973053,259.0509681412011,252.4595614000839,247.35650759588788,244.60626459795134,245.4934489892375,251.0079198896791,261.36622870720987,274.4510945549195,289.27936321195614,304.65929076651844,320.49092091975433,335.6140760880882,347.9954605577427,357.5336648341655,364.8597686069254,370.8540157148706,376.0754881362667,284.97562034552567,296.8168985429331,308.64654556394305,319.8301489072261,328.75498116060703,344.9964573877097,356.52659460299344,366.62675358431727,373.53798401159816,376.2617552824517,331.99142192002057,329.769367867429,327.80335679781854,325.8655680230846,309.2596370472744,314.0438266111166,318.9823242373234,323.78351450762204,328.4319004084044,291.7968816876486,300.64339847544574,308.25228066559754,313.55549674783975,306.0005174576638,298.3197329397103,340.6719601934963,349.15839865206976,356.26109182097423,360.5708550695921,353.6941534698798,346.68217562176335,290.54190973589414,301.41536520762867,310.8662543045548,314.6579055942289,319.3399225955062,323.72616096920694,326.1650161100746,318.2456381791332,311.8417469859128,306.9304729332131,302.31042154319147,296.203414304007,294.1997491944529,308.0840241688268,312.25684476316013,316.5036436791529,323.1559135104635,314.28188138786027,309.8276289667454,305.45496310423874,131.97776864924066,147.27045396463097,162.86252003748072,178.4788976816426,192.9116895087844,206.4818329477206,217.7707845630914,227.4424023042406,235.43565195175137,239.44032265440396,240.7403997808129,238.0206346170253,230.373593415451,218.50086110570214,204.6628022432364,190.2263297350928,176.1186609892461,109.58083597494979,105.74530827455314,106.65476190805893,110.63669767257242,116.9897101838962,126.88489563113876,129.43905820381696,134.77006454978147,142.68622749564048,152.1133717114697,135.41451476195274,140.67232829744728,145.44610983802986,150.59075365430783,163.06455351539591,165.30638000678368,167.7808861340619,170.00451120903227,172.18935447442283,127.1940503921121,124.98481700429049,127.49123171824121,135.03732912118264,133.98547914142017,131.52136981581316,148.4079358856271,147.01079763017862,150.77308202295737,158.1032423999311,156.86561341307993,153.521030206062,180.81459276016435,176.00491896902014,174.29530997322018,177.79419002101426,179.30664692986176,188.24158983440918,198.74042940912182,198.980100094598,197.0345347590889,194.65973244492315,191.73096519681147,186.891419537293,181.23631127457958,180.97731701384402,183.5337407365888,186.18135108683526,196.56844608406067,189.92817213077115,187.4928630118443,184.88740094770367,17.382472315367433,25.693232473430836,-12.078778869022079,0.42812607,0.49251857,0.3149474,0.54478747,0.2648955,0.0,0.3380099,0.0005078655,0.47501445,0.27896878,0.1509715,0.37380764,0.52092993,0.0,0.5854902,0.48037753,0.9393338,0.5208839,0.27837795,0.4001459,0.0035551635,0.0002632824,0.0024938157,0.00040567588,0.09137295,0.008071103,0.893838,/content/data/frame74.jpg,0
238.78805881076389,79.0424165725708,140.61762152777774,156.9314489364624,0.9998188614845276,258.9220158889297,252.36223201740694,247.29225440624066,244.592541614556,245.52395710565196,251.06115076959316,261.46472722751486,274.59385553376455,289.44230535263625,304.7993311130608,320.5989713830813,335.67941709345325,348.0210687195828,357.534511002903,364.8512069362836,370.84155782656796,376.0583645862798,284.9621698733347,296.8183177477162,308.6136506747068,319.7661837507869,328.6822297384192,344.9821285125586,356.4954486773266,366.5729277097039,373.47760181328067,376.2649423440837,331.96199399421994,329.73074318723354,327.7550206706409,325.806641308689,309.2548061199708,314.04455006990406,318.99001306102474,323.8087726327751,328.4705784560267,291.8188363117231,300.6577523785366,308.2473915877071,313.5504426531181,306.0071386419596,298.35553957498223,340.67922965549803,349.12545828654254,356.22096201739737,360.55778165168476,353.66187397001875,346.6692325828128,290.54437703723426,301.4039309052444,310.8709257444333,314.6785722742919,319.3636916165045,323.7993664079849,326.2825424049382,318.36975223085267,311.95212526316317,307.03099161838236,302.3813869482895,296.23617008732367,294.18461409258913,308.1068931202853,312.2999423127757,316.5563039288096,323.2839546777719,314.3652372325023,309.9029713353798,305.50922046942634,132.2344389963199,147.5236119776788,163.1113484115386,178.7144569514249,193.09988591622738,206.61872994223975,217.83554075848852,227.42881248179467,235.39168687427411,239.38785076135488,240.68812103095732,237.95623008304665,230.3009325064411,218.43768506501922,204.61514793885783,190.1850450186076,176.09232025888295,109.55408355686919,105.80902826923804,106.74818313025386,110.6936847314268,116.97066731173948,126.87963685764473,129.4558143766739,134.77510745553536,142.6344853137923,151.97304814337497,135.3775885004237,140.64732491765156,145.431316253975,150.5834187382652,163.08709202517613,165.32101428979988,167.78155024450746,170.0098377539466,172.16980105061936,127.21659409522323,124.99364950105874,127.48729806093486,135.01711008856364,133.97608345590095,131.51910570317247,148.30907103380605,146.9009378559436,150.65097406511495,157.97525783615447,156.72949989434895,153.4026091053956,180.83583003231138,176.0148367627886,174.32023465177073,177.81383898928866,179.3311595796178,188.23681157661076,198.72456139933203,198.94527094354515,197.0088682425136,194.633448520007,191.70705749671995,186.87229162836945,181.25211721464535,181.00043896614068,183.55399327984205,186.19610978160432,196.55641536056848,189.9304146971676,187.49542595919343,184.8899353661311,17.555242672811183,25.700885659561774,-12.044774696235873,0.4331832,0.5145193,0.12837295,0.5854456,0.28948382,0.0,0.34929985,0.00074782624,0.47781283,0.3991022,0.24008125,0.46265987,0.54791665,0.0,0.6546543,0.48037753,0.81352884,0.49256074,0.05348087,0.4618202,0.0036726652,0.00028897336,0.003063818,0.00040372185,0.08983543,0.008896589,0.8938389,/content/data/frame75.jpg,0
237.03841145833331,78.1858777999878,141.88148328993054,158.03090572357178,0.9997991919517517,259.31244660791026,252.43733166630062,247.1794011318634,244.34297175341868,245.08588359010014,250.41488614226404,260.5951932444187,273.64995103623875,288.6262841383953,304.3125066288554,320.49898275925625,335.72246144887947,348.10973965089477,357.6763367291984,365.1060993813313,371.2393565144338,376.56730221261057,285.3995337153587,297.2480594038493,308.91187301287107,319.7885847246488,328.49543391025225,344.63202314148623,356.1335107600388,366.1490503694653,373.09506778003356,376.11252720386904,331.5771071041494,329.19936648517387,327.08025555688323,324.9838980732562,308.41300402120214,313.17207969303445,318.0971662152268,322.97197587608593,327.7301133780687,291.79251695451234,300.6195762166174,308.2191871728925,313.3081821407219,305.75354682096776,298.10815769733665,340.4926595198916,348.89880831384744,356.0318832285084,360.3331998332826,353.41584746775504,346.4031069653589,289.7048516710574,300.45001614538086,309.7848117997205,313.6159357611177,318.41056015797096,322.899454216393,325.6363217324639,317.55586481855676,311.02234825724565,306.0439838605267,301.44293329208233,295.4271960616961,293.438513348991,307.0227436851014,311.22621369587125,315.582023274676,322.54114115338393,313.550071716381,309.0238995355046,304.6547634235362,132.6637852211565,147.8528342076275,163.40949318121875,179.04462497625923,193.56259993904416,207.2418736628615,218.66013544283567,228.42292305220076,236.58637973966233,240.9648297306187,242.6605999917523,240.12443300397126,232.5342772173242,220.7028363930209,206.85303051836388,192.32550430831577,178.12434817338828,109.66442985024784,106.16434138090364,107.50214050237693,111.74879741016548,118.17654379838172,128.3365615646341,131.03160139964302,136.29385260185109,143.87392588842863,152.9211611806395,136.563474704327,141.9215096571956,146.79145326841353,152.0004887639766,164.20968424335126,166.49242103599897,169.0493520962326,171.27490574106446,173.49979249407556,127.80133566548352,125.66215016306342,128.30628580629752,136.0134358944801,134.93906186801286,132.3452143893632,149.79329725071756,148.43260621975344,152.25385679122832,159.5889829726974,158.4146655991284,155.03632162263608,182.2798189279415,177.4513073839936,175.82316447478377,179.34092840319045,180.84912121067623,189.78768704585968,200.36240979535307,200.2196497327094,197.98373100652805,195.5427034840892,192.62918875827995,188.00463307896723,182.7245566496183,182.56924997814372,185.09579789915438,187.7477779987206,198.13213139152003,190.97149915043587,188.4938830038658,185.89286926395596,16.526185882323734,25.602146444797036,-11.84741683417512,0.43884316,0.44173548,0.37058762,0.52341026,0.25891578,1.0,0.31279725,0.014824,0.4744807,0.28365472,0.38486993,0.11035173,0.5588102,1.0,0.33769265,0.48711175,0.4983912,0.31681556,0.060216803,0.21888614,0.0047239726,0.0003110298,0.0029460816,0.0006537616,0.09921072,0.007715705,0.88443875,/content/data/frame76.jpg,0
236.38340928819443,78.7553300857544,141.02243381076389,157.914381980896,0.9998118281364441,258.34478575427795,251.37955225254106,245.9884037656398,242.97985584963914,243.59823560050228,248.91547862323858,259.0724607672803,272.16183202726177,287.22019247716,302.9710216844839,319.23818671709904,334.5975002243733,347.1075241421246,356.82552369838453,364.41562870439896,370.6708778565269,376.0768057420236,284.2922112024903,296.1653938279155,308.01083613775006,319.0333646963651,327.80059204355246,343.825255213084,355.583240982357,365.8559903758479,373.0064294516159,375.9257588200387,330.7373833533039,328.23523173583567,325.99909799816913,323.80070057743615,307.35726707368536,312.0614191903368,316.9094459568232,321.73827136479815,326.4653408675789,290.9512423342817,299.73086585262575,307.3209765060986,312.40837644372294,304.84491049891403,297.17043811207503,339.6687936106815,348.266732745298,355.40861027415315,359.5999392846293,352.75436130744015,345.7087390593115,288.84368992914165,299.4942994683056,308.69658441969665,312.48741827128976,317.33563705136135,321.73270297082985,324.5119753712863,316.4362228288487,310.0120130167363,305.065150081041,300.55878325197494,294.58190861859686,292.6071392550223,305.90485372604127,310.06684983766183,314.43963168607166,321.3792285504665,312.6149378816397,308.0953898847013,303.76023140405727,132.2952405761804,147.55406885639718,163.1930501503915,178.94351792037872,193.58544608382942,207.41978769811956,219.12925050494226,229.23389765212335,237.61320108279438,241.97578362135957,243.42939423018143,240.6923987032006,232.94048271951797,220.96066478485324,207.0622471077185,192.48750110922455,178.17791457685777,109.75989935919243,106.13961027966106,107.56459674565482,112.02485772445974,118.76743735560973,128.79683211980085,131.36989887221887,136.65653549423365,144.41856042842676,153.78544620192855,137.09399891570968,142.51829798333523,147.47288099464382,152.7875516000854,164.7239292848471,167.0223770783418,169.6230994344748,171.80116600501913,174.0432069841571,127.80370397283527,125.7904980074874,128.55658924007156,136.28692628526227,135.1050657265037,132.45310398043694,150.25559834471557,148.94088132743255,152.79140881416288,160.03134316296968,158.8884557145311,155.48150219925014,182.37185271310807,177.8054082217345,176.32391046340385,179.8853784401186,181.40346043387203,190.2401402242872,200.6837026441132,200.48107183723292,198.16699187892644,195.68396255555226,192.75662509113852,188.1572446224593,182.81858926125346,182.91901236626867,185.47997661536607,188.14899933321612,198.44088231571797,191.26277069385986,188.75384212632866,186.11671625344124,16.9431489019093,26.18692822717278,-11.445971624605328,0.37537315,0.4491708,0.5235396,0.51963615,0.26433405,1.0,0.2837145,0.0018445661,0.4727325,0.2618392,0.3305518,0.054063804,0.5377257,1.0,0.33163017,0.48711175,0.7995841,0.32246265,0.056113943,0.32776034,0.0052273655,0.0003135474,0.0027969682,0.00054267456,0.087233774,0.008514792,0.8953709,/content/data/frame77.jpg,0
236.6506618923611,79.36724281311035,140.12068684895831,156.72898292541504,0.9998236298561096,257.725597925626,250.6834444388981,245.28067443802922,242.26599852137082,242.8498837695666,248.15091342924046,258.3073364338456,271.33522033387817,286.3096677136464,301.9848771614103,318.21835110428606,333.5132849027441,345.9798131142004,355.5310460177391,362.91390339337636,369.0383563681446,374.35047845187296,283.1024437942939,294.91122320819113,306.6168301867317,317.53183150699397,326.3057427568067,341.7217459638432,353.49707995362064,363.81437953993964,371.0439271718992,374.163527106793,329.0974239565396,326.64625046843366,324.4563290698575,322.3052956137219,306.2343405366671,310.8406952291655,315.60799376416026,320.34157222683984,325.0027556672417,289.75431098524734,298.4015869967261,305.92437482538014,311.07384352172244,303.5306364405012,295.93929866430483,337.96323585556775,346.35844647939916,353.43503188172417,357.71557534358135,350.8850186736704,343.915411545981,288.2478376082271,298.65801312510837,307.60744699203383,311.23820645399815,315.8963631591855,320.0616776904151,322.67394075271295,314.7792288219189,308.5735808724901,303.7676354128588,299.3772102525862,293.6504254444766,291.90236815175535,304.9029413715426,308.89493047122255,313.0824859012132,319.53715568787925,311.0474212443132,306.6899314472262,302.52510455667004,130.03541408155615,145.310113594599,160.97690983947973,176.77672549197086,191.56379554170303,205.67677802878325,217.63363766051543,228.01023883677703,236.36029505526085,240.53433106796024,241.66405438169295,238.64624243104845,230.71803463054766,218.6883091510599,204.85276618184162,190.41319896512096,176.16095302778422,109.48858742760495,106.15035631905317,107.65453442186913,112.03154105602425,118.57727633718912,128.71529791270336,131.34391095022454,136.65520348430152,144.42768575801824,153.61657922092934,136.926628767191,142.56970753142514,147.7674918898946,153.30724688201133,164.46064844093416,166.84245364197682,169.5040973287921,171.60504392219354,173.7332199223947,127.27250928662147,125.64695629917298,128.4032190918315,135.72614711022243,134.67245650609004,132.04825465489068,149.67107853211746,148.64632687967446,152.4939631298854,159.3768655038109,158.2997961726794,154.92432501085932,181.67643808753314,177.53843143401627,176.25001751400237,179.79253082926948,181.2056798705105,189.72504268878697,199.60034925275113,199.7109259792528,197.68893233442714,195.31896503111216,192.41584392483492,187.6491843672743,182.17340558948695,182.70909288192502,185.26007016119524,187.81952229906597,197.48555814827614,190.5517225467695,188.16852728955428,185.57053472328607,15.564909504774388,26.31412713534898,-10.91342875355998,0.38251606,0.46450478,0.4628884,0.5190538,0.26029727,0.0,0.2750791,0.036242668,0.47537717,0.42349073,0.24370079,0.05910273,0.5105334,1.0,0.24951994,0.48711175,0.37619567,0.38288596,0.113901466,0.30914715,0.0072396854,0.00036152732,0.0025806373,0.0005600943,0.07668201,0.005231905,0.90734416,/content/data/frame78.jpg,0
236.58588324652777,80.02042293548584,140.15972222222223,156.0895185470581,0.9998241066932678,256.71655074789743,249.96096855309486,244.80312813218583,241.91991543001282,242.5216147744572,247.7981633883106,258.05313226443485,271.2263477059809,286.26360079926565,301.87074588314,317.9408336609206,333.26701006428095,345.7681821161739,355.3846203174337,362.8508188775188,368.98909111624926,374.29141831207903,282.30947446132967,294.35481553725435,306.3058174976746,317.456700950301,326.39465669860977,341.62021959795527,353.4263858961933,363.78277769477916,371.0879745525341,374.18665165410346,329.3254883253278,326.9203767707979,324.7768022718664,322.6598883419083,306.2241108921338,310.9625413760752,315.80090991829326,320.65485278786383,325.3670636963304,289.4516042041665,298.27057544081975,305.85549056714353,311.0588900822058,303.49105089400797,295.8159944637099,338.01164236818244,346.58621947371734,353.7106424902595,357.9922316207234,351.09593063342413,344.0386391081871,287.57915697387716,298.2846034998294,307.48762425172475,311.2099666397213,315.9349942706256,320.25465397906237,322.98373387130925,315.06365810392026,308.8917587153792,304.0043840728644,299.45259431832494,293.3582037237945,291.1744206657519,304.7702278960903,308.88610953284126,313.1594816705228,319.87921779253173,311.28588450781956,306.8501486119391,302.54432716784174,132.11079252167278,147.5525929545861,163.31561528469393,179.08989690450431,193.71598775568273,207.7048820768847,219.52741537433337,229.65020342702385,237.87533505145944,242.0078795438187,243.31259509344147,240.46883456279673,232.63558427484895,220.55631461051976,206.58557359130717,192.0240017636199,177.6717957859983,110.18024724483186,106.87680960504835,108.42144236445017,112.7241154498999,119.19615278064974,129.03346173830988,131.6599464468966,136.93958201523964,144.7053491335227,154.07477515365406,137.24973441740192,142.7629402384631,147.8179873077475,153.25041316783444,165.2303309044862,167.50380310861226,170.05046799396834,172.27276262348227,174.45253208246876,128.34133639788584,126.32403675882577,129.0183507332406,136.6014348992161,135.44611566605755,132.88145936240142,150.1808025617936,148.76967360632102,152.60450841181142,159.79067051814522,158.6902856776304,155.30493489104737,182.22690136507094,178.3067594375013,177.00543786315822,180.60123186367042,182.0609315081373,190.62930121151595,200.67221920121014,200.6009903779062,198.60973168404306,196.24833989002383,193.30550654151088,188.45520326385207,182.76480178933184,183.55568734463782,186.16009446731806,188.76848727807345,198.52578661783267,191.52611452160374,189.12470954533978,186.48376136644106,15.496753177249788,26.382517317879522,-10.798846395776591,0.4867272,0.44508973,0.7012715,0.58907616,0.24071297,0.0,0.4045108,0.016480653,0.48187062,0.23646057,0.35315073,0.20890796,0.5167977,1.0,0.42845416,0.4658804,0.831117,0.3266513,0.13671415,0.4802914,0.0053959726,0.0003797127,0.0014037512,0.0006449516,0.07556783,0.004924208,0.9116835,/content/data/frame79.jpg,0
237.8210720486111,79.08327198028564,143.55305989583331,157.04124355316162,0.9998201727867126,255.47943958643626,249.2621382028489,244.70990935629356,242.37897909954066,243.23832164588532,248.49983853825606,258.75228224007583,271.76329579970593,286.2927982275375,301.37608364699236,317.1006473445345,332.0765110845364,344.2916034035792,353.73555673642693,361.324771743734,367.61394124679225,372.9621334556788,280.7357383311488,292.76999919544045,304.786170174778,316.06024026978895,325.01323378800726,341.0499139917405,352.4708036373479,362.5383834294655,369.54131992377563,372.4013189409377,328.323104262666,326.0115078863709,323.93410840625336,321.94680452825764,306.2609647539564,310.74787962439433,315.423471826417,320.01977405769065,324.4795232114185,288.32486909496805,297.19607341896494,304.7844347589286,310.1538507105167,302.5212727719054,294.8599790364078,337.601243946527,345.97734929252556,352.8752285412746,357.0663308285335,350.2622426629059,343.43172450702866,288.4601304390337,298.90443026004584,307.79903180873043,311.3811547711374,315.8464527625972,319.49875616660216,321.34360992290374,314.18389068150265,308.6789831203155,304.21584176214424,299.9655387678684,294.2321628676764,292.06631895779856,305.10415564395487,309.0515190559809,313.0069080642812,318.35687500264476,311.0479099981976,306.99343379950733,302.9496172101443,134.12310376187793,149.577105457661,165.3124467054133,180.7764172139233,195.04520851183986,208.42487157423,219.43287826973219,228.69872963683457,236.49594743183545,240.66847122191072,242.07741547476584,239.26123430374236,231.39431906314044,219.50645091577357,205.85477124740112,191.58432877712303,177.4253235925513,110.15880246020987,106.70512554370283,108.20603841222595,112.5481331108453,119.04248043663866,128.38102270127644,131.02024761798907,136.43528422635535,144.34568033914445,153.74861832588226,136.7015554264674,142.505398196116,147.89235925810357,153.5853432139956,165.6660334725487,167.9624435561036,170.48008827117474,172.54747962493764,174.6261259086751,128.33343074688295,126.20511450271876,128.73472179306225,136.1496538727391,135.00407722778203,132.5434428890442,149.48230906891806,148.2913139515536,152.17146790898596,159.56586142632895,158.18795247439175,154.66612538434356,184.01571411070756,179.27880388200703,177.32912876191034,180.76281469875445,182.14147622584963,190.82639573331625,200.98465521573803,200.38235920758763,198.31350763336894,196.0776180714737,193.35612658077525,189.20434915363714,184.34324155893972,183.9831287296135,186.38728061787515,188.95993071426912,198.67167724624247,191.2637991546136,188.92936717688306,186.5393232647173,16.066511273928768,26.26299396157293,-11.022995732748566,0.4213617,0.56175095,0.42691958,0.55754197,0.1951622,1.0,0.3003838,0.66549736,0.47356984,0.20119847,0.43525776,0.13106397,0.50249326,0.0,0.3945179,0.56006837,0.5114235,0.43469307,0.33981574,0.34917638,0.0013421623,0.000108007516,0.00066155085,0.00023915234,0.056632493,0.0036560327,0.93736064,/content/data/frame80.jpg,0
235.06776258680554,80.92328453063965,141.9983181423611,155.24273872375488,0.9998145699501038,256.30979302699035,249.40892342566053,244.11301470760634,241.1698651355734,241.6977909886769,246.8635267791076,257.02063220504573,270.03414133870217,284.86726496707763,300.35555874208455,316.41888079989485,331.76161452046153,344.3037190510804,353.9522775761625,361.45174610684103,367.6456600932431,373.0088413408439,281.2852817523491,293.22821828253905,305.1246075743269,316.28970999256376,325.270684293597,340.58354872234554,352.43871506027654,362.849107084111,370.1345160580347,373.19352017412257,328.08881311324944,325.7947182557034,323.7525025861139,321.730973344278,305.31466065936763,309.9778178553929,314.748887583959,319.4505472964822,324.04809753685413,288.0641175304802,296.847116166654,304.44290483557666,309.75774002497064,302.1278959218449,294.44852320304824,337.0184322192422,345.5604722802859,352.6193743085596,356.88091167171615,349.98850040980733,342.97782229765494,286.7896536988769,297.5290965010531,306.6424395112924,310.2311405407236,314.79621209017796,318.8069584403215,321.11392263214907,313.4304526015751,307.41761980884235,302.7301341301503,298.35752519596883,292.49659829420943,290.5052325955795,303.88899047782616,307.8528675786149,311.9392087758581,318.0181537483252,309.828748991951,305.58480564101967,301.45140087746745,130.84298968169855,146.19562246310386,161.94811512096408,177.73018281925465,192.45244584929833,206.50119521223337,218.38156723508155,228.59680951776204,236.81487324892532,241.0444093856804,242.39719960556818,239.571897714349,231.74535488634865,219.71785716960062,205.87406222613754,191.42879523835995,177.15564865670626,109.9859127788967,106.75695350274611,108.28718008543359,112.53239204848023,118.93655697933468,128.93347583609375,131.5920315729511,136.95696167313974,144.86637235424007,154.2519978326277,137.09829672180422,142.63963885684825,147.7464272112419,153.2459079224367,165.10321174686396,167.40070437515215,169.97085144975813,172.1285135977987,174.2628577113344,128.15780697020182,126.44939451646269,129.08299995639982,136.30601098037107,135.34300391488432,132.81829924799797,150.02456031897805,149.0052901673788,152.93767126584703,160.0128070876665,158.88018352880863,155.37979122719526,182.65079887577872,178.52275170824964,177.10211711177863,180.61512335967655,182.0141054955359,190.57498874922476,200.4800345500346,200.5229064220457,198.57244166631995,196.25800459962488,193.37427437623205,188.68651665380412,183.14736197247316,183.6659439560358,186.1999258695073,188.76922905334072,198.34018293882536,191.4131943628936,189.0562518504439,186.47477887336413,15.47990168509234,26.603143721809456,-10.62687156483269,0.4403477,0.4345631,0.5631831,0.49436566,0.17335148,1.0,0.300857,0.19949457,0.47520152,0.30052537,0.33620888,0.2081851,0.55699724,1.0,0.4587169,0.48806775,0.83797354,0.35786617,0.16959794,0.1981984,0.005090559,0.00039792547,0.0019669267,0.0006562719,0.06464251,0.004042079,0.92320377,/content/data/frame81.jpg,0
234.75187174479166,81.08100700378418,144.99226888020834,155.33224296569824,0.9997909665107727,254.6464489761368,248.14016347794526,243.25188545183786,240.60089899521728,241.2846029709437,246.55446177073776,256.7997083376813,269.76022236172173,284.32107581809214,299.4238917415123,315.1731673795265,330.4365538701822,343.0180091422459,352.75136862878605,360.4560227400566,366.80321810886653,372.21349907778637,278.8627320037226,290.7462872064923,302.8540468062047,314.3479329894515,323.62477321581457,339.14548369247575,351.0203840277916,361.49622892777495,368.87123147008185,371.90333484837856,326.7366146990101,324.52490165146884,322.5617355099734,320.64201035916415,304.52363628839316,309.16024543444377,313.9025239570713,318.58615158715867,323.1725202831114,286.5023190659002,295.41931567926133,303.11012089158294,308.6141888484509,300.91949505640036,293.12866446322266,336.091382063141,344.69422032020134,351.740093474251,356.071837969553,349.1254235747417,342.1017819865138,286.16504032555395,296.94987732591255,305.992108427001,309.62084214822244,314.15142639040664,317.9992982446953,320.1031420905559,312.81538816713856,307.15871012125154,302.58016302566784,298.1909786526556,292.25467283846075,289.81827209906766,303.2490654004118,307.2874054449377,311.3543265504712,317.12523440345274,309.4786978937881,305.31030152267095,301.1490156973439,132.28842248351947,147.83219779308712,163.71300741798956,179.4116148621357,193.94678147183956,207.6367041712061,219.0886381342916,228.82116435374706,236.82035060391505,240.98169753549502,242.25948483442363,239.39173505592734,231.54435895837705,219.60958560546337,205.79820589582042,191.32987841654307,176.9067251234882,110.69341438586822,107.11568216534877,108.39358612166927,112.37073936416034,118.55268120471823,128.0898118479085,130.84947022016812,136.34978847515458,144.38333310478464,154.00927890898384,136.91142715563268,142.6736634758186,147.99887898561104,153.70392540821211,166.07826381368483,168.29832064230158,170.7725239317739,172.87115708079764,175.00370975528554,128.78642313077802,126.91251100428948,129.40908473743096,136.63123832082113,135.68886324396888,133.25806761449934,149.95120154477664,148.8842141529537,152.78294863009685,159.93057480542498,158.75237958846833,155.24213644670152,183.99129520095465,179.78195208529183,178.1271280958455,181.5715098072319,182.89755993571055,191.36625330235034,201.18341723716304,200.79503700406462,198.80022893380348,196.5798499085806,193.8189583010355,189.50352362013945,184.402662495365,184.71141572584258,187.18151934125777,189.67402117591166,198.98961387683048,191.75277812740666,189.4855361613362,187.00894417288754,16.124089599456873,25.918594197695327,-10.855600472634082,0.37413046,0.46386227,0.4429171,0.5585247,0.1951622,0.0,0.29864064,0.5751555,0.47466746,0.23362462,0.36201122,0.1955678,0.54591167,0.0,0.2713312,0.56006837,0.58962244,0.21096188,0.17950074,0.4440085,0.0011899011,0.00020120009,0.0012384678,0.00058691914,0.069866724,0.0026421791,0.92427456,/content/data/frame82.jpg,0
234.90011935763889,80.06875419616699,144.5662163628472,155.7498950958252,0.9997891783714294,255.03347441940548,248.70157213159803,244.00601137143533,241.5121633847313,242.31338170045774,247.56461903388274,257.62023363018193,270.3722845127408,284.6947163872611,299.57471029707114,315.27069986606034,330.5375616196371,343.09017128106126,352.819556386213,360.6196877284574,367.1744672240477,372.89973254837435,279.35555580980963,291.19024725778274,303.2248645212668,314.6309573086061,323.8367799655151,339.97633492030116,351.8916082860019,362.40768501569084,369.73644528102784,372.6473647092644,327.09353267693916,324.8447808286751,322.84457576501336,320.8929861003927,305.021122193099,309.556173598717,314.2189406877232,318.76402375393616,323.2197075127925,287.0123029171647,295.85082531702,303.44709281818945,308.96694025740675,301.3153120262798,293.6211620311429,336.33417928834,344.8355465433793,351.81191200627234,356.1680144058189,349.20566318948715,342.27303376157,286.73642946577775,297.40162201211746,306.4319212438911,310.0219634852212,314.51071106267375,318.15682143034974,319.8279033617317,312.51489519865044,306.90579884343464,302.4132914820279,298.14227160085346,292.4557515464316,290.34274182404175,303.62791336116254,307.57696762469607,311.5637422688788,316.8118213837822,309.3894062926573,305.30988474088616,301.26082579421984,133.0847713280004,148.70495251237128,164.61200799747672,180.27993565304146,194.6615047516244,208.20636317395278,219.5375276446216,229.1503427370406,237.08493509358965,241.2206306026625,242.7265605425726,240.12495714773974,232.38559505429663,220.56265084241173,206.89373625974395,192.50537169979185,178.13440797698505,110.34799866436856,106.77069234305534,108.12365756155558,112.28405902874562,118.64935098309195,128.39552978990596,131.13631760170006,136.7397046553557,144.99070371934363,154.79444899603496,137.148028332888,143.02340651286966,148.45099163887477,154.1964706757496,166.23220194929422,168.47322256773833,170.98630672316236,173.0994501267595,175.29339268004605,128.64024994995046,126.96165959076055,129.52866740316398,136.59857072078856,135.53524254797293,133.07143662757596,150.12037470491452,149.28099597456503,153.26572084023636,160.37135046050176,158.95662452424637,155.40802902721788,184.30206897654503,179.64058299910846,177.84079948543467,181.2772085993186,182.66431822617375,191.33532693322883,201.39999564629488,200.94175874800104,199.00804894485168,196.81500873971413,194.03273519326632,189.71433089416774,184.65761642746025,184.54559157577447,186.99653625002276,189.5329923365165,199.16445595734854,191.7992341427307,189.5343625688909,187.0790843955072,16.18583557082593,25.831307866367695,-10.880582271008484,0.40005836,0.4559621,0.4536714,0.504662,0.16001613,1.0,0.2646791,0.0005779215,0.473105,0.14541426,0.32645833,0.09076785,0.61877316,0.0,0.16111964,0.5483136,0.75576055,0.4413536,0.14758092,0.34408477,0.00076236884,0.00017710424,0.0009069752,0.0004694662,0.051447056,0.0030834936,0.9431536,/content/data/frame83.jpg,0
235.5625271267361,80.2474193572998,144.08148871527777,155.47396659851074,0.9997981190681458,255.11449023417322,248.68114521070123,243.84130952189003,241.17373420625358,241.80763391321318,246.99308497550936,257.0751523085764,269.85150329310466,284.1666152769759,299.05594397067057,314.8342735366507,330.20500837670716,342.82487636981546,352.554995281723,360.33146628923737,366.8995984726755,372.6546874346459,279.0047477280348,290.83903424020593,302.9625169557539,314.47390699944276,323.7493142003575,339.6985860119082,351.6948684362801,362.2795762520293,369.6232093058393,372.4973009135972,326.9088655689661,324.66187356517753,322.6587733991364,320.7029125421757,304.75967908863595,309.2832099051177,313.91225074150407,318.44020746312094,322.8928014734295,286.8217580249212,295.6775438255313,303.3256024221215,308.78039149660094,301.12007269797186,293.3758173868807,336.165990890378,344.71864111050854,351.7402172833681,356.0131951636704,349.0747548370173,342.10449914706874,286.286568234876,297.0558963447289,306.12406999000154,309.6699761880311,314.15247285891337,317.8094492591781,319.5349962436426,312.1666314988263,306.52488129348194,302.0529100477514,297.79492797919465,292.07861572879756,289.9060245247741,303.2765226926897,307.2091951736327,311.18348005913754,316.5288947869926,309.0225151963673,304.9573324501225,300.9233312063875,132.66124595261908,148.21761860014578,164.03981244453166,179.64658814488484,193.9851752185557,207.48953477607938,218.77255701108766,228.36329327233284,236.3511068102316,240.6015214706365,242.2944635459146,239.8902295858179,232.3114675416134,220.59655258389694,206.97720845577737,192.64757327565871,178.3102094421006,110.40812854416617,106.67236714036864,107.92864029631659,112.09055631465719,118.51527471524332,128.19505729651235,130.9824434210076,136.71041537375186,145.15281273844982,155.14927550435561,136.85406824444408,142.65782548235381,148.01909785021564,153.7143870512209,165.8762294646674,168.0919621233936,170.59270972838408,172.7295433998397,174.97063048999325,128.3255603359928,126.48489533655652,129.0861654779011,136.37424118986416,135.28402843940057,132.78740648969938,149.93622647706172,148.94005865053714,152.9457696865743,160.23585818454103,158.81830081973067,155.24640632948808,183.79779803214797,179.29272702100366,177.58944300659073,181.0526248119063,182.45233399143558,191.1056123913845,201.0792561690057,200.58917057802591,198.57495004732368,196.3435710355193,193.54235117738563,189.2211220348188,184.19560683716986,184.2499854203627,186.72432215928302,189.27794709823706,198.8613216780766,191.43930117377045,189.14618189736757,186.66372729224463,16.481866376995445,25.679738145254465,-11.205156423803972,0.39379823,0.47354236,0.27926302,0.50895065,0.15848567,1.0,0.24028069,0.14579894,0.47571847,0.14814886,0.37169895,0.03873331,0.6626392,0.0,0.33056802,0.5483136,0.7070417,0.27542806,0.124120876,0.52623785,0.000997882,0.00015132263,0.00081753393,0.00043228426,0.055218656,0.0030638275,0.9393185,/content/data/frame84.jpg,0
235.71728515625,80.2770824432373,143.95342339409723,155.3777847290039,0.9998007416725159,255.20525513296403,248.76600456641464,243.93646175798602,241.29112443311743,241.92913850483282,247.09229424704023,257.13879040114705,269.8851271899033,284.1732516719946,299.04994077341405,314.82048193254286,330.1780959924081,342.7883453765471,352.5139563157978,360.29072871774827,366.85804275260216,372.61490587941296,279.0053643634643,290.8187713021848,302.9163833978664,314.4021925766714,323.6572474391658,339.63876144454537,351.6175648267208,362.1897455009072,369.5255014697568,372.41386293218636,326.8397161738676,324.5978261453889,322.5977655548124,320.64251453655305,304.7077216229447,309.2249754973176,313.85117486708367,318.3811314550376,322.83311583084435,286.77875826591463,295.6286099013579,303.27462659321463,308.7322257906215,301.0683608415372,293.3267792904653,336.113152740879,344.6562555146376,351.6723431952603,355.94911236343995,349.0103856532785,342.0429528108514,286.2408822525732,296.9933958943202,306.0512141782682,309.59376539011845,314.075978445663,317.7468626278338,319.49416922455873,312.11292576079484,306.45017718338084,301.9750323044221,297.7165003654519,292.01697170877605,289.8589273693715,303.20232225851834,307.1332731078008,311.109178004708,316.49192787930826,308.9466382605409,304.8785914578595,300.84878060100084,132.47894528617752,148.00226696708324,163.79295131813285,179.37374638773855,193.70816409242087,207.22846343894489,218.53820167176252,228.14270896281377,236.12553649381496,240.38223470772755,242.0896438925927,239.6943766549004,232.13068310464567,220.43547363774542,206.83180092526817,192.51537595312092,178.19020466812307,110.35714735792354,106.6450988265804,107.91123596818525,112.07394188103817,118.49149058936773,128.15666639611328,130.93609347663488,136.6540316215407,145.079270328035,155.0437322911549,136.80925922603973,142.61819458774443,147.98658028272666,153.68825384204564,165.8181061582858,168.03703572634603,170.53914801072915,172.67408185766507,174.90765899921587,128.28013165991723,126.45343588168242,129.05498607487206,136.33029024098877,135.24879809920128,132.752464827121,149.8713384643769,148.88342742469678,152.88613804790083,160.16467623821006,158.75428605873896,155.18617938767656,183.7237423098859,179.2204469729213,177.52774092897272,180.9869132181271,182.38155558907312,191.02452414081836,200.98324043209104,200.50673864075398,198.5001766613368,196.27409000880925,193.47660351484137,189.152913212157,184.12456126702654,184.18683012458933,186.65780242344846,189.2058467421537,198.76976758526288,191.35896225087308,189.0708401239719,186.58925444674895,16.487066519818704,25.671785648108575,-11.191312156841917,0.4785756,0.51511014,0.51340234,0.5323573,0.16059166,1.0,0.28110448,0.028750047,0.4758369,0.19042316,0.31536186,0.10852759,0.6290726,0.0,0.20742282,0.5483136,0.27095652,0.39423314,0.32679853,0.4681933,0.0009859398,0.0001546544,0.00080349506,0.000435781,0.055542864,0.0029973465,0.93908,/content/data/frame85.jpg,0
235.8637966579861,80.43737983703613,144.05208333333331,153.85190391540527,0.999805748462677,255.36696621193528,248.8637748038045,243.9309035266462,241.19949287248397,241.80622847683787,247.01472560067077,257.16372826648933,270.0066030122109,284.3913736639695,299.34054070001247,315.148019189563,330.56576777190594,343.2282372742697,352.97840668790275,360.67378965124965,367.129026871919,372.81070260746685,279.76697895647806,291.5301733284769,303.35509107549063,314.55640355619687,323.6780487609958,340.10930858638505,352.0103543969311,362.49409550342256,369.77265586045564,372.74092405140163,326.8928142955564,324.66468739184984,322.7010499369725,320.7890998938343,304.67301553355503,309.2333814556081,313.92589856513735,318.4791556798701,322.994117671577,286.8602866558737,295.8199919093945,303.45963235961284,308.7866270289983,301.12196819883764,293.4119769665779,336.2157840048833,344.8068546818978,351.869663837194,356.18408263291747,349.0652943710602,342.06842325518085,286.1574666070658,297.08582179492896,306.2279460870702,309.8017449065163,314.2415472171122,317.87247509724466,319.43743611186267,312.1822269763988,306.49985796707205,302.00738885796994,297.68803461320135,291.9935333127436,289.77110666010816,303.2985287386077,307.26979902245927,311.2221198230205,316.4757045022607,309.00630678214895,304.95242687514946,300.87316544479967,132.40107267946814,147.87154308204578,163.68631195062062,179.33111319773127,193.65510684820492,207.0611730023571,218.22480660339656,227.61900744242064,235.49472962305114,239.76351339716882,241.61447735645382,239.3445889608269,231.89783818415975,220.29381066832337,206.78719780753704,192.5523173485183,178.3346476861698,110.04698513583904,106.71250607552649,108.09537818189503,112.09190894129424,118.1449098158713,128.1440690574192,131.09540156033745,136.81303399545047,145.086062575301,154.88038142387072,136.90784743797644,142.61492120339312,147.85389211154768,153.41679244181415,165.86248733829126,168.0399942517912,170.46580322159997,172.69695632037318,174.99326615001877,128.27821203146652,126.45861595959106,129.08594751215034,136.46059781581027,135.4058422850914,132.85006649042734,150.10594246279965,149.105196260762,153.16067179788757,160.5802693515472,159.17445318440025,155.54799857079365,183.69809975284966,179.19281058101046,177.43700119896806,180.8600459845371,182.24238988231218,190.90635334522412,200.87315430824978,200.32831814844192,198.37241674858964,196.16403164106367,193.35334568049973,189.04109474087863,184.09865793622316,184.1094421950063,186.59049298021435,189.1085513800017,198.647943556153,191.27827822109384,189.01890997995332,186.53325937824388,16.260186798349327,25.412066536319898,-11.051610693757553,0.37044767,0.42286772,0.5933619,0.4778138,0.15362833,1.0,0.31388986,0.0027358867,0.473829,0.10264705,0.32513383,0.10040811,0.58665556,1.0,0.23940566,0.48711175,0.86296195,0.271815,0.1714017,0.19523352,0.0015378895,0.00025178678,0.0010104422,0.00042733067,0.06061955,0.0026981253,0.9334549,/content/data/frame86.jpg,0
236.41343858506943,79.66668891906738,143.62448459201389,155.2671661376953,0.9998088479042053,254.16439227183255,248.00866470158462,243.43460951622438,241.02203480739882,241.8208114846374,247.12564392290307,257.3297055044469,270.13984252480566,284.3991818772509,299.2067978228068,314.9733577978124,330.2841339455997,342.7969831021939,352.39745123081923,360.06249560055767,366.5548469746303,372.2710631587026,279.4885584159316,291.38848543817005,303.36762851361254,314.6961849033967,323.7814210717879,339.96607255877643,351.9291403170995,362.4248509076464,369.66482946547035,372.5415060757957,326.87858773122497,324.51985284097975,322.39600082263496,320.3459009155096,304.705883393642,309.19264044494594,313.8881767184859,318.51491396642666,323.035337562703,286.8498709130912,295.8454573423138,303.5002845847639,308.9241521087253,301.23583045768646,293.49245292780853,336.44161897279696,345.0149326417497,352.0301121880839,356.33165604335375,349.32528321651915,342.3761707247919,286.68360382483314,297.40961623836046,306.45540541096017,310.1016205008411,314.6383803952056,318.3164906911432,319.89821305111,312.60240677711374,306.9215063156251,302.36108044490027,297.98345786083826,292.31981546000844,290.2195461262254,303.59396564698216,307.63948161909394,311.6837648725872,316.92224151134434,309.39438428659815,305.24959559619236,301.10070339651156,133.07793651583106,148.66240396085487,164.5220175331964,180.0978948173968,194.36858961837714,207.6586623111394,218.65144724983728,227.89342747751942,235.7581944745987,240.0678231871141,241.8380182288314,239.4771066462508,231.91936432418623,220.22792777928223,206.68210484269036,192.43705281008914,178.2099695948276,109.93225625713657,106.29036401160019,107.59418883850394,111.67573684266681,117.94692072766628,127.52523879066484,130.39173159042127,136.15838373490658,144.52458401759412,154.38395637282065,136.58776961477233,142.56242914416052,148.08226547840695,153.90114158058077,165.89132359572395,168.20227120474993,170.75456512924356,172.89559746923513,175.12427499244367,128.03134752256483,126.00141533626083,128.62374655775875,136.13108068334313,134.90275987182156,132.36476437274504,149.67600962129728,148.55250320906634,152.51846440799326,159.98179270001236,158.50340769810862,154.93388769632912,183.56732028847,178.76002863242718,176.91668118043998,180.37662249205204,181.8529085406324,190.672521610673,200.86819293170993,200.39971543439313,198.42274572639144,196.16448295633927,193.31261619640753,188.9417180368815,183.92406461443022,183.7081389558789,186.21438917413616,188.82534273595263,198.61476108597344,191.29926463080082,188.96868236846421,186.45040481449686,16.397960899902152,25.70309044502257,-11.081125087673625,0.44571984,0.5268,0.39494616,0.4572279,0.20188731,0.0,0.30587745,0.36445156,0.47530076,0.299923,0.21997796,0.40107018,0.53911465,1.0,0.18665397,0.48037753,0.46461433,0.32761165,0.06513613,0.22640437,0.0019449884,0.00021490555,0.0011673771,0.00034870274,0.04569346,0.0021880078,0.9484425,/content/data/frame87.jpg,0
236.13953993055554,79.29845809936523,144.26038953993054,155.85555267333984,0.9997913241386414,255.2271704800427,248.60651797314182,243.62216605919926,240.8745415231901,241.35082799063667,246.4644788007658,256.649084891558,269.53298206094877,283.92323714987197,298.9049312246496,314.8914417327127,330.4993889287292,343.2561331260646,352.95692529346456,360.6313854028731,367.103760126142,372.76726079769855,279.79178696221777,291.6439990560527,303.60002928720286,314.9071153396133,323.95948169436235,340.56287014343434,352.5307503348515,363.0225803014453,370.2058857547845,373.04794767405,327.1766845947224,324.75001784895414,322.5578866761458,320.425462358643,304.6803655284173,309.1726040877176,313.8455350326878,318.4798059003242,323.04547408171146,286.9473960596932,295.9325977760524,303.63368964000256,309.1004787415961,301.36108352536246,293.5881282852496,337.0856481243285,345.7558950641851,352.7972127998195,357.0717487494742,350.04329541096865,343.05018014776545,286.32515052144197,297.08678167652215,306.1822281549322,309.8307283626755,314.4167856102229,318.2023629923995,319.9276748461683,312.53899609273685,306.7620680028207,302.1420884325147,297.7119423272943,292.00966452799685,289.88911246607665,303.2617313152167,307.33756583798674,311.442657388716,316.9420645371027,309.2420428483036,305.047647410746,300.8610107430339,131.79561811799687,147.36178389248892,163.24819958094997,178.93394628092045,193.4330582484954,207.06171650253802,218.38902998007015,227.91296455609174,235.9108739572648,240.3311766806266,242.2560984953927,240.00537523306122,232.49576668755455,220.757884972363,207.13861304620823,192.8313857127585,178.54549499638398,109.5824272651067,106.02144731893995,107.37679070484455,111.50495233344063,117.82639334360093,127.26711065396603,130.20294667084738,136.07231671326934,144.55958042377324,154.48543265498273,136.44277567807785,142.367950895567,147.84490108726715,153.65125342000982,165.78164974101475,168.09019590447951,170.64160494129885,172.84569755095237,175.13213790895207,127.85767454868127,125.95044406688194,128.58243952211126,136.0090314598023,134.83831000895054,132.3007073463463,149.5851117857178,148.57866779439001,152.5870701349824,160.08086015403677,158.58258149951234,154.9391088854477,183.4829152708873,178.80772135137886,177.0368155771097,180.53459387724308,181.98773566523795,190.81669180953543,201.0321713386713,200.48445346680273,198.45609253508738,196.19636196523408,193.3453261814202,188.9685550618613,183.87049703811354,183.94628996365918,186.4734974353425,189.079061793871,198.77840476575383,191.2311059891441,188.89461264751446,186.3721317827485,16.22348121944253,25.451560988454876,-11.024840215305248,0.49015015,0.53824294,0.53187525,0.5793759,0.19362742,0.0,0.29537258,0.44366065,0.4762348,0.09531878,0.292122,0.17058437,0.593309,0.0,0.2954303,0.56006837,0.4279673,0.3852911,0.19120288,0.40327388,0.0020394223,0.00019572239,0.0011515843,0.00041341633,0.04510219,0.0024518473,0.9486458,/content/data/frame88.jpg,0
235.410888671875,79.61313915252686,145.1335720486111,156.2649393081665,0.9997883439064026,256.6302720762092,249.70459052862847,244.4247356671682,241.49447745471468,241.96209545268576,247.0639659363009,257.1142195826992,269.8356136603256,284.1875080458681,299.18054520839115,315.03765479345475,330.67413718248247,343.553827459134,353.4173423898724,361.08791944900145,367.47996640582073,373.11040553239707,280.28162596681335,291.9678147079295,303.9027071169497,315.2630936619187,324.4186724255952,340.9796777141138,353.1012361886876,363.7691554507769,371.0672833570144,373.85668977867056,327.6512556729065,325.4026342890172,323.4065111439712,321.4390233177653,305.1441521342043,309.76857729584754,314.4893476754461,319.0978568753296,323.67180697847095,287.12819434281727,296.1250661549443,303.93526554153254,309.4163584033387,301.5795914317064,293.68759920231105,337.0484463364137,345.88829891484636,353.11976755427577,357.46132673262275,350.2983392011298,343.09785303782246,286.29551794315796,297.2485944611283,306.5141375434653,310.1383998679712,314.6913485019086,318.6356010140539,320.49183358509424,312.98154501444515,307.048166121342,302.376663690786,297.89683459465186,292.07084373566875,289.91162669034384,303.57547427255446,307.6406333270701,311.7387364105791,317.5204554124484,309.46797350966324,305.2259170346628,301.0004303723792,130.9013649047701,146.41061460370565,162.31038097813428,178.12507966650048,192.74234812511884,206.5856917662336,218.2554448179062,228.20835291026947,236.37155357512722,240.67438465832163,242.4702058716997,240.21149171149796,232.83273336415493,221.12875652392324,207.412718223007,193.0389393900449,178.73752006300424,109.72717007297834,105.99085613637192,107.20365465784698,111.24170963422551,117.5038079046692,127.47398995693385,130.4677778931528,136.36896161220488,145.03962326989523,155.26825528125386,136.4889628224807,142.023269092951,147.05114264901704,152.45475696663914,165.41190343359585,167.51940478014126,169.9098950563167,172.21055627022918,174.6094292509831,127.82209014725981,125.75028235680958,128.40688438406374,136.09366800537788,135.01795464610956,132.46587935647932,149.868832315921,148.6110466132081,152.69105982023677,160.36332459722098,158.97938477907167,155.31499165351374,183.38726099247447,178.78685507368345,176.98972615839114,180.46317245059072,181.83858426394886,190.70991110383886,200.95116187982296,200.5466125568655,198.5260566222081,196.29816846097629,193.45379385116416,189.0120445876952,183.7820304934237,183.82456992492462,186.3476969414105,188.88691875068707,198.72198837055578,191.3382674621023,189.05618232153574,186.53058520143406,16.818355998705282,24.788729497395124,-10.860099319745624,0.44624624,0.55019957,0.40236288,0.56686634,0.18732052,1.0,0.29751125,0.0014889189,0.47657034,0.15120116,0.3073161,0.08965592,0.57079715,1.0,0.13013452,0.5483136,0.28165117,0.27741683,0.23793538,0.33023313,0.0020940134,0.0001371206,0.0011768136,0.00041557004,0.03397995,0.003985951,0.95821065,/content/data/frame89.jpg,0
235.41642252604166,79.62336158752441,145.21484374999997,156.28484344482422,0.9997853636741638,255.20821433706587,248.730132152136,243.8192620619937,241.12982615041545,241.68641641093978,246.9058372683502,257.15312096403187,270.0625262410746,284.5157864232225,299.539802646524,315.43755885342705,330.9228669972963,343.59273672080565,353.28300258357467,360.9617331861633,367.34207455880073,372.85707648770097,279.6712012316295,291.52552552979824,303.6754448724106,315.17779605187735,324.37351995305926,340.8834815714639,352.8613211926262,363.39976771178516,370.6425421537558,373.3959853724033,327.5549268027133,325.18984227463477,323.0683901701632,321.02064819192526,305.05131133695767,309.61231263525025,314.3331924716771,318.99927597222324,323.5880163785305,287.1338876107242,296.17564632784786,303.94256862605687,309.4324751298138,301.6371877352569,293.7873722855335,337.20126169852773,346.01958170497164,353.141585112088,357.37898956638963,350.3089543692915,343.2299541249929,286.6434201624844,297.48975233630745,306.64706179272105,310.31648243991606,314.910007185627,318.70074660746775,320.48750734257885,313.1431551151842,307.40340660712235,302.7512569361714,298.2803867794958,292.4491545478828,290.21239203892776,303.7607078369007,307.85852807126287,311.98110837987554,317.5003580867509,309.825327522346,305.6001521972679,301.3664533703316,131.90457070212022,147.6282183146719,163.68190150835596,179.53279801717417,194.14607087781351,207.8549247373432,219.2585542031562,228.85221665207754,236.8543931907554,241.04641349090033,242.49903059644237,239.86861644199396,232.1958550852969,220.39471184954198,206.73289654190665,192.39612049236692,178.09401972514098,109.6102086042797,105.80425822486045,107.05572348113893,111.20173363879402,117.58897206145974,127.37428195642505,130.29083984932214,136.10655092378084,144.60060897362973,154.67604769348628,136.36278136259324,142.20777415917345,147.55830324270818,153.27366056250156,165.8151020724381,168.06939784390414,170.56285469373995,172.76527168209248,175.0418571095655,127.78711008380405,125.70314461996404,128.34146746630057,135.9501432673868,134.8046069743662,132.27694992264804,149.5759362999557,148.41867390405076,152.45919943838098,160.05399730168756,158.6303992267343,154.96326455479183,183.60959175055888,179.09863039465108,177.33424874245173,180.84565204896734,182.2386102306833,191.00074778422294,201.14884586418248,200.7135827620763,198.7501815333733,196.51018288830292,193.6641828232474,189.20105368301355,183.9804898379769,184.18409254334856,186.7218604244841,189.2805989147817,198.91336327780155,191.4827252656938,189.18405139274944,186.67039524080502,16.88030684066588,24.52478371923153,-10.839399444463016,0.4202734,0.5419852,0.3405967,0.54295874,0.19536762,0.0,0.30231923,0.66423124,0.47970855,0.12282012,0.3525697,0.15262707,0.5192867,0.0,0.29197568,0.48806775,0.07306093,0.17884573,0.07427047,0.40896243,0.0018606753,0.00012502423,0.001511373,0.000436596,0.035746872,0.0047373953,0.9555821,/content/data/frame90.jpg,0
235.65144856770831,80.56611728668213,145.23982747395831,155.2322587966919,0.9997926354408264,256.3828727361007,249.49100447975786,244.16325990115507,241.23569232378992,241.77238172637894,247.04416957583638,257.30450579650386,270.17078122973317,284.7002669700146,299.9111873680074,315.8224065504676,331.25153015685936,343.9373944778906,353.6246953754656,361.0919472555536,367.1879914098634,372.5075419181037,280.6436580898499,292.42935714864313,304.27575672596157,315.5379124245901,324.54572725435696,341.2346392151348,353.04671363184946,363.45746877966536,370.47957612185076,373.1360648653648,327.7087161358048,325.4745551082491,323.50826690124205,321.5695476328665,305.31800250499276,309.9383090210211,314.68484086078354,319.30629654521636,323.85460516251106,287.04236100298164,296.09020797460744,303.944807328544,309.3738064121205,301.48306654459327,293.5457326170714,337.09964261578443,346.0459464024509,353.3004855454058,357.51339243165785,350.3860168223904,343.1666078130762,286.26754392144426,297.38981196086314,306.7814712438833,310.402717396429,314.9425210572228,318.95617213490453,321.0474032603247,313.41402715156016,307.31150990372555,302.57295007279816,298.0373378233347,292.07115525027075,289.8631308644945,303.9077619142292,307.9725204524508,312.06510330006046,318.0583329671664,309.6561021288763,305.386047708538,301.12259961864106,129.82235797908157,145.35807667018187,161.26098519997763,177.17542427458562,191.97655788138218,205.96643410998877,217.72410345248107,227.75031465323227,235.91754888011093,240.03904413859303,241.38855645314047,238.6817929798144,231.03198431801945,219.20182298989494,205.45920116901442,191.17159594749506,177.02811976035946,109.30737031284905,105.8840087389417,107.08381827476668,111.01996155206521,117.20500519080318,127.10799444997892,130.07255470204618,135.90652739321163,144.3898995136277,154.2168882150377,136.14325608453714,141.58336379602363,146.54387412362547,151.9056773889991,164.5758308569641,166.82098393012802,169.2906301044556,171.5416344988675,173.8194417196412,127.46381473846951,125.4037610515017,128.09389211642267,135.751206457845,134.8217290739851,132.2486133309477,149.39854167730178,148.103562122355,152.155613189669,159.77066367088162,158.61714286045117,154.96169923267996,182.0126016298483,177.89981118324175,176.40139551147064,179.87817953734142,181.28193037996562,189.96368116591862,199.87373198166688,200.13323308263116,198.32013402032737,196.07303790879837,193.14294715732768,188.3022501268551,182.504978654637,182.8982829289592,185.50650659948457,188.04516949653993,197.77377383821843,191.0983489526696,188.8102935924046,186.2168592196066,16.764213074621715,24.337543758928554,-10.686349854760968,0.42243484,0.5334713,0.52278537,0.54281574,0.17957878,0.0,0.28905356,0.62338746,0.47665244,0.14424925,0.31562024,0.21200253,0.6105888,0.0,0.31395146,0.56006837,0.939144,0.285696,0.10957891,0.30165976,0.002477145,0.00016923605,0.0014439602,0.0005880272,0.028457083,0.0059060543,0.9609585,/content/data/frame91.jpg,0
235.87486436631943,79.94381046295166,142.00485568576389,157.35347843170166,0.9997860789299011,258.6023108509729,251.44387395852078,245.80929448585331,242.66147947444344,243.09925171797792,248.10116242690407,257.798073949213,270.26865442519204,284.9893222190022,300.69007468946313,317.0303247722447,332.75033982918023,345.7167560506641,355.6714221390231,363.22930024732295,369.4872717166259,375.0875015463366,283.9768968808061,295.497544283503,307.00496729875744,317.74444169413385,326.2699397904952,342.9727575577558,354.70783136858245,365.07702291557183,372.2313827575125,374.9752011736556,329.31884201123484,326.80486907623936,324.5566669370436,322.30117168885835,305.72386179952434,310.4059983789951,315.34314054014754,320.28324271312755,325.1147023227191,289.75561654919676,298.556170649562,306.1460630302703,311.2189999545599,303.65050294451373,295.98877118929926,338.60336367280036,347.1854734022129,354.34798171777766,358.7169479204158,351.5881477243319,344.4854361496025,286.6133163887203,297.5078537611074,306.95815859461027,310.79935356291986,315.6473577253117,320.2222191993295,322.8069397934423,314.6173974121069,307.89275700585813,302.7418806066421,297.9668244163421,292.01102175899945,290.1834451788543,304.1259449963628,308.39917788871594,312.85189104195734,319.82580271039683,310.3142605219373,305.64014298591565,301.1460065492855,129.6922515406619,145.06348041305301,160.81096843147526,176.83076628323255,191.76401469832945,206.07971235686117,218.36377269591333,229.0493028453226,237.51540937357026,241.5092756743531,242.4887469645225,239.5478345288975,231.88721137126862,220.06927973886678,206.23248498251482,191.7533113855995,177.45721958487593,109.49831366398692,106.03315555945149,107.42221707940578,111.76550827450953,118.20837356245383,128.40664974969843,131.1279304332004,136.5404977640052,144.66506057010776,154.37643732131914,137.0014042444655,142.39487781076306,147.30683173438695,152.6284152795881,164.54278927453788,166.92177216444054,169.5281019703741,171.80508262760412,174.06062289498067,127.9042018104723,125.83690929148844,128.54932119430566,136.14288826650323,135.082444333394,132.49361011067677,150.12679448520373,148.8422056260443,152.8129433173002,160.27851520125216,158.98822015959635,155.46339193070116,182.3007443377341,177.949864595198,176.52167577061093,180.05430920179657,181.51975140717877,190.22794863660596,200.3906146435376,201.02451862134,199.298280240796,196.96689389088812,193.96805301086653,188.87813822406042,182.82318079789442,183.04685864983492,185.69139849437863,188.2219835109613,198.32759894772659,192.13770775045688,189.79551679463862,187.12071279874803,16.710303199753096,25.250633691367725,-10.47314736563659,0.42579544,0.546637,0.2945553,0.5608669,0.18356618,0.0,0.30910894,0.84570426,0.47929317,0.21277158,0.3041049,0.08443243,0.48969543,1.0,0.23323084,0.48037753,0.6828443,0.28637493,0.08401536,0.35034177,0.0036868746,0.0003504535,0.0012164923,0.0008444605,0.03780199,0.0034858775,0.95261383,/content/data/frame92.jpg,0
236.61469184027777,79.96860694885254,141.98090277777777,158.0054225921631,0.999799907207489,259.5687849562314,252.37427861880536,246.74953222443432,243.69963549171365,244.28291634356128,249.4547918949429,259.32638061626136,271.922794606185,286.7358255770573,302.52103933208014,318.9015840870924,334.6461579052168,347.6111792872083,357.5372013389135,364.9680487999176,371.011114744986,376.3614257256511,285.02621328162945,296.55281144656146,308.2799478095725,319.24944205642794,327.8950913686941,344.1903837977907,356.17056479570783,366.8035703103021,374.08421048506705,376.6799790908773,330.80890477544784,328.3500642773852,326.14765319206526,323.94308353390124,307.2305875701721,311.96515152025637,316.9569133802217,321.8731929992126,326.695399527341,290.93672477178114,299.7610892236863,307.41135956979866,312.56126796952674,304.9243502611912,297.1899633827278,340.01086690579535,348.7035527634928,355.9424115570806,360.3271510892697,353.16655468806823,345.9669796599584,287.96429650609434,298.96475666704913,308.57542365779466,312.4508869173338,317.36437508348433,321.9399166330969,324.33770681438403,316.22651335747355,309.5084695950378,304.28814764501914,299.4769035025391,293.44140951456797,291.5839745343153,305.683229883768,309.9878309864393,314.49374443504223,321.292830741276,311.9568675731633,307.232717889445,302.708484825238,130.3907785612513,145.8921060829822,161.7803097559568,177.92872882022283,192.92265045572103,207.25030767522802,219.53827177700754,230.29627109084976,238.82751604237572,242.82274053976565,243.7617310284016,240.73090263092334,232.97068633761535,221.00208930391426,207.08500168050836,192.52921382523112,178.18229897155427,110.02161499380938,106.21297143029682,107.50360869217411,111.96429099854917,118.60059717933385,128.90889570088183,131.66355109002177,137.25740785493585,145.81921186913507,156.03752276622453,137.39192310769792,142.81180003151593,147.73918895472576,153.09174891966308,165.13693573433193,167.5384666884537,170.1924037467711,172.5159096385052,174.85043442303015,128.2194068493161,126.07023679367589,128.81103663147064,136.5294545914587,135.42751445594604,132.84636989861923,150.7887777235197,149.48826583848754,153.5549662204474,161.17327612675206,159.8174437491956,156.22343126510594,182.80711474944178,178.22827318270623,176.79696986560387,180.40951669243918,181.93617016182498,190.9068711607068,201.41445342177002,201.9383763457605,200.12376247810732,197.72290960969576,194.66164646525775,189.46042392940984,183.28712032226792,183.5261681379725,186.24829801587956,188.85514202162315,199.27520602035582,192.78141650371367,190.38607873241176,187.63980900322133,16.85576602699389,25.920467663574204,-10.832930006745851,0.39538214,0.50445056,0.54084927,0.5456068,0.24214187,1.0,0.2939261,0.06422691,0.47270143,0.37043312,0.3334536,0.18486455,0.56094176,1.0,0.21967284,0.48665944,0.79264337,0.38578734,0.07648631,0.26653767,0.0034858445,0.0003389443,0.0016137891,0.0010179637,0.035583038,0.0048661972,0.9530942,/content/data/frame93.jpg,0
238.11642795138889,80.23674201965332,140.85506184895834,158.50363540649414,0.999815046787262,259.14974171594974,252.03656199992128,246.5489442939558,243.59050357266588,244.07484276357292,249.1812347050733,259.20417095762514,271.9095357844499,286.63201645061554,302.15123192561686,318.1892767728389,333.47647924411467,345.96929963944194,355.5099033613193,362.7684355679788,368.6475532521707,373.8234669010787,284.3827147173313,295.98252029238193,307.64934491808117,318.5733764828913,327.1076571037329,343.3386020857407,354.8570925731186,365.0801194929562,371.9317871661341,374.16990488631427,329.93705936871186,327.3531045276595,325.0215127192449,322.7048971716621,306.50130852378527,311.18873078229365,316.1536730172593,320.9695215306518,325.6353013350134,290.33410051255413,299.13013692311074,306.7017704798994,311.87489521119596,304.3530313630003,296.6946239224826,339.22858780635505,347.754388303728,354.81358092355606,359.09539706262683,352.06936535342163,345.0582305456039,288.38366644622386,298.98209187990767,308.2287368833096,311.92762389335223,316.59130634097363,320.9408387600959,323.29059254417473,315.60667104233846,309.3217658456936,304.37889120475444,299.69256864140175,293.8138534229627,291.92955411633113,305.4292928085258,309.5691292333451,313.85544618660987,320.37908726561255,311.64627198944515,307.129495210149,302.75314496741015,130.15199203512202,145.64453706833177,161.5204675765959,177.55859178326216,192.5097636935594,206.7150701987696,218.66320138012205,229.03300926058682,237.214435118274,241.0093924040836,241.79408725152388,238.54632467071397,230.68246129762764,218.7418239152228,205.0657882176807,190.85143473582875,176.80710319469864,109.63290766689812,105.97847044841947,107.17358399873642,111.3941658237895,117.75012323140913,127.1987380203654,130.10498290148175,135.83619725576386,144.4440100702123,154.6071262781912,136.255016722665,141.6280592310296,146.48643873799534,151.77067802827136,164.17716101681282,166.54301343100596,169.07599683473845,171.35108471886434,173.59468957775954,127.58686238794638,125.34063866739174,127.97698774722821,135.63931214317162,134.4888156061047,131.97877275028517,149.2872489289261,147.85467491589066,151.79841415402825,159.50902310325125,158.01357373626215,154.46336664497636,181.87707198556527,177.4360608013777,175.83330612873198,179.30233417710662,180.7399871945725,189.37106366324252,199.302059165393,199.9451767643346,198.36035732608389,196.1759092643272,193.27829188850455,188.3265913436611,182.28767774998903,182.3307132428863,184.93177571270098,187.43384294437584,197.2603333955445,191.30480390362672,189.05557586125497,186.47336692797563,16.743130646257463,26.52888775979856,-10.904294490372607,0.45172095,0.53607345,0.43389326,0.5193127,0.1809127,1.0,0.25310323,0.34718204,0.47582316,0.3371776,0.3180211,0.0675649,0.49213722,1.0,0.28562126,0.48037753,0.49792156,0.40984666,0.22401422,0.38571036,0.0024225125,0.0002849345,0.001090296,0.00067746715,0.033566087,0.0034072758,0.95855147,/content/data/frame94.jpg,0
238.0681694878472,80.20755100250244,140.9439019097222,158.4164915084839,0.9998161196708679,259.1612933394989,252.10635855150161,246.64832585393788,243.70885632591342,244.26041849024273,249.46526094883856,259.5516999351377,272.25124654019686,286.9738364378396,302.4880378081727,318.48943089508543,333.7014560137357,346.1304932054941,355.6136957752263,362.80972489661383,368.6189623491895,373.7264021565852,284.36258424256476,295.95008632269867,307.6099017627231,318.53479954018127,327.08670982493084,343.2210532108525,354.74488168930907,364.97130742032266,371.82551937972073,374.04849234277253,329.8870225915709,327.3136663587144,324.9916619375863,322.6926477714281,306.50515145989584,311.20702685322703,316.19082463882324,321.0162853998018,325.68526739235546,290.37352180786536,299.15088162594947,306.70795066317385,311.84664090093287,304.3573188989302,296.7161014494171,339.1487527494542,347.6714408224899,354.72957373737995,359.00475271786934,351.9867422735798,344.97644812482235,288.54576821068326,299.113161291403,308.3709199932159,312.0842937386551,316.7563577170894,321.1204157315777,323.4561304575424,315.75325062875567,309.43869213089073,304.4786324350737,299.78349888585643,293.91012326755526,292.07354861887296,305.58895184106393,309.73517464027566,314.02987664161924,320.5276886602471,311.763869184543,307.2329703571892,302.84674923835337,130.09505113183258,145.65487609094646,161.59245394080136,177.69206833141374,192.68029821797418,206.87200471684704,218.76655530575445,229.0912533292046,237.23433592072175,240.93668476813937,241.5482550104975,238.16883483072,230.2390211298106,218.2679987662399,204.58791325438295,190.38137469845952,176.34442468178415,109.68946339629301,106.02585182545414,107.20544226336077,111.4037642209518,117.7258123977399,127.17960579705601,130.1013794006353,135.82500109837974,144.4209033323262,154.56929363407528,136.23824215006985,141.60813231761352,146.4627189782471,151.74957682030072,164.04574869427842,166.4340044810097,168.9870218732201,171.25083114919033,173.48729913130032,127.55408974321409,125.32273763104934,127.95065181249134,135.5875578810207,134.4472684285074,131.941744212101,149.21856956622685,147.80345648672136,151.74995640312056,159.43641219317942,157.95859996341477,154.407772646103,181.7918120641462,177.34211563316586,175.74145453973264,179.20748758742036,180.66155039657542,189.29869118792107,199.22458930308133,199.9962981720976,198.4508408845852,196.26060269068472,193.34484009265572,188.34027289485658,182.20644114256567,182.20407299900296,184.8156141304541,187.32794251054185,197.20653440860045,191.38110519932104,189.13322707095443,186.54406432962924,16.916792710663298,26.47486102093824,-11.009889026662306,0.45541966,0.5288257,0.4004394,0.48799384,0.19566253,0.0,0.27111855,0.18029521,0.477979,0.35825682,0.27017078,0.14169645,0.5335392,1.0,0.3901614,0.48037753,0.36264524,0.42005318,0.19037405,0.4594095,0.002119474,0.00033301706,0.0010302378,0.00067383016,0.035202466,0.003502581,0.9571384,/content/data/frame95.jpg,0
239.37217881944443,79.1794023513794,141.62760416666666,160.07494640350342,0.9998364448547363,261.43578821976104,254.17507505665952,248.58133060121025,245.6441252980101,246.3545151581024,251.58232080362714,261.3319187877571,273.71051426643277,288.089080050547,303.3447941063253,319.23164205044884,334.66236671060284,347.4549314519429,357.312967199577,364.76921697281085,370.85780676018356,376.32030614298503,285.98945084921775,297.49912162540227,309.45210947306776,320.668559773765,329.41426977309516,344.9718429161825,356.981837587255,367.64249139627645,374.8790605266687,377.1392511234683,332.037957584099,329.48318402697873,327.18719099258254,324.90084984654385,308.73773806590987,313.38082304068035,318.27892166834147,323.1006867969759,327.8382412033452,292.5253993647621,301.1640913326835,308.6879615716818,313.94611685310645,306.3521473419031,298.7135077922338,341.2485153501134,349.8618353315576,356.91756036158586,361.2113683420099,354.21287912443614,347.17593119631334,289.6969495473696,300.4707640190025,309.9552728321463,313.8000103912676,318.6364880662121,323.16933771345464,325.56665840142614,317.53298984569426,310.9539742150173,305.89318459374294,301.18826112666056,295.12834076805086,293.3276682178519,307.3113939118679,311.53714062261076,315.96061365125394,322.5247220949303,313.26422181762837,308.6579353828116,304.2448641816569,130.93339647221939,146.48268593650874,162.40290903432407,178.46542592633523,193.38832157556524,207.5307080559563,219.52612757414724,229.89607978720537,238.09167794796716,241.88533950001514,242.62937071356703,239.68609433824165,232.19917148207804,220.5550555113051,207.02914189548497,192.88008038435558,178.86775968301708,109.955935945731,105.77547468151961,106.95936809429645,111.50579392970022,118.4978657292142,128.18567674356802,130.90809318245653,136.76903923285636,145.71137067793202,156.32539086740417,137.1983765229797,142.84300234481185,148.02215068007877,153.62612522123084,165.3500896729115,167.78733460133685,170.50905262363008,172.697832985927,174.93941822260686,128.20860999668793,126.2763775139007,129.00111246689642,136.39082947234206,135.2203061575836,132.67942078620194,150.42193872503844,149.38907790098753,153.46950816210585,160.8913866792908,159.34774861032776,155.74555052572748,183.14214939220224,178.65913921117584,177.25904292671822,180.75985038575516,182.26466336169293,190.9524734803304,201.0481540615925,201.86867906650443,200.20727193034648,197.90121482730703,194.9811464919587,189.91474091429126,183.60705440614836,183.70889728508078,186.31220507084572,188.85701760439417,199.04748820192174,193.06711863845788,190.74476896467974,188.11730283439005,16.941432165193476,26.6176312654908,-10.755583132368765,0.35699022,0.4423872,0.5922121,0.549941,0.26280186,1.0,0.3058017,0.010762111,0.47539708,0.27585372,0.33941582,0.15220805,0.507628,0.0,0.20395018,0.47314268,0.66809666,0.4034973,0.16345802,0.28693762,0.0034554163,0.0002560699,0.0027575097,0.00086325826,0.042990755,0.0023048162,0.94737214,/content/data/frame96.jpg,0
240.10470920138889,81.36156177520752,141.17442491319443,158.7464418411255,0.9998428821563721,261.5179230413258,254.3281785346253,248.7157545875194,245.6239744332466,246.0729655104075,251.17121259582592,261.1182016759759,273.8225800985621,288.5118179713753,304.04796009366913,320.0567644417551,335.3192761475176,347.8422476753233,357.37088560855886,364.56636977979144,370.4110514379123,375.61374225072456,287.0347314841295,298.4729120926032,310.2604117501903,321.24178091761314,329.7991722348203,345.47875487547753,357.26777602672894,367.70902629776697,374.77495641893006,377.0004474725407,332.3804430084023,329.9361066646044,327.73486867417944,325.5330516078076,308.932028559766,313.69513827955365,318.7272060677916,323.57368569227987,328.26802730477164,293.031556831462,301.76604887574695,309.3391530136913,314.5289508708634,306.989047087205,299.32676525344607,341.34214288081284,349.86883181840676,356.93219583831524,361.15967733891375,354.23096550829297,347.1996891084981,290.13903841366425,301.0395470054894,310.6174518119284,314.4472784534972,319.2619316097694,323.64677416031634,325.66623907558267,317.86784600823853,311.4195174160345,306.3189029318922,301.51132358571573,295.50843497258677,293.77008304343946,307.73749707129116,312.0109015653608,316.44129809039316,322.6963288606532,313.7817158108226,309.1337173057242,304.6477294897944,131.3996923504131,146.89268196023642,162.74598738494814,178.84991915034178,193.8425474015821,208.09978326361616,220.17870573006223,230.7370769499579,239.02772998984435,242.9435891500262,243.69923784294178,240.44534197101973,232.5626763217637,220.62079047497468,206.93227531932754,192.6398520776997,178.529905885911,110.85746705369235,106.86363985903951,108.04999615767653,112.40162699950716,118.98055708797855,128.65249928641356,131.32126730012135,136.95355866169777,145.59020390261082,155.9534549144945,137.9066211575521,143.38667231725913,148.37291362468375,153.80679199345235,165.90262120666034,168.32880181636003,170.95210669102505,173.15586536498336,175.38126558315136,129.1914940941956,126.9809341164694,129.64357641501394,137.23775437565143,136.0884589376127,133.59868784084784,150.96388675898305,149.56229020178864,153.52853464656147,161.11131275914727,159.66211843000798,156.14020690735305,183.71984567346223,179.0449882634173,177.5041693587272,181.0423801661214,182.50795326101223,191.3154940328275,201.51886898844455,202.4059679212947,200.82017411806603,198.57285984936047,195.58184174844683,190.47570901116399,184.19464253215642,184.15130267158546,186.80610473598688,189.3578994084313,199.50522889593773,193.5879470102845,191.3035605265503,188.62534562680767,16.844352552918494,26.979103603263248,-10.860444949561264,0.41787016,0.5025348,0.39516369,0.5845343,0.18402429,0.0,0.36815113,0.001083209,0.47753397,0.2259871,0.20386532,0.40743628,0.5080091,0.0,0.56217307,0.46523935,0.9963982,0.5665482,0.2103127,0.3796711,0.0021549829,0.00035884097,0.001925536,0.0006761157,0.05234059,0.0030043423,0.9395396,/content/data/frame97.jpg,0
241.30360243055554,82.16195011138916,142.0930447048611,158.01300144195557,0.9998583793640137,262.8024354472704,255.57765075080323,249.86121574664082,246.66022642967215,247.15241877217136,252.3750254735924,262.46936072314486,275.1895929929258,289.7602460477226,305.1586102202832,321.1686935507574,336.7227141132,349.5522477405085,359.49653520308175,367.09868139541186,373.3485015993632,378.9232777042131,289.0125811366272,300.5474288255406,312.41856099822564,323.5483121554605,332.24592445068373,348.835510671919,360.6999125211206,371.20636000059227,378.1679783119875,380.25292063762765,334.85261094641027,332.44443226203884,330.3128240998532,328.1887091441654,311.3709530897746,316.0457589279256,320.93154430197217,325.66138508588676,330.27189966436487,294.7656853843527,303.66382289268046,311.4266718047587,316.59778107720916,308.8175949422535,300.9515703407046,343.5582363387783,352.30526084939913,359.5563791373294,363.712803141643,356.61126643440537,349.38876473599635,291.9292750345153,303.158093614913,312.7359824930909,316.4204983666127,321.11356253824374,325.2487162339163,327.1938079755376,319.4427018108971,313.1730127426573,308.2627981591912,303.6645914266802,297.68231147041723,295.6051562025101,309.78122920925784,313.9162303283275,318.18761797743184,324.19177854874744,315.65478985947834,311.1935065006047,306.88357348082025,132.50870794424236,148.17345391250632,164.2755861424101,180.54182298520823,195.62473220578534,209.88720877765542,221.94320163221414,232.48451569094053,240.9615135203444,245.12020922074555,246.21190046546337,243.3697826204805,235.7030795721689,224.0085576428305,210.43338780814656,196.2297832010538,182.12644967699123,112.06092281652016,108.04728225759229,109.12945441758485,113.49204049283225,120.12094009217537,130.7693572751506,133.6043435766943,139.50557710189224,148.46210059026214,158.96660413079314,140.32188453133568,145.98280425598455,151.1505003333183,156.7259658583739,168.9234085257893,171.33896739695274,173.97059734176042,176.23987480764208,178.51639683666872,131.24010695395742,129.11242057556473,131.9190332799548,139.71358421952402,138.79745778587375,136.15903535674454,153.8529766807381,152.53371460730582,156.73043578774025,164.56089308785806,163.28120486442924,159.54690381048044,186.6385240916739,182.3103440403799,180.8845213372869,184.4153247598673,185.8747821274213,194.68723374575882,204.86460174770673,205.16407006229772,203.2866432185689,200.94730483703077,197.9527460127973,193.03786936646492,187.13696359841396,187.57292581176011,190.23621257617637,192.78340549874343,202.75558622472047,196.10571016797158,193.76425831793404,191.08217637643492,15.76786847814413,27.23513436514719,-10.231139923443836,0.4069454,0.47205096,0.44093934,0.5347344,0.17250797,1.0,0.2649335,0.0019565728,0.47427654,0.29646346,0.3397444,0.120566495,0.5362168,1.0,0.27282834,0.48711175,0.37850758,0.4230411,0.09648699,0.36329928,0.0018349763,0.00024676262,0.0016798966,0.00062582444,0.048930846,0.0058642705,0.94081736,/content/data/frame98.jpg,0
240.6768120659722,83.88590240478516,141.40673828125003,155.84496116638184,0.9998738765716553,263.7045037274568,256.3633614335937,250.4945128730282,247.18434330531682,247.71387401546338,252.9620603828032,262.85923706743364,275.4590493883315,289.94096844387656,305.48748335569405,321.5811438667946,336.8341831885556,349.44074774428617,359.34924967958125,367.0921095384798,373.39533608184377,378.91075544930203,290.70238533341575,301.96473403984106,313.4430818060629,324.05036062488364,332.417825892975,349.1189367337676,360.6061630060468,370.64992142910194,377.3208730651572,379.35571741389776,334.9080545580549,332.4627479010245,330.2920451319098,328.1315752172342,310.89471090922456,315.6187003581924,320.6063028514192,325.53148270318746,330.309389708715,295.9950450460696,304.77919816624615,312.17399606451283,317.0299536656639,309.54655463067724,302.0673412567383,343.56951932051504,352.0017480791195,358.8899082136495,362.91261272653304,355.98795764055046,349.1269067674538,291.54398187652816,302.78073172650545,312.3938686721498,316.22714276200765,321.0918618267634,325.2495441549005,327.0286340240658,319.22778799001253,312.70291648187015,307.57277857501333,302.8657045471907,297.00872743540253,295.19232889106553,309.3645034556239,313.6429011401313,318.09526292355304,324.06849663160733,315.38196249046143,310.73411194372244,306.3022604567799,131.96462003867293,147.59449704408803,163.66150531666594,179.98070106073578,195.11666448906144,209.43000897196802,221.70640234198476,232.440867292777,241.07800951886892,245.3478296636259,246.26064932595236,243.16464236621948,235.38597866368445,223.81412512462805,210.3854097932893,196.15648078605494,181.97829246880605,112.16934426341548,108.71296916516324,110.18631070708533,114.55185764455379,120.91431324245158,131.46097521765614,134.32205010750022,139.9981074546115,148.3502680286453,158.19652567288614,141.39879907408624,147.53367955626715,153.1520015334795,159.1514638978466,169.9438425689419,172.6123436098868,175.44490472886474,177.5449807379294,179.58976812170232,131.78583490539592,130.38932337351883,133.28072340552143,140.4458617177225,139.44104668754673,136.72593488316284,154.36534720027726,153.51337289302234,157.5952953135394,164.7064937753803,163.45869861332773,159.8567505711244,187.5308198672313,183.28638121436728,182.18060870853282,185.74528708971536,187.24265020169867,195.88505376471352,206.0074312753054,206.61940724650316,204.8520327695115,202.45494760300775,199.34103872145664,194.15582398041306,188.09830855948968,188.73441756975126,191.46179653787175,194.00004604927358,203.9553984063632,197.7419712914972,195.38676502927188,192.6076532970427,15.420377830924465,27.880191144150437,-10.591042845626847,0.46975222,0.53322,0.57056797,0.5540499,0.18221003,1.0,0.30661243,0.1290149,0.47436157,0.24834885,0.4724845,0.1672087,0.43048748,0.0,0.19859137,0.46346864,0.90740335,0.44714737,0.09083127,0.3539516,0.00091147464,0.0002360244,0.00146123,0.00063799927,0.121573694,0.0024128512,0.87276673,/content/data/frame99.jpg,0
240.675537109375,83.90027046203613,141.42518446180554,155.77234840393066,0.9998769760131836,263.69558430218194,256.34922206950375,250.47654551334188,247.14358754946352,247.64444068584575,252.86576471842173,262.7421466877961,275.33708835279833,289.80063905528584,305.3323953063258,321.43258471507534,336.6995304547153,349.31729033481577,359.22888566787077,366.9762044956369,373.2943431938642,378.8301335386893,290.68224330185336,301.9518455427443,313.47264870043443,324.11688923378944,332.5053130005045,349.0737437704446,360.56765084842414,370.607698916766,377.2729129170075,379.28334473768876,334.8882232142272,332.4367357964373,330.2599025878204,328.09095770747,310.8476793401703,315.5703423671358,320.54798892028816,325.4705620177615,330.249373675092,295.98617473252114,304.7615945359657,312.1548967785115,317.00862527095944,309.52686344893493,302.04298470265815,343.5167396162703,351.9389896041954,358.81380138882554,362.8104541017659,355.91872920653077,349.06932051292796,291.5071752578461,302.72522482234075,312.32015057066826,316.15297562989554,321.02714915393784,325.1847995271172,326.97659763936457,319.1667961210365,312.6459229296805,307.52021980849463,302.8294833417654,296.97950244192924,295.16296974105,309.2914726137883,313.56697438843327,318.0254619812744,324.0144858085122,315.32592674965053,310.67560682358,306.25415983430037,131.85751587589064,147.4530472554571,163.4870437853499,179.7760071288696,194.89730847995287,209.19792286525455,221.4641730441177,232.1855921790281,240.81303897723845,245.1247234440375,246.10068123287033,243.0595301354618,235.30668502122657,223.74982730100817,210.3369395300457,196.1229741969017,181.94765944392165,112.18962667252502,108.68375220778202,110.13998161549699,114.52275852662612,120.92471628353704,131.46818565163034,134.31542091667694,139.9905327315684,148.351269357405,158.2140305904719,141.407245291432,147.54992996511857,153.18166711625153,159.19162621017364,169.9027392664874,172.5733951946276,175.41503175211227,177.50243048192368,179.54145192171728,131.76360243103565,130.379317808205,133.27696929557555,140.43976077046156,139.43663950096004,136.7183472062903,154.3410508206909,153.49037595161982,157.56598993917015,164.6536138905404,163.41922421733088,159.82505451328137,187.49902589456093,183.25496044506224,182.16062202370074,185.7251547882184,187.21729670170257,195.8475846350936,205.97183058014315,206.52640902570687,204.71146958887016,202.31064351094918,199.21126585489645,194.08054339489132,188.0650802979133,188.71006255075585,191.43074474148932,193.96831298440082,203.91492670127113,197.62897639338502,195.27164753799508,192.49927897038623,15.507523494236269,27.982031949840316,-10.722776137968001,0.545182,0.543236,0.513589,0.5540391,0.1803422,1.0,0.26820993,0.013735872,0.4788542,0.25948328,0.3122226,0.17888889,0.52094716,0.0,0.24923822,0.5351924,0.86584944,0.31308198,0.28946808,0.39847052,0.0009047187,0.0002297693,0.0014113634,0.00074611756,0.111651525,0.0027107932,0.88234574,/content/data/frame100.jpg,0
240.3122829861111,83.16123390197754,141.76557074652777,157.48741722106934,0.9998359680175781,263.4092227524424,255.5550564304988,249.31062039617396,245.8700569798746,246.33131635716893,251.2924215331905,260.7431754298706,272.9962868857524,287.1400537650989,302.47665067483007,318.5167361436164,333.8955857347457,346.746810310784,357.2176916124087,365.5150548817288,372.0813310884254,377.6941565588967,291.19373726897487,302.3310585908336,313.5339385919077,323.9134207314785,331.9107798249318,350.00277873470486,360.8004509027761,370.4648703350281,376.67201564640743,378.30289480348097,334.6252808689203,332.0177350928271,329.6997852074468,327.37025554161403,309.6727464092986,314.38317130406074,319.6061929782691,324.73176651950627,329.68150312216045,295.4565495802347,304.12011777417564,310.9929934499831,316.324620623445,308.9706208399659,302.02490969683765,343.33051599661,351.2587456030625,357.51688475306867,361.89056107134536,354.7730963266128,348.53453466534825,290.25563987978916,301.6537878712756,311.282859685765,315.04070683358685,319.83675226455455,323.71015503277704,324.80144796102286,317.4356600061006,311.2808715230706,306.2038587148399,301.53822661868605,295.8876823789102,293.83400606278644,308.02970735631214,312.25173698748614,316.638254696537,322.0943476132963,314.19387343392066,309.6539011051186,305.2878958281728,132.71269142188396,148.3120074167253,164.42444398458395,180.71335392837534,195.92505141626103,210.47972027162476,223.0084231804301,234.07430018563522,243.05108567068686,247.54255358837176,248.48221672608167,245.16329169423383,237.13131716757965,225.7229580175522,212.53876969599344,198.47179208060084,184.5276862990367,112.75668860669145,109.43871259867933,110.83741603124278,115.46574050788436,122.24048655585929,133.51786351999033,136.23444284169625,141.8446099189897,150.20121255153896,159.83239080469045,143.45397974651655,149.98444649595785,155.92652409944068,162.1447591908351,172.0227174344078,175.15733471551295,178.30922028789593,180.43543919751573,182.30748868483022,133.49399993546837,133.74272866326146,136.42166243411893,141.6069934999674,140.52203115208567,137.94400931039513,156.53370222768976,157.76046056422507,161.984433300582,167.81166493947018,165.6524301383073,161.92706382407954,189.06349080802607,185.08549829126144,184.24869018790136,187.89085780716604,189.48973486670508,198.0339006552021,208.04049809407383,208.19141822880377,206.51027741766507,204.10702239865964,200.82590061895044,195.35695504703907,189.68174745191232,190.8753209312365,193.77786949942129,196.35048443973324,205.96960980856161,199.3741363344206,196.95770199330485,194.06641780299213,14.601935239928997,29.252848894872812,-10.551182869500405,0.4333096,0.43060407,0.6189513,0.4964329,0.18221003,0.0,0.23651507,0.00075337617,0.4747659,0.22596218,0.40340835,0.1217199,0.53672254,1.0,0.18521048,0.5329467,0.5026318,0.35332194,0.15072864,0.2260415,0.00077278743,0.00058046926,0.0024082647,0.0016180796,0.2984505,0.0039426424,0.69222724,/content/data/frame101.jpg,0
240.9599880642361,85.23698043823242,141.23744032118054,157.1396141052246,0.9998420476913452,261.2163432625487,253.95029243798749,247.89727038450104,244.53670171728646,245.07447812424883,250.10315734049087,259.65803982895,271.7126042112173,285.5870714141305,300.74820859902854,316.3309788067407,331.2060088725419,343.7045363563435,354.32987735487427,362.99501565096915,369.6901616392094,375.4373119109943,288.6150042377571,298.9621900641872,310.38475449227565,321.21054075261526,329.4153652830165,351.044368885578,361.39304956564837,370.8687806778054,376.4168007094048,377.1194943153422,333.39091168006263,330.7685899704966,328.4037764695939,326.04516717327334,307.25858842943126,312.1940106955475,317.8857165086298,323.5972937595767,328.9483190561911,292.6303553277883,301.63082413784895,308.3654825920469,314.63696120778224,307.02485738524905,300.1099229538849,342.3350705898394,350.47368321952763,356.28701167352233,361.003735728117,353.46748167845124,347.47520912816526,288.5790603133843,300.02638536229614,309.7627661236612,313.63834277857666,318.4496247555442,322.2656826326247,323.305572509703,316.2143914623007,310.30203176451334,305.1204812845516,300.2103591353094,294.4656646945049,291.8403083196541,306.42054875179366,310.85257062492326,315.31872686275585,320.8570359654441,313.1799060095592,308.5575150873163,303.9430423935664,136.2583825574527,151.854966111961,167.8610327886432,184.0725744038562,199.1983464986858,213.45403509837095,225.33714370192465,235.76481559540716,244.71964079168484,249.27164995832345,250.33642409073673,246.98290540055868,239.1142655862034,228.37926077588227,215.62851888841405,201.7276388580224,187.95013483070778,115.61637854988146,111.31885416612246,111.72006782539543,115.76930320123117,122.12606996084455,133.18489603605153,135.95789449675635,141.9944506811977,151.34641240774076,162.0002736401978,145.02843035639177,151.42575766543615,157.1131475101134,163.11011817184027,173.26888500259003,176.7942107058896,180.03292913229535,182.27083742678985,184.01842248777484,137.53707811343935,139.06830277912206,141.32145745679725,144.4448192641285,143.69162657995253,141.44219779687694,158.78133673564827,161.89227327456354,166.40346057337166,171.29114867850876,168.36516936894895,164.37313462385563,189.8349429600691,186.1711016457719,185.45977610302452,189.14401711173593,190.84610467245165,199.38289910600332,209.54562224112433,209.1056856908428,207.50282044543764,205.02644365706638,201.60946674393372,195.8595178363862,190.40276255335056,191.89196272458992,195.0082380265062,197.58653461044113,207.41040926776623,200.5094230572109,198.0377443802805,195.03197585273364,13.226707039378708,27.92794802334924,-9.891997857536056,0.49897215,0.5463731,0.517803,0.42275947,0.2113683,1.0,0.18309498,0.9539895,0.47948307,0.15528738,0.3190024,0.12766135,0.49997056,0.0,0.36156017,0.5832594,0.20458223,0.3011893,0.039505526,0.7990788,0.00026629,8.166932e-05,0.0010462848,0.0026524288,0.06343048,0.0056926333,0.92683023,/content/data/frame102.jpg,0
241.6697319878472,86.99639797210693,140.96202256944443,157.08796977996826,0.9998342990875244,261.7322305535075,254.4273913103264,248.3882151831128,245.03383236894453,245.61010568261312,250.74959983168216,260.4161158544189,272.7060664472747,286.76763978853006,302.14056103768445,317.99384113264625,332.9842955059154,345.55663564024076,356.1181483095344,364.7030914898413,371.40228421047357,377.256757712659,290.3758619581625,300.9297848397164,312.205327436421,322.80629464257333,330.8063354093092,352.7526982253089,363.29089659473584,372.75065972088373,378.18347585179356,378.7353674639148,334.45268067265135,331.8035020593662,329.4055785658974,327.0161605784522,308.3027832981101,313.29473444539633,319.0147153358207,324.69212375289817,329.91647071767477,293.57189292405553,302.58139231388657,309.4333526866332,315.65813030344816,307.91678837877515,300.863060998869,343.430629915964,351.7742616657954,357.78133990089134,362.3755827998734,354.9028272275682,348.7180322305487,289.26088225208036,300.8763248692269,310.59402842045404,314.5496505118108,319.4270357513425,323.38214099556967,324.8798179115839,317.4777468021516,311.3389174922428,306.0929809239993,301.11757450276303,295.23188792827415,292.5842991817028,307.21303359701625,311.72128886376714,316.27177391174644,322.3517051204981,314.2769012928885,309.60547401658874,304.9373107422703,135.81354014904412,151.45515449073434,167.6228855029101,184.03289422497755,199.36371490468593,213.89456858588437,226.13801417288562,236.87507509332,245.8907878845131,250.41451485772973,251.1693476188592,247.53184493575566,239.32576193723412,228.12795427239826,215.00319444301488,200.84185275204084,186.85223913777156,114.56516533677606,110.60330456349112,111.06202324469939,114.91292199537787,121.10855392840767,131.65240390883844,134.5467141270351,140.78799714457494,150.19868788293115,160.65548282945008,145.3344878631072,152.20558843335886,158.43496149530415,164.96010594505213,175.12980916480308,178.66660530828972,181.92054000640587,184.06861285595403,185.74482674781484,137.54180953549883,138.89639844727105,141.33061359788178,144.8963250911067,144.20225557512373,141.7960288201602,159.14485102777496,161.79849587440805,166.2269825281934,171.25208492451895,168.82307195262547,164.8861855697158,191.1548341901804,188.0458189328741,187.51675848091145,191.21787830418134,192.8950921828798,201.22858923464867,210.86427139357374,210.85961976940757,209.46331230563294,206.99995147123707,203.56556971005637,197.664770974931,191.88222911021376,194.03409966258357,197.2004624796583,199.75674343930598,208.83319700403126,202.3226422498866,199.8615173411165,196.79513073619296,13.269307394863082,28.007057288667294,-9.99159988137987,0.5133996,0.5536607,0.4627897,0.4539809,0.2113683,1.0,0.1833518,0.33828938,0.48282376,0.15029056,0.33155054,0.054307554,0.5475961,0.0,0.23459929,0.5832594,0.44281727,0.29865327,0.0866256,0.7946702,0.00017500181,0.00018965821,0.0018371457,0.0033911355,0.13794082,0.010966108,0.8455002,/content/data/frame103.jpg,0
242.6250542534722,88.98495769500732,140.91273328993057,154.66996479034424,0.9998730421066284,262.3990094743196,255.31688862448615,249.42458644652353,245.80897065602912,245.9561343241817,251.08416172496678,261.0737758894609,273.6711352319049,287.90266676517734,303.2344769636219,319.2925748506878,334.5669411591206,347.3511134526834,357.8712829254413,366.40123318644805,373.111155242722,378.96932573813115,290.21452197813375,301.4337313203316,313.16012291761604,324.10948702819746,332.60783070398253,354.6605760338107,365.40279919175237,374.64247604299874,379.93296704450955,380.47979305113347,336.1772397024487,333.5537603747502,331.2249845205279,328.9057891013081,309.99186421201824,315.0490616646472,320.5855463759901,326.03733384671085,331.137953016874,295.20625496872225,304.46842261022255,311.7511186064902,317.3015923017368,309.52159318255025,302.1049812905497,344.5829651313047,353.33811092915903,359.7902130804304,363.7915492426388,356.5763311485623,350.0245194584028,289.94768031245627,302.08590892340857,312.09765156955814,316.081934336205,321.0867380934857,324.9335040041302,326.2543760572341,318.48257451580366,312.1144947708182,306.8843129395336,301.9399068553429,295.9427149552474,293.4048123653798,308.5041310721453,313.03212011946835,317.65060334499015,323.5810585543785,315.40103755383666,310.67223550863304,306.03809833908304,136.2571680404916,151.9810846454136,168.20366510478493,184.58728205620383,199.9090416481822,214.36147079798064,226.41350315105578,236.78901469299137,245.623547559642,250.31561538495455,251.41653569588894,248.27665322098545,240.34309057031038,229.10820515836832,215.97185784417255,201.89001231066993,187.86421121564587,114.5917388996397,110.64457202148387,111.16006524862078,114.8396658439021,120.84331015590882,132.14874341312876,135.29484874564065,141.64149420330824,150.69024272027065,160.83896567381097,146.37944523205346,153.3999127744173,159.75877715871331,166.39643109529493,176.48969041040016,179.91165363783546,183.15994105799186,185.3965964938938,187.32341446661593,137.4179660701913,137.81932655736108,140.6561033181598,146.01101334163286,145.1893306287319,142.40099259155704,160.23729554879833,161.47777381303058,165.92786927738337,172.01901249879324,170.26303824170958,166.26700118846907,192.28657762649559,189.4156664174289,188.9936183858543,192.79757103615302,194.54815768140506,203.09772238959354,212.8155802137568,212.75974596957965,210.99755438631658,208.38720667102908,204.89419776970723,199.14584826537128,193.1832112021467,195.4639410642031,198.66324214926613,201.38686246731356,210.7883225535205,203.86479883555214,201.29891274644808,198.1728035297179,13.016835471532351,28.883399604105392,-11.514820584729874,0.46867597,0.5559609,0.46027628,0.5460428,0.18657973,1.0,0.22077641,0.037260897,0.4806671,0.2411518,0.4508539,0.1791011,0.45301822,1.0,0.17622413,0.4668327,0.55240613,0.22739401,0.10405787,0.31163755,8.824383e-05,0.00027454193,0.0006799973,0.0036357478,0.053520516,0.01883548,0.92296547,/content/data/frame104.jpg,0
242.6711968315972,88.77327346801758,141.00594075520834,154.8932704925537,0.9998726844787598,262.4331375938691,255.38307424383626,249.51429668612346,245.90243468067663,246.0674898603047,251.23483068205275,261.2305333628466,273.8074594179295,288.001335177785,303.31061646713374,319.34222085677817,334.6394040637243,347.4639807460834,358.0063738345651,366.5449500127287,373.27673519398695,379.1733427727577,290.22784211130147,301.4375131330303,313.26501173012724,324.30569181785665,332.8622489371734,354.6818828317916,365.51287944278846,374.8564434115834,380.2425828174786,380.77243894292235,336.3121079806679,333.68081937343266,331.3473297176448,329.0283090138879,310.06740656779,315.1587770822533,320.71457769136526,326.17466828777054,331.2912043646674,295.27988277912647,304.5349213564951,311.8402298717957,317.40540871053565,309.602572095845,302.15469565618787,344.71455857414264,353.50719448275976,359.97503761716973,363.9671167604314,356.7622987729992,350.17925796384407,290.0446702748522,302.17541306836074,312.2282935909857,316.24265226145576,321.2846056545303,325.1498543515059,326.4664625133369,318.6343611690983,312.214168082686,306.94838354691916,301.9930943018245,295.98855676081416,293.51014492928664,308.6459262008101,313.1973034603441,317.8515310385448,323.78592850657844,315.50007152043383,310.72860222334566,306.07466269472593,136.17949597992467,151.91357284945758,168.13224328431,184.5152515445455,199.8517313616399,214.32494874209786,226.42242180899942,236.867254720158,245.7127588057211,250.38890030973891,251.4381652238996,248.3136914186496,240.41286809167931,229.19227334353207,216.06528891642932,201.98620091460765,187.93436683468184,114.7201982626164,110.66575084565032,111.16179992123011,114.89594174352456,120.99846876652205,132.34382221973812,135.43086065828643,141.75821868838722,150.8510853516454,161.1106137515722,146.51104785393477,153.55046444830018,159.9377811065719,166.61447680546144,176.63065870358227,180.05682012962342,183.3097972844954,185.51952532991788,187.44447204918868,137.44889170754465,137.86024866689155,140.72195478127728,146.10234981379722,145.2691054671514,142.47444289274648,160.34251292555547,161.55005000565285,166.01318438392644,172.09596062267195,170.3690369115177,166.36941308499945,192.46934188634313,189.60489930093775,189.19948059449175,193.01805418051316,194.751104484679,203.3044930586046,213.0189319417841,213.05713174775846,211.319627753917,208.71249099616665,205.21483787988404,199.43424780928143,193.3658297342664,195.6530763534716,198.8555118857058,201.5651832154668,210.99280226776742,204.1705362815808,201.61600180885551,198.47745788945605,13.027102686712269,28.79015526168013,-11.447750843506546,0.51385486,0.54950404,0.55439013,0.5153954,0.1924043,0.0,0.21832384,0.07010224,0.47922674,0.21753164,0.47901475,0.10811636,0.54578567,0.0,0.33294877,0.56006837,0.47030503,0.19343743,0.096662894,0.33175674,8.650971e-05,0.00024963825,0.00071310473,0.003758305,0.056247212,0.019383634,0.9195616,/content/data/frame105.jpg,0
243.52994791666666,88.17748832702637,141.50767686631943,158.53111839294434,0.999839186668396,261.9247199403301,254.65411457579188,248.759457882973,245.3890079925559,246.0137204671458,251.53988705862903,261.63680214571235,274.16712675890096,287.94518113640436,302.79299921497267,318.14159984852023,332.55941359235817,344.8648909260811,355.1595161610039,363.6452827632453,370.17692642976,375.81724302817133,288.9882811103121,300.1346261843525,312.2598979965591,323.5251668088196,332.00788321220693,351.6735810929707,362.48425688568676,371.94462438645564,377.4805085259609,377.8892351724027,334.2314781768047,331.6084432306776,329.2855523874,327.00605600886007,309.03498738064525,313.86927475808903,319.1575315084715,324.3620211806597,329.2564224213924,293.7826721135256,302.8395289212833,310.182139955981,315.8265669524763,308.02995819726704,300.4981781384727,342.2696025843995,350.8986151424889,357.4157221735728,361.41988489300513,354.3852872474199,347.8069381196419,290.50955928449446,301.88325189393845,311.4075375022919,315.23846820316413,320.05410854709316,323.60781699263794,324.72562982992594,317.4682315996452,311.47006090928517,306.398691439872,301.63974057241427,295.9614892518237,293.98446147711877,308.08401134945007,312.4258957144914,316.8322027739165,321.99033849474665,314.39380124020715,309.84496825328796,305.35464465702626,135.55205537449172,151.4743371817272,167.97507389394264,184.72835346443784,200.36300378754285,215.03058232750726,227.19118088517774,237.68953445768642,246.40064158716348,250.58186324750986,250.5961844413859,246.66885498379378,238.4651240547741,227.22653597821457,214.15601434455735,200.15763129072337,186.12487963939276,115.50583101289946,110.93718874197276,111.25870691485903,115.19140256801873,121.7019074493526,132.5183491384154,135.28574693476656,141.4119806208796,150.6273910739016,161.28360094137895,146.7347533761383,153.68984174899282,159.9792894213702,166.61324514833115,176.69401629259494,179.95489430912232,183.16676504145948,185.26609558508528,187.15346565592807,137.51082164267459,137.23890605301142,140.09342161068457,146.1475277320743,145.08363197861894,142.3777824327501,159.94221646540996,160.2924790773111,164.57823524782634,171.0832151871839,169.35337824897766,165.55163420925896,192.57091363546868,189.17812869229041,188.46151338605733,192.1800686380708,193.77940468924663,202.319859429306,212.00690546275587,212.7201077212006,211.28519893241324,208.8176447546379,205.47806253645285,199.71002311316437,193.2468671830007,195.13867081425957,198.18130653582864,200.80416005748864,209.9629774157875,203.6188586141359,201.14926341110507,198.21970048869034,12.440938655814872,28.39943746775964,-11.819507573398361,0.48623705,0.5684002,0.385906,0.5276883,0.19064581,1.0,0.25974086,0.020477783,0.48165613,0.25308722,0.37729815,0.21088226,0.50611186,1.0,0.19674753,0.46411204,0.455816,0.26139602,0.07747602,0.39327392,5.0786937e-05,0.00017725943,0.0004258068,0.0057544806,0.036122993,0.020768566,0.93670005,/content/data/frame106.jpg,0
244.11726888020831,89.48934173583984,139.3132052951389,157.6567268371582,0.9998248219490051,263.98182823721083,256.3482492619718,250.06941625928187,246.32971848077705,246.4561561006774,251.39866891194788,261.03783890836826,273.3631641583031,287.28050396141793,302.51614412838467,318.6516987691384,333.905054298501,346.69696678577066,357.2731170715065,365.96586835828975,372.8234727375857,378.82516913688823,291.6922099371077,303.10383520687174,315.052063426966,326.06662100692574,334.2901801876833,353.49294515902375,364.545053443489,374.13122958530766,379.8237359645391,380.3300728215081,336.09015572959925,333.29079017642016,330.76750687501544,328.24703141908276,309.75434688699534,314.71166008855516,320.04346545126464,325.3614458398829,330.320146049447,295.8493661145526,305.03151133532606,312.5281542804862,317.63119917263975,309.7343142063485,302.0616114565503,344.00883250864035,353.01025509705414,359.84173185402597,363.57786908149546,356.40866151373075,349.5451369783191,289.9631804184339,301.79536230217195,311.5606710915649,315.35480329599295,320.36969424446124,324.0506330639564,325.4063939204111,317.4611046300688,311.1037647190403,305.95754215494935,301.2355748928437,295.59004636195164,293.5483254737326,307.93580460785165,312.30198176388944,316.8376614468866,322.6422786682183,314.4963017237965,309.8476147179158,305.4128257716186,136.38074701218443,152.11629079980776,168.44343296895454,185.03516664876724,200.68333457036624,215.5614085844304,228.20367080158212,239.07499443300458,248.1593104835265,252.7132975445311,253.28844353029672,249.77002145354436,241.6890421850294,230.34242586766004,217.12846827002159,203.1168344755929,189.00506546914949,116.08255582089578,111.90608583890378,112.62724260833716,116.81773490295757,123.43529950473612,134.1620416473245,137.19318976980048,143.56905131210533,152.88723044393055,163.5468154631908,148.4666498723111,155.56621948942302,162.08084385283678,168.91621663635715,179.00321543259133,182.27964408030812,185.50514810894174,187.63439709577096,189.58915370977184,138.50587444270832,137.6490981731513,140.88437891674175,147.9859895781526,146.80052624104997,143.79062302166358,161.86899247579618,161.36133626974993,165.814821632885,173.059536563223,171.6489606993805,167.7135622935432,194.86092305122384,191.6686508322532,191.15165769427585,194.9303749398273,196.64321706020746,205.34371529413647,215.015333384315,215.3194602613462,213.59535292961436,210.98283877993572,207.56694253062005,201.87637570729703,195.68693706195472,197.77757535442151,200.87760590286507,203.5805123790651,212.85681063505444,206.2173048070622,203.65420422709622,200.59467882297213,11.915927186994026,28.996131179091847,-12.066289920664078,0.526038,0.6554682,0.479201,0.4801623,0.19056875,1.0,0.2670421,0.011551091,0.47771427,0.14664339,0.25943804,0.077032186,0.45372355,0.0,0.10964713,0.56006837,0.4270613,0.38677022,0.02506932,0.23021667,0.00017593673,0.00031176893,0.0016580718,0.01071925,0.039323997,0.13810636,0.80970466,/content/data/frame107.jpg,0
243.82760959201389,90.17039108276367,140.62033420138889,157.9211883544922,0.9998161196708679,264.494337101339,256.66658004790753,250.2568451387264,246.30259542761434,246.08012962983676,250.7521344673868,260.34072069281393,272.7114862508182,286.5958641298994,301.7767510251395,317.796112672806,333.0414059593804,345.9267957531596,356.64553511435736,365.60666449358575,372.7996791654957,379.06235921519215,291.567101151952,302.98851627578006,314.9824502265412,326.03005526358936,334.29516187290864,353.3436514382356,364.5558192103505,374.3273825025651,380.2213353971023,380.9162738082657,336.1363013645092,333.24907195458945,330.6323561655161,328.021807666809,309.81631101534896,314.6327219402392,319.8245073653081,325.0884026469674,329.98676737268653,295.87349071803493,305.1488582254502,312.7417471279499,317.852284714915,309.84935571858443,302.1034931651129,344.14172664503565,353.2383556858647,360.13250527388914,363.92045275778,356.696194999509,349.7648835336364,289.5730218955905,301.4424296693496,311.2778345827186,315.0628170231641,320.0931233583495,323.79418659773944,325.059746208031,317.18254634918594,310.82806855442215,305.67657948170074,300.9029950795646,295.2202549369673,293.14810749861573,307.646955333605,312.0237265595273,316.5670372161465,322.32875482072376,314.2357732191822,309.58709339006873,305.1246973571471,136.9297103114148,152.75607304544846,169.20565967318123,185.94677502016054,201.8351495199651,216.9146714632876,229.6144212988802,240.45177369329465,249.5038762531276,254.1890176450659,254.8392714395828,251.42647819550038,243.50313661294422,232.3112102040828,219.30154837988266,205.47780422733302,191.48335264015768,117.43171451207417,113.32617981282874,114.14072242887497,118.44087693216997,125.18474399913066,136.19088925726047,139.1899544582362,145.57672016419417,154.99991626624086,165.83083028060264,149.9102638805345,157.2168538356551,163.93713327604547,170.96981534153747,180.76383389611146,184.0731273569956,187.3278979046965,189.46748455024937,191.36325990906914,139.6192701583126,138.64381604641386,141.95800606475913,149.29659589828208,148.01660640988993,144.94448253842128,163.3225277752941,162.6052922374218,167.08995715854326,174.61337368119348,173.13347249216457,169.1429645354925,196.28627120544624,193.2023097510035,192.71318488885845,196.50348181669833,198.2158537072446,206.92298334569168,216.66147369616192,217.05743406940383,215.35865054938986,212.7565171263657,209.30693475275402,203.51399665262286,197.19076194422013,199.27088958521597,202.37827770672774,205.09952116072708,214.5545646532275,207.92011898480305,205.3277786767012,202.2469573444596,11.866739183785056,29.170635740690827,-12.270110068586348,0.51652014,0.64057434,0.5350186,0.542255,0.18183473,0.0,0.31700277,0.02725928,0.4722592,0.11305313,0.310577,0.060126606,0.5429607,0.0,0.0871242,0.56006837,0.69087285,0.17025836,0.25386912,0.32944506,0.00023668609,0.000586253,0.0050701047,0.0062651904,0.08054757,0.2458282,0.661466,/content/data/frame108.jpg,0
243.66791449652777,91.84767723083496,140.49186197916663,157.1067237854004,0.9998555183410645,265.13781884501907,257.1313336433849,250.4900889497984,246.43278723656715,246.29324994437718,251.06931900924872,260.6210806945152,272.95769152987646,286.96326895230936,302.34587465162485,318.57194634010284,333.81078957937143,346.50896971594693,356.99985923603026,365.76728480783413,372.73069855051153,378.6896348209466,292.12660948642906,303.5663188819585,315.38584389866946,326.2378391875891,334.2926272722898,352.5519710947269,363.71232497716255,373.4545956604675,379.4200270027677,380.11422432909103,335.8690418945698,333.04507903963986,330.50493284578033,327.9729672960693,309.6581175783415,314.5777580717345,319.8582177866756,325.17334410491094,330.0830341032579,296.1999353735007,305.356053913845,312.89643904911304,317.6568154360266,309.7706463839779,302.05902957901867,343.7773312735503,352.89525474595393,359.8476223716011,363.4879191205059,356.34084542183473,349.38011735766213,289.60098730707773,301.5819114884937,311.40824728014354,315.18001304857535,320.23038090969067,323.8751837551663,325.1537802292755,317.1264669727934,310.7062682284454,305.5117839371037,300.7753202023166,295.1476663084511,293.29853732787365,307.7736870955764,312.1352346059523,316.6676317229685,322.31283804287796,314.19851554512934,309.5199343625525,305.0924360273034,136.60980254611627,152.41052006889095,168.9240998217399,185.77189484693145,201.7735831530499,216.92593405988555,229.8350804234451,240.84217083673002,249.9656566976687,254.35123485023087,254.48535021824273,250.61583811309947,242.33223920950832,230.91192513238593,217.77799084911885,203.8934038051848,189.86484641395555,117.83194578716223,113.88870113177097,114.83987799912666,119.26881468939087,126.050237192635,136.5326932327273,139.4798264729759,145.71923635278608,154.88742920925347,165.48257699363626,150.32611329042925,157.65182393968985,164.4182392310379,171.5078742448668,181.14540346648437,184.46129497373568,187.7404072937643,189.72830382185566,191.51692075746087,139.60927280576288,138.3958293189794,141.844914748061,149.5541886075464,148.2060285653033,145.04912023581755,163.2698082672232,162.08631739991483,166.47940758628647,174.03392905443752,172.85474763360025,168.98013386301272,196.85418425835087,193.72144703540835,193.23047354071423,196.96618491800518,198.6449474893302,207.2365678719807,216.70711306606108,217.52969481463288,216.02204030436496,213.4586107386981,210.04342778680893,204.21485367676814,197.79080059046555,199.78908024382235,202.83835916444195,205.5088562815472,214.6493664225477,208.53004233077763,206.01394363482723,202.99565676992415,11.980195769038065,29.463445016732912,-11.934517454830432,0.5916199,0.6685908,0.37013003,0.56633055,0.17393675,0.0,0.32319286,0.706433,0.47979763,0.13437378,0.1635275,0.26143235,0.42718336,0.0,0.074133694,0.50296766,0.8609684,0.4465925,0.069595546,0.20660855,0.0002379331,0.00032941124,0.0028440699,0.0065753916,0.08242591,0.07398357,0.8336037,/content/data/frame109.jpg,0
243.73665364583331,91.91251373291016,140.48836263020831,156.96881103515625,0.9998555183410645,265.08466460611123,257.0953010534471,250.47077950588937,246.41746604429355,246.26621207064744,251.02221879995122,260.5572762595169,272.8801862890832,286.8622756149227,302.20962516220754,318.4025913059202,333.62133231192564,346.3078042606285,356.7903041712823,365.5551979983371,372.517708518292,378.4822594215991,291.9968439151438,303.436419286787,315.262353578271,326.11712778065265,334.17013319418476,352.42804391486715,363.5843829726625,373.31490183767596,379.26590140887276,379.94925006578853,335.75388759475175,332.9430247056458,330.4126306048158,327.88902901096736,309.5853390386859,314.4945308345297,319.75736524386014,325.0536345057379,329.9473607175038,296.08180709108854,305.2439559173654,312.79071746965275,317.55551516253763,309.66236943604235,301.94252806949373,343.64059447371983,352.76078693869056,359.7128336297086,363.3405039038131,356.2035213863477,349.2426949590328,289.51055620055706,301.4914775377059,311.3185791156269,315.0786752076616,320.1203208896462,323.7591735388807,325.03345907590995,317.01264228637154,310.6027050161894,305.4194159158913,300.6884909396402,295.0600624727209,293.2082117511403,307.67665019050327,312.03028789260134,316.5545690882747,322.19900766255887,314.0925154667784,309.4231160083109,305.00415235270486,136.67021204084304,152.44692100671165,168.93301470171136,185.7475345297338,201.7093533449559,216.82162601425662,229.69316851681796,240.6684451612382,249.77563643102766,254.17550808973755,254.360365325195,250.54286412870277,242.3004768841536,230.9101163130952,217.79435792315635,203.9287628988721,189.91990772733988,117.79152231846528,113.83896250588222,114.78795993584134,119.21632644202109,125.99827416275075,136.4659765127406,139.41535040784947,145.66207664664108,154.8357951893551,165.43009078309842,150.22577683737617,157.5251339535542,164.26614699584604,171.32955711950927,181.0326589563425,184.32782197959312,187.58691173849365,189.57891264958016,191.378859635994,139.53405087076317,138.29399170982214,141.74635916738043,149.4835130062689,148.12724022587935,144.969341980078,163.1803001979555,161.97323802547544,166.3632970377359,173.9351403430759,172.75546713056536,168.88253121800443,196.72594358646455,193.57858776059,193.07846838291297,196.81277540298615,198.489300853452,207.0874470545721,216.56333111240818,217.3660370283673,215.8496687879713,213.28962342939192,209.8785386960837,204.06477022048347,197.66217559421202,199.6448803139254,202.6894503523348,205.35959046043718,214.50517904242005,208.35891454325028,205.84301486640905,202.82646812953027,11.97771003471444,29.496341501641016,-11.937182192090233,0.5155704,0.5490163,0.24705017,0.47131333,0.17452456,0.0,0.29194143,0.40997547,0.47526106,0.12941357,0.27267438,0.33074227,0.44446245,0.0,0.14075239,0.50296766,0.6084977,0.24379456,0.062414948,0.10666187,0.0002283084,0.00031446206,0.0029422329,0.0067279367,0.08487857,0.068610266,0.8362982,/content/data/frame110.jpg,0
244.86927625868054,92.15253925323486,140.56344943576386,157.85385417938232,0.9998327493667603,264.77664767291805,256.87181099622575,250.35693314108175,246.3937280577164,246.29590358509304,251.12974562801236,260.7627789008573,273.09769492139117,287.0778584144668,302.2749327173436,318.2659498416305,333.47682124241487,346.4346784915936,357.31933548546465,366.3873595340541,373.5062217214543,379.61056817032284,291.7725806610336,303.3772779359269,315.38525241463606,326.3836790133072,334.6505342644956,353.4876826821894,364.6696547163226,374.46920721870106,380.55245155955873,381.44010625710064,336.63496792099033,333.6876052201863,330.9946759083735,328.31747438492835,310.08735311281816,314.90532905767316,320.11747070224305,325.5178941837252,330.503174053944,296.2673466032279,305.5410287028702,313.16063409055704,318.15883603815325,310.11399325399077,302.36452917433667,344.90336998266434,354.0996212333294,361.0889239293307,364.811916118643,357.5719510898707,350.5950567495163,289.2411575579107,301.2184159933649,311.14618440723143,315.0031563529434,320.165466989645,324.0551985749468,325.6684767490226,317.64114002075684,311.1922612947608,305.91559394270985,301.0043182281664,295.07835741627895,292.764182152263,307.5562630820261,312.0349117105845,316.71863127964644,322.84715087632196,314.6070994798247,309.83407136375047,305.2584761057457,138.43089535296463,154.4626263357252,171.21276046432257,188.17544554763282,204.2099314337399,219.37464691288255,232.19605741229603,243.1632260195129,252.24823111168092,256.79687009206344,256.9280667186478,253.07577472144868,244.89303434702907,233.6001548720234,220.52326095898246,206.64173203818237,192.6456149449894,119.08036109964706,115.25261201699507,116.4182212199079,121.0048191554175,127.85497947389132,138.7874521057645,141.69335012402718,147.85759878480127,157.00565051748973,167.62035520987033,152.05301738098598,159.7068332487546,166.81518954449933,174.18964805140183,183.23171503936157,186.74131512519335,190.15172739996285,192.27810632232837,194.04670910844558,141.04068642382612,139.87894142448027,143.3185906755441,151.02449002338446,149.6429793839223,146.46771052942472,165.09176039891258,164.14289378131673,168.57294772133645,176.2484302264902,174.92307332388845,170.9352999221541,198.0703470613284,195.42008487962426,195.2872736990294,199.1175716318063,200.8991811747071,209.35392309224582,218.86381557267745,219.2903965490639,217.6685826908489,215.02178671950287,211.52198686360873,205.53572866925364,199.02695337664574,201.75097696639426,204.92468207452507,207.67499015194042,216.78800719166057,210.19659608924448,207.59436406670469,204.48629114362853,11.886324681686238,29.32526618038875,-11.445853249695617,0.5637077,0.6623491,0.48280993,0.47905633,0.17393675,0.0,0.22149085,0.3698072,0.4749385,0.14060536,0.1514663,0.082085535,0.47234377,0.0,0.21452062,0.5483136,0.5166668,0.25539613,0.047349855,0.1950121,0.00027149962,0.0004680089,0.0039993315,0.002522021,0.05361962,0.116748296,0.8223712,/content/data/frame111.jpg,0
245.56613498263889,95.17773628234863,138.63137478298611,156.2874698638916,0.9998043179512024,265.5104579367227,257.5641989678871,250.84591779397664,246.6268643806397,246.30488019374536,251.12815664297216,260.8751795627167,273.3434753898082,287.54400785585415,302.92156348696244,319.168268222174,334.5208006669832,347.276410405201,357.7949461704234,366.592521659961,373.52445288888225,379.3756753477169,293.4880346446665,305.0983627132414,316.9562006676513,327.67780598941135,335.6137834860117,354.6764546336583,365.5720093867342,375.10295371127427,380.89490749297784,381.4791991725258,337.70535743985624,334.9543160513324,332.4977735875573,330.0656562576055,311.3192766197825,316.1658435799113,321.2796505683,326.3528235239894,331.11505390648426,297.53237848522315,306.97649900454314,314.75977749518154,319.2059399388718,311.2931635247659,303.37881652425165,345.4015438400518,354.7042780469701,361.8696285982553,365.2295991926185,358.15346465645644,351.0515635603572,290.42608980787645,302.6706832680163,312.66211123106984,316.4010291133252,321.4386542769971,325.0919500482594,326.43952436514905,318.49107160568974,312.1198117781614,307.00252826042765,302.24078973417454,296.42939086309536,294.0705098096853,308.85982773276066,313.2454136088588,317.81738505420344,323.7037528772214,315.71882450601584,311.02545958664166,306.55938814371143,139.93229739741503,155.69846417371082,172.2034381500457,188.98858014881284,204.88404363465906,219.8707244640127,232.63474047254408,243.6832625168047,252.95604938573092,257.60419147724133,258.008732057531,254.36422262731458,246.20901138950444,234.83585304713688,221.68243221630064,207.76155914861874,193.75585205778566,120.28539325761295,116.57890435166036,117.7180070772663,122.33980411882789,129.1043449312026,139.9880168846198,142.9026507770053,149.04080987087173,158.10393183820042,168.60690147122648,153.14083966298028,160.24077333411253,166.7613227095634,173.55858593520327,183.98760945370236,187.22246970584547,190.3663030176117,192.61520389751104,194.70895766879062,141.57040225346657,139.77969899841162,143.38538532118253,152.16889260435096,150.598037910808,147.23653026568934,166.36631743323312,164.53331454138754,168.91657527888833,177.29916942155,176.12584635685175,172.1529725817869,199.35105216423767,196.48687266156003,196.10256525848786,199.9671132855824,201.66637599387536,210.38088367131172,220.03586519718078,220.12442167779795,218.27825045293457,215.60733691761243,212.117918703261,206.40865266292644,200.26765980639448,202.7104191168496,205.8517260761014,208.6092286670737,217.86028443295527,211.07460218609845,208.44782156992255,205.36437479038227,12.120015764003094,29.67682432976792,-11.908963708796133,0.5564697,0.6636391,0.44172674,0.6672635,0.19417024,1.0,0.2879677,0.07374303,0.4792047,0.20317517,0.29441077,0.2106162,0.4736074,0.0,0.07741827,0.56006837,0.49299735,0.4028315,0.21620597,0.12434609,0.0002724817,0.00015977926,0.0014263574,0.0036034624,0.022583377,0.17072216,0.80123234,/content/data/frame112.jpg,0
243.80069986979166,98.26213073730469,139.88902452256943,152.74539184570312,0.9997661709785461,267.1678077347753,259.06225303918455,252.22364483136025,247.92901082901736,247.72987717605574,252.69448279014995,262.2939987414278,274.3305748735049,288.06386488732244,303.0532362757298,318.92096111216233,334.0754068369621,346.7879825608761,357.3793866571439,366.2607453941913,373.3237572467093,379.27802499592946,294.5539810085626,306.21823445765875,318.1788340052124,328.9410317810078,336.9319100960471,354.81488126620536,366.1243988758964,375.9447677812874,381.90738238467236,382.29390509867517,338.4387357768377,335.62959326749694,333.1237125093445,330.6301553788071,311.44291176897895,316.375421871525,321.5111735029044,326.6277623303504,331.44297946651716,298.72023023341245,308.1464888721599,315.692542133863,319.9124450246862,312.1378420042114,304.3944959860477,345.8156505270839,355.29401691575185,362.32776015268394,365.5302208515386,358.4794015242144,351.4341977506083,290.67643024091956,302.85115828088675,312.8783030178889,316.58502186779805,321.59347304796177,325.3583194339757,326.75129358694977,318.6511414036424,312.1457463877039,307.04326745836516,302.3619823708985,296.52435207595045,294.2639387515359,309.11910496119856,313.4339096173397,317.9580356771083,324.0859485835223,315.79851659119157,311.1487725612824,306.74567042430317,141.37690383557856,156.95694079596944,173.11500833247774,189.4873190760183,204.86055289179347,219.438082411058,232.0641086864198,243.08793226939525,252.377631348413,257.0137407264927,257.6980953663959,254.6153421035153,247.07311812503832,236.15290915580553,223.42740891817812,209.8764113587684,196.18974464357453,121.22532817096635,117.5933076569716,118.86689939872468,123.53688236494327,130.43034327963687,141.64404140705992,144.87261333818424,151.33766704652626,160.7821816974589,171.65016820215243,154.27447053874167,161.40399501973553,167.9680802196708,174.81560339215287,184.3577292584465,187.67077484978364,190.91996263667897,193.15187210963268,195.24563240599673,142.00685097058522,140.47222611384896,144.18497021254333,152.86145410309035,151.05274324653658,147.6288669456768,167.5721509069299,166.05267930507142,170.627405436914,178.79271552367572,177.4835595188073,173.37070721768868,199.3007286278713,196.90378305673147,196.81393419723975,200.6977014046992,202.43261252318553,210.98599670260376,220.2214303043482,220.77339334900316,219.13012282310157,216.45634356389493,212.87058308556445,206.88020754444005,200.37050253639683,203.3040066176727,206.46267910776731,209.21787297068659,218.1475210996301,211.95546633352788,209.3388695804715,206.17843813288928,11.649941283861816,29.460578742854292,-12.598413779967222,0.6275196,0.6067338,0.6407416,0.647101,0.21120325,0.0,0.30826175,0.0801846,0.47612822,0.19682595,0.39018068,0.12987597,0.60346824,0.0,0.14890867,0.4890655,0.8235765,0.39629832,0.10956355,0.20334047,0.0003959346,0.00019706455,0.0031796177,0.004499306,0.032469653,0.1880163,0.77124214,/content/data/frame113.jpg,0
243.75846354166666,98.95026111602783,140.49848090277774,154.10229778289795,0.9997408986091614,266.7908879523102,258.7608884152296,251.9466959892718,247.60656449057376,247.2733231361069,252.22562793649846,262.06773032769013,274.48187873985796,288.6010019516807,303.97352643176134,320.3096330002382,335.6465941737157,348.27060357051016,358.596571945453,367.2845009213838,374.2533218108499,379.9761318542113,294.1133971420885,305.89423707809766,317.9677234024434,328.856642442643,336.9354595482794,354.9391120931049,366.1506635670816,375.9866596288581,382.0995252414349,382.7438421950365,338.54818082695436,335.75419342958435,333.28343366777557,330.82698079329697,311.91930491638414,316.8423511401825,321.9848063772282,327.0656031183378,331.83701617649524,298.5997526346574,308.02553342234415,315.67847814029096,320.0309683427016,312.2019265635598,304.4003742890417,346.13607770547185,355.600271052747,362.7551035220164,366.13030546161247,358.9262365780873,351.8236936877813,291.33472516840516,303.4633227690614,313.4431261952426,317.1614784967862,322.1987483518657,325.88524082457417,327.0682925486217,319.2608433675383,312.85496763220135,307.71195026013726,302.97254032013325,297.189306273425,295.02327880284764,309.6148764976082,313.9608249915208,318.51317072634396,324.34967533273397,316.57212953017665,311.87308860007016,307.43511529697423,141.0089504433651,156.7997529772598,173.1921887812536,189.8243421038153,205.56485008694898,220.48079417617984,233.37989701980592,244.60144567930536,254.01164099805146,258.6235620225663,258.88736868000956,255.11856200500367,246.9088115291087,235.50241964886376,222.4603250877224,208.70071477578375,194.84526595434107,122.28868872823767,118.56452494260714,119.77813035824124,124.48362481880372,131.4108587391659,142.6040581581312,145.584139802219,151.71706591937277,160.84106286911071,171.53234736133317,155.10806275075947,162.32601967591495,168.93494188656277,175.83890782606665,185.7257605736225,188.99137925140275,192.20226140955137,194.38947365474252,196.4215476571195,142.9777567005376,141.42378955353735,145.05649342056674,153.7103085164614,152.00313202131784,148.63232245044367,168.10095947553845,166.44794083162526,170.89944395305542,179.0168775300026,177.81408494678064,173.80014882587318,200.67673339007632,197.83368593453463,197.5007146253217,201.41259017362972,203.0820760669045,211.76846192709866,221.30772785496404,221.88168975322765,220.32899567671012,217.66574324900392,214.08821679181662,208.0226917655906,201.63981396585802,204.52455861305623,207.67232733757405,210.43239925550256,219.13564916624776,212.67088703217303,210.07082519388447,206.93002253469228,11.114052340067149,28.953626567320796,-12.78006173772731,0.6184217,0.63419515,0.4401707,0.6679176,0.19417024,0.0,0.27511618,0.008699854,0.47761092,0.17569028,0.35712186,0.10478198,0.492901,0.0,0.1420744,0.56006837,0.8962051,0.32423055,0.09856007,0.14951581,0.0002058493,0.00010171249,0.0011178269,0.0033359944,0.024941936,0.06822462,0.9020721,/content/data/frame114.jpg,0
243.69232855902777,99.00992202758789,140.43747287326386,154.02155685424805,0.9997435212135315,267.07746958112824,259.090438797403,252.36553310314108,248.07654469527478,247.73392940628597,252.55338061562708,262.08900353223873,274.1725069778507,288.11224878299674,303.4158583806859,319.76777971147175,335.2078724826171,347.97617135523797,358.3253503196799,366.9692552612943,373.92898273970394,379.75829816617096,294.90452025380927,306.70988511504504,318.67837099891113,329.4206950929949,337.36443661769226,355.1180673505798,366.3748610709778,376.1191471394527,382.0761986540806,382.65415625590754,338.63116659588786,335.74428693753123,333.1724565805308,330.61481545005483,311.74348017515933,316.5776494020755,321.6427956615424,326.6797066822031,331.4643182728458,299.0629771416587,308.49252787846376,316.11017608038355,320.23005325449947,312.4857595959607,304.7375605951836,346.3123633639617,355.7559325718478,362.871708492586,366.06868003619934,358.9893906979527,351.92712182164723,291.0596970496077,303.04381531890715,313.011658820504,316.74555157712166,321.80011099909626,325.6221355974808,326.946008058582,318.8920796987156,312.2454626211432,307.03726736600845,302.2764017984819,296.57142938426773,294.6670545144085,309.16658223725733,313.5246081725477,318.11033924576316,324.23602002313174,315.9778020540497,311.22307817424627,306.75862202354216,140.7384479852612,156.37403370616585,172.5647123241991,189.0802779604257,204.7452611587997,219.7167128613497,232.80628534665146,244.2266407488885,253.70409664993403,258.27798500691205,258.6141418843714,255.08756826903007,247.14558938116807,235.87871558136803,222.88045870061697,209.15781316294323,195.34384100423858,122.08048265340341,118.51147906449148,119.82954308639623,124.5587197485675,131.46501729790603,142.68701546552637,145.84710383336034,152.12650857573078,161.31987148484075,171.89336251129976,155.16666603164035,162.25246610969756,168.74698966134076,175.55473377862347,185.18622761435716,188.44794301222856,191.70765341069972,193.9303494765407,196.08487556277495,142.74476936308423,141.1980059659145,144.91455878266453,153.6950074883763,151.8980377924304,148.44031167022933,168.34592919066026,166.75651549031545,171.24857343221294,179.40707022233573,178.18871360878993,174.12800044170012,200.15445148820243,197.3508454038353,197.15065392526185,201.0972749149443,202.8325357969331,211.5959475159833,221.1976913468806,221.91161434759343,220.35664918089924,217.65014235319876,214.02292217455968,207.8197074093967,201.15012097056376,204.1221470045474,207.3081351173806,210.11181831710928,219.04588633126085,212.84023692396903,210.2117598256729,207.0015244398736,11.124623155208262,29.00098850640699,-12.91821135984714,0.6036485,0.5519577,0.52081025,0.68015516,0.20102952,0.0,0.32180202,0.03251971,0.47999382,0.27413306,0.3583466,0.031356126,0.48685703,0.0,0.2418514,0.4890655,0.7711535,0.69920206,0.041568976,0.23162395,0.00029308416,0.00012168738,0.0015348019,0.0017529743,0.03469449,0.072760336,0.88884264,/content/data/frame115.jpg,0
243.79842122395831,100.91956043243408,140.5234646267361,153.31371974945068,0.9997501969337463,267.3038724312052,259.29259397004853,252.46135630033893,248.0345762741568,247.72834389774417,252.824465808398,262.7925621366861,275.2710900999667,289.3753796070313,304.5787819195111,320.65025202362585,335.78705323540584,348.37965621314345,358.79286194753263,367.5779128409898,374.5493215108962,380.29344301702247,295.21004066826214,307.2368276265863,319.48909991184547,330.4979926458581,338.7294105812138,356.5096180879617,367.7719535879862,377.50604412251744,383.43081707063396,383.9131719922576,340.012141091522,337.20234992771117,334.7211834096188,332.25913037115424,312.96765852037237,317.8865284030833,322.9691129697322,327.98957598612765,332.76800072234767,299.84769676536416,309.44939657152645,317.0958575932115,321.24516044777397,313.4240846854957,305.6378090537963,347.5332021153389,357.1063797410583,364.21266838768435,367.242379708659,360.2064589328142,353.15658959352334,292.0253873447622,304.30660399575726,314.4082424668497,318.1066569114306,323.1145859592577,326.7059024125676,327.8207238006373,319.9875746355649,313.5946420609356,308.5297344473332,303.8307134437496,297.98905068616625,295.63533478022225,310.51493193883465,314.84534131823574,319.3507656918195,325.1740716135468,317.3563952653159,312.7245126891686,308.30756080763155,143.40189151682998,159.25002011803008,175.6697930888571,192.29372280493448,207.96646905591774,222.77298977836264,235.6532928430286,246.90705304697227,256.3749475298879,261.07540506005284,261.4385502071301,257.90129540302576,249.89148636600575,238.64558867777816,225.7439131680206,212.07917886313763,198.32541280776786,123.44895948753316,119.95691689025934,121.37752379628225,126.14683316822192,133.07535987479798,144.3546814792078,147.56417793988322,153.94588696523022,163.20859391282943,173.88199189499235,157.09273003184154,164.53979348794257,171.42024041745137,178.54444178293693,187.8106413543236,191.21198539164223,194.5176414064522,196.72210658693737,198.77402580350804,144.22825069127364,142.71544016214068,146.51613858906737,155.41169237076895,153.5618847680943,150.02639546612426,170.21297141606976,168.64359902352862,173.1934734772452,181.46467003988147,180.1957784345018,176.0605338019031,202.45622723625314,200.008298214863,200.05739233321862,204.0036843740403,205.7507638773726,214.27881906884582,223.53517130534678,224.03962241827855,222.44425547412652,219.7462502032166,216.0880749516904,209.94535569972794,203.49347618893142,206.7369996876362,209.9499723233214,212.73091233113632,221.41426591531726,215.16376330634844,212.5419158759522,209.32001703692964,10.482030237961236,28.94660146989668,-12.758519785061544,0.55592453,0.44314167,0.5907402,0.6799687,0.18444,0.0,0.24095629,0.04667258,0.47402295,0.1691241,0.35290012,0.15800638,0.44248885,0.0,0.21501863,0.56006837,0.75596863,0.23290923,0.1530136,0.14081538,0.00029955409,0.000104712555,0.0011768356,0.0020434156,0.048488908,0.094286844,0.8535997,/content/data/frame116.jpg,0
245.97018771701389,101.54724884033203,138.2512749565972,152.83714485168457,0.9997721314430237,267.91059401804966,259.75561797071765,252.8038930400881,248.3920651988435,248.2307506164,253.48963169370512,263.4771431466778,275.95184965251184,290.08148865247847,305.2406320375574,321.0082483649593,335.9005583110205,348.43311571444485,358.97236425212645,367.93192909642426,374.94980486682005,380.71729448504755,295.316705192641,307.258050909845,319.37539256917955,330.29976716923943,338.49191121577917,356.1677326225027,367.35943259098144,377.1206455876018,383.14732734148043,383.7301215690567,340.25258120177534,337.563487390865,335.19295612845787,332.83291935994464,313.3070006679548,318.38698615260296,323.6305818902339,328.774097324116,333.57137098184967,299.77050281063794,309.22199159033147,316.89681174672285,321.27783660862406,313.38629968744084,305.5418404099599,347.42044078073855,356.9012321551015,364.01242146703754,367.29034383951307,360.23946507217374,353.1650611476889,291.9983844845561,304.4858647571766,314.6997566547352,318.4696412237821,323.570172959757,327.2049409199195,328.5378072350355,320.70115323738816,314.4444616931187,309.29402098644306,304.5075151167151,298.36019041011417,295.66218721115854,310.9425693301235,315.3406422787201,319.94163610534395,325.78298072434995,318.1278924028321,313.4195049220271,308.9302719894914,142.96672554795973,158.86457745140882,175.39653728486965,192.12342687652801,207.87544357602712,222.80250560134755,235.79546519731016,247.23475869933438,256.67039095466004,261.13386318421544,261.0037533234597,257.03733749272,248.78677409683738,237.50356432795644,224.6269077742204,210.9915649025401,197.2721130350057,124.24896214109495,120.81452969666171,122.25290940246953,127.06075134350733,134.04033314295478,145.17650521379375,148.24664753893393,154.447357517338,163.491474093951,173.95024844746575,157.6238276496233,165.05152433834155,171.94142740793603,179.09231542255515,188.00414125140006,191.46931381753092,194.86611912864865,197.00285274427512,198.91360492471895,144.8056287064058,143.4326154862634,147.1897590838172,155.7845309476562,154.03125083444368,150.59391600654288,170.43961613877457,168.92850193804668,173.39324225228097,181.3290090925213,180.16699532435146,176.1588474827367,202.2093570050497,200.17780882718094,200.33509505441623,204.2428619687591,205.94103505726403,214.1831591309736,223.1300431284829,223.80765948109658,222.3473725192852,219.73292079619546,216.1340199552683,209.97728299945624,203.3644618980727,206.82413578667376,210.01344527633242,212.7301636560656,221.14448488375137,214.98902694438266,212.44818972325305,209.2936979034404,10.912835752012057,28.4986075866904,-12.801500147514796,0.5746911,0.5584594,0.29510957,0.66991967,0.19935894,0.0,0.28675294,0.023727423,0.4772946,0.17350581,0.47902647,0.042765345,0.54205894,0.0,0.06816601,0.4890655,0.19344619,0.2600662,0.05792204,0.33904424,0.0005564784,0.0002727055,0.003197852,0.002198782,0.060510173,0.13930346,0.7939606,/content/data/frame117.jpg,0
245.8410915798611,101.25158786773682,140.0846896701389,153.32106685638428,0.9997637867927551,267.6570629298924,259.66637923161215,252.93975145913998,248.79542314997857,248.89827131922283,254.3192476968947,264.4077198610485,276.9573596267623,291.1331513878297,306.35480106612675,322.2296794561887,337.2547568218875,349.83951915240874,360.31805713134,369.11334393005734,375.9992309164603,381.7951915985665,296.2039439232676,308.2548904241374,320.3259602273011,331.18223507136196,339.35303054995535,357.5588727442283,368.65844763444295,378.254850225625,384.0886558756964,384.65344623795227,341.13404698354805,338.44871018098513,336.0793476067566,333.72009603237274,314.06574344657884,319.1845138825812,324.49747144412515,329.6582814873992,334.474604721432,300.39583066906283,309.96690641193544,317.7571850487609,322.02592416647735,314.0767865884916,306.16721021651415,348.2278126175165,357.6083859376108,364.7946968293766,368.04088706475477,360.93248131712835,353.81366847747097,292.6994516376278,305.2586403763511,315.5554161351897,319.3395016925645,324.40792000732307,328.0982923877211,329.4530676695107,321.5136408185992,315.0724897792684,309.883068457692,305.0648315908253,298.9364251817223,296.327814637742,311.7445342349511,316.1491741830092,320.73548862014184,326.68917870654934,318.7659930603775,314.03844265036054,309.5214412007748,143.67646592627995,159.6271055337246,176.2166298314625,192.98640847241813,208.6984855086905,223.55609532707058,236.38961895962694,247.68424183599902,256.9993787829121,261.48564696019344,261.6340988093227,257.92219943034,249.79161765720255,238.5264175710509,225.58520411368477,211.84076931941775,198.05925720359454,124.51210752655913,121.28413244382952,122.80429988603916,127.59330313269339,134.41497649698084,145.93095569858562,149.13978348659856,155.3248093015562,164.27423401601834,174.5227028829744,158.41563887012381,165.72345173887328,172.48664141316985,179.48866233488184,188.43350858683297,191.90574875691624,195.30217836091902,197.49341406912055,199.4417116216183,145.5018797382578,143.98588226100577,147.77698081664593,156.6035656560972,154.97719707479246,151.459912510065,171.29445912400163,169.6502811460074,174.17737714587184,182.3578065868986,181.29383769760443,177.2392280624985,202.86884708198238,200.77401679637785,200.97843006872552,204.88034386669796,206.6532451811094,215.00316546606157,224.04405525015972,224.70437372483084,223.15856415096528,220.49083935030097,216.84951957544004,210.65576452417395,204.00909809157963,207.36256142943125,210.58786071610655,213.34646388522282,222.0256715805174,216.00715923805583,213.42075012486248,210.19618558546443,11.22264989481885,28.53803625477941,-13.512725930890811,0.6060064,0.5913041,0.44316995,0.701716,0.19440062,0.0,0.37055886,0.025419522,0.48022485,0.21992344,0.50629956,0.029223155,0.53270596,0.0,0.1497099,0.4890655,0.45767725,0.35832465,0.037223842,0.29996756,0.0008288213,0.00044089687,0.007840525,0.0025827657,0.056074403,0.24844156,0.68379104,/content/data/frame118.jpg,0
247.0764431423611,98.65197372436523,141.31483289930554,156.0520534515381,0.9995798468589783,268.90375696950673,260.6649899117982,253.7203201905878,249.22463068128494,248.78313750850333,253.67381212438283,263.5567134083047,276.2670411429843,290.8283380106577,306.41639524460265,322.57916348229406,337.8050789491495,350.55223475473406,361.02487907892043,369.7076423234734,376.5348824562693,382.2679845443522,296.08332255630995,307.9083255666251,319.9951377089744,330.98886658845663,339.4310279550198,356.9991172053876,367.9936050813303,377.57884860259844,383.62214584707476,384.55535431872886,341.0732395762283,338.289363337822,335.8239754083117,333.38370133227505,314.37950706572843,319.39316422206826,324.6503643676825,329.816920244826,334.67832605969613,300.6654065119902,310.08302901346275,317.9648333387537,322.51256154288205,314.49458432320085,306.52987079630907,348.5157356339898,357.66772611684377,364.81386754190396,368.1322781993553,361.0845607564863,354.00220851924917,293.4387835578316,305.64539994296274,315.9113572530613,319.7587103115175,324.8840348221137,328.4464740033399,329.45913154567194,321.6659456380049,315.33014455169325,310.12159273068556,305.2840506574717,299.30045183313035,297.1617783947428,312.26333564005324,316.6991955790975,321.29323372903116,326.59529279780566,318.7877306042391,314.02819774077057,309.5097243855108,142.25036108469055,158.4888782853147,175.41096109235264,192.6195259972486,208.97547557671538,224.33892566690497,237.4865748842614,248.88108738004448,258.0976148854693,262.36919115680183,262.1056407975934,257.9895025366936,249.48925561747413,237.94115795555908,224.77741354855425,210.84681483530449,196.82912127820822,124.3501467029905,120.96990573828712,122.37264281448392,127.00417036679741,133.61932121658054,145.10798275860805,148.27545357582665,154.35509893756375,162.99624015562648,173.03518497289255,157.04595904356012,164.25580594359838,170.9500040424038,177.95297976009542,187.34668829220476,190.6915856937863,193.93769077665894,195.96694594589013,197.75271951526645,145.1475733533951,143.5220429117494,147.055294214383,155.54340835194654,154.32328247564084,151.0506460017874,169.61561013279317,167.97992253263146,172.4100341896584,180.48320607841822,179.53549854202532,175.5612702958204,203.64824684590403,200.6591736820493,200.2579994058055,204.01484213634285,205.59237163271598,213.99382623322657,223.49861612967788,224.2303222027724,222.8638495309915,220.46538723056022,217.08649125223178,211.25677337940775,204.57672275139248,206.76838083975304,209.76823621803243,212.3597291771182,221.48889395759284,215.57373317439524,213.2073161509963,210.24240809503954,10.747919370477932,29.21768510869081,-14.972195927262193,0.5885718,0.5445112,0.54502666,0.62609965,0.16980267,0.0,0.32520467,0.7824222,0.48387477,0.15849538,0.24513279,0.097094595,0.49377027,0.0,0.2588124,0.44979623,0.1693964,0.37470725,0.06596736,0.3087848,0.0010988069,0.00022616397,0.010179749,0.0027431939,0.06078655,0.13943008,0.7855355,/content/data/frame119.jpg,0
247.13935004340277,98.77271175384521,141.300048828125,155.9647035598755,0.9995900988578796,268.8976896405022,260.63956670336006,253.67385736378404,249.17029020519428,248.73910080913305,253.6447471781175,263.523683866397,276.21954556373146,290.76492198706273,306.3398251109029,322.4798194649111,337.6939325428318,350.43564877865344,360.9020852372265,369.5684981898486,376.3822226867087,382.1070734097716,295.9814349076558,307.80471614021326,319.9170745125559,330.93234868893217,339.39100226318544,356.82471819301975,367.8504673509407,377.4552891667372,383.5160644044489,384.44187874774696,340.9900377579643,338.22168643196676,335.7672610438277,333.33492347619824,314.2988867671709,319.32271134248026,324.57946760271386,329.74949012332024,334.61344015336044,300.6016380295475,309.98947489749975,317.86757018949584,322.4328661131309,314.41907016831226,306.4592666736281,348.3828424379818,357.52014987512405,364.6602051868157,367.9812763324029,360.95360117415237,353.8776786301928,293.348477459196,305.54857914073966,315.8053374809805,319.64956646416226,324.78079027783315,328.34458202879773,329.36669034514557,321.57089449547743,315.2474694143377,310.03766650588426,305.20475655693895,299.2178695410177,297.0769573385357,312.1627546814002,316.59710218026174,321.19600394191957,326.49941235638096,318.7001248461979,313.93884413740005,309.4228553686399,142.2022976648143,158.44639481730496,175.3782710029759,192.58876608008472,208.94386010836843,224.30790263459653,237.4633081309115,248.88777591542487,258.11255335287797,262.3768302115483,262.08550524558495,257.9453775558293,249.42945182475978,237.87165392371594,224.69336856888322,210.75358886878576,196.73807471745624,124.3507091751477,120.91840688900447,122.31061169786776,126.95679868638666,133.59988361434546,145.0367506980994,148.18217347104348,154.24642363607273,162.89458624811215,172.9604132287916,156.99130944164506,164.2053310633815,170.9012928949844,177.91243565424747,187.27140217902866,190.61489580907255,193.8678182195623,195.88538444660276,197.6633089765793,145.10916639852258,143.49233793722215,147.02092304095027,155.4879543693463,154.27174096367196,151.01029577799568,169.53586956848898,167.9012090965398,172.3154488699122,180.34801946216396,179.41403931855632,175.45735767141156,203.54951234401108,200.5740932784688,200.1935580596696,203.95014971056696,205.52299217375162,213.9029104767137,223.3841743632355,224.12507572028778,222.74440845100128,220.34281534464674,216.96488479444474,211.1430261485782,204.4837379078466,206.69410403481982,209.6941097450101,212.28139672015368,221.38391026226088,215.46567955509022,213.10135685697935,210.1338693269837,10.801152839315224,29.197523709173243,-15.006353149300544,0.495715,0.44037268,0.54662246,0.6517164,0.17568597,0.0,0.277531,0.07850367,0.47688243,0.11981798,0.3221267,0.18501104,0.61669,0.0,0.16690937,0.4890655,0.52097625,0.35592836,0.029247746,0.3347763,0.0011371208,0.0002360101,0.010661276,0.0024652418,0.06444846,0.13439976,0.7866521,/content/data/frame120.jpg,0
243.15660264756943,86.27298259735107,75.28165690104166,103.29813480377197,0.9873802661895752,236.6819975854951,238.972057641745,242.22040998248724,246.93160134624247,254.15524166856795,263.03347552076355,273.0713833255479,283.9662858036338,294.5166201377767,302.32157328095343,306.33495430671144,310.45649497435943,314.8369346112995,318.5338458002467,320.7923349739366,320.8213346729883,319.6638883405942,261.3049013573635,268.41563495330456,276.2634042126608,283.9858652182802,290.9751916664969,306.35604835532104,310.0941354226925,313.7537127315611,317.2738624427724,320.1348138993608,299.6306376396209,301.59267969864777,303.6115168370659,305.67739628984384,291.9332161193738,296.84546960040154,301.9226925796272,305.8003993445733,308.240903189891,270.18314259801747,276.56615368230246,281.4147408176668,285.6954879859942,281.3751756231644,276.53154983758685,304.1348044002094,308.2916249565127,311.7568931990472,314.85000479413327,311.8481997674246,308.34643254060586,277.725347385098,286.2099241760259,295.2787396173144,299.3172783437784,302.587971535478,305.5656089149005,304.92774113955466,304.40174201219406,301.4223609565993,297.0580503242528,291.6106581928767,283.43773765814,279.1679032428061,294.57150160645347,298.8873587288939,302.16500445990755,304.3962228338013,300.63911048616023,296.7498703377187,291.9331274578735,130.27273359269634,142.89994879411097,155.61346118913684,167.28938282323793,177.65041007735454,185.85727318978388,191.77228085058255,195.07000841141087,194.14690920118812,188.6347941746036,178.89430137252702,168.76381618452785,158.7026569012936,149.2538087159479,139.640523001406,129.57632706178697,120.32674929256217,126.98905149120492,123.3410888388737,121.89203852626969,121.94066197071794,122.8599672075743,117.56085774119657,114.1092285927893,111.33692016534053,109.79619755567046,111.01912779448378,127.42708732759473,135.21254602339616,142.84123271554688,150.3381166990648,153.83061141064536,155.3692209212253,155.80083249307359,153.32917151886386,149.78810508204356,133.52039695969677,132.31423113289577,131.03806705161935,130.01392328490454,132.52382691957075,133.48915486353366,124.40914960206328,122.84624314617594,122.10610433025073,121.68236516078196,123.90021781350765,124.63027138377538,166.74388555427288,162.96366210889073,161.0647692034422,160.697149069425,159.11597465024965,157.9610034514052,159.61892917599437,170.3790587851879,178.5664237560128,181.22945319013047,181.67698688973837,176.6934126201893,167.46222841804456,162.55371349694553,162.03034466076008,160.3161853796148,160.76544797847828,175.10389663152876,177.5001731651207,177.7466669128312,-45.46000612721039,-0.00997971933363957,-26.608766942534483,0.3429691,0.49565256,0.48265836,0.32036874,0.6647341,1.0,0.6820343,0.96423906,0.48778555,0.7059732,0.64846146,0.30039236,0.22207233,1.0,0.30002978,0.34504715,0.9991013,0.35522202,0.07241797,0.7344799,0.045517255,0.07888665,0.20782872,0.4444321,0.10202338,0.11960989,0.0017020972,/content/data/frame121.jpg,0
239.97767469618054,82.47389316558838,77.07256401909723,107.88803386688232,0.980666995048523,233.37761114650547,236.51489008666275,240.62024926034576,246.02384225019617,253.597135535657,262.67504721020384,272.8247850818008,283.83384905036405,294.45366067944514,302.4015309683795,306.5185347231257,310.5237767366275,314.79421270163135,318.35000783981064,320.5691223665927,320.74693951797667,319.664826888483,256.5234828058834,263.51483448725486,271.300583501467,279.1936031063742,286.5107754132853,302.3032503955363,306.7539420060367,311.2197507366848,315.629173149355,319.3012057458209,295.7450207974137,297.82500997496595,299.92980079833467,302.13386765575075,288.39455069905955,293.6017156572218,299.0749851438015,303.2826144518981,306.0411609168108,265.4658034043131,271.74477912601844,276.7558266518217,281.4256431953039,276.87408204115394,271.8642383289,301.1907028901559,305.317051633416,309.19678065089903,312.9842404465317,309.6222824400459,305.78628426476627,275.00356027955195,283.51716891937,292.616101030508,297.07822886972656,300.79530415649435,304.6359555341472,305.1091314265467,304.3608609878777,300.88228740218284,296.10577902451956,290.3025025736151,281.5456695795692,276.62704946906354,292.04900453100464,296.79797181535156,300.627287282082,304.46860230053767,300.0395793339241,295.62264080332443,290.35673591736054,130.66156031132505,143.2645042861398,155.83004901501516,167.46395009130242,177.77023002482608,185.913774032792,191.83085716462386,195.24253421404535,194.19711474754396,188.6030780683609,178.65744061064032,168.35619971716585,158.21880865120244,148.52296250495598,138.53169588366583,128.12686529092576,118.40404523274672,127.33951335404979,123.3064061435837,121.36043382443032,120.95339822645914,121.51900153415619,116.44106133045634,112.94965092527933,110.26742315268915,108.88724706007085,110.45604375900248,125.73624591713991,133.65282091216997,141.32882611618342,148.96196089601108,152.68436074270835,154.08506725806922,154.44890446982998,151.66420592723466,147.86998625551763,132.94824659031354,131.10243387348575,129.71312886145213,129.08649375015762,131.53777838174864,132.6760149596004,123.20452570522295,121.0256579064296,120.13416452241123,120.04402126615588,122.22827150053013,123.12934909242156,166.06886908925838,161.9961131992015,159.91273636685352,159.43461403544705,157.6138460421716,156.157331965347,157.74760824770428,168.74476912396136,176.82096130719611,179.6192567694954,180.26219352260296,175.67288586860514,166.71677543163344,161.51515881925283,160.83339907918122,158.87484845178864,158.9479338243858,173.31454567479756,175.87994951583363,176.27148987273466,-45.25110008902222,-2.8945198119993965,-23.895418108359298,0.46892223,0.43985516,0.7957568,0.295489,0.6885087,0.0,0.6675202,0.9961688,0.4937311,0.7769237,0.65576875,0.17374915,0.24522234,1.0,0.16397241,0.34504715,0.9990069,0.46706668,0.016856361,0.7806807,0.085304186,0.015003206,0.08039308,0.576496,0.04390588,0.19693649,0.001961163,/content/data/frame122.jpg,0
238.0459255642361,91.12596130371094,73.84263780381946,95.67951965332031,0.97111976146698,229.80886961749087,231.75249701624688,234.4539729309933,239.60834712812803,248.0351634249082,258.5863405375509,269.8060418131803,281.4173505512008,292.3428107236159,300.17415243459726,304.19041637485606,308.5216539001514,313.4459587986756,317.6271313424895,319.6503327712664,319.27061936842546,317.7202239155966,259.46682259028785,265.4054279767864,272.08046589964107,279.0173236903138,285.5606167682898,299.81239646113465,303.57651728858326,307.66725939344724,312.1946325612662,316.4864513391458,294.4271043673547,296.69015108097193,298.95896004898566,301.31056207363764,287.59156507589904,293.1330265821838,298.795967634541,303.11499629778956,305.7960049175996,266.04812464797686,272.3674323277681,277.1481222742274,281.79796045680416,277.3815756996777,272.5744423434937,299.9818902314899,303.80358569817616,307.55439585483947,311.75914436824496,308.2913142820056,304.5361174209858,274.15664995732294,283.13245614514125,292.1182949516595,296.2792243262276,299.5920894616887,302.57033323019823,302.94859580414123,302.62436976311403,300.1141483413088,295.5451801827272,289.74157031906253,280.8163309931635,275.57167349302836,291.5082556177378,296.01869104252654,299.47212233630705,302.2168510875734,299.2425970985332,295.1822060604729,290.0121499085286,123.3234266312642,135.839440105438,148.60504063301923,160.47913075517937,170.77761385064258,178.93316107205357,185.32168081816235,189.87606540890664,189.79438784807206,184.50739625566018,174.77147890890626,164.89012965219882,155.47272399680332,145.82798303404599,135.65687860970246,125.36889007138544,115.8473600684325,128.61404871768718,124.98131002789268,123.13157161834278,122.44097706292268,122.75314822138516,118.15578282453934,114.82252054035034,111.75926641066053,109.39549829604012,109.82712502582709,128.2329392342086,135.7556650018807,142.92234230222638,149.96454258924823,153.2665880997676,154.5839818002936,154.73652414055357,151.89342645259384,148.11192305250006,133.70212961513153,132.57052413593246,131.34691078353353,130.83457998541544,133.09173783928418,134.02275595804403,124.78266280892785,122.58380158697946,121.24095678894665,120.17577805832244,122.96139349473378,124.26195894875018,162.9577213695964,160.3594236840341,158.52595235132577,158.01914770573165,156.19007676444488,154.37389219492616,154.64716129267944,166.19384313118243,175.0362414957155,178.07507790131166,178.7040190721018,173.46851821850177,163.70487087790605,160.0914309498672,159.49817195772738,157.4403354107784,156.07372986777554,171.00690640831016,173.73443736230985,174.26581713324595,-39.077527888648966,-3.7658708263696092,-22.253433469411096,0.26552165,0.48614764,0.25841916,0.3271533,0.68300104,1.0,0.5721826,0.8748322,0.49837872,0.39130828,0.5578146,0.070831485,0.27007887,1.0,0.27463856,0.32646874,0.9991204,0.5421152,0.023228934,0.7607886,0.12367855,0.017181605,0.24318767,0.48521796,0.033009455,0.09557599,0.002148805,/content/data/frame123.jpg,0
237.98849826388889,79.24891662597656,78.69514973958334,107.72542762756348,0.9607343673706055,228.20704460237332,231.5374260711997,235.66837945283606,240.7009516568005,248.1399377979541,257.9619701644688,269.46535283464294,281.95645907685366,293.85651303759767,302.8389836425586,308.3112005344363,313.1599959230553,317.6974195854577,320.67807707825324,322.0919671517666,322.0500127569422,320.9684985749882,251.45678521820213,259.6310192392325,268.1190212797376,276.47043075196905,284.1062731547885,298.84592692126637,303.8757002392951,308.8054687656937,313.84352509096504,318.3414291774162,292.80533392495937,294.74634687427215,296.6770195484969,298.6605493666143,286.35467428171836,291.4954167814296,296.8129148031375,300.9453957254119,303.6542087730651,261.55039620311516,268.2107969999862,273.4772023509722,278.2779331822148,273.56109958293655,268.2708122031611,299.13583217475923,303.48454966936646,307.6944670779559,312.0278976084985,308.22913326918837,304.11018254293083,274.8690519200971,282.87216671661724,291.0640839949703,295.36227899795887,299.1118615370552,303.1189107617452,305.12171109252665,304.31922253036635,301.3076212635369,296.7378206742195,291.27055817644134,282.4719395117753,277.0245870518716,290.7000169324444,295.1959716227724,299.006678902758,303.97283102004013,300.52941154400133,296.33162970416276,291.38761440530686,124.25849941658083,137.19146364329126,150.21392287383742,162.413598248198,173.20907659379992,181.79563486280801,187.85128366948913,191.6182335558645,190.80330892515565,185.58112327516085,176.07659976534532,166.0110585435811,155.4070139793222,144.75447337079794,134.18501710375978,123.51963205516714,113.44778804277547,124.35099941839297,121.05302954953518,119.90590624509636,120.17655639617118,121.35292449501883,117.17994544617015,113.69289956361237,110.80889128137332,108.6642743089131,108.97438239495503,125.66712689107399,133.9103756989624,141.91961221571916,149.91521066473678,153.0569360490676,154.38439775770576,154.8823952685031,152.01465635351323,148.16500738180264,131.0107915105457,129.67891861898062,128.57808769362447,127.75789661133393,130.23719715969696,131.1913032800129,123.0398533077421,121.27546489333474,120.36433024408137,119.40882564393796,122.07089556281201,123.07048117173238,164.8556753472687,161.53445141714732,159.47346199734585,159.09806069886275,157.28662480331712,155.74412852153668,156.39125098319386,166.32984259813952,173.11229254359063,175.64062849483014,176.4152553321631,172.85551161394537,165.4029548248791,161.58270089747617,160.92439059719914,159.09013983240186,157.62165125719417,168.71619624755544,170.89744722739724,171.50747722685338,-40.69465045696698,-7.711350778894085,-21.20097834522433,0.29607806,0.48444209,0.31390435,0.32614926,0.72615963,0.0,0.5437027,0.28206083,0.47794235,0.57763654,0.6788803,0.06480036,0.22404017,1.0,0.11567926,0.34504715,0.99867284,0.134873,0.024159629,0.40071633,0.07571641,0.2629879,0.021235676,0.5358813,0.039623197,0.062969714,0.0015858122,/content/data/frame124.jpg,0
238.0864800347222,79.48720836639404,78.67540147569443,107.39867877960205,0.960890531539917,228.249281382317,231.5388870628089,235.64181073159943,240.65969829292783,248.1030606766295,257.92653137513594,269.4166734218386,281.8772473726823,293.71773108821264,302.6269042861774,308.0146547689023,312.78566041936097,317.2779490577366,320.24114652834226,321.6570470786593,321.5986811260697,320.5005132068411,251.38657184703507,259.5631517090481,268.07460603199996,276.42538114590786,284.0456600421921,298.71975775185615,303.71295040056447,308.60224735188217,313.6052111892841,318.0633083489842,292.67911211139966,294.61445273990915,296.54198102651503,298.5239114816178,286.2126362240558,291.3401980808053,296.6290383232639,300.7371164477253,303.43626905279257,261.50908931460384,268.17270584741783,273.4321441836463,278.2070598459328,273.50048489136054,268.2195107630704,298.88498455815375,303.2312584522779,307.4324855029175,311.72552485486665,307.9439288771555,303.83647297461556,274.73067908423445,282.7119849665419,290.89298183602256,295.1846615178469,298.92555957283895,302.90624352018204,304.9001267815798,304.11157956320335,301.1201977440782,296.56497251060307,291.11307171594405,282.32166745969425,276.8852031459156,290.53313783982543,295.0173299114691,298.8137977612799,303.74701897120605,300.3390787799995,296.1570253826455,291.2230206340033,124.23835794189094,137.13613497363212,150.1389138750688,162.31000483823664,173.05923421144416,181.59231650748313,187.6035103103207,191.32246159951276,190.4867714683906,185.27560142159314,175.79084221920826,165.7672926050467,155.2163907080115,144.61709377263537,134.1021578390148,123.48739753662596,113.46897165112682,124.03802552841591,120.73453027987638,119.60674152448226,119.8958020157917,121.09637153162407,116.98356912961027,113.49781663032843,110.60404299448561,108.44519026548622,108.7573574671654,125.52359957043961,133.72382386547065,141.67959176286308,149.623045811611,152.82466950444294,154.12263211449834,154.60919429362747,151.75798908714438,147.93773853277747,130.8386269058671,129.49235375674408,128.4041452291359,127.63267070484088,130.0890492159833,131.03247592055487,122.92157119827132,121.13717699887277,120.23612283898191,119.30517898160144,121.95691981259881,122.9530855863338,164.5739400953288,161.25458586954247,159.1805051160369,158.8002353409591,156.988240606202,155.4530194002422,156.10208904541926,166.03795145915836,172.83648644528995,175.36889125714032,176.15255288116992,172.59050137897998,165.110018848608,161.31161519726356,160.64417848277333,158.81079006836868,157.3214826948158,168.42043919668157,170.60478382008324,171.22733605695032,-40.93282020803984,-7.641602125742543,-21.31568749477573,0.24313962,0.44784865,0.12231138,0.38758007,0.69120204,1.0,0.6357296,0.44896084,0.50447786,0.6462411,0.6251787,0.09480849,0.2298221,1.0,0.09733406,0.34646362,0.9959675,0.15099321,0.06725858,0.44224134,0.07558049,0.21486539,0.02132158,0.58380276,0.044829965,0.057953876,0.0016459154,/content/data/frame125.jpg,0
239.21085611979166,84.17049980163574,77.13273111979166,99.91486930847168,0.9620043635368347,227.5271695668091,230.52628059452744,234.37556944306408,239.43807581136633,246.91438940962274,256.5068508979082,267.59714783445145,279.72591238008687,291.43910979108296,300.27938404596864,305.5700503494778,310.6244972880967,315.6339572084429,319.20638383326576,320.9963526147959,321.08556197922763,320.02466875244846,253.86886788885312,261.19528431343696,268.93255477678235,276.54288252280014,283.5256967490442,298.9009946697377,303.56369365273275,308.3185677845254,313.31181951465044,318.0982524506832,292.2133867581571,294.1460562197299,296.1117995368334,298.17504926812467,285.8560171490991,291.00851363350046,296.4445248103422,300.57038823724145,303.2335982795773,262.30126103581154,268.7286124362016,273.9902890908429,278.83793510154044,274.1738854360269,268.88839674883843,298.6250195014081,302.51662169574536,306.71468589239976,311.18185750129794,307.588020057294,303.4687170883414,275.06513222384416,282.8478184935633,290.89643557034395,295.0506418907252,298.45241799778285,301.67012966597935,303.11067187746323,302.522753365591,300.0169585816335,295.6925019457146,290.39341710248743,281.9473849206802,276.9485875311144,290.4064594072289,294.7396847598151,298.2130470403496,301.8740755797943,299.18352314954564,295.32918264119303,290.5655254997964,121.62423843963529,134.29483392274423,147.29213020654169,159.6121485381998,170.53458922610315,179.49762551433082,186.15487522835423,190.33513042587668,189.94332529850607,184.77731484245203,175.3886563386145,165.407877199514,155.16783133508966,144.5942812321062,133.79295888982392,122.59461807150862,111.91766571794739,124.92946933249839,122.09811360955445,121.09475302623898,121.28018958702353,122.19950770252544,118.01089471026592,114.32261668699695,111.18865448141156,108.66194555782344,108.73248834692103,126.64100919710509,134.82218611533762,142.65537290366257,150.47054344527336,153.52774543429535,154.91489638072525,155.23377179856888,152.2719823085077,148.3328060743545,131.47112849417059,130.22879715564952,129.1669248627062,128.9174237863847,131.551447651973,132.44676435351644,123.32867471470061,121.17744838476828,119.91730804711531,118.89232939703656,122.14924301737521,123.43050474224103,164.35811817042645,161.29895804907613,159.2277185661679,158.90876453717243,156.97481585776472,155.35301776948188,155.70835446885485,165.3968859311894,172.53741556748253,175.28553994677083,176.1135154770381,172.50395580266087,164.82034459693267,161.56484240409344,160.92107424205423,158.99556554176965,156.9965196821482,167.72319001603077,170.10199920385057,170.833869027727,-38.286237247978974,-7.659341510619353,-15.88006420553279,0.24837516,0.43741822,0.2172055,0.30018127,0.6657554,0.0,0.55755675,0.94604987,0.46978232,0.60451597,0.6919416,0.2559189,0.23401316,1.0,0.18107979,0.32599142,0.9985221,0.25620365,0.0148379,0.36627644,0.18169771,0.028979631,0.19593062,0.43843758,0.027793303,0.12518458,0.0019765887,/content/data/frame126.jpg,0
240.63104926215277,81.35882377624512,76.55314127604163,103.61988830566406,0.967602014541626,234.78599138591454,237.26326106591804,240.44563410100244,244.5377931123133,250.9651086816444,259.7816919657827,270.29852620953864,282.03474770061365,293.50974445095306,302.4010205495139,307.87448153033876,312.8893576835799,317.365983097129,320.24113023788414,321.7250477424335,321.656632444762,320.50660916352535,252.34273085532988,259.4037884219659,267.1990375182615,275.01068079053476,282.33138445437874,297.7069129027426,302.54875342011144,307.5241486622166,312.7968032217315,317.38817304418006,291.3670804955706,293.19692845389727,295.041206548132,296.98127050599,284.8320299169471,289.85490304843404,295.1926673891259,299.3941270831809,302.2512643470709,261.4287582026085,267.40246018917367,272.6557189265668,277.69504552580713,272.8180301625116,267.53112704815175,297.5375311225471,301.80913298724045,306.18030797772917,310.5630078071172,306.7406819612246,302.4502179003906,273.4885645594986,281.29413413049986,289.4240223030403,293.83656813001505,297.6415956003508,301.7782123262194,303.94046480199466,302.64828207707507,299.1539286883984,294.3509983988246,288.70504281958057,280.2036101461657,275.27253550638704,289.0726666517876,293.6394896791015,297.5834970716489,302.69638253010163,298.325185305197,293.90845940803626,288.8176082557235,123.66174339005866,136.28503284293183,149.06440418956663,161.14405105689622,171.82268514503158,180.51677162059931,186.64133782466558,190.03387982301464,189.04341812162528,183.64376057858755,174.30755899526702,164.367915364886,153.9212677606003,143.468098060989,132.96128042158836,122.1887133378199,111.9073786156232,122.41239156160137,118.90589447611674,117.54257273757995,117.64855678662153,118.77881737787429,114.95168148667908,111.43966656031952,108.59879006591181,106.755104889434,107.70096805829834,123.38712982522557,131.47473925596478,139.28932488260654,147.06764988267932,150.29672445545765,151.77402351554593,152.31626162715293,149.62644575425327,145.9442708431423,128.69286919557416,126.78129123019806,125.74896953517327,125.84216138361026,128.07527864854018,129.04095268195616,121.0324533029281,118.7153862950965,117.83625972550453,117.57250767283021,120.11241170237571,121.08815422045063,161.59030319513693,158.55504602560939,156.6530918565746,156.38122424210303,154.42819020831337,152.77069603043856,153.10443461284012,163.51051923108352,171.00570376783216,173.6595888246651,174.29286204636844,170.36665700947123,162.07382762586928,158.52631916028878,157.95450927555757,156.0250659570196,154.31365332062887,166.63365422365206,169.02650723802034,169.58478377495084,-38.38226867330898,-6.247927453363334,-16.123283772089604,0.21369891,0.5081086,0.5774104,0.36696973,0.72310597,1.0,0.61944157,0.8360189,0.5019602,0.66402835,0.6222545,0.09592051,0.15977946,1.0,0.12721337,0.34646362,0.9987747,0.22307745,0.020519966,0.45399493,0.23764178,0.13871947,0.14054224,0.33152673,0.09095375,0.056988902,0.0036271708,/content/data/frame127.jpg,0
240.04671223958331,82.37051010131836,76.87624782986109,100.11523246765137,0.9781209826469421,233.78467373248606,235.80567331963408,238.8367036679927,243.11312593360213,249.66180770735957,258.40816568268303,268.86147922485213,280.6807976096634,292.06064699155627,300.84595255504155,306.2085821663193,311.1717394199586,315.71734329737,318.72063986949206,320.50518269828535,320.7340848132294,319.74244298498434,254.05360835396868,261.30164423457165,268.91913440155463,276.33182570451334,283.0948677997492,297.8279620224657,302.72111530076586,307.70648535427244,312.83172730326805,317.3112155194369,291.8295107071865,293.6813578899296,295.5221416375357,297.4206342678401,285.15265957442716,290.1168193399883,295.36948771504376,299.4510359846547,302.1527483275024,262.1225260589372,268.1417078885993,273.23441116493314,278.1430604132245,273.36490957395335,268.24530675451786,297.68458849604986,301.90234949263527,306.1649585761222,310.5685494790116,306.79220880319235,302.5990451526882,273.6387242229939,281.3567770769323,289.35995148222923,293.57643069571463,297.13315681346535,301.089899509612,303.1837029446808,301.8953175875838,298.6143180523245,294.04700263100676,288.60703638576183,280.29841808029164,275.42550480161265,289.02405270203167,293.42357627083834,297.10066110560024,302.00866588194185,297.8103750990376,293.66276129378025,288.7684622875695,121.19807205980942,133.68198066037803,146.3650310934122,158.38660983884574,169.22677841003747,178.34269808373256,185.02751202547074,188.90837889073623,188.26165128918547,183.00134950192546,173.76381797131694,163.81401604187045,153.47339200051078,142.99584631303196,132.47234977553762,121.62085640002931,111.27212633370198,120.47739488242723,117.62485462094514,116.67512495183064,117.14367396128057,118.4769897544727,114.61064499047438,111.13899275048732,108.27691072374955,106.45896992636153,107.12501736480522,122.86122501647196,130.88524808934255,138.62798063855575,146.3696140050547,149.6719527226494,151.13197528155752,151.63642495900694,149.07464895884323,145.3561961857083,127.34047692625927,125.79770416900624,124.90812163479984,124.95708360098047,127.09374800110584,127.93753364248471,120.23945941898785,118.00491405129787,117.06802369558181,116.53276825893545,119.22900259021048,120.25766217116791,160.52531864721163,157.6012133561121,155.83798106645645,155.6724949913655,153.82061916542466,152.46409880164265,152.9001556836272,162.7000964023639,169.86871543676193,172.40918805858746,172.9740963657207,168.93086553392072,160.9601009068956,158.0303457450368,157.53242671667795,155.7023412034373,154.0344764407423,165.28605442224125,167.53075738393886,168.00694338599305,-38.458688283724165,-6.85212115642346,-17.40892587622902,0.25579193,0.4884893,0.51806974,0.37006447,0.6992687,1.0,0.59304947,0.974945,0.49064606,0.5385106,0.6664801,0.17748046,0.22798106,1.0,0.15165311,0.34646362,0.9967872,0.20486537,0.07306883,0.38624102,0.57425743,0.2088708,0.06481248,0.06759781,0.037968222,0.044060078,0.0024332243,/content/data/frame128.jpg,0
238.92222764756943,78.20472621917725,80.44544813368057,106.96535396575928,0.9734830856323242,233.29274507662362,235.6257845303946,238.8774046300996,243.12912420554954,249.63782513370447,258.2656235355816,268.47774861940053,279.95379045244704,291.27544380814294,300.2002140446464,305.8038360025979,311.0902728224636,315.7970881926361,318.8247839853852,320.4375485359715,320.46825867983455,319.4829787229393,252.48635164293134,259.9196027211929,267.7849992319317,275.42811826144106,282.3911537338666,297.5514297080418,302.359663530394,307.20567679728936,312.14381284501565,316.44727258623794,291.18804919594857,293.00918214915356,294.81460809554466,296.6929763716793,284.55090159918836,289.4510057273473,294.7067171018333,298.6766420344577,301.30386653414,261.00962155937515,267.401566177625,272.48891113932496,277.4750021401489,272.6416814812926,267.5079767496031,297.00546394416176,301.3854542207758,305.5320963688835,309.9277707000365,305.9259880098022,301.7667144597219,272.6288014296749,280.4661693873388,289.0201991775747,293.3562281969298,297.0302064965417,301.1412802692584,302.49771381337007,301.3790964406188,297.68048269924327,292.76658425384835,287.00918205383203,278.55166275431884,274.2226953848854,288.5398769200089,293.06495617724573,296.89622641698753,301.53000764831677,296.9185742820159,292.46059217517256,287.30569484295967,121.0006435215917,133.93189401393283,146.98774475613806,159.288488605255,170.3113415950881,179.45076915754248,186.05377907071596,189.8028954677069,189.05302934406217,183.56666290799552,174.108298183802,164.06859824005352,153.5868986871224,143.0787810657411,132.52247131775448,121.66343636489117,111.3268640463744,119.5349074188602,116.6696104474141,115.78009885768537,116.13763026972781,117.30654372762007,113.85719934279751,110.76134676962884,108.15536842577811,106.53307485571463,107.35918461131445,121.83062838627637,129.4873351625473,136.88859842030774,144.29093660961098,148.41605717458793,149.66402591811482,150.00651211393733,147.49876950680863,144.0618040489344,126.83520361918136,125.80810461735445,124.7771993632675,123.99513502326803,126.22918322793373,127.14216734416271,119.72201053875158,118.34650747954808,117.74370423217053,116.99102645484624,119.21002561791286,119.9777027069072,160.48711760842986,156.91442004734802,154.80692686129504,154.54218002067756,152.7305034047458,151.53220338417836,152.6768792397392,164.17018500891604,172.5389516866345,175.29665986932258,175.72228685571815,170.6288021604731,161.02564683523096,156.8119075367298,156.31108889764698,154.42949200150474,153.9197296259556,168.21970078025691,170.67775936290957,170.9821524330982,-40.42590366079083,-6.712153304821172,-15.58793786138981,0.23052046,0.47502807,0.37351683,0.2841572,0.7538301,0.0,0.6209032,0.49542177,0.5016063,0.60661846,0.61029774,0.0699489,0.20647983,1.0,0.11877122,0.34504715,0.9994368,0.15610799,0.017894603,0.5786181,0.19175129,0.11638802,0.19029532,0.28518015,0.15392488,0.058825884,0.0036344624,/content/data/frame129.jpg,0
239.09163411458331,78.50691890716553,79.64857313368054,106.04348087310791,0.9718795418739319,232.67681172315855,235.1085469913029,238.51568263076996,242.95062596094516,249.53191429906389,258.2450189208648,268.56205905244667,280.1404662619336,291.6604438043121,300.8260702128584,306.7240723835032,312.2567592446636,317.20023447085435,320.34678979898945,322.00200248985516,322.19737988909543,321.3321338703938,252.6779538593839,260.06528868978353,267.8869076052913,275.5088409433388,282.4181348573784,297.7120385963558,302.6874914270808,307.77548024416114,312.9803663195625,317.55011466999076,291.26232414482513,292.89154365477555,294.51116836640153,296.2238436597225,284.2016903011671,289.19508881792814,294.60616066222383,298.84294296392153,301.70870064085614,261.16162902891887,267.65528613981127,272.77156254610185,277.745293622503,272.8856382510816,267.6915264136406,297.73728846483175,302.2520165251055,306.4886547152079,311.0841004385398,306.96866010015765,302.7062562737643,272.8328061817308,280.6764627941015,288.9664292249744,293.34249159120293,297.06132923426014,301.35756894628605,303.4166354211709,301.9313606405493,298.17990826800985,293.25174679503414,287.49831130902464,279.08497776767996,274.4806843508734,288.5492564956132,293.1172148283303,297.04382346783103,302.359083855657,297.37135878486174,292.8878498470412,287.7519173776219,119.79070758534093,132.7050747929872,145.79155296203965,158.15758692647086,169.33836369741312,178.776330681957,185.73002613701732,189.79110606465548,189.18846171203162,183.65946107378483,174.1206083876494,163.9769800142426,153.4230431743075,142.69995724549253,131.91108816579393,120.76519777816644,110.07677448045234,120.10006587930086,117.15873304781718,116.20032267510851,116.6636642087391,117.98822422122127,114.46840089898265,111.22001555906525,108.45884118386695,106.72031682122613,107.40873032756747,122.45537649296543,130.54571423253407,138.38348123154594,146.2202015252861,149.6171090338911,151.07023175909978,151.52720204325016,148.96400286841947,145.3515802613241,127.13730055076057,126.13367706120452,125.17112158392328,124.47502086169118,126.65752650284549,127.52668628908496,120.35595118655152,118.93234858393464,118.20553692224357,117.29174805035909,119.71328173451423,120.57513733831385,160.52513564851205,157.67627695234177,155.92818054583898,155.74864783727043,153.91512359398655,152.41731110456635,152.79026432860627,163.70076359481124,171.67599788618037,174.3770663488712,174.8245783614717,170.0227193246212,161.12542870668483,157.9738825664569,157.53331066489739,155.62646395884494,154.05718728775457,167.14354409967405,169.53555386882692,169.87552070716492,-40.399640731066555,-7.148983767552751,-15.41130820319246,0.24956541,0.47867724,0.32332763,0.33987683,0.77218956,1.0,0.5611646,0.22781664,0.5030595,0.76979244,0.66872597,0.056865413,0.22533499,1.0,0.13649006,0.34504715,0.9970475,0.11594075,0.040975288,0.5833796,0.18924391,0.13873565,0.18667462,0.27262244,0.13625345,0.072189696,0.0042802044,/content/data/frame130.jpg,0
240.31149631076389,81.53190994262695,78.34022352430551,101.41646003723145,0.9693994522094727,234.7644903633319,237.1465689453585,240.59132323294332,245.2304544987006,251.9949553102506,260.962494672396,271.53674095950237,283.35957421241955,294.72559859817204,303.53263882185854,308.9279008532071,313.8922612158456,318.27089329803806,321.07302719892476,322.69838745185035,322.72174491482775,321.4481175880858,253.9803723057469,261.107267419633,268.8977756214149,276.62944042578295,283.65506062682465,297.88351308497573,302.70812763262677,307.8426420353463,313.26566462905964,317.9673478335187,292.09907364797476,293.88220558405516,295.6733022699334,297.546200853326,285.6669651304147,290.64133583432925,295.9677731424699,300.11877151481957,302.8893510790753,262.54090787551115,268.8296871660617,273.87406497407403,278.7764301325708,273.89747321414484,268.7836323423215,298.51286614254786,303.09849467303945,307.3925538791904,311.9410643543853,307.83046278679376,303.5277134437959,274.43643579154264,282.0066185580003,290.0526914979463,294.42468628864054,298.09349087404615,302.31847147152206,304.6197328689533,303.46776745806756,300.13235076037665,295.3689226103077,289.72192951134895,281.2519258722336,276.11739333483786,289.8181448495267,294.3681641297834,298.20391654451356,303.44527320567846,299.19070407047434,294.86542420573494,289.779916952045,121.86373320720593,134.68884825345032,147.62049001477374,159.8283333247469,170.73831412667136,179.66312093776094,185.9956990983294,189.3372090472318,188.27195640418202,182.55668262230205,172.93236331826222,162.6767976964524,152.12327209040046,141.55716827291903,130.9050589399744,120.03466250931316,109.67718363405584,120.64053478810959,117.37036302853986,116.08351189589484,116.37468225735847,117.70595971981872,113.86008090188471,110.1125863294049,106.92939573087929,104.99175635336455,105.94465742333188,122.0879902403357,130.1737092094441,137.9309874305119,145.65754913699033,149.49532538158712,150.82916708726555,151.205744519877,148.59767341620596,144.8529933454762,127.55642206331567,126.17757371818281,125.1630764069507,124.79094559694957,126.89376285938926,127.80183138279392,119.63230119404548,117.65707225965221,116.73027061570744,115.91580966403939,118.5544340702138,119.54624852842407,160.98048733626536,157.638578424486,155.51130111075446,155.2010095466795,153.198353727964,151.7831671186121,152.40716681976272,162.7802233818971,170.45844529543098,173.23994918864446,173.88581205545154,169.73376187188086,161.39993514347196,157.69758866092116,157.10601376086026,155.10916103853668,153.6078347171175,165.8589763800447,168.35351715667872,168.93643818924517,-37.23505609040676,-8.250484213970315,-14.610000060032583,0.27428177,0.5068333,0.541142,0.33461946,0.71622163,1.0,0.54912436,0.8252583,0.49677157,0.616973,0.5445222,0.21078086,0.21642782,1.0,0.28086582,0.34504715,0.99292,0.31133974,0.11706834,0.356042,0.2438304,0.18461491,0.10475339,0.28335285,0.11991008,0.060766157,0.002772201,/content/data/frame131.jpg,0
232.57096354166666,73.80660724639893,84.72059461805557,108.22775173187256,0.975642204284668,225.5705407537177,227.7313325404165,230.58679375763265,235.13723185816497,242.3660623516378,252.07603936164327,263.3915221755307,275.4063393714188,287.6006018945576,297.2293868802816,303.7425764656396,309.9700902666544,316.16090373996565,320.6874761770704,322.39646049404604,321.9907829210379,320.6307807119574,249.4370450530409,257.07750985906364,265.72904508311007,274.42605124681705,282.4837355344339,297.7028296228144,302.5964053369545,307.7525652772139,313.26364471228015,318.08274376478016,291.4010249454084,293.38661253374084,295.4054789047768,297.4701103754507,284.51032747540194,289.91636083433724,295.5083497452856,299.9852710746303,303.0390077281752,259.4799453584924,266.4303456923279,272.0730617172694,277.71771687574596,272.5657758088463,266.9266322794195,298.2406624361842,302.60437087949975,306.97697379160485,311.95362647619726,307.8325845321119,303.43268667052723,272.31700161955956,280.8403721155689,289.4149341886936,293.6295886750525,297.0865180239018,300.5728943346968,301.92799645783845,300.89799529706033,297.9590274810039,293.4528604570665,287.90763524146865,279.3109260184685,274.52389427402835,289.1039916105043,293.4815333138085,297.0428817135739,300.7382973935539,297.0129083600898,293.00699134188653,288.0734021297714,112.50475155974235,125.6169751270136,138.74674378872484,151.36619907705494,162.89869454372467,172.67431954552302,180.50696370939602,186.1712230821542,186.68474125107832,182.07690324969775,172.85224762657464,162.77412553435846,152.33187983646445,141.19692609711274,129.50507333322616,117.55270320411398,106.42564146731318,123.13093239506807,119.76579644126376,118.53500013171913,118.36436025115958,118.81855873833047,113.73231210953585,109.56612822050151,106.06375889619977,103.49934962396598,104.19571144198471,123.08107227890304,130.98321173743085,138.5173299705806,146.09732941914876,149.80019199118757,151.2471494377905,151.60845530052723,148.80343864890483,144.97475301706993,129.45892118098647,128.73065848752663,127.16302191020567,125.65733697233024,128.95093012321615,130.21310865771545,119.0120656866049,116.95548878057465,115.68320043211611,114.21516410081864,117.6109701027903,118.98856772314906,160.9944808943966,158.24735182990077,156.21061136971326,155.94770201940844,154.0784856663359,152.6086688930701,152.96121188490187,163.35170090888198,170.80071401594597,173.3209760684174,173.92026509390243,169.59496000973837,161.45265828231408,158.2813350483396,157.83038780302394,155.89301922782485,154.19179144498946,165.97260437887584,168.2574378157709,168.7011471774328,-31.560199638712877,-8.184398751517849,-16.920152078177253,0.2588073,0.4873643,0.263083,0.30255058,0.66476095,0.0,0.5280818,0.68358743,0.47900337,0.6060209,0.39846623,0.3078097,0.22452939,1.0,0.25452128,0.32646874,0.9832245,0.40311554,0.02006394,0.89799404,0.17894632,0.013722008,0.30270135,0.2558427,0.06764168,0.17856154,0.0025843682,/content/data/frame132.jpg,0
242.80821397569443,80.5156831741333,72.12898763020834,89.37227725982666,0.9042279124259949,233.15629044155946,235.0174546744018,237.77529651504707,242.47651608779748,249.94567989572687,258.8565783774783,268.43215576924706,278.52995736111694,288.51410841282075,296.52743355124187,301.95389366388383,307.4525240109864,313.04285338495674,317.4389731317149,319.7762979057103,320.1013771885499,319.05979258507386,252.04102663116856,258.8654030903811,266.61687620805736,274.1155425558091,280.8287902779995,298.76488341441245,303.4538519460341,308.37434693663965,313.5023329494203,318.06874632293045,290.61913963942345,292.6911477100276,294.7737927399004,296.9099741483035,283.4534471927185,288.87283091478935,294.6349816999259,299.18244159733547,302.4210185428217,259.37701909702895,266.3472797905854,272.0316158490533,277.3928127191155,271.98094326724913,266.22689804963215,298.75512860681397,303.60016766760793,308.26010829536017,312.9200617079192,308.7630945574091,304.02815825289053,273.6576770732057,281.49918719286404,289.43393051620774,293.3521733614981,296.48341546138397,300.2595360017352,302.4005372823069,301.02574865126144,297.57243169813705,293.2915222379762,288.0771556779621,280.30227997141424,275.3821972908284,288.65757312247524,292.8661589304937,296.19219673938915,301.68824455551544,297.00376349108524,293.3383338081228,288.66870229680615,113.28456072456146,125.23520044383656,137.45252164463022,149.09785058860064,159.42766126591164,167.880055024719,174.76355482303927,178.89636508107583,179.37625558961668,175.43094091589933,167.4837707603332,158.7717175751494,149.8517386843589,140.01664249908868,129.18461904054095,117.76672541737423,107.00931409138843,115.98079977262768,113.66029021579334,113.34371922188791,113.93698859345005,115.06123975778036,110.98123394808408,107.32801055942656,104.197551528958,102.01104912093808,102.64195696375833,120.61045958544281,128.9830665611306,136.99245397905327,144.9807272885239,149.23901403302875,150.61720342268654,150.7685691429516,148.2405717601439,144.77299335501937,124.4294699564507,123.36475763744954,122.55464515752846,123.0499157886656,125.56836611698554,126.15979767256829,118.03665743602505,115.27705688539254,114.22528918328976,113.88741230883011,117.482071693678,118.56800679198909,159.0660046507794,157.15080223573932,155.59624643609322,155.52770708676758,153.73920849964986,152.4648509185256,152.24819318986545,161.06216685496418,167.99780948787213,170.24681681640186,170.6534695591132,166.52841328640886,159.65123557505774,158.24748296417692,157.9131027343807,156.12267364143418,153.22576426562773,163.46724471266623,165.4753095719941,165.7198637491207,-28.628609436792782,-7.286322878626891,-9.481871350926847,0.32079625,0.5116886,0.27522218,0.25176847,0.6091814,0.0,0.5613997,0.9687505,0.49281162,0.54035026,0.5260832,0.23529634,0.26061657,1.0,0.36294034,0.3250933,0.9948325,0.40966752,0.04780881,0.18699408,0.5971871,0.002905208,0.068819836,0.10695632,0.016882438,0.20571376,0.0015353553,/content/data/frame133.jpg,0
241.46931966145831,82.73519611358643,75.09982638888891,93.67763042449951,0.9756234884262085,233.60116976185373,237.36285052123813,242.05072098193764,248.21900614780193,256.2527162904682,265.46359519209506,275.5483969064784,286.1200491304189,296.1054076557574,303.3733536501121,307.6947821737525,311.95684562951317,316.2748971786376,319.5485791566242,321.0634939446911,320.33978284460534,318.3449624558816,256.7775979654075,262.81727668512235,270.22794675520015,278.00571874644385,285.06271438926444,302.44167720275186,306.5649161843138,310.77818771859586,314.9464798284223,318.5678762756662,294.95670029263044,297.07683725748905,299.2056042683329,301.4926267575347,288.53224078813787,293.6901874415281,299.15423941388974,303.30396486422467,306.1094400461276,265.98040294978887,272.69326210825596,277.8125075616379,282.6101866470493,277.9675334730977,272.80793853452707,301.6294344275086,306.1050647200186,310.11534926429874,313.8411639076869,310.3811654011978,306.3497412644616,276.9146176103029,285.02448891384074,293.8308277095638,297.88461090177566,301.06562709096124,304.7401371830226,305.6135541196363,305.64499884464306,302.9878291268993,298.67113774806603,293.110929106501,284.1693505218293,278.38122960216833,293.199500983736,297.5985597191659,300.91352923081786,304.86976208180386,301.89303945014126,298.09343389337164,293.1402900238203,125.18778092049394,137.14678339019565,148.84534005052717,159.60653836986842,168.57658672580658,175.456026542862,180.2990636222928,182.35602302224868,181.19959015988184,175.8240296606001,167.26988519782583,158.24313181147386,149.23065016265957,140.10353228965175,130.31643030985435,120.13930117415623,110.50826365948922,120.69574147998873,116.02630032168236,113.47512003128128,112.41321900414937,112.69355479139779,108.10156293553183,104.74460570403016,102.16153511559594,100.72025210768678,102.00155429807552,118.98777296525304,126.33187844539276,133.26354411138595,140.20965907409277,145.61852029429576,146.50685890203454,146.27790807026804,143.66681663376687,140.340845153553,127.76497530525654,125.58238106271835,124.11406718290243,123.83678340337627,126.38516964938617,127.61884075328618,117.11927420460347,114.66326563250533,113.54801309826365,113.13802561084896,115.89149940541387,116.99373316686882,157.14660004468772,153.6098155700381,151.1650066267166,150.62347124114353,148.83725273258915,147.55383490786824,148.57072635898635,158.6499366344142,166.6736548857175,169.47287864455814,170.31164809065194,166.0346294620349,157.59276270157,153.36762485405825,152.60086402924026,150.70832442620326,149.62530055748095,162.53948763940252,165.08933121072437,165.77051521308636,-24.848850213578512,-10.012841586311566,-8.477531525273392,0.40713102,0.47048277,0.5279989,0.30468684,0.67475957,1.0,0.6852941,0.12335056,0.4909906,0.41266963,0.45437065,0.33460087,0.2736326,1.0,0.31831008,0.3250933,0.99929607,0.49595848,0.018677738,0.7770122,0.15519609,0.002368975,0.15630753,0.28150773,0.026116068,0.3769251,0.0015784801,/content/data/frame134.jpg,0
241.0874565972222,82.2890739440918,75.37405056423611,94.21167755126953,0.9763161540031433,234.04297052440063,238.06965252276012,243.01899032457126,249.49336514641155,257.7770273173863,267.1514846065928,277.31450319485475,287.9283539809534,297.8619655674418,305.10463383175227,309.4167833087793,313.62036136022255,317.79872377893645,320.86685711768916,322.14749724417396,321.2172142509053,319.039667141015,257.2218319148742,263.14204064684253,270.35500203865513,277.9875085671708,285.0239942225997,302.509829320945,306.6278211213741,310.84493016974955,315.07869016106304,318.87053641790624,295.23730256689015,297.38059765615964,299.5076258995156,301.7943711196085,289.1140480184067,294.21211391585564,299.60102886190487,303.6644249765048,306.42055697613415,266.6879974225814,273.21804441270103,278.3012922512586,283.17915599843275,278.5636507346051,273.4373941371233,302.0801393058149,306.4592429588971,310.529471957406,314.39594085370516,310.91274687947373,306.83692488920497,277.06684147660246,285.16241739938357,294.0579899308785,298.1560962871108,301.395429082069,305.255597439458,306.39611627599805,306.53615670341134,303.8634815748008,299.54052347273426,293.97025408423616,284.74873816548404,278.4907935937528,293.46373792566754,297.89259225123516,301.2504358246033,305.59712707965554,302.7636770228546,298.94455987727395,293.9550047585102,127.7790786812865,139.65154803113364,151.1756649646906,161.73454607575204,170.49083963533832,177.08359551861105,181.63787436902913,183.4654282270949,182.20275979822873,176.7175510542902,168.1001995393981,159.04587364299948,150.04880515742423,140.94478249689456,131.2093919292103,121.15975271788238,111.65344907111793,121.87475943675153,117.26548732639121,114.61784925908631,113.30111075084551,113.38707099106767,108.85331774655378,105.56213185329207,103.05082801404151,101.53859759743355,102.66487115134677,119.47290303384233,126.78519730701855,133.67689186131048,140.58931754710738,146.13503841876081,146.9809817917088,146.7054225001002,144.0625249987026,140.73257899869077,128.87769724943783,126.46790957990052,124.9255443932323,124.7177175795442,127.31130241383516,128.64976261959146,118.03053110587807,115.4765217421962,114.33546719138512,114.03036949088582,116.80313895636463,117.91836803618826,157.76451249227574,154.16276730836853,151.68611643312397,151.06475526423856,149.28195881734007,147.87222165936726,148.77986314382505,159.10420922090907,167.2346335254806,170.1004757646786,170.98584636026135,166.82723461485838,158.25022002608,153.6084546551583,152.7754492872451,150.86232265525376,149.89360300536083,163.34219427949174,165.97594757628923,166.75454593761333,-24.87121192356378,-10.021508894885129,-8.603753143590776,0.26085952,0.5742729,0.37817624,0.32514957,0.6698544,0.0,0.6525086,0.96276236,0.49019644,0.4420775,0.4273388,0.3093819,0.26158586,1.0,0.31433535,0.32646874,0.9994867,0.43210214,0.019608526,0.76915747,0.2120238,0.002903799,0.22771446,0.26153037,0.026366282,0.26821518,0.0012461148,/content/data/frame135.jpg,0
241.6397026909722,74.63930225372314,77.05308702256943,109.98446559906006,0.9783632755279541,238.69396756518904,241.11991686240515,244.306119974635,248.7866158340822,256.1216231824874,265.4850911092803,275.8617705873576,286.9600429734529,297.88310817252824,306.2366724962292,310.9879481053358,315.62775254705406,320.3778874843702,324.0187230387812,325.8595155741756,325.4758565174692,323.9488667249909,257.65052458355245,264.71459878160914,272.6748948721065,280.63631196763936,288.1422666839297,304.0354040749325,308.64841452962713,313.24219876462547,317.871060623857,321.7774524377972,297.88807992819443,299.9420679545832,302.0448688669032,304.2420308697541,291.096748221947,296.1352292544962,301.41809725148335,305.4732798671161,308.29979376364395,267.58478467430893,273.3556438633227,278.50229991512083,283.55561754764847,278.87474498812134,273.7515356416444,303.5796230942588,307.610513334105,311.78677236027227,315.87933754382516,312.31049017944736,308.2282933091349,277.94619488379766,286.15690776581863,295.0001585558279,299.4105227669147,303.1147718061752,307.1462835154797,307.8912129949907,306.9422605990212,303.28717058058,298.5779582270856,292.9226333570449,284.306234652708,279.68615596626324,294.5643353981369,299.1165913132592,302.88366383471896,306.78149667687944,302.4790242837695,298.16787491834975,293.0625426521756,123.6740008519685,136.49579684669328,149.3499485867581,161.42178041268966,171.69692830135995,179.65069896254548,185.4054668126113,188.8591928598712,188.15188194934044,182.61879776173075,172.7498470310066,162.45918600598554,152.14391793709785,142.19316137224024,131.86758792372802,121.09734521112202,111.17529424187484,116.32597411174768,112.5595781266602,111.3471974140534,111.45794091150643,112.45954907733582,108.68754413371991,105.44143215238307,102.91311346199655,101.36768412002229,102.74080908801582,117.82583951571817,125.66806820919732,133.20654780492075,140.74248645589705,144.62368122332032,146.0607074116876,146.6863068885089,144.16435236004313,140.78023875881144,124.04817659940977,122.15415402490935,120.93761576029374,120.69868042034412,123.18131323884582,124.25287211888956,116.01210056851355,113.98751040751148,113.36022745646144,113.42643362052215,115.60093952160324,116.37092838034617,158.1067049882399,153.87394730828416,151.72399338415573,151.4691122392452,149.8406341242209,148.94954918818846,150.87760704890667,162.12988586012273,170.00454109925997,172.45621451202726,172.84509705886393,168.05242686381536,158.61226645919118,153.896642743564,153.4235156849728,151.76625330731804,151.95215134236068,165.62667423414928,167.89846763890657,168.19790578396442,-28.312167987180864,-5.621302853642739,-16.343536354844996,0.33665097,0.53029454,0.4730003,0.35208657,0.7097558,1.0,0.62558174,0.59019494,0.50002587,0.53178,0.5926851,0.20106436,0.25171882,1.0,0.13445769,0.34646362,0.99850756,0.27117938,0.015366921,0.48238415,0.11269321,0.061300784,0.2900264,0.33842102,0.07986909,0.116548724,0.0011409336,/content/data/frame136.jpg,0
243.0667046440972,76.74783611297607,75.4320746527778,109.66186237335205,0.9803749918937683,237.24591429889207,239.68819835809117,243.26738094486265,248.40072736147388,255.84174942183887,265.0097500376387,275.4241854407606,286.72755877142146,298.06793833720576,306.78597356717955,311.7104382974801,316.2338191292987,320.70125136528526,324.22642077134054,326.16229866124826,325.97296133406616,324.59050627832664,260.18972320913315,267.23615197287387,274.9170243223105,282.7200847028521,290.0857530326467,305.48964154273625,310.0108889078415,314.5093583783307,318.9763278402875,322.5663012977608,299.7004011797882,301.5688709339072,303.46621308130506,305.4844804357606,292.49907253594245,297.50413838369286,302.82214928633005,306.95079171441336,309.66886752535777,270.3556018965223,275.9935308390027,280.9554802657116,285.6475618404372,281.2764258207734,276.4265147710257,304.8829369461277,308.75134349694827,312.7766931928695,316.60170879568176,313.3268373906914,309.4190166110673,279.93635772870647,288.0854632727022,296.4625046354108,300.7498314939271,304.377493582127,307.9104438667839,308.4916409863638,307.29904878085705,303.98004912686196,299.43742003285746,294.0252385369833,286.0257188153783,281.80113313421526,296.1700863540125,300.5584705108184,304.2269508371663,307.29466419301605,303.29956736883514,299.15433566833,294.3140252187924,121.67761810675455,134.8829652469244,148.15472046036103,160.44282986452953,171.3838511299089,180.26020998344498,186.7131310540522,190.76776885551627,190.41478208161612,184.98736826089888,174.97124403389432,164.4619674073737,154.13887496973086,143.98598140787092,133.4300430406234,122.68132399366749,112.79937286077524,116.79215581480742,113.00440528683015,111.2664299654684,111.02921121346414,111.89647719788184,108.798110945283,105.76503897082854,103.46647958327918,102.27435015180221,103.8503114228052,118.00098040767911,126.01462650263241,133.74445485387554,141.53738911115636,144.64777964490065,146.41888644934028,147.33913221653486,145.05533453617124,141.69319493025182,123.36891207832034,121.62241073373283,120.42927731792017,120.24151655989024,122.5515237219548,123.52941623036173,116.57565208335444,114.6538103650774,114.00170292997541,114.26687244901282,116.31403572763006,116.9623390033351,157.3637197177442,153.75345479561125,152.1699832511596,152.2262848102347,150.81842424462553,150.1865259160932,151.977892810682,161.55689951390633,168.12055691928953,170.213605419499,170.3973267093033,166.0200648164662,157.86146063941953,154.38190192798965,154.18560730310634,152.8030424365801,152.9474593083675,163.69356642732512,165.58852411192566,165.6838477184232,-31.538397234111095,-7.579085384153194,-20.809778730058277,0.4092209,0.44246963,0.49215737,0.37831455,0.44134834,1.0,0.50529087,0.42316705,0.48590142,0.44661495,0.73095214,0.3822627,0.33426297,1.0,0.20737024,0.5046934,0.99465466,0.38529718,0.089206286,0.56888837,0.1755752,0.012987031,0.052254207,0.4075134,0.033293907,0.31680098,0.0015753651,/content/data/frame137.jpg,0
243.81331380208331,77.29968452453613,75.05322265625,109.22846031188965,0.9749333262443542,239.00337187997945,240.71954263941797,243.64763759679062,248.35390628488022,255.67893281945453,264.77832052213955,275.10262677676457,286.18394155600896,297.35335934449665,305.96964927046236,310.8477762493943,315.53273599381885,320.37249515521125,324.4218585249805,326.64991854954957,326.50180674239925,325.0781036762102,262.9772870410417,270.06885661700926,277.60858589597655,285.1829876193015,292.28161981124464,307.3487500417352,311.69918085534584,316.00650158604395,320.22867248099294,323.6102514475459,301.41601199498973,303.19500214536316,305.02937601769503,306.96330621234557,293.8712084139471,298.88354072167056,304.10829839263994,308.14969288155186,310.8396042402014,272.38035160541745,278.09638296861317,282.9686465700123,287.5003772357556,283.28707367391746,278.52346420048235,306.2578961912774,310.119795545192,314.0135626099077,317.68811513739206,314.45059322390614,310.6746405938263,281.6576406669283,289.703093094147,297.86425054636294,301.8794961683832,305.247535850107,308.41523630455174,308.7835392274698,307.5691520984668,304.63233043529254,300.42068315065217,295.3602953663077,287.7059977997597,283.63756380433085,297.47333787716923,301.568303558276,304.88627210527955,307.5480736273363,304.0970482079002,300.3456037927708,295.8317406079302,120.59754889243774,133.5290463973619,146.69762982673416,158.88163458829797,169.68296820745974,178.51612106954104,185.0389078680023,189.33059552948913,189.31715780882774,184.0604464881461,174.271731059731,164.02264088398243,153.90643570284408,143.8737084550004,133.44074807241134,122.78319415801224,112.99474045264488,116.05759152910352,112.62924226328346,111.05848209476349,110.66555376747061,111.28166154085272,108.19990390392863,105.36138072991807,103.19873584203378,101.97696577929528,103.43713038172072,117.88079334297856,125.62992059172888,133.0916173393206,140.60625636252973,144.25833195841943,145.912030988882,146.75334949170917,144.65129153622547,141.54326393667122,123.11513710886163,121.60138959529891,120.36890841917275,119.98259348172863,122.33177658901499,123.3112692358057,116.29592747407828,114.44092045042854,113.8411527891181,113.95772110954147,116.01170405683338,116.63528070286219,156.88820341657936,153.6469080036286,151.9801775091758,152.06866333720535,150.7874626110534,150.453832132493,152.22425964225897,161.04900611629859,167.12842625921704,169.0447702275834,169.2060619386615,165.07600974389757,157.37796145891713,154.2400193056347,154.10920465752173,152.9096302717594,153.09526613259382,162.589679853268,164.26454329377225,164.37017002827338,-31.140611413264033,-7.456597130927261,-21.903702952839012,0.37844235,0.43566728,0.48178747,0.39105076,0.4121002,1.0,0.5023398,0.19201586,0.48267958,0.4690227,0.7109668,0.12700358,0.30934784,1.0,0.16357656,0.5046934,0.99618286,0.46454138,0.10201187,0.54028445,0.14661053,0.02453528,0.08831237,0.45023677,0.041671913,0.24690874,0.0017244029,/content/data/frame138.jpg,0
246.91395399305554,79.46779346466064,72.968994140625,104.21781063079834,0.9812963604927063,238.61015812634054,241.382445405029,245.14923062185292,250.47176949824288,258.0870998854934,267.5324141926624,278.06250658640164,289.242355150517,300.4032289500259,308.8705732298132,313.69007398900635,318.22408486029326,322.7320431673296,326.26945959584714,328.1686878025938,328.1063405501212,326.8891230045982,262.9322581342861,270.3520806125172,277.9134292666743,285.6245223949222,292.9208952260708,306.8841080675803,311.43686634919345,315.8679416382955,320.2884840881169,324.2612727820474,301.730590326555,303.5876126337919,305.48236829731957,307.4665524625108,295.1538571535791,300.13786550660507,305.27887503509464,309.2754725674275,311.83228389518354,273.2450482886118,279.0523139448362,283.87045803258627,288.34353795675327,284.1419861314106,279.4227672454257,307.0560773543501,310.9267727950687,314.8907654873352,318.85254427070834,315.48700767809623,311.6170800239636,283.0738608140923,291.0292256173642,299.0362632032927,303.07838377135613,306.48810163673306,309.6033099853788,310.2356605083944,309.3812258518403,306.68214292428854,302.4915115586389,297.3609677812817,289.46252354471005,284.9805134425825,298.75968113063095,302.9235219623989,306.29286021674716,308.99978500340956,306.0297479534132,302.260541972572,297.6848693612003,120.45572267996806,133.2959842785333,146.15104999515336,158.00644266842164,168.4201184892902,176.68238920824854,182.69891398033099,186.69736761809975,186.4812319670425,181.2754152873099,171.4008076463864,161.15572434215733,151.0776532559637,140.95566924959837,130.43947155679274,119.87693458911912,110.1599542797099,116.4745740573374,113.28030978017682,111.73176623299173,111.15848682454083,111.69379061394324,108.03322270789107,105.20452920497257,102.99316593409259,101.44369806130891,102.29279175583565,117.44490349005332,125.31337795993846,132.88402577687168,140.49846351903807,143.88019817234158,145.4136543404013,146.10235145373736,143.73146374759438,140.35818220097474,123.22601594980472,121.94008150484143,120.71953936885899,120.02077157904154,122.47676060128367,123.44063466328686,115.59397129583294,113.85067458129669,113.0480468836958,112.6417312407288,115.03748256004997,115.83662912817874,156.26739859706277,153.03313114792775,151.24993562075883,151.2478857051168,149.8692540748208,149.27052962257324,150.78906985899766,159.95545773543427,166.24820677672096,168.33833803653113,168.5899111383601,164.49359825496003,156.86903020240266,153.26735823630577,153.01952716230335,151.69472258964777,151.86236841797256,161.74938736632873,163.55483379601208,163.76309031676521,-30.07579346535793,-5.422650732213144,-20.259716080917556,0.23291516,0.48918632,0.2910825,0.40181407,0.4390975,1.0,0.5173231,0.8399444,0.5014078,0.60664654,0.71690214,0.08544867,0.24112341,1.0,0.18078867,0.34646362,0.99751365,0.16515918,0.048683994,0.430406,0.27122083,0.052033484,0.1363514,0.26513135,0.040622085,0.23334493,0.0012958042,/content/data/frame139.jpg,0
246.8191460503472,79.47539806365967,72.92396375868057,104.35582637786865,0.9809364080429077,238.6369967377253,241.40135426561164,245.16678147990058,250.47793264708088,258.07222081750047,267.484105696338,277.99101661668413,289.1792963147867,300.35066607088277,308.8195949605048,313.6440525441211,318.21438702663215,322.7752719454353,326.35663419839966,328.2944068155689,328.24396435779795,327.0330617351019,262.975544191115,270.4192103466502,278.00163058160723,285.72845895957914,293.03971179743803,307.0383447374546,311.59505721857,316.03439656437195,320.4623008931119,324.4269153563022,301.8337997264024,303.69942425289184,305.60863918384746,307.6095357822787,295.2171719262883,300.2208502636096,305.3864176903943,309.3924803583792,311.96331403109514,273.2561880701962,279.1140554643505,283.9473654828464,288.41416529063997,284.1989507864314,279.46490970358576,307.16440609721985,311.05813390438016,315.02988405706867,318.98610139611094,315.6051430420356,311.7255000111129,283.1515084484283,291.08825000187994,299.1502803796752,303.215160237248,306.63689502618615,309.7514070329621,310.282762120828,309.4927158963203,306.79399215680246,302.5770907636539,297.41674821411686,289.4964388996091,285.0624363927101,298.86170294517683,303.0449188082987,306.4246231918346,309.04887750235264,306.13272422822877,302.3426206651102,297.73854093968964,120.43638616976307,133.30756524083904,146.18960459247978,158.08343305382994,168.5475932821247,176.85937279235793,182.94168225279566,186.97559351651057,186.76606101065886,181.54805074452838,171.6717713118088,161.43711754867252,151.3568215876527,141.22006709591676,130.68242643324407,120.08385250569819,110.33298505514307,116.45825793477724,113.26919066173241,111.72704201770051,111.15888140168005,111.69480452508247,108.06450383258345,105.23468419086674,103.01294322734259,101.44177039019996,102.29420911315503,117.47734038549112,125.32404237574497,132.87090732103172,140.46313912904884,143.9243963823103,145.44540293376508,146.12209917844007,143.74653409668974,140.38018300657677,123.24915031932136,121.96794697325811,120.74900550371103,120.05702276103148,122.49838024349532,123.45697727595723,115.63712369064598,113.89025689194057,113.09559038312386,112.70234372913421,115.08079368953628,115.87393005573045,156.4722824416324,153.09954207305657,151.22989439108642,151.218556407459,149.82955264761108,149.29713765607494,150.97450985533135,160.26650619366626,166.67425832963977,168.79684231916895,169.0427474347747,164.8581805676788,157.0688663898801,153.30061027776708,153.04032928561992,151.70966501229725,152.04372873529167,162.12480842789864,163.95647125227833,164.1605848140132,-30.119660577296347,-5.319315616598384,-20.48469356842128,0.25888917,0.43735468,0.25436231,0.35432813,0.5438642,1.0,0.532949,0.97313243,0.5012447,0.6539795,0.70239663,0.06477849,0.21468782,1.0,0.13404487,0.34646362,0.9591892,0.21102498,0.019685674,0.5206214,0.25306132,0.058643978,0.1321088,0.2809778,0.040759154,0.23316841,0.0012806054,/content/data/frame140.jpg,0
237.2390679253472,92.29588508605957,110.61013454861111,155.16386032104492,0.5599512457847595,240.4539179468926,243.5814500497636,246.21176963080438,249.93987719341612,256.66049912529866,265.78603096941515,277.0900198276504,290.2788077478797,306.4732946801282,320.24560847472594,327.91639589195165,332.7718070568326,337.5630041283275,340.5377170102511,341.201932232349,340.52431040382,339.13752570745964,259.2791767111853,262.8710429653963,269.430469321858,277.08659603784577,284.62871665734065,300.7932995324463,304.77194305273906,310.3142763244514,316.50510978953116,321.6527361425997,296.5834697385062,300.33249182911413,303.84674293260014,307.24097827288597,294.5787825424295,300.15557567587075,305.75577487964574,310.3564050314153,313.8573383139433,267.753400521349,272.9640090693649,279.38885884504566,286.0704651106132,281.21967079033107,274.9561386700966,306.106444203655,309.72457431061366,315.36765689787353,320.2211813714521,316.73189008407826,311.0836246448289,288.2706357219856,293.456423181191,300.9503166415416,304.923455462505,307.6086389168008,311.4245275668022,313.7601848100544,312.603620845322,309.2091857377218,305.61429522833487,301.23920237448965,294.3673732329048,289.7714598093912,301.35050606314644,305.1192607251405,307.47819086051686,312.7747437464486,307.6978461208514,305.1021362270253,301.29974296892806,147.12331230992368,161.23119634901946,174.9597000617573,189.64485059937124,204.0719572577391,217.04717727163006,228.76399638319617,238.92719179635014,242.47652425987644,237.6642073439789,225.76852989694635,210.95171050279396,195.126798651223,179.45973627255717,164.21840023718323,150.2166425838468,137.3164296474099,135.73841768936836,129.09541645730292,125.41825510894773,124.70895351381478,126.50459531358683,123.66294411031026,120.26338996527932,117.98777944727169,118.05725407993611,121.54677565463066,144.697443476957,153.11842929784098,160.84360336640407,169.47365677996095,182.37359781088662,183.33937289221103,183.36523166123789,181.98488391167393,179.34964228597073,155.8252264657333,155.45451937027428,153.3653361493109,151.5503002727687,159.54402265185854,160.90798393255204,148.95879104163646,148.6582688626263,148.05619237348174,147.15223972686294,153.68883156947368,154.16605903622872,210.06980439895278,201.25253016818624,195.14482210225287,195.38548622514872,193.5303026675101,197.5203440229061,205.3645516653737,213.101961481942,218.1899572916709,219.32845341263692,219.37038235228647,215.91254331874188,209.28875859250047,200.3317693217,200.28757635248758,198.90094703070508,205.1584250914957,210.81056379700703,212.24619160173097,212.35517576990424,-48.17257408895033,-4.949565729525887,-14.995412408004885,0.6009246,0.5397026,0.39664647,0.34649065,0.09840542,0.0,0.45200422,0.027416889,0.46121278,0.13402037,0.093572594,0.15307823,0.32769474,1.0,0.38404033,0.3764324,0.91538316,0.7683612,0.01609126,0.66410923,0.44871718,0.005231561,0.19829458,0.049610022,0.04909559,0.2432555,0.005795412,/content/data/frame141.jpg,0
,,,,,,,,,,,,,,,,,,,,,,,,,,,,,,,,,,,,,,,,,,,,,,,,,,,,,,,,,,,,,,,,,,,,,,,,,,,,,,,,,,,,,,,,,,,,,,,,,,,,,,,,,,,,,,,,,,,,,,,,,,,,,,,,,,,,,,,,,,,,,,,,,,,,,,,,,,,,,,,,,,,,,,,,,,,/content/data/frame142.jpg,0
244.13983832465277,77.68985366821289,80.70773654513886,110.19060516357422,0.9643272161483765,236.12129707788972,237.16115933375423,239.63843778706755,244.76012076151096,252.859561907845,262.3505649973219,272.49401391132324,283.62339234447273,295.3434772929156,304.1467690266045,308.6555158665949,313.65024056405525,319.5719730884686,325.45797113556614,329.1405611348702,329.3905606100481,328.1421474048557,273.2174124557496,279.77582397145613,287.34039667884497,294.79898757845586,301.02431341257454,317.5839964925828,320.65418235505604,324.09708969232867,327.16572290988984,329.119178771183,309.3672498705653,311.24765260652987,313.2418634264026,315.48773670661285,299.1945489687921,304.6746840595921,310.4274226134264,314.86148486871366,317.9974650445156,279.20992430824725,286.64191138602763,291.7581916290639,296.2435463365724,291.85881405338915,286.68335203043137,314.4310318001035,318.527484423653,321.8437053938383,324.6751701307232,321.58607667868654,318.25254805252735,284.94766841058333,294.6137420657011,305.2099051932571,309.4062315037378,312.5092357084128,314.2940522642084,310.83838486545045,310.13514706054195,307.307402366289,302.97745401601753,297.3902258335178,289.6162352177131,286.3496437145894,303.6532880323008,307.98431614070904,310.90756031922206,310.37650058917916,307.0409937200102,303.54919777162377,298.78536792362155,113.45240274795133,127.82944933176859,142.81844686925706,156.66148212140922,168.5597468660402,178.19400312263042,186.01335934307332,190.78388842039146,191.71019479862787,186.64882459164346,177.1500425147138,167.03477371179378,156.92996358805283,146.78305077842288,136.04316947842455,124.93298236690362,114.70122578834898,106.48171277869632,102.46635629637767,100.85391485160397,100.92842604448961,102.34008764594182,101.22081587834481,99.14040962151483,97.69028262161982,97.48824568762083,99.83594725343318,113.16629442676057,120.76728335656617,127.8811319155794,135.09384927712637,141.77878953099514,143.44683457909105,143.77519927437277,142.1211595562703,139.7799207763863,118.26767479565359,117.63297404737013,116.50560803447024,116.26021920535095,118.82090109328601,119.4372420125207,113.45888523749527,112.92012139373901,112.9315849573155,113.39880497270077,115.21378382331058,115.13375561804713,158.47241779009073,152.87485703155198,149.70847023610202,149.98418687040683,149.0587789770434,150.52546883624126,154.93412919025175,164.55404909610587,172.30843067363054,174.4065425994702,174.21543329070244,168.50764262485478,158.82229095219972,153.0037344406979,153.08293509410467,152.17837362608316,155.25857680674525,166.99750235245847,168.6549547367889,168.4917851549917,-27.7348112201387,2.1044210807980757,-22.795877515022617,0.49465343,0.56074804,0.40291116,0.38093197,0.4679031,1.0,0.47656465,0.9456218,0.48613244,0.3922739,0.6823606,0.11037866,0.3648368,1.0,0.2316935,0.47495502,0.3462828,0.71495664,0.22091058,0.807272,0.25239304,0.013413737,0.32219905,0.13568741,0.028795639,0.24665077,0.0008603859,/content/data/frame143.jpg,0
249.97298177083331,74.66871643066406,73.63897026909723,107.18129539489746,0.972082793712616,240.8615537239162,242.93395472251726,245.96905457640912,250.6839576408698,258.5050396828799,268.23102958967587,279.0531179614118,290.60886585519995,301.7953288862443,310.04838042166307,314.4934522832833,318.90988320808094,323.3384880642689,327.0917233778293,329.05107470436025,328.43221274880943,326.610393115693,267.10522841870835,274.1503430772932,282.26238246284197,290.31702114858916,297.6559622274274,314.73266850186224,318.1822608214002,321.82434384829287,325.4138903815975,327.9360100515994,307.3942410586684,309.69444713172095,312.0840334730856,314.6153679198703,300.2854700781065,305.28124367865837,310.2250327522846,313.89663066321555,316.3649795808423,276.07646907722113,282.58724934165923,287.7401877831637,292.1999250923593,287.69587712608813,282.5588498902515,311.51261765190173,315.74942175906307,319.42810324216316,322.34323084209234,319.3258360855216,315.68250346743457,286.5264360908641,295.37635524357245,304.2220043208498,308.07824274660175,311.11405172433086,313.6457388164833,312.87788419306673,312.09679770215666,309.4175438560168,305.54095165958387,300.60437648358874,292.73799292768183,288.33128274910763,303.418609177329,307.36459584916815,310.29316997029287,311.9607915832678,308.9803479282722,305.5481578910114,301.1405967638325,120.77839955374681,134.02047459740683,147.7657017518823,160.57061536571416,171.46913578780368,180.0315799699796,186.1772611188647,189.71189463545096,189.06937477544767,183.44902789762858,173.53920242739446,163.0826463117175,152.60668703461178,142.63295609078213,132.5753722114693,122.11660056293857,112.52200172043644,114.53745432525102,110.71436839716745,109.42964299151042,109.8267523403885,111.1030602544419,108.00407409246365,104.58029004750101,101.85878775306632,100.40867550304594,101.98248194889929,118.35110315664599,125.86154487725545,132.9699057159222,140.06915527155536,145.98476598281152,147.1690181234802,147.41042687630204,145.420993366663,142.46906032302797,123.32867335663968,121.87438685873389,120.77585820723806,120.53585236968351,123.15727620861765,124.00891477168454,116.1939484436333,114.48735185132065,114.01694209627853,114.12150528091217,116.42205633312881,116.94737527178751,160.40251085215823,156.63904115673006,154.4447820180693,154.29153460717987,152.84198582312752,152.4657668791856,154.3532398803289,163.41093615046276,169.8486459948462,172.00711162868242,172.44331094995295,168.58088589785842,160.59177408777794,156.25027263741916,155.91939928804507,154.5465892024921,155.0999894451072,165.69226803013817,167.54571075329557,167.9185335690222,-28.729850788448385,-3.6054086230493,-21.952440236400808,0.4166765,0.4173279,0.48468444,0.38184014,0.44171965,1.0,0.43492597,0.21366331,0.48529997,0.40262184,0.5882167,0.25097442,0.33000427,1.0,0.17186402,0.34504715,0.9961479,0.1844807,0.079317056,0.5682546,0.4618934,0.054026537,0.16596729,0.10186259,0.074520364,0.13786827,0.003861454,/content/data/frame144.jpg,0
249.8445095486111,74.68278408050537,73.72677951388891,107.10230541229248,0.9739418625831604,239.90136607237636,242.04471817737647,245.22864735898386,250.29005380338074,258.47733583722834,268.49263285284303,279.4882088106325,291.07853101736674,302.19207184377643,310.28991308123625,314.58733057578513,318.91681514871857,323.23479356978066,326.88957486303855,328.7605195885389,328.0079084762854,325.99184987934717,266.88462514715474,273.92645903743005,281.99055553521384,290.0941958119324,297.52344689168297,314.0414931328476,317.4652474433243,321.11091267750965,324.6862233852058,327.29340861939824,307.2018212584751,309.5904202493265,312.03789059645726,314.61072590722006,300.3001831640708,305.2866521556422,310.18357693334895,313.8228226234143,316.23832547936047,276.04875036477875,282.6199313178035,287.78852231642577,292.2367761161329,287.8296058666829,282.70221332662544,311.3108274312684,315.5389858585275,319.2145961976831,322.15915988365174,319.1980417408295,315.5538320118742,286.5372091490275,295.3849036993575,304.185646715187,307.9899007350192,310.9707524645396,313.47776829668794,312.74027145716565,311.9870475006048,309.3989753482493,305.58578146208293,300.6847659486243,292.86710946795284,288.34843985732573,303.4020639837484,307.3126158486987,310.1797696380892,311.83500848849326,308.9053215980867,305.54361011318014,301.1661091887621,121.94586561828936,135.19629878767148,148.9336788923271,161.65995781642278,172.39649980658297,180.71950770313452,186.6100675986404,189.9439329703295,189.17506616282233,183.45235666255883,173.48269739646065,163.01020703669656,152.5486176450503,142.58309507802704,132.4820190107613,122.05649550660539,112.53886637136677,116.23437882940507,112.44092619049079,110.85641723371427,110.77516939966102,111.63415496257105,108.15788755550422,104.7463058650832,102.07034800877,100.68741886580423,102.20369143922895,118.5057215528667,125.94063378190685,132.95331160425775,139.9776334684492,146.17201858990126,147.27809531700012,147.4525108068855,145.46465836919526,142.50288141874256,124.35773737171418,122.78519803031652,121.48106151389749,121.07998938719805,123.84371037860751,124.8530151592914,116.30214025841866,114.47450064378981,113.90960757316915,114.03252115957159,116.37169042675444,116.94509054241718,160.57310141891463,156.68047524995575,154.39173923899477,154.2059937899764,152.75754392999602,152.4232526814183,154.31809833490712,163.21959295487278,169.5708892006802,171.72593322598235,172.16918819241533,168.44449668479106,160.7212182274588,156.19557751283506,155.84549020223417,154.48866822676354,155.0778414227879,165.48322533089197,167.32092325271597,167.71009470902112,-28.732164152004568,-3.452689146137887,-22.257409082524553,0.31230623,0.39048827,0.4011763,0.39992175,0.4479066,1.0,0.5470017,0.7353143,0.4984299,0.6246841,0.8101152,0.14858252,0.21741419,1.0,0.19602583,0.34533033,0.9981846,0.21255714,0.06995889,0.4273848,0.4187605,0.05069876,0.16869509,0.13941555,0.08044885,0.13791803,0.004063173,/content/data/frame145.jpg,0
250.85978190104166,80.84703254699707,73.46603732638889,102.97665596008301,0.9779331684112549,242.90445708571787,244.72765810874284,247.83500943596613,252.9728075407241,261.01668829255493,270.7842405469953,281.378455698189,292.52957361254494,303.2647968969136,311.05659647107564,314.8167617974909,318.846922952358,323.33558426602485,327.43005329055427,329.8674106728763,329.63625293819723,327.97508292510634,271.50775748031356,278.57597751470996,286.11685781321205,293.55241565354936,300.38735301678776,315.2488273045649,318.58402743158626,321.93152051868856,325.1850818383182,327.81443478111305,309.06744969378883,311.0472644276829,313.0916669188864,315.2707690230077,301.15637378915926,306.1616782375868,311.2611354174189,315.1783692721299,317.7060567098338,279.8882565274457,286.51299826768286,291.14475582368163,295.12033888735664,291.0044068995703,286.4221931398473,313.4385066374066,317.76023706594833,321.0320205444996,323.87182690154964,320.78410637831416,317.48384064893435,287.85388106140977,296.6173474299362,305.3052735955928,309.1404119841193,312.08076429567177,314.42049981285754,313.453156546095,312.8537697842828,310.4010775050833,306.53372257527826,301.46109778224945,293.7445069650594,289.32525778788295,304.6197992858922,308.6348980660646,311.5256955331447,312.72817388536146,309.8234630560328,306.42223890614423,301.9338943074465,121.75906475691511,135.27036471762676,149.1569166757754,161.72483690814465,172.60535134323595,181.12193471059277,187.25640904407987,190.66260488243734,190.01968086056627,184.05545187118355,173.7333427539918,163.3268180493301,153.38433233269575,143.91249979111853,134.19346016793816,124.02767566713783,114.78256685067186,116.47074602171165,113.26323358550076,111.84080036995488,111.56205068706561,112.27611404682852,109.93739496372973,107.37026914690466,105.04752943881817,103.42690998997261,104.19806674701965,119.1742728737305,127.08801875920449,134.68148847351108,142.28771517215569,146.70145498196212,148.32804413970257,148.8627547586325,146.78853686754428,143.56475412047735,124.06612707402962,123.35606316143503,122.17371462341907,121.07807601503316,123.40566588142599,124.22801998150624,117.37258821357932,116.76753004418038,116.40439423567875,115.84353990086674,117.72560019126536,118.04230779493173,159.90252526494578,156.78540917329633,155.09433537474797,155.0137203669076,153.62081529813486,152.90027401243356,154.16124888290233,163.35572749709377,170.33040981636282,172.66029034218354,172.9482284419098,168.52378661233251,160.34194150548933,156.82686200693047,156.59170482508307,155.15988064242924,155.14258653202182,166.3901515199425,168.4072355036924,168.63698643467137,-31.67112471185904,-3.010741574136473,-22.393076455007563,0.38488802,0.44261035,0.2929715,0.38701138,0.43727803,1.0,0.4824224,0.07746034,0.48391977,0.39083022,0.79454726,0.13964725,0.31902868,1.0,0.19593747,0.47154742,0.9897546,0.37587538,0.22502191,0.33001992,0.5632311,0.008510734,0.109530665,0.06594526,0.10908579,0.14072146,0.0029750017,/content/data/frame146.jpg,0
252.748046875,80.91753387451172,71.60601128472223,103.29994583129883,0.9822690486907959,244.46812165981729,246.2690031425626,249.36714887445885,254.479270352491,262.49959359204115,272.18632416755685,282.7405082102283,294.1324066537906,305.09269704135306,312.86230702226095,316.35528411392505,320.1757308095465,324.4990965172066,328.39273456448535,330.6290162959661,330.08708553985815,328.2429309449769,268.32181932233595,275.4886424429642,283.20955054678257,290.7371879685244,297.616140622002,313.5491501526929,317.0504394057354,320.6034561626092,324.11529631916136,326.8766997692959,307.45541228884014,309.6859087560015,311.99172448813295,314.42744637258,300.50731722987,305.62322720634376,310.8167173556825,314.84313571596675,317.44496044481184,277.7892935521592,284.4277439754612,289.3236624417473,293.65808886548155,289.25211135660203,284.3640875964785,311.66741719979336,316.0154016823093,319.66650933203607,322.9943736500797,319.6218453182295,315.9801581180649,286.837990008857,295.4867569801414,304.4945982400908,308.5287376747221,311.6560609402035,314.513508644345,313.8527398405836,313.7993499044766,311.3589805982456,307.1659200266472,301.66489468348345,293.1445376754665,288.272842694584,303.8919997888024,308.1637044899223,311.28128959656215,313.13335736907567,310.55017404748185,306.8530650495401,301.99525322530656,123.47103959658844,137.0401295399659,150.9763288613408,163.4875872876456,174.14598736253248,182.59664043237717,188.85788497232744,192.41472162914133,191.63521821795695,185.47991863978876,174.91389807931444,164.14257082708764,153.64216092709347,143.69458733893572,133.57587927802552,123.22238775396804,113.92870788853824,115.98745663015215,112.65129862219987,111.49823190149445,111.66191867765183,112.77180279642297,109.83877722673515,107.1150518805554,104.62277405008972,102.92040276256026,103.935709262021,119.85340594430595,127.56327919210776,134.87274639057722,142.14164654722617,147.38309602057132,148.80444606192594,149.19854595149252,147.03024661720528,143.73153766698314,124.80697017332469,123.68563004902711,122.58245476806182,121.95874712116624,124.24384894714277,125.03262873042544,117.78029748212411,116.60491353169118,116.1183824075968,115.71320702478025,117.78653345030489,118.28867296632092,161.14018119427055,157.4232042834874,155.2277297229337,155.0134606740683,153.44810705470036,152.6343058185217,154.36933097023947,164.7542202985436,172.80368043444548,175.45858477870604,175.85860292717405,170.89874731556537,161.6101988244265,157.20439125306848,156.78850980639652,155.17041644665613,155.3366596742241,168.56991613215058,170.8935309725137,171.22557411237614,-28.510538371805623,-5.534047331533072,-22.189071266459386,0.39062133,0.40224266,0.5660047,0.35684693,0.43242177,1.0,0.4904108,0.054329455,0.48441324,0.26715383,0.7958144,0.19413492,0.28111565,1.0,0.10918288,0.34646362,0.9993224,0.1493017,0.040255025,0.45135656,0.54938525,0.0055350456,0.12729539,0.09536767,0.09344148,0.12566654,0.0033085675,/content/data/frame147.jpg,0
239.97607421875,77.32760524749756,81.2080078125,110.12057590484619,0.9547468423843384,234.2860164953251,236.67296887153483,240.71514668484883,247.60571795775982,257.45357246781424,268.52642565288744,279.66174292453235,291.26926049301346,302.58944956441474,310.58211164538676,314.1988614160836,317.6038767973699,321.76232854826577,326.3406810518536,328.7379377772541,327.52276889607447,324.5959635333386,267.97876514781717,273.9252036259263,280.96495068442766,287.9112438135207,293.8355691937104,310.24110916584135,313.8162004592823,317.84141439560824,321.5922526361111,324.5310695658379,303.3299134416741,306.0103280905664,308.69705964223044,311.62432971477125,296.87159711347164,302.3734225166369,308.1424718104923,312.40453809500525,315.3382668461904,274.8121849911633,281.7651179569601,286.51227038984854,290.9171758660869,286.6443661209997,281.7904643324204,308.8281944480223,313.2121407244161,316.8063166256073,320.38028158850415,316.6440462628874,313.0319199609274,284.95464188820984,293.52765562756105,303.0746774886628,307.33547566675907,310.68189823044156,313.82035921821426,312.85645656561087,313.48138885951056,310.9979166506458,306.49361841122123,300.5669379762576,291.6461086390349,286.2457238727724,301.9602403650225,306.48526938760784,309.7386160908758,312.61541395274236,310.25094683611786,306.4561738279589,301.26067882703137,120.61937942852276,134.2684380578497,148.3335025415886,160.9885587128984,171.60369636946083,180.20605771445685,187.47522964070433,191.8883581175581,192.13063733109388,186.47230711736438,175.84709549740427,164.65996308251346,153.77861759568174,143.33179940574018,132.34370456321767,121.29576848776802,111.40995742602215,113.05412040683868,109.03802738498851,107.18490645893473,106.52918123313262,106.87240092979803,103.94657618351485,101.41481747534638,99.54825934713747,99.03750388936957,101.01786866115384,116.28182143002623,124.1342474818241,131.45641601692319,138.63216551951177,145.26092007598794,146.67879694935078,146.63483855238255,144.36690505217854,141.55775791089252,122.69593912992057,121.55556489801717,120.27772714289421,119.96386686652968,122.3365884895191,123.16441781009897,115.33191126841265,114.14903971867334,113.83252902113341,113.92307260693318,116.0188035568923,116.30521838723715,159.10326254018355,154.99269165206675,152.4111499214941,152.3405061547125,150.98681436948692,150.98928757082146,153.65533559794892,164.0679700496998,172.59593056728815,175.09283210187073,175.3098200750078,169.53716337283646,159.52571525858377,155.39398825968814,155.1579235552382,153.74040899799442,154.1138308937594,167.40494088853694,169.52278887463416,169.70687696887205,-24.380899997748447,-3.8561130795589356,-19.737868149276306,0.39096662,0.48115107,0.32906267,0.41336697,0.40634558,1.0,0.51099,0.18189678,0.47677836,0.2776644,0.77890766,0.07115836,0.3740157,1.0,0.16156182,0.47368056,0.7287753,0.4834869,0.21752967,0.44125998,0.49715313,0.004847542,0.1026153,0.055583965,0.0071485527,0.33019722,0.0024542892,/content/data/frame148.jpg,0
,,,,,,,,,,,,,,,,,,,,,,,,,,,,,,,,,,,,,,,,,,,,,,,,,,,,,,,,,,,,,,,,,,,,,,,,,,,,,,,,,,,,,,,,,,,,,,,,,,,,,,,,,,,,,,,,,,,,,,,,,,,,,,,,,,,,,,,,,,,,,,,,,,,,,,,,,,,,,,,,,,,,,,,,,,,/content/data/frame149.jpg,0
,,,,,,,,,,,,,,,,,,,,,,,,,,,,,,,,,,,,,,,,,,,,,,,,,,,,,,,,,,,,,,,,,,,,,,,,,,,,,,,,,,,,,,,,,,,,,,,,,,,,,,,,,,,,,,,,,,,,,,,,,,,,,,,,,,,,,,,,,,,,,,,,,,,,,,,,,,,,,,,,,,,,,,,,,,,/content/data/frame150.jpg,0
,,,,,,,,,,,,,,,,,,,,,,,,,,,,,,,,,,,,,,,,,,,,,,,,,,,,,,,,,,,,,,,,,,,,,,,,,,,,,,,,,,,,,,,,,,,,,,,,,,,,,,,,,,,,,,,,,,,,,,,,,,,,,,,,,,,,,,,,,,,,,,,,,,,,,,,,,,,,,,,,,,,,,,,,,,,/content/data/frame151.jpg,0
240.0712890625,64.77777242660522,85.08083767361109,122.68458795547485,0.9811084866523743,232.39980105624096,235.76856078312778,240.60532431417812,248.25539781997284,258.80294095216817,270.40105487555115,282.62365214903076,295.4458334673833,308.08366778868196,316.64838820439945,319.9571482838969,322.4790376678114,325.44688567402545,328.11719685478715,328.4639004845279,325.7818745645684,321.69428176784385,267.7355875420083,273.49968236913145,280.7417780166212,288.40632821978784,295.54068336700027,310.22447275770446,312.78540249719265,315.8312610138697,318.81186799446095,321.1877048546243,306.2643293033832,309.7431944161008,313.1143278036265,316.60016033426393,300.3948325362795,306.2818706993805,312.2898997419263,316.3851795135851,318.75295207013596,276.8704164902651,283.1300886608817,288.0235502133864,292.52459871556516,288.7813227253141,283.9921179641268,310.1990425598055,313.7301896321787,316.9159581127279,319.77960197813775,317.53518957412797,314.2815370318305,288.7127542068936,296.8602719556307,306.2146008936201,310.4596187249574,313.5639544116824,316.5003612864016,315.39821054240156,316.71305180975406,314.85226859544326,310.7020216879531,305.03633505763395,296.09105673215697,290.3809330686562,305.6128143022763,310.0167928081961,313.1274816568531,315.10936105163523,313.2006307699262,309.6437200464034,304.69526503281077,121.54476426395071,136.08980200207426,150.56729790678565,163.64693145983733,174.56257626786612,183.26252952686215,189.94799517320416,193.76893944558216,192.63853292613882,186.26552175066948,175.1736468997127,162.65248611577243,150.2988504899031,138.29276967707204,126.30428729829424,114.51558729203754,104.52316923381957,117.75645014715842,113.04994617965605,110.0062814343643,108.72633868220994,108.52035232421107,103.05688315265078,99.12758412400757,95.69141857753448,93.80157227991054,95.17571557535186,115.7801341566095,123.49302191848098,130.78496443938866,138.23786396683948,145.69476493329717,146.84627553346758,146.5861468976783,144.0265070957647,140.21293389524152,125.46900445577931,123.22083192761502,120.99858977722558,119.96100172509641,123.6545536931271,125.40352915501215,112.98856445629394,110.77223232601662,109.43495316493474,109.23746547728273,112.15703296284795,113.30858305090331,162.959087604589,156.8011888760816,153.139073652003,152.68756917564124,150.96742425730247,150.92429471186648,154.37973912127404,163.66050651716986,170.87376723357056,173.50976782986538,174.3264738162892,170.72554726369074,162.79531818312984,155.70346955027998,155.082246144462,153.38905828890643,154.97763834972295,166.45584511672547,168.69541367351644,169.36113553811487,-26.776497740725695,-11.710985610650923,-27.541403872329276,0.2999363,0.3734547,0.56830317,0.36469057,0.5148524,1.0,0.5941944,0.17573284,0.46970984,0.5577565,0.46901923,0.13093728,0.208464,1.0,0.15349165,0.34646362,0.997996,0.124500975,0.051504504,0.68012434,0.07270538,0.08613765,0.2522743,0.28102368,0.04332288,0.25807375,0.006462381,/content/data/frame152.jpg,0
248.7036404079861,72.69479084014893,80.40779622395831,113.17321300506592,0.9790674448013306,243.06347971735502,246.05869365008678,250.28004601724388,256.42927320956545,265.51410033473877,276.409207406978,288.3216582080407,300.8972575883919,312.34691773236443,319.7136118271171,321.69373237958496,323.55228554116434,326.0158667688761,328.4351452711695,329.54317480903035,327.69682857416956,324.1856372389866,269.1207372090059,275.5106383702911,282.9649746371805,290.8204152978583,298.2834858312791,311.92241133251275,314.85940761474046,318.0284083576323,321.03984422746225,323.2360872842137,308.53186458341327,312.0727637574936,315.63802821633715,319.37786467890294,303.8360428167766,309.2890744945785,314.6776717316111,318.2558959316194,320.33852067045166,278.725115581555,284.70766722706014,289.5566826861035,293.71286601129793,289.76428138810945,285.015038127521,311.0970838561374,315.0387150641725,318.45097201052613,320.89611333169614,318.2859761303504,314.9414805789313,291.70175864485213,299.7329450522059,308.81116683772245,312.879837507244,315.914902036949,318.45834635418703,316.862574002996,318.52112946004206,317.0143996777532,313.2315880335236,307.8936236390804,299.0135944223821,293.3144571789136,308.2684604750426,312.4691084212352,315.37774869265706,316.24375243346276,315.78530462530136,312.46431631207247,307.7604969037926,128.30477183423022,142.61509449454434,156.96621484097363,169.81448280425082,180.37812891375165,188.40318757340913,193.8504557685693,196.05951286046366,194.0252544261033,187.0404477198141,175.64248892925775,163.90505129737232,152.47845317874544,142.03273990436605,131.70913637106753,121.27586477199748,112.32598570738492,117.66117764002371,113.1701497344726,110.47990255284134,109.25455133567289,109.32871570078942,105.48423803020557,102.56446339028145,100.28494934204849,99.21861601077086,101.19479035848053,115.99178327390854,123.74154254746793,131.09097857341158,138.5726994776279,145.5210796784571,146.64578446103963,146.72096067353004,144.24479206448711,140.71431087096835,124.59031250380156,122.12821262064517,120.32830613285637,119.74573298364533,122.75881614099995,124.25104007933675,114.2620099512987,112.59197609764323,112.14102810221709,112.54663724051403,114.59129746587797,114.9952755062082,163.10360341902071,157.24706319807012,153.66516396839984,153.1280187188869,151.31933749067173,151.19709013834802,154.71512156177846,164.25762749110902,171.7006229726319,174.49766052610335,175.3258373646836,171.62884656731774,163.25323540867134,156.2678458782948,155.4395314284717,153.74972202974095,155.47773878530973,167.35725597804708,169.8346145196017,170.62873662296636,-26.58492249711459,-8.358541295918831,-28.476062808332998,0.3530402,0.4297936,0.1833552,0.4340286,0.39998382,1.0,0.44203994,0.9182474,0.48400912,0.45891246,0.8053886,0.27330467,0.3566531,1.0,0.24922049,0.47495502,0.9694026,0.4523771,0.22171053,0.7484726,0.2152874,0.1579141,0.140007,0.13743739,0.19040908,0.14990227,0.009042877,/content/data/frame153.jpg,0
251.67952473958331,77.61532688140869,75.05951605902777,105.69406414031982,0.9775751829147339,243.19874987073524,246.33198886315444,250.88588974143664,257.26138612423466,266.1787350094022,276.6051258463757,288.04332036025306,300.3600916920122,311.55725619135177,318.76154603089134,320.8401889367435,322.7265400428974,325.1009914811602,327.1978611337128,328.14451042802114,326.5660862594877,323.32781100881215,270.0345121779485,276.54940234993063,283.85517154838084,291.4035016266557,298.47595561563156,311.62523416992104,313.9716840031326,316.6363194613443,319.3576309544019,321.9688562237133,308.3516318403026,311.9031107889457,315.44817900295504,319.10731747037096,304.0787108906762,309.37171730941316,314.6260627648046,318.10374266687376,320.0342280522633,279.0523179552116,285.3832434786736,290.1099469185812,294.2342113990589,290.2770191301449,285.61282791274493,311.14986458913666,314.9729681785708,318.0116261556564,320.38176849163,317.9484184289196,314.91378228063724,292.59669961036343,300.3139464983749,308.91575380858734,312.7797863099403,315.61315714200276,317.99390591747067,316.77917754197415,318.20956514730216,316.8122366723437,313.29424776429914,308.227559933688,299.8191330384891,294.10722895844197,308.3549959640196,312.36500875520494,315.044794109886,316.2656232670446,315.5664222817364,312.5370704536298,308.1162490177123,127.62206880776097,141.0415583148975,154.6024846548912,166.8717840430977,177.09214309193317,184.85174013963604,189.97675204772293,191.694851609055,189.38855202541873,182.78964569854008,172.33610373723036,161.25193599563931,150.29109173763368,140.1800326903723,130.25643471234824,120.1015021999371,111.16658994302674,119.0241094502945,115.15191989390637,112.68174212628045,111.45077901891368,111.43753419924582,106.49745837765136,103.09887318207473,100.24102362507821,98.32627969274427,99.1469085346221,117.16886325882295,125.13730435089468,132.73765360961164,140.4016490651229,147.2985487148711,148.21646310075616,148.0514093634227,145.48238305723112,141.7772808320638,126.4501819808134,124.82806200310179,122.92071725298811,121.32022972475112,124.59033185373812,126.14907400856993,114.78030518043445,113.6271969676735,112.90338496043108,112.18215085473364,114.61456727861473,115.29086954316158,163.81035586233656,158.45402075960553,154.80791543665734,154.19853277467888,152.21824323862052,151.90817686951266,154.66649372345728,163.5310655553679,170.61202435149346,173.4919864070793,174.51539064093538,171.37499249085323,164.00593618746615,157.36030256014973,156.41487795807097,154.623085187765,155.57944130196688,166.26988561141104,168.70429405012231,169.63832599053472,-26.759993932827104,-7.414385732676652,-30.207440131494774,0.44578344,0.45670095,0.61801136,0.45371163,0.47348294,1.0,0.50373095,0.652465,0.47679234,0.29426345,0.7570634,0.25674927,0.31249565,1.0,0.20417666,0.46695316,0.707407,0.48607746,0.025268642,0.38933527,0.13155432,0.10186569,0.13107818,0.044638667,0.4801935,0.104054816,0.0066148243,/content/data/frame154.jpg,0
251.66197374131943,77.6535816192627,75.03200954861111,105.70802879333496,0.9773762226104736,243.24552714737806,246.39153639599562,250.9424929228283,257.31049773550745,266.23203212971544,276.67282028108986,288.13031667434575,300.4482314461455,311.6278220672164,318.80256338384714,320.8492339980551,322.70294473599984,325.03476439504897,327.1295672365322,328.12337751261043,326.5992356805251,323.373075990769,270.05599241884823,276.56072723436205,283.84011040231064,291.36771553404293,298.4115864890797,311.6038693659899,313.94279620280196,316.6164484297652,319.3599022153533,321.99737588317237,308.3436405879362,311.87490990688894,315.40223247393504,319.03927776831677,304.07125896651394,309.3620462355706,314.6153242398592,318.08882127659234,320.01225796488774,279.06857429669566,285.3782133022037,290.09109250879237,294.22269908471696,290.27401916708607,285.621743772581,311.1777713766207,315.0149064075108,318.05226467607775,320.44865380118574,318.0016449365855,314.96226792710075,292.6346531393846,300.32238903477736,308.88600142034835,312.74593234587167,315.5711716015251,317.96176157201165,316.7738950996961,318.2186860481412,316.8474165854053,313.34115092268866,308.2776043213603,299.8703044816091,294.1325664611938,308.3365560926555,312.34448265385043,315.02052410227446,316.26658626314446,315.5987761823894,312.57210892377645,308.1523818978396,127.65347159810716,141.0728968519893,154.61375655486103,166.84383341425576,177.03136031037957,184.76588260576904,189.87333493185196,191.57786298422207,189.27184842911424,182.66183287236663,172.19175029520238,161.0685332032807,150.06054312104726,139.92411985736982,129.98926069154518,119.82366397531644,110.8891438600363,119.0374664590169,115.17736541487693,112.7255667661141,111.51878688403903,111.52299826490494,106.47910603442199,103.05839113381964,100.18145850118205,98.24504176243508,99.04861216990986,117.13119284893621,125.10481875025604,132.71365363123925,140.3777316976744,147.25120428543147,148.16957262563903,148.00050496398308,145.41795314645105,141.69280153029135,126.50097467640325,124.88623901032297,122.96571702099311,121.31468182253008,124.5973095517781,126.17134906433827,114.69836431613844,113.56807354452994,112.83398525072192,112.06662175549414,114.49937846043153,115.18640816445614,163.77549087497346,158.40836193158475,154.76034587663491,154.13952633821657,152.15561815231712,151.81439801142295,154.5742663533124,163.4088134281987,170.49538793643222,173.38859903047785,174.42618649724471,171.31210851297527,163.96373279493451,157.2903650653406,156.33590133509028,154.5369839133667,155.48348609235708,166.16450063253188,168.61125242900027,169.56273719325213,-26.5660454386715,-7.431733280689085,-30.246707265626092,0.3638394,0.44618505,0.24491748,0.3890597,0.36039358,1.0,0.44824106,0.71864694,0.47884303,0.35486624,0.8183072,0.19490097,0.32882467,1.0,0.15452507,0.47154742,0.9380488,0.34014124,0.3549478,0.42372742,0.1276483,0.08715878,0.13302115,0.049765103,0.48339018,0.1124535,0.006562949,/content/data/frame155.jpg,0
253.8897026909722,80.9181261062622,72.86851671006943,100.76089382171631,0.9838194251060486,240.58787450140287,244.20145734715345,249.21362687534594,256.06947090166057,265.46069471747137,276.18246951579147,287.5924172840504,299.53404564245557,310.35793615088346,317.17285713881006,319.4565259189743,321.808199769403,324.7975977245892,327.53963768681047,328.77616820032836,327.31287724480103,324.30033046747735,270.3858624750408,277.1568605188463,284.5505380951141,292.1740534941674,299.1367247942487,313.3897183598027,315.6084090016134,318.1894738420217,320.9750944167789,323.72539357892845,309.6749377931161,313.00957174669975,316.37077063129175,319.8669130232631,305.1741062510581,310.39779075437673,315.5385517372987,318.9624081124459,320.9040984495073,279.56727486579797,286.37279795083936,291.315298497089,295.46932291894814,291.35420177912454,286.43777248570257,313.2083402755143,317.172525617696,320.3515248221952,322.76563995375693,320.37265568972543,317.2037967071277,293.2433388126284,301.5907017362845,310.25782398142144,313.8878864895071,316.5950806998495,318.6112047339956,317.26597132997335,318.3493102608777,317.1312079971125,313.78447352286605,308.9473714664514,300.6886039570345,294.797358448694,309.4940714044602,313.3641984410017,315.8971855128922,316.80695872663046,316.11663807643106,313.25565410407364,309.0126378840346,127.26492746661052,140.62841384826766,154.24263829685685,166.4418729748395,176.12476149946076,183.06021203328635,187.61378426040108,189.24530776734673,187.09906890291722,180.86864126000103,170.9198079390859,160.4490666939082,150.0262158357491,140.08453904670898,130.10927772741957,119.92112580055522,110.90627754517504,116.676287223504,112.93601196244896,110.90676041288464,110.37509784019022,111.18360216405767,106.2452420282433,102.63044390536538,99.40733257350067,97.11191821647509,97.64604377483747,117.93329637279516,125.79943838195743,133.2683280092299,140.71555345239733,147.60229200339995,148.4410188010014,148.21920234777974,145.72040519252073,142.27498553099883,125.42721944766868,123.82630038443625,122.27839226803832,121.42377768139511,124.32530452390648,125.52814600595434,115.40255427540524,113.86905291350695,112.90531743147648,112.14512510300091,114.94177596178099,115.809669410438,163.0685014997773,158.27385576690313,154.84877420503005,154.40191257121512,152.6346023401435,152.4405183488101,154.72836717780365,162.857272101263,169.39999984059398,172.07403473255079,173.0668683993198,170.1103703112126,163.29664568208887,157.53936353174709,156.7653265932696,155.15684380375035,155.59744257130205,164.93126098377206,167.106752983026,167.96996910118264,-29.565359292072202,-8.873446611425464,-31.889274220954487,0.4525188,0.42442244,0.71653414,0.40319884,0.4200704,1.0,0.5773485,0.8039024,0.5017853,0.5562362,0.6956894,0.24261934,0.26169017,1.0,0.15316013,0.34533033,0.9286682,0.1656743,0.1697393,0.73187083,0.10477647,0.01708164,0.41335112,0.17218964,0.2014336,0.089725725,0.0014419083,/content/data/frame156.jpg,0
256.4085286458333,86.32273006439209,71.94962565104169,92.11848163604736,0.5580599308013916,243.82253007015055,245.9496477049244,249.52731748431958,255.98713714416547,266.094047290918,277.62549977492006,289.3060705972486,301.38024807626306,312.32200381578605,318.66152302049096,319.7469334775523,321.1298756067509,324.2602142556654,327.78924284148945,329.8851356121229,328.698744788625,325.50332829296025,280.04465029368913,286.4326797390236,293.18236991212154,299.878838833106,305.83442707394187,316.35385216438164,317.92771874080915,319.90822796863716,322.19202750361904,324.96272819473603,312.5353170980112,316.35837868870254,320.2795347394948,324.2813841576203,308.55185050791374,314.068688742159,319.56496983538364,323.3747154062023,325.4619109248655,286.03482328876134,292.8609405635479,297.1950447734191,301.0239177097451,297.8698922268661,293.5891772842033,316.3939056452356,319.1427248410547,321.61682288467676,324.0952893207657,322.274190179429,319.96340939685757,296.81954091960307,305.4619343141792,314.77361419200315,318.5228545621833,320.6424209891267,322.0745618914025,319.6229712816671,321.1466309944481,320.4990546969897,317.44398022175415,312.39185197346535,304.0934546607948,297.8209701845334,313.82886201907905,317.84859351436154,319.8582780692534,319.8557018377986,319.0861334038027,316.7965752338042,312.49664727087975,122.2562758149723,135.44652815307057,149.32427190410897,162.14515458656112,172.08895337311458,179.08215012931169,183.90784674032017,185.84627312850114,184.28157819960586,177.74232528563843,167.42488069455348,156.69329536665734,146.24544470663648,136.152145429776,125.92882882478739,115.60474599024786,106.73353909734048,112.46078494099353,108.76149117578353,106.54330318255914,105.22649640688446,104.93911811753983,99.55745132153922,96.74283444959285,93.92839877039586,91.49856940986106,90.92165499024735,112.9722887780809,121.26027244928251,129.06170417219326,136.85643176337692,145.33593617067365,146.14510345644322,145.3351191560946,142.99889232268293,139.55584793247402,122.66720779291265,121.82443419375346,119.69372276551633,117.75350092190966,121.28426895812774,122.74137822126812,109.58340784228221,108.21068168973511,106.60656910181555,104.66542152798023,107.74634397251829,109.15960788472225,162.48601438669562,157.02620904112808,152.7703603325075,152.1019765185929,150.22750128770235,150.2802843828037,152.745566575565,160.14854885376087,167.03393921849022,169.839106064953,170.98923857209306,168.40097591870682,162.47348243726572,155.92813485809185,154.9998811086022,153.2631782555133,153.51116853555624,162.49969938089427,164.73427378748988,165.84697516702158,-21.877114009961247,-4.246867099671185,-39.56743940826573,0.28335437,0.55842805,0.31687883,0.31830284,0.59689236,0.0,0.5579161,0.89698756,0.49502498,0.38369462,0.61050487,0.14899011,0.20721322,1.0,0.38416666,0.32646874,0.96884054,0.21457547,0.017369218,0.49123535,0.40446854,0.012128754,0.27084777,0.041009784,0.08385787,0.18171446,0.005972819,/content/data/frame157.jpg,0
259.55967881944446,76.91152381896973,72.78266059027777,108.02444458007812,0.9753965139389038,248.7569425208203,252.5702496822505,257.19761811358876,263.7045258691069,273.0896360046045,283.75703007551056,295.24060634342277,306.8211812225891,318.05671719117163,324.8494324287349,327.1377930066483,329.45754639621737,332.7114889757577,335.6282620955317,336.7866668900897,335.08626284571073,331.4973992209234,283.41818782624796,289.0630604089365,295.3674679172782,302.6318904765212,309.52069259711425,323.29437177102955,324.45480091130594,325.9262530002379,327.7497326283883,329.5540968698697,319.6618842686621,323.27897283585116,326.9258471005378,330.65806839883226,316.25670297503166,321.1115089657833,325.59339493326115,328.9041659966133,330.8618860160277,291.65136025637185,297.8037332200547,302.5782066824322,306.29952587458683,303.49213696219886,298.727862493517,322.94256057410166,325.7543767769348,328.2005204232264,329.74488759057203,328.71615681964613,326.26130539616133,306.81081224566515,314.2024479349857,321.9161245767573,325.0395741225657,326.887106377515,327.9978463295665,325.77716225603217,325.97157671010063,325.032913870622,322.7650208186933,318.8980878120019,312.48566368861066,308.60823035431895,321.06994806647344,324.312826283156,325.8844912116583,325.76641468009984,324.04609169197283,322.25885712399395,319.02951575348925,132.8129432204223,144.64078574788073,156.6645262193997,167.78001539627803,176.35824219000642,182.35357383030714,185.97106417603572,186.78115015635558,184.3540214520981,177.7086662204165,167.65585037454366,157.21219672783627,146.4830948818162,136.5070496430344,126.48549912139606,116.75302439569168,108.3049738487698,123.70613426214004,119.06067420675754,115.25369505732488,112.55818601517421,110.73336583747368,101.212203444029,97.84263556834685,95.04763032046321,93.33239137616329,94.23706529650008,115.80325083429307,121.87192251107808,127.68241670692078,133.61878734654601,144.60994924497209,144.44735256062995,143.4677469426715,141.47098486632967,138.86174231252153,131.16399773514422,128.09104479789494,125.00848008173853,123.24449458347954,127.98785338857488,130.26033598766662,112.64013724747201,109.81479578822655,108.50448393643092,108.56690255049944,111.97199112600538,113.02254156223171,164.41708266138085,157.62860155150338,152.10709815998052,151.51085108081315,149.84479137505332,151.39054931426654,155.95185608189422,160.90469603629026,165.47514326569217,167.38119611022557,168.73282547625422,167.8470583268063,163.9734341621297,156.44591233483516,155.45522690099824,154.16193268830466,155.81530546402792,160.0887456345954,161.50982860238946,162.63916626491482,-23.119400547031955,-10.584173047023736,-43.58097194039105,0.29397592,0.4813898,0.38394034,0.28617653,0.5147321,0.0,0.57128507,0.39101073,0.47093433,0.1932618,0.5918862,0.7290549,0.53802186,0.0,0.3081002,0.4590317,0.38227636,0.41049522,0.055540636,0.63264424,0.012738995,0.006957614,0.9180027,0.04134595,0.0118451975,0.0072242836,0.0018852258,/content/data/frame158.jpg,0
255.2842068142361,70.00202894210815,78.47007921006946,116.38205766677856,0.9745652079582214,239.87218787428756,244.77695834290546,250.856333440982,258.95067868643673,269.61615677302046,281.8330521588978,294.5713438269463,307.1933742505737,319.07027635706686,325.97710911553736,327.13384460857634,329.30214824123993,333.45040171875206,337.64514637516316,338.78852137722043,335.96409693509986,331.94581897546215,286.0175787451032,292.75474991669284,300.6468502096436,308.8078792888253,316.093117778789,327.6770879988981,328.66278423449086,329.6388076410987,330.2817843912036,330.56096454481394,325.3890560535928,330.21116108560307,335.073264347624,340.2575760360805,322.5808972808668,327.50477512455456,332.0239924152187,334.7654070030903,336.1112454703545,295.66122275716936,302.6484265688663,307.2204448528619,310.56998237417764,307.62826031310175,303.118948931639,325.605970492223,327.7883838022785,329.3450266767831,329.5400731965292,329.182528144413,327.6499924237296,309.69846214749776,319.2945744439841,328.8681944995779,331.85391877581225,333.3903086443614,332.5178144753483,326.76893255676,328.53985939316567,328.72817988380694,327.048012818849,323.4459828287125,316.20338969407544,311.470163143194,327.50470020591354,330.44633902405496,331.35915607052317,327.2507426614462,327.777637139439,326.6950627767153,323.8318304785469,126.48158822724437,140.43195945331132,154.58588878917345,167.24750539028588,176.91203505460942,183.25405617843813,187.33629800891913,188.35060484108766,185.945591599978,178.81403621562447,168.16156275647762,158.0070069098361,148.14374306376965,138.3948383610719,128.61488820596523,118.95136994329545,110.98778478037246,107.53438088757738,101.64691196954419,98.21418562167034,97.18545278895894,97.95566636439432,96.43845566794599,93.89713836486918,91.77697620228034,90.73024832821086,92.3326540059379,108.33448700077932,115.1946246351614,121.58141380914566,128.28056793256494,139.08399829121822,139.48472145344164,138.80664115787266,137.1006521346435,134.76297410322297,117.14567253316352,114.42783234433256,112.53081743509199,112.74431891340907,115.94870572989737,117.23006422012463,107.63791428731884,106.1765512756034,105.64751745419488,106.42048220861435,108.65736553283733,108.95291957165705,158.96046315691035,152.88069889811516,147.78613974159936,147.53207398131724,146.41343045508967,148.63593356238374,153.08266290571532,158.49491872161866,163.08666558108257,165.03472505773738,166.00846760794087,164.15670355787574,158.98610198072572,151.47645718802994,150.9003494871812,150.06507323416758,153.21385377043293,158.38388097133515,159.64623509962394,160.46648600296652,-20.41785658791443,-7.484542452493009,-47.357395215810264,0.41399494,0.45358872,0.38141805,0.42891985,0.26731944,0.0,0.34384626,0.7828488,0.48828867,0.3971289,0.75230443,0.7341975,0.3631556,1.0,0.21935226,0.60845953,0.9530813,0.6557135,0.07476097,0.72731525,0.060200106,0.031144174,0.78281236,0.05131343,0.055339456,0.017898275,0.0012922274,/content/data/frame159.jpg,0
255.26068793402777,69.9019718170166,78.52449544270831,116.55194664001465,0.9745100736618042,239.81648223127397,244.72057514951555,250.8130449544178,258.934695053281,269.6335925082873,281.8917094310099,294.6800700968191,307.35389634679535,319.26707619084243,326.178355777412,327.32229107656224,329.48669892659217,333.64864401003297,337.8513292994696,338.9965650840168,336.150877951279,332.0962979410978,286.09501995381044,292.8635045764959,300.7819684208499,308.9661397719981,316.26791510836404,327.845419663967,328.83500568666705,329.81197866830473,330.4561941171969,330.7423342503254,325.5664940709937,330.3877435685103,335.2488245995337,340.4344851109021,322.73654614613804,327.6705293873995,332.20045348308906,334.94363568991645,336.29078016879924,295.75186597043535,302.7603401675441,307.3513704040049,310.72149494598943,307.7634242001906,303.2358509819495,325.77724773331806,327.9658812920904,329.5304319162901,329.7374341784307,329.381176207645,327.84036777838617,309.83037067344617,319.4428084483401,329.0478434602046,332.03976850855076,333.5769589207435,332.7084847688654,326.95407864385754,328.7451054653741,328.9470391690442,327.2623770474049,323.64413489726564,316.35922418883706,311.5990391498674,327.6812583919251,330.632126449371,331.546376019936,327.4306481867593,327.981595490638,326.89681560416346,324.0218758864371,126.48144530889071,140.46890769766378,154.66311391878702,167.36578843617647,177.06364142503247,183.43206005923065,187.52739694829737,188.54570202351542,186.12519025116165,178.9573565742462,168.2600805577638,158.06543381079314,148.16959025668243,138.3910654909856,128.5870812227082,118.90078254641824,110.92386771897866,107.55009598237106,101.6598683295985,98.23721584859634,97.22669284464841,98.01619585443568,96.46451670108871,93.91152006302258,91.77717760135434,90.71694854497142,92.31197929566432,108.38856726922386,115.25548446450912,121.64696587339267,128.35213936564332,139.18502849876913,139.58075953593297,138.8956538250377,137.18322300559362,134.83788929292268,117.20509130823865,114.5005443550817,112.604590870425,112.81023846027702,116.02631383782605,117.30828815907184,107.6619960816306,106.19704096408763,105.65594316980257,106.40543124429625,108.66377832315032,108.9716849137896,159.1256712036209,153.0165243407906,147.89637161307576,147.6363078794469,146.5077116388259,148.72335527892136,153.18215282712663,158.63282058392159,163.2665751002532,165.23599350517546,166.2263964994711,164.3664272790216,159.15155586488893,151.60061252831682,151.01500228674007,150.1703036755822,153.32019601744463,158.53951909312872,159.82046386343518,160.6565926092843,-20.463690851368725,-7.470055148286416,-47.29607948372293,0.4365689,0.45874906,0.29086798,0.428935,0.26111695,1.0,0.3754585,0.4492728,0.48524192,0.4673614,0.6285153,0.29997495,0.35623592,1.0,0.2188416,0.4711001,0.84350294,0.53311753,0.19501223,0.63065696,0.059514217,0.030742783,0.7879591,0.049904775,0.053523466,0.017059399,0.0012962258,/content/data/frame160.jpg,0
265.4878743489583,73.53645515441895,68.96451822916669,105.44703483581543,0.9692567586898804,247.02454259510301,251.96186846201647,258.61032557396317,267.4489278044946,279.0785118756081,291.59538200724853,303.9231815093317,315.67452243499406,325.9496892445811,331.24854664948725,331.7407102784143,333.3577870213476,336.7227517244405,339.9959811395304,340.89410905457544,338.41139602043313,334.449190319963,292.0091335732204,298.9470267189239,305.6432087316896,312.9221696506752,319.72871985689585,328.26900138958536,329.0915191539907,329.9841035816821,330.7159796712358,332.1063617211239,327.90089120282505,332.4430965236786,336.9523048959986,341.69222039030547,326.0591259813175,330.73546106965,334.91457928208,337.62277272156143,338.95775006655185,300.308224381989,307.3994760312369,311.53325077976206,314.1020500243185,311.80903739006544,307.7337445475812,328.34958182344417,330.82501667350994,332.4583166018822,332.97547494793844,332.3566860003989,330.807058791348,316.0339666802995,324.1667000733414,332.042275990452,334.5813214151308,335.887412288605,335.62152099178184,331.66286764851384,332.314268894444,332.39883158860584,330.93019963219535,327.8182593015374,321.9001905881505,317.70183986857523,330.96641708290576,333.527907974747,334.2804872925806,331.78534477931066,331.4029723686242,330.5169043668832,328.0807792529904,128.55981560972532,140.9865946441696,153.67726630312586,164.6737652630552,172.40488619610574,176.97030628440757,179.39063811596225,179.43118476632026,176.31370849046834,168.9409306474122,158.53011809625355,148.70006692360448,139.04417930193517,129.76634997562405,120.40459526764278,111.38609933032626,103.82578945828448,110.9873755174865,106.54601264243126,102.47881630834718,99.4301924080753,97.97889233457454,93.85608765728182,91.43038392250588,89.33737616378414,87.82982666350324,87.85379376137809,106.31194171723394,112.84181533831077,119.03691888942558,125.43171243090569,136.28460867081708,136.21979135065772,135.3449536246576,133.71655610006746,131.47468685050148,118.05425467777752,115.68358042545594,113.10974301824342,111.68497249136362,115.06813642572774,116.86525583309947,104.67523650377302,103.29694076474777,102.4756297458888,102.14974811109175,104.60001100327622,105.17015302097775,154.15163797740365,148.81496418393817,143.8307128851302,143.52877006510926,142.40087025587582,144.52746513712486,148.14476033396363,152.00654217849683,155.7677945768578,157.51506407992497,158.4259457869632,157.28508100526597,154.139412136587,147.89187926256227,147.2614603048196,146.57105100910303,148.27667270650113,150.88181761848227,151.87861206626235,152.69060097577562,-22.437248445247008,-3.2279861591418504,-53.3631648435141,0.37906587,0.40227553,0.26430482,0.42748564,0.26935047,0.0,0.45742843,0.8002565,0.47355035,0.41429514,0.6523223,0.19272947,0.42969373,1.0,0.41251352,0.39477837,0.46742034,0.2987883,0.060148817,0.5602772,0.023435267,0.0052447785,0.52150226,0.041425012,0.35945797,0.0047250455,0.04420963,/content/data/frame161.jpg,0
271.62537977430554,73.53983688354492,66.74270290798609,99.7404956817627,0.9617958068847656,255.25760124450701,261.00035669894527,268.2909726288321,277.4631675661202,288.7769150325229,300.87101467083414,312.93666749938643,324.40586474250335,334.4654842168336,339.008562796776,338.2958337746368,338.69019394934935,341.4087387388272,343.97843269805526,344.10359152699857,341.19570334496575,337.13991237394794,299.28717834441045,306.31501352508803,312.77659489314897,319.53832488239846,325.6865954063228,331.9958088840183,332.3580232719537,332.7651889698054,333.2826605165583,334.8432221804519,333.03747933591967,337.862143878996,342.57818619626914,347.53949530213504,333.4811710942017,337.90858619411347,341.75201236691055,344.2657686621085,345.43466680184474,307.47025719614,314.46914975432423,318.2866153150303,320.72286074175645,318.6852986914266,314.93383686335756,333.16255255690885,335.0821040424655,336.25029591658017,336.7257196898611,336.1494212106261,335.08042041936756,325.3882588201634,332.87441045128753,340.0607772950282,342.4200611709882,343.3483652896282,342.8747036134032,339.45659915873034,340.61847744622764,341.4551667859523,340.59318029578117,337.85345467165143,331.8633805129698,326.95912197453777,339.44101137708185,341.7816184510484,342.16163215944744,339.99384614288806,340.0098976342881,339.65180669614347,337.568879564119,128.12133500353752,139.32285757606724,150.54498312955843,160.1348931615462,166.5153110550923,169.87637207632747,171.28317472060098,170.42578252396834,166.65086411646666,159.33980215353427,149.33029186835688,140.16862849292625,131.47357840549694,122.91654617512143,114.43042229975515,106.77992479868306,100.58057486212567,109.28147125942269,105.28315176161323,101.67846833790429,98.48661500501225,96.72277368703033,92.36962705432757,90.31815371145103,88.30408034353661,86.4365517416075,85.76461490961293,103.28067470448582,109.08333164958049,114.5207993303336,120.301176805365,132.20401400614946,131.7073309242587,130.37965856558935,128.66645078547936,126.36920414028145,117.06777864573155,114.4924559635192,111.62303428887708,109.63107987611193,113.30834457693379,115.3831246853232,101.37578358107453,100.34341229319091,99.4218676359294,98.50390781174724,100.9578526829905,101.58095017715186,148.9012319362355,144.17609377383565,138.7903047613945,138.29825164302315,137.01140714447934,138.58077929365254,140.94251013030157,143.87045910958636,147.04577227234017,148.7481078422752,150.05464217026974,150.0893633296671,148.7768721148641,142.87304796997205,141.99083660063684,141.13798162557327,141.24731011699805,142.51362297454216,143.44712777639575,144.53114562960855,-8.556532784801192,-10.275678450610837,-58.84009541096049,0.3639078,0.42144808,0.40940073,0.4689484,0.34526128,1.0,0.3770177,0.73872036,0.4841479,0.5069083,0.8248319,0.04004456,0.39521644,1.0,0.52358997,0.48810259,0.016101431,0.45396733,0.051555183,0.6073089,0.028323337,0.02424032,0.34727386,0.037489437,0.4920468,0.003135566,0.06749067,/content/data/frame162.jpg,0
275.26567925347223,70.85854625701904,66.91449652777777,96.29668521881104,0.8976995944976807,260.6217850031168,266.1740505543392,273.2747241388619,281.965247179204,292.7631975065702,304.4488211413055,316.61064833956414,328.5514879081539,339.12356724380913,343.5680259297751,341.95442260252804,341.32236815803935,343.55693677196473,345.6602813892421,345.315195063394,342.04294989776827,337.6756125161519,304.32321060031927,311.0246400652902,317.5243329540581,324.14399537744777,329.95003045063623,334.8056282720164,334.7753982635507,334.80358952002143,335.02014493040406,336.3605210519494,336.5778685450327,341.74403854953556,346.7576740889027,351.94456222178667,337.53169453326507,342.1374281447775,346.1788062758498,348.56812029879734,349.5193220826038,312.27613073246107,319.050455912765,322.5983871843026,324.9011162365457,323.207912041712,319.7657410299125,336.1195901574109,337.4838527381403,338.15971279981784,338.34185738261,338.17026471892683,337.5873125142084,329.9113768148401,337.2951786388238,344.53807928185915,346.83832188318945,347.46567204520335,346.5176041538216,342.75249069341646,344.54813528832074,346.0522245725957,345.48727675204896,342.87071075842096,336.5842740833952,331.5149241356255,344.0074251984166,346.23079445172107,346.2759844917173,343.3812734919673,344.2651069201568,344.278661865853,342.36135336811486,122.28410569502603,133.21768468762383,144.22549216079457,153.7975705306021,160.3068579515624,163.87758742953002,165.52921072641263,164.81792046114717,160.90114038273927,153.24488966040326,142.9923433739026,133.5297308333375,124.58506461462483,115.77294138244872,107.50195183222978,100.38185500234974,94.71436552503437,104.99334671071281,100.71070018899479,97.0135198736106,93.97787325453403,92.38548052447771,87.80769021311227,85.6009581403612,83.35722719589094,81.28906310395885,80.31099938508382,99.01780249572792,104.68055669602799,109.90911871048445,115.60486832102714,127.59160391636807,126.94878403482494,125.452057675829,123.50480156432721,120.93662149220101,113.47505436619369,111.41982016339173,108.36744338014037,105.56635311178019,109.638953076613,111.84800629606103,96.60301784819481,96.19228164180663,95.09281230793496,93.19525422014792,95.85079757032801,96.6863724990154,144.69503878579388,139.94874148944035,134.37816160864173,133.6896488867793,132.21198072633075,133.41285386508645,135.1573712435768,138.34052432455834,141.76780418158393,143.72837417013383,145.34727411996232,145.7144974353772,144.5079557395545,138.62212694386093,137.54542482187884,136.4633778635856,135.6692770738766,137.20754300476966,138.40287156462017,139.72673792761177,2.2442821835193203,-15.975912121879155,-67.19716748295421,0.3175269,0.4158,0.3443861,0.31063104,0.4517405,1.0,0.4647421,0.73314524,0.47678778,0.2843429,0.61214584,0.07675332,0.561135,1.0,0.41841567,0.58750767,0.27599543,0.16980135,0.3661029,0.65318286,0.020259341,0.020402018,0.42038044,0.04460505,0.4708187,0.0032079497,0.020326424,/content/data/frame163.jpg,0
275.6057400173611,65.9339075088501,69.67415364583331,98.20490741729736,0.9499838352203369,264.2260480109133,270.7076078641661,278.5405691397262,287.4421812065108,298.19471624480985,309.4992485931638,320.97536366722886,332.03989443653893,341.85530436750497,345.35071720334236,342.48857474798626,340.44100332742835,341.66545530761266,342.7954744492151,341.90258400425705,338.6864167424916,334.4197508810447,308.2389488004458,314.5238602046553,320.65650884168684,326.9768852415821,332.51967282143175,336.2799949159926,335.71310989384494,334.8803392544078,334.1116430238923,334.561245607346,338.0879862072473,343.7007695648765,349.0732352561562,354.58417528392823,340.32613720058146,344.41202219572494,347.7984902735733,349.40018191672095,349.72669307922035,315.9387582985313,321.79122714789884,324.8772718022015,326.73793728689014,325.8906477038834,322.9367415916369,335.99172329330577,335.9638724896032,335.9672932566658,335.4208274744585,336.2378569660779,336.45280335803307,334.32316162462257,340.66206074062467,347.13522671987386,349.0054450653533,349.00946288621526,347.0628989201953,342.52179903588365,345.1131951536066,347.221954052362,347.4756457238186,345.6398527979978,340.2641700403635,335.653840011968,346.60755759610487,348.2299845664985,347.5412303276448,343.4531748663363,345.28818108597443,346.10326488462397,344.9116649117327,120.08329259055364,130.45075251279218,140.65692361923794,149.83437102927542,155.90997644389375,159.01722704431947,160.45191220352464,159.62292758759202,155.7031710560978,147.56596696871634,137.11907781866734,127.74250243027826,119.05695710934305,110.42262495607376,102.66354557611129,96.35553872610762,91.32136020550067,102.1162298702601,97.33907949822418,92.98116976790058,89.41140968571011,87.49194142594052,83.02906261351576,81.25849079111968,79.44910871572043,77.77632025734538,76.9474093951174,93.36999578665397,98.92236432394375,103.92419306486542,109.47263158332251,122.04999483002007,121.01823669547822,119.41035676530355,117.63882087662546,115.39600583949345,108.68885096416868,105.78170470066064,102.52369801588023,100.43819260657187,104.53007974844016,106.93876686729578,91.76126593283541,90.76833034358086,89.69736684690386,88.47639885124326,91.05128818745277,91.87983379323876,140.12188614916784,134.78511022676906,128.74490659037548,127.98973187237641,126.65445265869423,128.60536458120646,130.77821193720825,133.38383900784464,136.2542348539575,137.98956820990344,139.58718583889038,140.42420609654698,139.76022607828827,133.1118774901256,131.99700244254154,131.06895606504094,131.0544722422831,132.03410406805403,133.04421373424498,134.4154215383278,13.243186879435106,-23.44561994331736,-72.68779626333357,0.29557428,0.5187002,0.2723406,0.30048022,0.56208783,0.0,0.41827562,0.09366737,0.46417475,0.3495776,0.6130246,0.10348252,0.5576242,0.0,0.4396349,0.61162525,0.0067269006,0.05140391,0.028470911,0.42838645,0.06417996,0.016926676,0.32396525,0.065838926,0.5113987,0.0017951155,0.015895355,/content/data/frame164.jpg,0
275.58563910590277,65.95101356506348,69.81624348958331,98.46625328063965,0.9484726786613464,265.7944664962492,272.2083595663327,279.8722133056399,288.486019687276,298.9031385936929,309.7809905268699,320.90169771651495,331.68319634689374,341.27588213812123,344.5384425797156,341.23555474890827,338.7087332247993,339.6472429880462,340.78818554000213,340.1788940458366,337.1278868905117,332.80951793133204,307.9897741059964,313.91555857092817,319.821098348418,325.9100059054308,331.26054755994664,335.1236100123433,334.3842721958206,333.4257184665066,332.6068738569652,332.9074770051293,337.03270974454176,342.6676418944155,348.0579122954473,353.56636885058015,339.3463792542375,343.31884542022726,346.5668834942776,348.12110079283093,348.43236682385714,315.7000208936083,321.1781156997197,324.0906603206529,325.9291695145905,325.31133503699584,322.509778772089,334.83300771864697,334.63102567267447,334.52200227326534,333.930853174247,334.9034996569342,335.2185265726687,333.6079946034645,339.7039943157231,345.9318996641273,347.7398428662409,347.63046732406883,345.60461818024214,341.050222012768,343.70941400146967,345.8791134639612,346.3039384931833,344.5834464248205,339.38224147321625,334.799533027601,345.4207785294168,346.9694531008813,346.1669408726855,342.0329327356203,343.991585997421,344.94074455781947,343.83167092591043,120.19500591440737,130.32201904842373,140.26124148981444,149.2287893625437,155.14699923664443,158.1884140231066,159.58951964832954,158.4993701685014,154.44602385271742,146.16157659726787,135.61194284772546,126.1735801009329,117.5821840847309,109.19700639193968,101.80114209880605,95.76345370666422,91.0402438200598,101.91357776158816,97.18801556132723,92.84093992411192,89.24873864212066,87.22557634757527,82.46291766795144,80.6846653828959,78.84510152138324,77.16699335596905,76.50584003639017,92.17996443662832,97.75244054606537,102.7322920783073,108.25391877277445,120.51009621583921,119.54357701722734,117.99158526093584,116.22818107548005,113.92202981377329,107.96059441552052,104.84205684254482,101.51528316812664,99.51481295322571,103.60909938663019,106.11157376010885,90.65778508664812,89.5483804405419,88.47840874103076,87.46124084882388,89.95362633214404,90.75947335230501,138.1795918037708,132.89356974628254,127.00193960792922,126.24870623798051,124.91128915286458,126.8149165865268,129.02061912510226,131.57189344267044,134.40614968454474,136.10388628756573,137.66967499730958,138.53266422361435,137.77625452594384,131.33847209082182,130.21638326239417,129.2791764273702,129.24218735155,130.2000649667591,131.21682085193333,132.61894769116884,13.246862057101952,-23.44826644684057,-72.64029226625013,0.2968694,0.5441051,0.2633362,0.29432255,0.5833298,0.0,0.43268132,0.08332943,0.4666236,0.3752854,0.6228263,0.10550446,0.60358155,0.0,0.28600776,0.59118444,0.019994264,0.058979698,0.048653733,0.4914722,0.062002543,0.015398715,0.33272845,0.059618652,0.51303554,0.0016476872,0.015568385,/content/data/frame165.jpg,0
258.23621961805554,63.5479474067688,91.69045681423609,114.53226041793823,0.7121164798736572,243.05601681272785,249.15065291103878,256.31588476428055,265.71178304250816,278.36276476561744,292.28656396910344,306.9940986304707,320.8643345358689,333.7564883161326,339.8987572269292,338.6976155248838,337.47517466018206,339.1069936231236,341.11504591041756,341.0432267723376,338.42234842350797,334.4047365235629,299.0822092703391,305.5769506511478,313.09318758497443,321.04696666366107,327.7513204769576,335.3362226343939,335.26858140898884,335.51874007438715,335.68094139000056,335.5387449033128,335.66351703655056,340.65531986845247,345.39136071678035,350.55984010291627,334.8568276349143,339.10936929895837,342.7955252680431,344.9617074540888,346.055353920605,309.01529905471205,315.5640952527468,319.42569897822005,322.041965239136,320.83721087142465,317.0462302541283,334.4069893196131,334.3094964985467,334.56824036489263,334.2222764274691,334.84243431615,334.7467109639812,329.86291946270364,335.8186322845879,342.97823931569167,345.30504176412285,345.6736893097753,343.3341319397073,337.9471395286889,340.26971491253136,341.90765328874375,341.7853960950966,339.46591728182494,334.3524388872561,331.1469558674103,342.2348575790584,344.203555567352,343.6906553466169,338.44611337384106,340.6123529037862,341.1052646795669,339.44825536079145,122.60277566857492,135.85413982703727,149.18123889271402,161.03805676022603,169.1293219338591,173.1536676459978,174.94429644249902,173.8016946698159,170.7861592209362,162.64230969149895,151.36481266426716,140.4661949727485,130.40877132636933,120.54027534874442,111.34670887576962,103.57313709712662,97.24288669191687,102.63891895908571,95.92291614221335,90.49358754942276,87.19631333051396,85.57885491839414,82.3273738991964,80.28586759055722,78.57378969633317,78.32526738006587,80.2192503633568,92.140422422037,96.67061505527731,100.55358347929194,105.11323449288305,120.52962167142344,119.74367847341297,118.46008853192355,117.63885016379588,116.57904478994631,108.45440956282076,104.79236670345864,101.3904071000941,100.61869747712797,105.0463428341638,107.35219018333541,93.3453160535042,92.21733697518317,91.7700627513864,92.5501036237454,95.08218904025516,95.14673369508941,143.591560373064,136.00745283823449,128.59339454125862,128.6428413665638,127.83771663418418,132.88420916219894,139.1992388580951,141.1545593338434,143.7670327054094,144.70614555486844,145.56025016937195,145.1590558647835,142.79540586495693,134.90359915761454,134.51889532011347,134.33862248418478,138.14473369895268,137.22247176394904,137.59582970134278,138.40587781709027,13.7724873899112,-21.76843185212807,-73.22312913572013,0.3762151,0.3678862,0.16704792,0.45536104,0.19154097,0.0,0.3732318,0.11192504,0.4820115,0.37245166,0.732314,0.5746518,0.45006627,1.0,0.45660812,0.42933604,0.5631269,0.30320287,0.054937672,0.64995253,0.02755535,0.0026394632,0.51417935,0.09080673,0.22864394,0.025200881,0.11097436,/content/data/frame166.jpg,0
281.41864691840277,69.09760093688965,68.99224175347223,94.77230644226074,0.9381055235862732,270.20519275865655,276.9468927431224,284.8133900054249,293.808704281214,304.7325596055482,316.3985916701662,328.1976071647728,339.42181401870505,349.0520567251864,352.7346904294353,350.09697785625616,347.874599554605,348.4320209744659,348.79953191545206,346.98371632052084,342.6818331882081,337.75963638078747,310.71723084162016,316.30933049134615,322.28869743880733,328.5969980665724,334.13107591647224,337.95887427324476,337.15687939258305,336.22912033735815,335.4180149597087,335.9047419055481,340.69855120333546,346.8364774030581,352.74268245023035,358.8928915521418,345.2865405457376,349.3405557964637,352.75580590422453,354.40082679521066,354.9382308805442,318.98235301899626,324.5388885151166,327.6791697242098,329.7186331071733,328.60424443657223,325.6253491741184,339.1004995337986,338.9514574971404,339.007991384698,338.3529100466066,339.2959956149931,339.51821988787106,339.65846324514683,346.15973152004653,352.85047644063104,355.0028110180456,355.4291470281235,353.98762779641413,349.7667087831647,352.35143947802845,353.95582240068023,353.74047845104826,351.6442642639322,345.98178534711184,341.1871558334499,352.5402111447796,354.4516191716458,354.2184067175052,350.3732008039883,351.8828047319362,352.2312202339236,350.71171948633133,124.94280171220676,134.86122489371667,144.7520725530941,153.4409989171665,158.81932387325207,160.8148345311647,161.053286876802,159.28113252524713,155.0406910184526,147.75981772267568,138.29830901248744,129.67131911491552,121.37642852420495,113.21865633607422,105.61557377443674,99.40397727615579,94.70050696151961,100.48226289098557,94.86906471307935,90.23382144619708,86.85976685020601,85.33584812165266,82.19673961790087,80.1694862667076,78.36496219733984,76.94975766005476,76.52952412387057,92.88775870281381,97.5295467500842,101.67140644311962,106.29135031141465,120.32878915705479,119.2061983277074,117.69370669758933,115.99363644199225,114.18802948431068,108.18043965425403,104.72706984425335,101.71609126167837,100.45039309813758,103.96243545774917,106.1724664600974,92.78284563593976,91.58390355449342,90.56707312246908,90.09962463900543,92.12918781300272,92.86305054692082,138.9269265259955,132.9661330619765,126.57586507589649,125.89146610426951,124.56592946441997,127.01238260864966,130.05031985679022,132.97742628220084,135.6671988381669,137.25898704102468,138.68815558410938,139.50189107547254,138.63657688501752,131.4447546301093,130.3386630192649,129.56361324688157,130.26741947511255,131.18666455398585,132.1198329667972,133.37687819179274,38.98197386481146,-46.535456823217665,-74.01039823830183,0.26899406,0.41313106,0.43853006,0.45228317,0.3583928,1.0,0.40376034,0.9823591,0.47003323,0.543859,0.6636466,0.16720964,0.40084338,1.0,0.41303343,0.4865071,0.14272265,0.40873176,0.05302319,0.5189977,0.009405857,0.0062242243,0.27427578,0.043261815,0.6268996,0.008560587,0.03137212,/content/data/frame167.jpg,0
282.0005154079861,66.47411727905273,71.36610243055554,98.47826957702637,0.885196328163147,273.42684640794135,280.7647524507543,289.02420001838766,298.0875872496846,309.07028461144637,320.8371974746949,332.70965335947994,343.9066803949486,353.4119902884986,356.65640981839533,352.9901774318039,349.5805475728803,349.27978095384606,349.1109219805883,347.1487684552692,342.52475991434994,337.05506185162494,313.46989096659274,318.6972746769827,324.4096427996367,330.3940744037941,335.64171935960917,339.6972649031243,338.4940012029749,337.06880413906606,335.8520658126354,335.8473042614769,342.28740785904324,348.5738246448834,354.59531323224314,360.8631064363333,347.3824577789155,351.34466001480905,354.5532129492931,355.9452834228198,356.3337302028315,321.666693496333,326.79139041151006,329.65713279372767,331.58601885436997,330.9238040138898,328.1679365377686,340.13052379625765,339.58142397065035,339.46411090179754,338.6282684931864,339.86835673395194,340.3055037576171,342.75714615077095,348.8699776307685,355.36966401124846,357.35996422063454,357.4464962561108,355.7544057973114,351.3602407117951,354.2699781362255,356.18855924221566,356.32360838476234,354.48064155641464,348.89779326024313,344.1363195826243,355.10467241933543,356.76981362557217,356.1869744064011,352.04720716584166,353.961061939247,354.6942915116499,353.4456381137709,126.72072022618045,136.62306318799983,146.53785239374974,155.3074181087377,160.5576410641445,162.1019543878774,161.70275185547075,159.14886289927472,154.51008368856355,146.34405867034252,135.96393349457207,126.81826863149672,118.30490395243692,110.19130882481966,102.98098206508064,97.18840011906457,93.04227592595998,99.11565203788916,93.35586562766287,88.63911601673158,85.223366930635,83.51374466586896,80.1571944802331,78.42610121203683,76.62573300945644,75.28114069507728,75.02234757212796,90.79453850871039,95.0272158684354,98.63416835184671,102.76923391282287,117.96597448698753,116.57778510027788,114.78329311671223,113.26796467909935,111.70848975940692,106.3985431467919,102.62540830172077,99.49205758756739,98.47215586930793,102.06074538841426,104.3922079208196,91.01340081284695,89.61237073418181,88.66034577293226,88.34655180350217,90.51485724972486,91.24415995116499,137.88986119502715,131.32337926774858,124.55098842772463,123.82259788734223,122.59329357383058,125.56640329970014,128.9378280499202,131.8027885798026,134.47477950090138,135.96636357615444,137.43001932249717,138.3692775507959,137.45575001241127,129.8316331870567,128.69032600168543,127.97277573827478,129.0299034888901,129.71167168146485,130.59279108836995,131.96611119328145,51.28697137816296,-59.47838233547775,-72.2362817008776,0.3252364,0.43081778,0.24993362,0.41188,0.3630472,1.0,0.37736738,0.30874783,0.47024694,0.40517446,0.76579845,0.09331861,0.5404376,1.0,0.44446093,0.5977218,0.02668584,0.30162022,0.1800267,0.5662972,0.12392172,0.010756261,0.3539389,0.083621204,0.408484,0.008686388,0.01059152,/content/data/frame168.jpg,0
283.47960069444446,71.8381233215332,76.15747070312494,110.57510948181152,0.9173287153244019,268.22731637229685,275.59282882775926,283.69747203220567,292.52019632014554,302.89856720918806,314.0667691593045,325.8295104683999,337.8118199959245,349.4050883641475,354.9884498525541,353.0514377263256,350.8020300572785,351.67371477718945,352.6631162813054,350.9798548473931,346.0943473075966,341.13629889540505,311.07400340848926,316.3034987844736,322.3882796763882,328.9910571271248,334.8353189969715,341.26073037658597,340.1502349674067,338.69350953524014,337.1599249449908,336.56037131288724,342.937854466737,349.2761804183159,355.2427699891367,361.62516459978514,346.7681738717391,350.90390521834706,354.3753798280691,356.0211212119768,356.83498361199236,320.1304133872989,325.50831226629475,328.4425083016148,331.03529877231665,329.5612606526585,326.61013946830604,341.53710066059966,340.9384881933255,340.4640383029954,339.4143231603181,340.6247955830109,341.36803898503086,336.43625618963216,343.70652513704636,352.7937167420402,355.9781044430107,357.447547463796,356.08081004363464,350.84649416375527,354.2051555371228,355.28611893392497,354.0285803608153,350.9319978021616,343.2746807503787,337.9244513264716,352.14963573187475,354.9644224680866,355.5289315509552,350.91169553227087,353.5311866119136,353.03168117385695,350.4490774283671,140.4837029802968,151.08452489936766,161.84356532609917,171.6238971466081,177.75017628944474,179.89501975505368,180.4194383797702,178.60239708796837,175.02257779759438,168.00245306214174,158.58397934615653,149.69595087337515,140.7545370006083,132.07712381695478,123.8289964752437,117.0488252720665,112.07973992273722,105.01397264753402,98.77796871259392,93.7860047535153,90.32544844670883,88.67588901808365,87.0087420660188,86.02884118586323,85.4737575919476,85.4751119993176,86.7128149304771,96.51459779559502,99.5489329778656,102.22378669453033,105.42174219604527,121.41011191085008,120.59076860976933,119.40644712412124,118.14904695760416,117.19634297288562,112.62929713913582,109.52318034349216,106.79196746233907,105.44414824614289,108.77873082687992,110.69196865498151,100.29154761850798,100.69728456734572,100.55920224166476,100.90039821915711,102.06820977555043,101.86092019911796,145.8130132363577,136.59058652701546,129.22419222383482,128.9069959494915,128.2092764529999,133.13587888736296,140.91059636542508,145.96544239397548,149.63901435567215,150.83000703908135,151.55713991372795,150.6131041361774,145.7819943417291,134.60277522684527,133.97765987433388,133.8118329585568,140.49519468195294,144.3335653961677,145.12831977746254,145.93545166260589,55.13722563249505,-63.41740627048508,-72.05892419206037,0.44527623,0.42097357,0.43603155,0.39796036,0.40990937,1.0,0.43005309,0.98693544,0.4839636,0.43906596,0.45608515,0.21608748,0.3584762,1.0,0.27550685,0.45923686,0.6613172,0.62189025,0.07712369,0.5952191,0.05578151,0.012571015,0.46198973,0.026680386,0.39323682,0.010146279,0.039594293,/content/data/frame169.jpg,0
283.01421440972223,71.56024646759033,76.21484375,110.78897380828857,0.9171102046966553,270.3269754608502,277.0946708870214,284.46383036964295,292.2965443123428,301.70105798765894,312.07084770876315,323.2012262673875,334.82128354051247,346.2505329203377,352.15512553358917,350.82293317551824,349.10799978806983,350.3125801060353,351.6878090382377,350.5481916800825,346.1563928907517,341.6301592864439,309.3284567256815,314.0987966945851,319.8136155284981,326.0853899162371,331.7783021750836,339.0831960314473,338.4523072725676,337.40720238350946,336.2819279086499,335.93086801044115,340.26744273696175,346.3863782509095,352.1631448694428,358.29753266097407,343.6962635115298,347.7679228063089,351.1559891892809,352.7567262832643,353.63882153018324,317.9212503731658,322.9913684893129,325.86735431741056,328.4216316504634,326.9184182386445,323.98914186349583,339.7254877787592,339.45260055663346,339.23744938295584,338.3927011023196,339.32676354738885,339.79606902821394,332.1659007665937,339.46094478652856,348.69083583878313,351.9523599547132,353.63138066420834,352.7770044260009,347.9874957086488,351.2325215466666,351.9307663873208,350.4227984285531,347.17653640832873,339.23149827502493,333.66970057253627,347.95677341111474,350.88479775556686,351.6960581771938,347.7956814362449,350.33962555392895,349.6011176248635,346.8430683338305,138.87921760807953,149.2396131368374,159.89149409053564,169.72840607598698,176.24837970082012,178.92574433013215,179.96925644596246,178.54277349765215,175.33208341284958,168.91078248569363,159.98038826998817,151.33824638729794,142.34036930189936,133.689978280253,125.46986187110461,118.48866945738175,113.32269175050214,103.6789490833352,97.47460605769737,92.76273116777412,89.62530468932994,88.17936771975417,86.59762504083116,85.66578732752177,85.28433200688168,85.35669819250347,86.84678707368244,96.57659100274492,99.67513321139292,102.4846900943711,105.7371924574658,121.66121618928764,120.90872593007023,119.87862559875799,118.74246717350809,117.98371676080811,111.96972202226502,109.03183199289413,106.49685812045341,105.2151154676316,108.42607893888372,110.16869963806388,100.7580209002041,101.30898968699711,101.3024918061671,101.7125160107857,102.73810348461907,102.47601700831201,146.15318313654143,136.8293501608237,129.75336396730938,129.40940419254417,128.74727806021096,133.64442972048357,141.95974404591408,147.41344712352208,151.2977059503146,152.49721475153467,153.18057786023914,151.99530100288578,146.27812470611067,135.12435377649828,134.48602415164373,134.33107346658272,141.52914850149705,146.23670467794182,147.13395900538245,147.94152672887913,55.915793009167366,-64.33150173243475,-71.97669945645944,0.55545205,0.4377402,0.7871469,0.394715,0.43131715,1.0,0.46712238,0.051559936,0.48059186,0.19288915,0.22151457,0.25516772,0.4133734,1.0,0.24915819,0.50199527,0.29591507,0.6282085,0.019758072,0.56350756,0.08459311,0.017089028,0.4542558,0.020464336,0.37548235,0.009207065,0.038908415,/content/data/frame170.jpg,0
288.67399088541663,75.24356746673584,72.0296766493056,107.03654193878174,0.9735103249549866,272.33191123304186,279.6618728213486,287.93895301983684,297.5743341381519,309.7013193183461,323.06067434052795,336.9037259702775,350.1565536666284,361.63977755386827,366.24237509128216,362.77987143493453,358.94098322148267,358.4312950029195,358.4204772867673,356.3086722911249,351.3798436704303,346.05394438573603,315.1050556307254,321.0112530391996,327.43807122014016,334.20376794868093,340.0821210304422,345.76276178408636,344.6147594098953,343.3382995273413,342.3530681815374,342.80343887374045,348.39488131819235,355.5095163813282,362.3629721192476,369.5499626214168,354.0440412163392,358.9278381269085,362.9605801200411,364.67205305955304,365.1618743471786,324.58380954033646,330.5264105159044,333.69709613504625,336.1346805188151,334.6109060555257,331.5410862610863,347.0301954194051,346.89070583108787,346.76848784053374,346.0512342148105,346.88994024608064,347.308370731782,345.50596926096136,352.85191052233154,361.94020842240536,365.0638335311528,366.3662697130021,365.41201393659077,360.71336610416984,364.84198996360783,366.35281838442506,365.17330453133656,361.9819174935992,353.7105294196398,347.1615927741959,361.4849915771066,364.29903707648054,364.7604398486377,361.1941994238105,363.9343353465865,363.62907363665386,361.0526580676739,140.54728490261152,151.75068746970896,162.98686473096592,172.76279577283333,178.65443175447,180.4639301983077,180.71011936908252,179.01240399215044,175.2828795969813,168.02155844646023,157.61297857801856,147.6148517995029,137.60818874815664,128.0940188761112,119.57059256192161,113.02061854879304,108.44776016098501,107.23030391493816,101.26077731466594,96.78226579522385,93.79539713631786,92.68769324294495,91.24851400899179,89.77915541405365,88.33114707100462,87.1044157625952,86.78711140049879,101.36803194625378,105.31811755408074,108.84438678568048,112.83320716694824,127.97546803774165,126.95007410245853,125.3561222894813,123.47275637622104,121.75818281742977,115.90775444880722,112.50432715954253,109.73725412828713,108.78010826847348,111.91184857829755,113.83814084291316,103.08459985398889,102.66815988930631,102.0175925456378,101.67885180333894,103.31329540734855,103.65584110713331,149.8499006696092,141.61516114994583,134.18009048203396,133.44279384082142,132.34866568358922,135.95483136654343,141.6152989552471,147.59356853630192,151.95080373474875,153.74268606757008,154.83640846474847,154.132897089905,150.0221266728356,139.82663973530623,138.7030518669958,138.08989483470555,141.7018559961645,146.62784429648227,147.7626479851486,148.93638932728263,49.01248636283499,-58.30972248983714,-69.79335053707915,0.452778,0.4644206,0.25051457,0.42077485,0.38532823,1.0,0.44113675,0.79792166,0.48361558,0.42715847,0.74870706,0.3373002,0.37678456,1.0,0.24499731,0.47108063,0.5387199,0.61332375,0.1481531,0.7013697,0.028218457,0.0061020944,0.44571167,0.019514551,0.46581966,0.009492096,0.02514143,/content/data/frame171.jpg,0
288.39667426215277,78.84319496154785,73.91167534722223,103.4527759552002,0.9836573004722595,269.97824140525904,276.0882361821222,283.505099809225,292.5992494406073,304.5779610233926,318.02081546122054,331.99133330969437,345.26235611372334,356.7882319233096,361.9829829508088,360.32542406459436,358.74083923627876,359.7252786640734,360.50097025700876,358.96150029697634,354.920778276767,350.4557974263322,317.06883032443625,323.7481764779202,330.37262929855876,337.2129593907616,343.04822019576795,347.5543053751044,347.25643033203266,346.7171533760742,346.3080635601148,347.4455990392099,349.6911533154941,356.00787123378797,362.10562258127055,368.4895503320421,353.68906911739634,358.2292734795528,362.0202173311927,363.59553796152727,363.9976574304434,325.779052204743,332.04533500048177,335.5235603736267,337.4207452881309,335.9079579941685,332.61984846665257,348.9035040996056,349.0449607072765,349.24237247879154,348.6337398298007,349.4205455005057,349.4899899877679,345.027406581539,352.4235441554909,360.9221878848619,363.72170716262565,364.8900764380363,363.79311992198285,359.3437520569634,362.08644302762286,363.06668692805704,361.9450086185094,359.1284630471718,352.00237832427183,346.80527424968164,360.31227511905735,362.7621671167849,363.1101443040497,359.58260113574204,361.19068683689136,360.90277154660123,358.70083743573116,136.30448034372444,147.7838205773499,159.55331815556917,170.09713718252846,177.19406779996086,180.4801054621136,181.9687777231524,181.72101962331215,178.66316093331767,171.56546816541237,160.88513540957715,150.92409511168393,140.94146301689875,131.21686695405901,122.55296606365758,115.50652976493345,110.09329683512765,110.47077590526027,105.28915902425983,101.22404818891827,98.65613756044074,98.00841140187843,96.9233237145483,95.0332367887928,93.33331010578124,91.887912082636,90.89386067946006,108.01367677587655,113.01200386766774,117.61290648544616,122.63450876473692,135.3569275189135,134.73339963786526,133.6092424894009,131.76356562772918,129.9727968979412,119.57274682838856,116.88183399301067,114.50437958804324,113.75946999478938,116.9118834402959,118.46583795907267,108.28530202474869,107.59204847471034,106.75878492299572,106.19967355594437,108.32753108056174,108.86825464251487,154.9930314984282,148.23056654628505,141.86486381119033,141.33403710610594,140.34283451780436,143.60786494507835,148.0901754693723,153.7596574472478,157.49728036386256,159.08158401045029,159.99774807500907,159.18947639923778,155.24809292367365,146.7593645499693,145.87225099760994,145.4126742624614,148.4396251609488,152.9312220817813,153.81186105488072,154.74360850677826,26.17604825719867,-38.47355223129429,-66.96851887780248,0.43527403,0.3950723,0.4397302,0.42747092,0.22527982,1.0,0.3393769,0.9458091,0.47959974,0.41123587,0.8083055,0.3459383,0.369531,1.0,0.6349078,0.37247422,0.3602571,0.38582256,0.07161857,0.723966,0.007840987,0.006834737,0.30863565,0.01959876,0.6079124,0.0091617815,0.040015604,/content/data/frame172.jpg,0
286.280029296875,81.52261447906494,74.36526150173609,106.91790676116943,0.9747558832168579,270.99381313300427,275.8994273848943,282.2170032447745,290.3579689293705,301.73576389988585,315.0952969388452,329.26530915161334,342.8882556650172,354.5429464138077,359.928511181288,358.62683795405184,357.63250466365554,359.12468903838374,360.66343056893766,360.2788751914978,357.2846260469483,353.3299902635647,319.1756056887634,325.77502899551223,332.25082500576315,338.73262419724324,344.1764771778812,349.78802921734035,349.9766132289473,350.0131370423875,350.08559582219186,351.53126892528206,350.7710902922821,356.4569823632429,361.9498167142922,367.68831500649566,351.96749754548057,356.83396684970586,361.0428469173508,363.05017306782383,363.7270107211607,326.3404980778421,332.7638102246843,336.2487678150077,338.3496671190096,336.5928992230496,333.2510238248254,349.51055223935384,350.5172589657104,351.12114076054235,351.15826871578776,351.0458065716397,350.6249032701459,344.1102510002447,351.4365180776012,359.18754272822144,361.9779590161054,363.1111837427874,362.279196355976,358.9560875905371,360.94674248613165,361.9906536413798,360.91500592294557,358.0879281690582,351.2539678366819,345.9000555113768,358.60671009036366,361.1088513214132,361.60127277686274,359.23239452173624,360.38019512538995,360.0122651186408,357.7654005660767,134.8947638082529,146.98020766417176,159.44776738821574,170.7258101345867,178.70890935942577,183.23184375004976,185.57528687043964,185.7660121441411,182.97418874116647,176.04271686248035,165.66990031391668,155.82990624810657,146.08480832990523,136.4215754499947,127.54277864366877,119.77390122033577,113.56089924799488,113.66148885856552,109.1167747734948,105.47792926485971,103.06502895528004,102.37250655710113,101.12080121031264,99.44482963343737,97.92015925379002,96.68003392888212,95.92542640101016,112.98572565995826,118.58969533739352,123.70710144068065,129.32786473082837,141.50841886056537,141.15166165353065,140.22024323188907,138.36875507770662,136.28706595363803,124.32324960836812,122.7966712112473,120.43285168781902,118.64539109394394,121.98332427570489,123.5433254799112,113.26399796386556,113.59234138764297,113.06567885709333,111.83347811377618,113.85022964114727,114.16400101163525,158.9933303928495,153.79289302816647,148.43688532495463,148.09048264961967,146.83908319741607,149.17081820256792,152.45602662893452,156.62715165743495,159.84640921129147,161.40098078661535,162.434552704893,161.9676810946495,159.17305875622282,153.74746768230494,152.9217970186723,152.2439116763821,152.80692595466792,154.69100717687422,155.54290065379962,156.51011638924223,10.56018021313008,-25.20618783913846,-60.00541326884179,0.4601276,0.52850896,0.2736458,0.43485343,0.20528342,1.0,0.38195714,0.11561469,0.48161343,0.33335292,0.785207,0.57644683,0.41866073,1.0,0.57530725,0.49476022,0.53955287,0.4760972,0.0139901955,0.37638748,0.009283923,0.0026039204,0.17989808,0.0078125885,0.7767913,0.0008436891,0.022766508,/content/data/frame173.jpg,0
286.82891167534723,82.5948543548584,70.753173828125,109.16925430297852,0.9683590531349182,266.96041609098313,271.65135243700644,278.0931726766348,286.58589383490744,298.0646774285292,311.5703716276689,326.00701373914535,339.86273479585,351.73136805413014,357.53309816082947,357.15382886942825,357.08773081804657,359.3823521963491,361.61566206851467,361.7226214433317,358.97210700774394,355.0166325134419,319.1215840213315,326.839427533303,333.9515778619725,340.87169636812223,346.51332317351853,353.1517773076139,353.2763446098811,353.2669745376238,353.213690060054,354.3641553401985,352.8507949699224,358.0399253692267,363.08848906788444,368.35747590800156,351.55416437095755,356.5149148757773,361.01529811380897,363.32069507520737,364.1883559578396,326.2436861475776,333.199325035976,337.13801929254396,339.6490346812352,337.5645371733026,333.8192490165188,351.86919400864144,352.8525909004384,353.64767276504426,353.95866546326397,353.8700323881035,353.26731029854636,342.54933753024943,350.5743593401926,358.7400805934726,361.62972498529416,362.81349306391985,362.0536114374272,358.763693175561,360.36472618859125,361.22488320502407,360.2005469058563,357.32668327739475,350.28100580299724,344.443880248346,358.1031343149957,360.76279809165544,361.36522346225775,359.3249761205602,359.8487553513496,359.42965544446133,357.1380715312489,137.2493336618013,150.14961187560993,163.22863983451361,174.97368964811358,183.58060075362846,188.39929315463405,190.71527048928965,190.6625560244488,187.95588571863163,181.21971734767976,171.12023181551285,161.3596774136795,151.7608504590071,142.01188371319859,132.8243638886538,124.73015190348406,118.14400619776507,117.61417936617295,113.54241446676428,110.14978850036778,107.94900058732856,107.55814363990248,105.64861271039103,103.75081194008669,102.196291575322,100.74959536495976,99.7528578327865,117.67289458145524,124.61680916694172,131.07023170333287,138.0144391035774,148.8056546033522,148.94945397892752,148.36970418318788,146.38107032284097,144.04425238580643,128.4964680640919,127.09284295253906,124.70983055927604,123.12216942019631,126.6766985226086,128.19086315742015,117.68340858336728,117.63388775148746,116.82645300828904,115.69558289175257,118.0565209564561,118.5410864348487,165.9827383227398,161.28635659826614,156.33324270233607,156.16041952794376,154.86798203631406,156.91723245577214,159.7997009339233,163.22128432779164,166.05186603081802,167.5544586263918,168.56091370433523,168.24094135353562,166.19519690278048,161.63430642314734,160.9463947599843,160.2032699460451,160.29960209724368,161.32819397089497,162.07596477899506,162.90354517754668,-0.05710070410930759,-15.063474223868234,-56.69173348197611,0.34653127,0.41090623,0.4172036,0.48843345,0.19450536,1.0,0.343301,0.41978696,0.48859525,0.2849055,0.82505363,0.20635284,0.429919,1.0,0.59857726,0.48413226,0.0073227296,0.45701015,0.026853183,0.5586296,0.0118535785,0.0019893218,0.3025597,0.022027979,0.6230327,0.0022681274,0.036268603,/content/data/frame174.jpg,0
286.88056098090277,82.48258781433105,70.83588324652777,109.2740535736084,0.9679379463195801,266.9240193907208,271.6208550107939,278.08044235628597,286.59662955813855,298.1126528010044,311.6515513145607,326.11379164335017,340.010192844896,351.89859045926096,357.6872882393691,357.250981846749,357.1350409437498,359.4113483814199,361.6412528838664,361.7616488438098,359.0096663787342,355.03702175862895,319.1411507564994,326.88108531925263,333.99335706980037,340.90771486957647,346.5538508274717,353.24453350509384,353.35758252902406,353.32039452737445,353.243267331015,354.4147831736502,352.91260049919697,358.13929675374493,363.2283786440548,368.53163153503783,351.674665228647,356.6632035180278,361.18950229383995,363.4977063760523,364.3520065324851,326.29171254909875,333.24561093322654,337.19211140337006,339.7107583070233,337.62190716014015,333.87178091056126,351.9390220550015,352.9124051019626,353.70710128601627,354.0211515370215,353.9542709716336,353.3551205238707,342.51602950586243,350.6033100083614,358.8392799903438,361.7563105913662,362.9512584703498,362.2067871914244,358.9104202154415,360.53678955618534,361.404275117995,360.3609242293426,357.45528919503,350.32049205130147,344.4184326116881,358.21657245200254,360.90529310847114,361.5199580966448,359.463691392569,359.9902947551466,359.5601082039077,357.24158714771943,137.36026548189284,150.26095364053117,163.34723009239565,175.11214447051384,183.72072916259367,188.53616894997072,190.84393534237802,190.76766789384988,188.0139503013329,181.23754294903802,171.08925149761217,161.3090806198927,151.70076551776629,141.95484386729117,132.77458157860406,124.68227545923651,118.10738909066015,117.61528115584224,113.55509466678438,110.16691834624976,107.95424397193199,107.55820113343088,105.53805556210489,103.61233179635445,102.02839101108663,100.53470030044008,99.47999097055242,117.6640054102104,124.63519254163725,131.11995388982234,138.08934727463748,148.88953861122286,149.02170530056605,148.43030821506386,146.3994040720122,144.01891082896395,128.56017196038476,127.14808695070997,124.75387291386266,123.14335810471744,126.71995207043221,128.24475783668345,117.58039102566909,117.49726904215845,116.65121855696168,115.48298929580892,117.87895799982107,118.3973429547201,166.12716999376812,161.39610273220183,156.40980760307184,156.2129253496978,154.89218854710157,156.90693724681364,159.77441510919402,163.27847371355756,166.15941835333228,167.6989687948908,168.7389744828904,168.4385160635095,166.35284598360226,161.74745040730795,161.024519719502,160.25561597038813,160.31307838907833,161.38837281760925,162.16842984086225,163.02920936958753,-0.23392972496174516,-15.031756054652769,-56.52173956936071,0.3824708,0.3879377,0.22879763,0.4601407,0.15667634,0.0,0.37621835,0.756075,0.4903153,0.4014049,0.85280555,0.5331713,0.4180966,1.0,0.50506127,0.48413226,0.09162567,0.33061054,0.04549394,0.5703263,0.01353195,0.002354661,0.3358378,0.023957023,0.58743685,0.0023057081,0.03457596,/content/data/frame175.jpg,0
282.52324761284723,88.00603294372559,73.6895616319444,106.57793998718262,0.9708858132362366,267.1875351891282,270.3727592215304,275.1132137470101,282.0618890833388,292.4703782750496,305.0067137149289,318.6950213454536,332.1842797501729,343.95867245438717,350.5003227495404,352.10279422584244,353.6691019609875,356.7883237354065,359.4989272515543,360.2866930633511,358.90273626670023,356.1258198533508,320.8338047621771,328.4360268988037,334.8551290694122,341.10679098401033,346.3952883683712,354.1438577863494,354.5658392482985,354.8145107070427,355.1431936807919,357.0761624163397,351.87929407260003,356.25836179422276,360.5961125940346,365.09851361417736,348.0814456689611,352.8572320704516,357.30553231677663,359.9505776175049,361.092380661712,325.5535770047254,332.76271665552554,336.89075739647797,339.28114714554295,336.99488823631873,333.11178366044123,351.73897662245736,353.286127637213,354.4442058895504,354.96123914080954,354.4800570857269,353.5330153026539,338.9632355390481,346.49290150191155,354.14295826664943,356.92294676846564,358.2211671408347,357.76729084477915,354.62744872469625,355.62425376710166,355.84291328467066,354.52306632426144,351.6063050897642,345.49942010856694,340.83190386214665,352.9923429786022,355.706575065743,356.443716213749,355.2328102366607,355.1098580905559,354.40911699820435,351.9710069667526,135.1243911318155,147.80314036012123,160.7803662332692,172.87974473280497,182.34300452117714,188.6050109123246,192.3778099792346,193.75150615286748,192.22473916927834,186.6829660049973,177.64316654994536,168.3632334502504,158.69597326619896,148.79752127316578,139.20625525766286,130.22364772251615,122.51901755496567,122.40216765902869,119.64357705380348,117.0258832503921,114.85338309101735,113.97319925309978,111.52580053728889,109.74453236876462,108.07032038486801,106.24630406721366,104.67262293859596,124.3316336038805,131.7520689075874,138.75941884671658,146.0860792217045,155.07187700256668,155.6660097643785,155.39836453840417,153.53122082496657,151.0928973481623,133.5921812917369,133.10215268909678,130.73790237266826,128.58352982216184,132.41161885842507,133.78428210901268,123.07060989571369,123.08472396964964,122.26249435646776,120.76611665494488,123.39791690924392,123.9364242875771,171.27655668996226,167.1670552024866,162.76888412181256,162.78229306378034,161.5543267045864,163.82873939674528,167.14848545681662,170.12201553203818,172.60148822359065,173.8292944987702,174.4949238306308,173.62033912169295,171.50068955621396,167.6954620418162,167.2873087894916,166.70923779045756,167.40741753857878,167.9118117757489,168.38537840557524,168.9080755817247,-10.642263377167401,-7.9817397126576015,-53.71371313570006,0.38306862,0.4894918,0.6083907,0.4109516,0.19984579,1.0,0.40366602,0.5821742,0.46811956,0.13155022,0.65271527,0.4139426,0.58489674,0.0,0.44784385,0.46351334,0.05289418,0.061401054,0.075651824,0.6716078,0.016375693,0.0017678136,0.13090758,0.012020896,0.7635254,0.0017729749,0.07362963,/content/data/frame176.jpg,0
280.39238823784723,91.67574977874756,77.39813910590277,102.5128870010376,0.9834449291229248,270.5516621380633,272.82068788461646,276.41921692333466,282.01741900660153,291.16089293449994,302.62615762286674,315.41994215959215,328.28938496223157,339.6826098713082,346.78084880213515,349.7048499567836,352.3903902766155,355.9522715980956,358.6472485790925,359.53873809819754,358.7142804022243,356.6314985654786,317.79974418965827,325.3783326371227,332.3611539429313,339.2874652661456,345.2652125010952,353.71609085829357,354.6700001881972,355.4557433768267,356.47831229892097,358.7885858600692,350.5051917408906,354.1234070699316,357.6631228694988,361.2606977935829,344.39102719360596,349.2430841369004,353.7901030244161,356.7321489522791,358.2033148959252,322.5459484842279,329.61134607445024,334.0832162904195,337.2481419303518,334.269280559047,330.0733318631252,351.2183232313716,353.21283892429096,354.68530268380823,355.65630358882896,354.72714808028746,353.4303953916005,334.54830363905774,342.04423881303126,349.3209310922921,352.09963552771273,353.72451566301663,353.6206024058055,351.56404084903346,351.54569545180357,351.27038251207995,349.62034527929575,346.67543242484726,340.89716755482044,336.39992760487223,348.0590507893866,350.83564352440675,351.9347909151937,351.7800208733356,350.92264851382726,349.82812046766657,347.2979221085512,133.2636133851434,145.49653616131332,158.06383716393165,169.93841244764812,179.7520634602233,186.86632345138094,191.44804608193783,193.8888784532682,192.92913995038384,188.05441155695553,179.52067828820725,170.32015362110155,160.64741461650573,150.99430416042486,141.58651023316932,132.53476512449367,124.3209214711122,126.64159955610904,123.97865369733387,121.6490742085652,119.82125453216193,119.28010197534502,116.58132320039778,114.4410671845207,112.55163791570166,110.76217896350204,109.3785184382776,128.76294925433731,136.87500601549436,144.6610873580469,152.65954856901038,158.70977552083352,159.8703015368049,160.10890901748257,158.14140549218712,155.3421999653776,136.53921265648583,136.68236834614078,134.5402022679222,131.9654052362845,135.74625082534118,137.0626540594223,126.43255954718579,126.82552279516378,126.03771923218508,124.0936460493549,126.61704004051289,127.18612496773241,173.0747421446561,169.94061946785843,166.75443017805935,166.88463703817473,165.6701600098861,167.02441254073014,169.05633759282895,171.64245935109398,173.66999235965136,174.8207737581493,175.45713614031806,174.85309450594684,173.26885727106077,170.54331929260013,170.2806618906938,169.6715096480615,169.48850294563894,169.75937984806274,170.23858919312977,170.69052240802282,-19.199380619979642,-2.017509574915852,-53.467908676991144,0.39404982,0.53110236,0.5009778,0.31292355,0.20011422,1.0,0.5502095,0.39952993,0.4699613,0.3037777,0.64401287,0.23343875,0.56998825,0.0,0.33582738,0.6017783,0.0019029251,0.12229678,0.08705265,0.6315776,0.0067812726,0.0050570033,0.037544623,0.012029147,0.89868164,0.0016407113,0.03826557,/content/data/frame177.jpg,0
279.16305881076386,92.72230911254883,78.17534722222223,102.32466888427734,0.9805835485458374,270.241645583026,271.98624439330166,275.0314048989793,280.0667384288123,288.46457513154417,299.0491997546866,311.10987150540313,323.4421011485101,334.6657914262381,342.21250118604513,346.4109264311961,350.32316344148984,354.6232765196743,357.845325843301,359.16647723902554,358.6863839049609,356.93833975515736,315.3486088697673,322.84652398563924,329.97668981790446,337.10831209746885,343.31657606472834,353.508721075502,354.9404892776514,356.33024007304647,357.8247892045007,360.13722497978085,348.7340111050702,351.58215600851474,354.42341389231876,357.3577892584666,340.9068949866185,345.7011389160518,350.333973354358,353.5172767885304,355.3257378853392,319.98747402452807,327.0274059937252,331.8646407343891,335.48366343240286,331.9981947560671,327.41416959935725,350.1610806179431,352.57085684085143,354.58693120667266,356.0134884014002,354.5740573835616,352.69780927728425,330.3513334399822,338.0832974411698,345.5572799808204,348.3484404688339,350.1686482888339,350.53440685050407,348.70313295856323,348.28094621259135,347.48551374119563,345.4158216220418,342.1476563464974,336.3656557138811,332.2800795185029,344.1638112194558,347.0363497854525,348.4062079991443,348.66432119963304,347.3544042089543,345.8610114527426,343.13984826105354,132.05603341913312,144.31259733157822,156.95669698628882,169.04503391685756,179.31197737686125,187.21832715591609,192.5596683140031,195.63504827142933,195.22726498417416,190.59394018421443,182.2358429021975,173.09488689983937,163.54361529482156,154.21382614289558,144.96562731504164,135.68237860721092,127.02221854665967,129.5495278709559,127.05992882157724,125.00689436097991,123.61241926040111,123.34593331765026,121.10503545254605,118.71292322740845,116.70207816608573,114.99641004573832,113.79270026601861,133.31701304867912,141.44767766828681,149.28234681996798,157.30218970589266,162.3485307570214,163.73963553608644,164.10434018614325,162.3522999548055,159.65875071115406,139.48983557852216,139.6379065007919,137.80504076318493,135.7007744880465,139.53131871063914,140.6775976262583,130.7778874723005,130.66750120904106,129.90603909010142,128.29157457788315,131.17127096025433,131.76200305723577,175.29724014333203,172.77843530024967,170.21110660996618,170.45704127625538,169.28904373068616,170.27690289749825,171.84513801592385,175.02325239916627,177.63011009378351,178.8463460521585,179.32642474856183,177.9516190053515,175.58962742774872,173.84997065786865,173.7397051553149,173.09407450963735,172.2882419798898,173.53821774755542,174.14586366216608,174.45485737332473,-24.044255301913314,0.0630505260695611,-47.9078614767202,0.3673886,0.43229136,0.6350629,0.5368254,0.28224212,0.0,0.4955962,0.052606262,0.4709247,0.3797111,0.6531548,0.42023027,0.5196397,1.0,0.44182807,0.5808506,0.018329784,0.11312776,0.22105156,0.6242434,0.01279039,0.008685135,0.03313251,0.020501422,0.8724539,0.0032497665,0.04918693,/content/data/frame178.jpg,0
278.59467230902777,95.53451728820801,76.72243923611109,102.87286949157715,0.9784893989562988,269.8569967865393,270.82031427505444,273.01892084297907,277.24075875033543,285.2776912554735,295.6861590083928,307.4369137138482,319.3792460541043,330.2742826640238,337.8844175188098,342.52624504907214,347.19820375727727,352.1913115234784,355.9551408100214,357.4735682273157,357.152588404263,355.69980942887497,311.0267621206699,318.76517338343314,326.4347759256756,334.02666283875266,340.7841773332687,350.94744940653516,352.94417892175295,354.87223584020876,356.8554854242932,359.1124467759713,345.4779011267864,347.95817166512813,350.50608467449024,353.1485190786885,337.0648715528874,341.89351974443633,346.4541071438886,349.6226929867094,351.62343263427863,316.33585360007686,323.1475490295824,328.2470835009766,331.8236874339773,328.1203044543453,323.33390613428537,347.27943653004627,350.01624516826035,352.59334016827484,354.1631340698717,352.54284929085264,350.1639431254879,325.62525896965207,333.57630658059145,341.09888074733846,343.8355201506093,345.8304690199023,346.53364020918394,345.05329065412514,344.3135794331794,343.1423558971035,340.8608186884464,337.5288769771252,331.68022770837246,327.6470205403917,339.6150361227991,342.51393504645955,344.07078615391686,344.7532370997096,343.24120382005447,341.54026019546535,338.73513950449876,133.9008010805348,146.0725976087608,158.8232254702325,171.1331839345349,181.5697777992214,189.7043864592793,195.37327142807555,198.99297876532273,199.09488763333457,194.91455643532512,186.99139579982,178.6930412950881,169.9517695116578,161.06023181468692,151.93115447973577,142.63669781500602,133.87514359152703,134.27238215162487,131.63325886588188,129.99350103132542,129.19150767223636,129.49533958071135,127.52982287546506,124.86672341308551,122.6522510692294,121.00977075949861,120.57948355819681,139.48429966241096,147.35565968919383,154.9174669306151,162.62754605646282,167.40533546853902,168.71034290628938,169.1240855523764,167.62765131966609,165.22902560439002,143.77800355632843,143.49734947704025,142.10469305475868,141.24113128750434,144.77296889898997,145.58460497082484,137.11364921906133,135.89404288431308,135.10169223796981,134.4409843033666,137.5867418239486,138.18260334311586,179.6861855225992,177.79655965234747,175.80292051435453,176.06728021182232,175.04593997115444,175.93864693885607,177.3801018891271,180.5686721713356,182.98446419629192,184.078950722657,184.43909739801492,182.80564908362598,180.05062929390795,179.07289280427528,179.01424185937117,178.46430923219884,177.78277068349155,179.11762969362633,179.68788523007294,179.87079141354138,-30.89159421822335,2.083126856170651,-43.77471299985897,0.3826379,0.5333935,0.46038532,0.42350477,0.24362661,0.0,0.47833845,0.061318383,0.47179365,0.3300646,0.6369596,0.292198,0.43939373,1.0,0.4570476,0.5946789,0.041277677,0.12202529,0.08697406,0.71309525,0.010076467,0.0065655517,0.025898037,0.0074585886,0.9107841,0.005523879,0.033693302,/content/data/frame179.jpg,0
278.65166558159723,95.8960189819336,76.56637912326386,102.40179634094238,0.9755693674087524,270.0884739117967,271.28101314196726,273.6455339907085,278.0374396471689,286.0768390978433,296.3099446332337,307.7773784619401,319.4696294668302,330.26387887905696,337.83480758736397,342.4912247198445,347.1187326537912,351.94623921331817,355.5016311721473,356.87745120533583,356.44448706727366,354.9010786450168,311.26167664433933,318.7193160117996,326.10367162300685,333.4368593444352,340.00642527190814,350.5829511382476,352.4832383794966,354.2635528130474,356.04657725507496,358.16172422244256,345.04255121371017,347.56415550649893,350.12571411345095,352.7806288502515,336.71248321195515,341.5005921077087,346.09254033583284,349.28457875271476,351.27865426029916,316.4666397764132,323.140885274559,328.17956008919856,331.76567036032844,328.1883712789214,323.4668699969167,346.7094041842542,349.25204400229995,351.759526953621,353.3531584248636,351.8138076909745,349.50396492542427,325.6270836728171,333.454576940395,340.85499484508716,343.5724302098798,345.4989093168387,346.1397018076746,344.63776383945844,343.9674249318793,342.812639049528,340.56728716137593,337.2381369642676,331.47416134040265,327.54379942491266,339.3798713120958,342.2567870135685,343.7750143300338,344.39817711707667,342.9080679696439,341.2268885759096,338.43300899903227,135.17459065215766,147.15821517654973,159.67415128489023,171.73641366336355,181.9550279777509,189.888775550657,195.3275062112349,198.64713475693864,198.53650781631154,194.19730083820198,186.22022975140487,177.7933485279067,169.01221060172634,160.19560086189017,151.17676589491452,141.979949290145,133.3227466435165,135.00054951317583,132.31192813040292,130.46488523137384,129.36580100973953,129.30537880723006,127.12191032886071,124.66206126977806,122.62583048168658,121.09129550610407,120.59322158330247,139.32601967804743,147.10291635493064,154.55478413677025,162.16410707327952,167.03235897647102,168.3199499228749,168.7041998274816,167.1789264889769,164.76285139114015,144.30651354043115,143.8571135671752,142.3302178857581,141.41172276953307,145.05606160117577,145.9919776772976,136.98308184951892,135.71269945694206,134.8737430895081,134.2503385990065,137.3890301328073,138.02512039271875,179.08512900092865,177.35340428693024,175.3794780585875,175.60777796188114,174.553899611377,175.2732750236899,176.45080300420372,179.73940561502292,182.36628275061054,183.54684301087934,183.9419842198235,182.2652580292076,179.4450620727174,178.57399942918187,178.4880628630816,177.86593280899876,176.89804961937278,178.64449627131216,179.30410501019298,179.5095749231573,-31.220669304233258,2.158681936455051,-43.594697228051835,0.46139938,0.44488192,0.6049202,0.5222935,0.3332752,0.0,0.40975326,0.3933335,0.47666818,0.33483914,0.65462947,0.15106055,0.48371786,1.0,0.4381285,0.566495,0.0055374117,0.0996631,0.13819145,0.7717949,0.010038551,0.005783576,0.02496225,0.006985951,0.90865207,0.00477798,0.038799554,/content/data/frame180.jpg,0
277.8291286892361,103.38971614837646,75.740478515625,100.32616138458252,0.984095573425293,267.7713615969097,267.9830323016637,269.2858601972084,272.69335131220294,279.97794686023224,290.04217756156004,301.5872349139292,313.48840638544317,324.57418548994826,332.6776411520183,337.84712808117047,342.92421829892635,348.20899301662257,352.63329286192413,355.08896007252065,355.6047986558325,354.86606986960976,305.57288359640154,313.4099883004681,321.1907981768783,328.7417105974513,335.5791031202091,347.2365097357016,349.73698318006313,352.13733148353367,354.62862696937736,357.2936076060937,340.58297059463723,342.2084308210551,343.8952664025967,345.6415254982011,330.12118861899546,335.04217460719906,339.86345165591433,343.5989955868605,346.0418610163813,310.32986470428807,317.43091363976123,322.67688834048636,326.9243743485089,322.68760911454865,317.62665028909,343.7368013064671,347.16348791718895,350.0373083715324,352.49209294811976,350.14242792925563,347.2675956749505,318.78483833035773,326.6899524963891,333.8647838943177,336.8553990733184,339.2566371866843,340.55559458858124,340.2472754598259,339.1844836504083,337.86395553443424,335.12311860413524,331.3128521696344,325.21213612963095,320.9864432881594,332.6022369392696,335.86542815759833,337.99004303178936,339.6127835973173,337.92896188800205,335.67334403437246,332.4163456058802,134.30055858637587,146.55225774958654,159.4308889791381,171.65463088950628,182.42661925198797,191.0112611426531,197.24046142602026,201.54072607743512,202.05797831033885,198.57349711173367,191.03995033589342,182.88330700491463,174.23012104875886,165.65297078334208,156.66965100422124,147.39017163560112,138.54303582579365,141.09125402934092,139.04081270340617,138.10443130622508,137.56137458635482,137.70338178736267,134.1088117298039,131.46195738176317,129.28148540897718,127.40971647486106,126.89733666872326,146.60089231866766,154.7256603629097,162.6269354297956,170.5475136307026,173.3300352842465,175.03465988780977,175.72886229983135,174.1070330718576,171.36288805799586,151.10290342414834,152.24742857798998,150.9040667919582,148.519315277259,152.35303609597844,153.16379284046775,143.68682231832997,143.6459484702317,142.8594282815626,141.05078920675908,144.232989784891,144.84835432259172,183.6164027204286,182.5376302123251,181.26710367176338,181.50916784274284,180.39488187357222,180.21437963075903,180.95792343665767,184.22149497695784,187.0998362396408,188.3783854210336,188.84361247860159,187.03681760656514,184.04367651560335,183.86441570111197,183.84353387211513,183.01382919997423,181.52300295143903,183.48382822190058,184.32179233911893,184.48599814425108,-37.93426750244579,5.729781590064492,-34.0361640037504,0.27561665,0.52353096,0.2819399,0.3483779,0.4805206,0.0,0.51649135,0.0113012055,0.46713248,0.23776439,0.6106355,0.18007974,0.6101271,0.0,0.3208516,0.5924531,0.0012365133,0.07808007,0.017463852,0.5441062,0.0048843506,0.0021622293,0.0089151785,0.0020656283,0.9460077,0.00205407,0.033910856,/content/data/frame181.jpg,0
275.6421712239583,110.62424755096436,75.43709309895831,98.38412189483643,0.983738899230957,269.0267898354482,268.6007208814776,269.10311116957473,271.2724452109759,277.0709701382768,285.9172184716619,296.5791661743543,307.92031974194555,318.67086655095335,326.99244111702797,332.7752419108106,338.3903233050522,344.0567535479324,348.8745942804219,352.16350316522846,353.7346709714599,353.94210005345496,299.3500371647113,307.21716703150514,315.2573608847306,323.08883085150035,330.2857832997162,343.91981390225527,347.0933585244087,350.0755183807101,353.1600240852503,355.93539522480626,335.601814122409,336.55533908995983,337.63220825635074,338.7407367992011,324.2406579369947,329.06507824649896,333.77312800510083,337.55236667259675,340.19178334378256,304.5846114165647,311.2498179318017,316.6462638521808,321.1611133038934,316.58568952176006,311.3722086197482,339.8681666723849,343.60405050139076,346.96597509860976,349.79802208124295,347.1346233796117,343.7976519161836,312.81975778488976,320.760934281778,327.7900477017798,330.83195152477185,333.4171482591672,335.12206795878944,335.5026278785334,333.7230387760191,331.8557125973331,328.89486071878656,325.076348661644,319.01088642451305,315.05361918065614,326.62418183966037,329.9147795998504,332.3148544812742,334.4196154279351,332.1138712736594,329.58256373795854,326.2581884700989,136.6985056075702,148.63804531598004,161.16300904664024,173.2485590689326,184.39475660293385,193.837434796485,200.93187954590445,206.04799678205865,207.26122152472323,204.48033339224793,197.5663942364186,189.98083859944495,181.78512747132413,173.3870046284933,164.4827821290799,155.10265565754435,146.0567259579859,146.53257715275228,144.47001697973604,143.96905080062118,144.25987866014665,145.22464872295913,142.22574437092862,139.4134677857533,137.11380006436775,135.2657200280726,135.44388230706812,153.60887704727045,161.30861121563845,168.8336277070951,176.41950000820316,178.85965049508076,180.59085331785838,181.51214891350776,180.1384458245089,177.63097254265733,156.01998591453298,157.15551183408633,156.34895069131164,154.84483123780433,158.05188948084867,158.46130454021747,150.93130586637952,150.30903269435586,149.64501967092758,148.43458157264575,151.4953445040866,152.06386921703103,188.62748645881697,188.0161206069783,187.17013477947052,187.57568301790923,186.56144298032234,186.4358469476376,187.21030186567427,190.72721596423128,193.58138017740725,194.6673411229459,194.9262034973487,192.82190699141822,189.13807570912735,189.7435797559892,189.85638255764408,189.1286883767875,187.73503544732125,189.6638437269467,190.44591265817053,190.47841647232175,-41.52097512350761,9.653877601934692,-26.196420464332782,0.32251468,0.49786672,0.37546137,0.30807936,0.48510924,0.0,0.4747553,0.02919168,0.46985,0.19279404,0.6107113,0.23484094,0.64863235,0.0,0.41244516,0.50417316,0.0012585286,0.0807092,0.049721636,0.5706651,0.0027506857,0.0015448473,0.008839508,0.0005082923,0.9545835,0.0023997494,0.029373365,/content/data/frame182.jpg,0
274.14393446180554,114.78585147857666,76.18809678819446,97.51312923431396,0.9835789203643799,266.4687611167052,266.00652013588814,266.51509741999183,268.79333648717113,274.35759172909604,282.72142699130586,292.77657394056195,303.6506968290517,314.3507979014575,323.0089734841424,328.89178340056293,334.8027501102954,340.98388812191877,346.21291919813785,349.7698398882737,351.6516999016226,352.33623709171405,294.82720034671996,302.7369332107722,310.85877314478,318.61156867756813,325.65236420786295,340.5478379457799,344.4201747032797,348.0725578729948,351.78271233797943,354.96215623573516,331.72637109605995,332.30712501033213,332.96976867200976,333.6909229453036,319.1739233793664,324.23422293618887,329.41341990584016,333.6434532561083,336.6827967061905,299.910000229335,306.62149309937905,312.04831919703355,317.01764448247513,311.9695506200534,306.71553623106655,337.11542231321465,341.1741783849684,344.81199144291014,348.25871214931317,345.05240177451066,341.3614625598541,307.641425334898,315.85586464131273,323.1063749254607,326.4519627354,329.3269129186099,331.61463668217385,332.9461244982848,330.6131838679778,328.2063952992047,324.87030003216796,320.7299889977694,314.1752311931965,309.86950161359596,322.13856100503324,325.7504073199726,328.5767160673247,331.69492225260103,328.49923431926845,325.5958832288586,321.92812088419856,138.42357834466722,150.2296617981175,162.5968968206322,174.5942958154617,186.0113628643112,195.94889748599195,203.75478778942346,209.64072933829306,211.20397190500373,208.43193316229883,201.1698867532715,193.63222181530926,186.0498840358401,177.92765003227015,169.1857294366308,159.85012735267821,150.76165221958783,149.93953941689318,148.514824506949,148.49967549652698,149.25982173241943,150.60770353978128,148.51467455127494,145.74786333311485,143.5643901490986,141.81807262839988,142.14655925079646,158.12969985347416,166.16505023695805,174.01116353445204,181.9955010900231,182.94509713972212,185.12250932463303,186.31743983178796,184.6757460361515,181.67092028983478,159.21993340140037,160.6477694817699,160.1307606783412,158.75593567242493,161.6361098928383,161.8919551968439,155.61904082535034,155.24152218487515,154.72959095031717,153.56228716060315,156.45359646165127,156.90348092055814,190.62209531028128,191.1553167632155,191.07745838230346,191.55987624780033,190.4878396465551,189.71298729258032,189.44409235758962,193.56214020540116,196.91505143198094,198.14409511131544,198.28129409106282,195.62601850833718,191.40732599183798,193.40330576049303,193.59473289679255,192.66152735100314,190.32259546841595,193.1300237502006,194.09118382350903,194.0018172164477,-51.37061858439785,11.020137031661678,-22.757874001840943,0.30305764,0.50197387,0.18461764,0.3166911,0.5171459,0.0,0.494716,0.009915439,0.47240037,0.26062244,0.5909085,0.24033983,0.61932343,0.0,0.41251266,0.46214783,0.01088088,0.06338559,0.02900302,0.79263186,0.0010210973,0.0011898233,0.0013516496,0.0040285345,0.98526114,0.00046048456,0.0066872155,/content/data/frame183.jpg,0
271.04654947916663,116.69624519348145,76.177001953125,98.18508911132812,0.9796651005744934,264.72679311130787,264.083076030344,264.3998483478825,266.2735149129643,271.1290477114926,278.829027428311,288.2897462176512,298.70515800747927,309.40893774553587,318.4766180863218,325.2900148933906,332.19971460031957,339.11756771399666,344.78391853967116,348.80481918333317,351.5151983914373,353.1210754063301,290.70536677973104,299.25459649478034,307.59591784912374,315.48763956804834,322.6387110148004,337.2411886137241,341.75212936891114,346.0217475434889,350.37594063405993,354.1544091034295,328.25498264708875,328.34013342815814,328.51898869350043,328.7558167174182,314.8207105597336,319.6358274617625,324.6767185873461,328.9553820572655,332.0933059706484,296.0861868460885,302.88095231112203,308.56181212761624,313.4999640077025,308.1711965260285,302.70963596235526,334.05969559141306,338.26226762109434,342.35340273580584,346.20190903936964,342.5810731004647,338.50332333740005,303.1549938598964,311.3121331969436,318.3278974190471,321.69501563271695,324.7629298028849,327.36829088479425,329.4361451228695,326.59278321865565,323.82099010700915,320.3576673119067,316.2544600988316,309.83555544849696,305.51736797067167,317.39917452894224,321.0292524000441,324.1096670560102,328.1065990715659,324.27585328967837,321.1498961334866,317.48755577263364,138.69820166991084,150.70444073246,163.1518170229072,175.23871230983423,186.9776305904117,197.37594199657758,205.7417937986138,212.35419964863468,214.44219511888366,212.22309202539472,205.32388429924248,198.0340995965991,190.48166423729634,182.08491938075093,172.96565346781279,163.30182987523077,153.734986877385,151.56678112705487,150.49998053946584,150.90677654514292,152.26052297513235,154.2887092390327,153.24807188730955,150.51918072383233,148.35558189411094,146.5756180576158,146.86602962459,161.40827314110282,169.81927416965408,178.0309626771719,186.3871511823214,187.09967887282036,189.42976240286515,190.84872204135024,189.31517227546647,186.36516999100203,160.7087515740299,161.80524783813453,161.63280433882247,161.2880016131363,163.8202805009674,163.78630797285004,159.14455454970593,158.17024351153412,157.71592459158927,157.148413070467,160.04473349344735,160.45370655002188,194.52623855378187,195.36782322603028,195.41926483191344,196.0704488463183,194.9766984754424,194.26431826258485,193.9149999119727,197.67874168543275,200.64828124601553,201.7196571518616,201.71983272048237,199.1810191685865,195.3446551908346,197.5061436857344,197.83388114148255,196.91735675914822,194.77116380248918,197.1974097774975,198.04544835224516,197.77847870751503,-50.54900339437161,10.485329746822439,-14.86908482073886,0.27755228,0.4791114,0.54942733,0.32695657,0.47197798,0.0,0.5236869,0.016631994,0.46888632,0.19163449,0.6573528,0.11035779,0.6215035,0.0,0.2993086,0.4693929,0.0003446077,0.05051553,0.042925343,0.45740998,0.0018969153,0.0014483432,0.004085246,0.0031052306,0.97336495,0.0012842744,0.01481499,/content/data/frame184.jpg,0
271.13644748263886,116.75505638122559,76.13023546006946,98.10284614562988,0.9800304770469666,264.82943490260027,264.17294076908286,264.46419932304417,266.3082640800759,271.1480834920006,278.83937683507145,288.29129742490886,298.7011074370048,309.3820419936417,318.4319981150327,325.2320674908658,332.1167461929774,339.00463160118534,344.64626612021834,348.6658055517471,351.38239784627126,352.9925081328729,290.7660395246378,299.2856997819689,307.6043620171365,315.4786358340584,322.6093818652407,337.181349036234,341.68824464264026,345.95528284316015,350.3012747789003,354.05701527018687,328.1985653381689,328.28471837416555,328.4653043437379,328.70164630158433,314.76831885784577,319.5763010110495,324.6120505163017,328.88680726541224,332.0224886809606,296.10084068660444,302.87172693190246,308.5376433031155,313.460705507375,308.14741804538926,302.70163467998225,333.9931323722326,338.1914544397084,342.27851713768086,346.1119904301379,342.50020788692973,338.4306382268087,303.1192853442236,311.26235761581574,318.26533360037297,321.6222496691171,324.67996672703725,327.2888431675474,329.3644029847537,326.52255268032764,323.7412508811642,320.28600752023726,316.1931769614089,309.7888375718196,305.4768739100708,317.3340836960458,320.9568756962892,324.02578464966587,328.0406508508661,324.20289025551006,321.08668764985964,317.4299621032667,138.74564656603206,150.72597772732183,163.15046925883075,175.2314502937429,186.96313893747765,197.35266320050482,205.70778154403865,212.29693105433807,214.37602035330906,212.15868483221675,205.27263784194588,197.9947201397265,190.45207727143406,182.0718666281182,172.97545887793603,163.32576100575614,153.77675861680393,151.52574566483804,150.44115275903243,150.83245861356136,152.1831379567369,154.21179004909902,153.15681181086336,150.4311888144881,148.28381842793908,146.52966949934194,146.84337587308517,161.32980749196906,169.74104319218827,177.9516983735541,186.306620244942,187.03116040114855,189.36554420318726,190.78798148923784,189.2544813058298,186.30210138558527,160.63523635488139,161.71782945491577,161.54689868794412,161.21266799181205,163.73978395215988,163.7048399776312,159.07120931179725,158.08261409987256,157.63074570635627,157.07906244583785,159.96816430136357,160.37652113141553,194.45816537782798,195.296020844208,195.35619745576582,196.00530634165443,194.91358781212716,194.20609863144364,193.85698867868746,197.6243490940342,200.59127496994097,201.65501025239587,201.65141761887003,199.10687878929434,195.27311780548075,197.45078700367935,197.7761659279504,196.86220557246634,194.70611322600985,197.14085921031437,197.9835633285818,197.71626999088676,-50.635578374220195,10.471976898513411,-14.834978156546565,0.27049825,0.4869933,0.33355284,0.2996986,0.46233317,0.0,0.486015,0.10883345,0.46753362,0.21222745,0.6623934,0.09571459,0.6136907,0.0,0.50542563,0.45574182,0.007982555,0.07509456,0.032660943,0.74521834,0.0023783958,0.0019487274,0.00481245,0.0049674422,0.9617712,0.002247379,0.021874355,/content/data/frame185.jpg,0
267.41837565104163,117.77750587463379,78.40521918402777,99.70582008361816,0.980273962020874,264.382562094746,263.0955534507091,262.9028438428632,264.3177580089835,268.6159797457215,275.91835972297173,285.08778306544366,295.4131163935865,306.2798458893034,315.7844772262904,323.19801614321045,330.6789764122598,338.0218348742451,343.83031201431686,348.0099936923398,350.96232007466756,352.83451417731,287.16795713453644,295.96721735688914,304.4538140896367,312.46094117387247,319.68727066465067,334.605303853373,339.69786949818354,344.5879642726427,349.6091719684998,353.89233194347594,325.43499442003986,325.17239773841266,325.0380328457252,324.9481186921769,310.8713333921653,315.84478845698186,321.13826317014286,325.75534924963563,329.2378895824718,292.1916002431027,298.9536252541128,304.75370859986936,310.15606373334276,304.49051643665734,298.8840323553659,332.0961726634955,336.52988607244674,340.9522817655286,345.48180709174835,341.3684984330048,336.97977062689165,298.8445843746907,307.13019715816995,314.26500790430305,317.71999205937027,320.9159809483831,323.9992918848211,326.7245793242266,323.4450661199887,320.29723635842765,316.62563953680933,312.4344119344055,305.80395626181644,301.3260024934476,313.4945117856869,317.227254225367,320.48708444548424,325.2378864497098,320.7338277670751,317.40571328139436,313.64804619334404,138.09786789503949,150.0532482662867,162.4054190554649,174.65830844484753,186.80923498442394,197.6210268467446,206.32069901411433,213.22892723434825,215.46851564602844,213.4496119965272,206.73795688292444,199.51145623576258,192.0470410838002,183.48253967042433,174.2833975179608,164.62205111718697,155.02159359989946,153.29770650369665,152.6657579118936,153.55840620207164,155.45332131464465,157.9819928583231,157.32094054978222,154.78708082822413,152.67227611750457,150.93969926907312,151.2933796728703,164.19002744452837,172.57507852115486,180.7321920838449,189.07509590099562,188.93022628526114,191.47704040560734,193.09368376441648,191.63976020585415,188.6054071266583,162.1896586050741,163.80358842205067,163.81954518906878,163.3460267906471,165.68419414779828,165.55160143683327,161.7394139090719,160.99869186969624,160.59423507208055,159.73669166934235,162.5361183489357,162.95585441955086,195.90365795615276,197.10622410228143,197.51145110362359,198.24698853087762,197.20068103151266,196.38498536457882,195.75851021129483,199.66477669794017,202.67441194272942,203.6589676451738,203.54925640324905,200.7371213621691,196.79770045770601,199.49391983795363,199.8768251942604,199.0076217628855,196.7263496402686,199.06799717722083,199.86925152428353,199.523258894719,-54.512040592750736,10.923557548097321,-10.904266631030694,0.2751753,0.47731888,0.06676375,0.3207656,0.59510183,0.0,0.3837991,0.9889311,0.46761295,0.42013744,0.5657744,0.15209101,0.5871191,0.0,0.314036,0.46161437,0.021931415,0.15916684,0.05075284,0.78920436,0.005134129,0.004330172,0.007528472,0.009822833,0.9291938,0.004055696,0.039934963,/content/data/frame186.jpg,0
266.60639105902777,119.55229568481445,77.37453884548609,98.59989166259766,0.9854571223258972,264.73538261116346,262.90783419843547,262.07340669997075,262.70449018763316,266.2712114523956,273.13022692911363,282.1519215233302,292.4422184204832,303.28304437153247,312.76789566481784,320.00413770440355,327.1849336665291,334.2070926321667,340.0032317695186,344.4641091884987,347.49234515906755,349.3305286118375,285.39041815955625,293.93023542221636,302.02003110654914,309.40403532051096,315.92331486623334,331.7234793189191,336.55193559865984,341.26770135795596,346.05320843752725,350.0532811374478,322.05513479663387,321.62499397286774,321.34251658968424,321.1102947073887,307.53877059866863,312.284812370498,317.39820027343194,321.8319117943738,325.18028503792993,290.54459722403044,297.1150878727135,302.64866916971914,307.4304243651377,301.9649482284008,296.6127056479727,328.6090981135276,333.1334966237928,337.51636024108575,341.7522303971091,337.56905587715573,333.2485003359707,294.94405869725097,303.26248658524446,310.5185212242186,313.9830970903022,317.2786265970981,320.35056637611524,322.9212840524651,319.6653397444461,316.3934569811918,312.58061176338924,308.2892673202505,301.5985788566104,297.2807384947464,309.6802924747044,313.4163651156523,316.80957055386807,321.34935743109054,316.9492577144192,313.49429428837357,309.6628800649805,138.34878055821196,150.44380954627877,163.02229031728757,175.40951315167968,187.61445577224913,198.6020882956018,207.52582486184565,214.5341963584633,217.11801741969248,215.26311974616692,208.42232065434837,201.09259886956625,193.5811434330326,185.2861013492693,176.42568135430975,167.00236237161198,157.68325338173918,152.80051114661183,152.65302049016782,154.1515209050458,156.83527819632445,159.93894325891506,160.1094953085535,157.77139444967315,155.81941324748868,154.21446017219068,154.6421432297402,166.1571023655183,174.2616270161161,182.11764928711273,190.08696153372875,189.60224207940246,192.30137010660383,194.1239606724157,192.87547185369658,190.0802687930127,161.89435898663032,163.31611856051586,163.7985636113849,164.23261852482165,165.82964821319183,165.25339195367678,164.17779305977774,163.5794980070723,163.49402980397645,163.2773443893284,165.55264702934028,165.62881662481323,195.3409675158382,196.70490434880594,197.50423903609772,198.43416327011164,197.51260319888934,196.75363652830856,196.1475520845379,200.57256092682474,203.844091069388,204.714464721098,204.3214266464438,200.94655043174862,196.26910748915543,199.76588467674537,200.32004924996636,199.5595028386897,197.05016937223718,199.87660757373396,200.6191209628705,200.1148874795017,-53.64265932479212,10.872182538929659,-12.668028827522189,0.3765893,0.5253989,0.241774,0.312571,0.59658134,0.0,0.51241875,0.9672775,0.46981812,0.2440683,0.52450365,0.08963733,0.6114635,0.0,0.29134396,0.46537027,0.0071177916,0.033752166,0.025342617,0.68905,0.01184119,0.009524014,0.0049346993,0.011611512,0.94602764,0.0016535014,0.0144073665,/content/data/frame187.jpg,0
264.63056098090277,119.39169788360596,80.09193250868054,100.15252590179443,0.9816677570343018,263.96343244609074,262.0799904538692,261.1912674720048,261.5917303424895,264.7650996058817,271.3105473311973,280.07959248245953,290.2541940054662,301.0361142501932,310.8257474815673,318.59836692648923,325.8300013529597,332.5788037850755,337.9783887215573,342.2924577050327,345.47265733409085,347.5621689870584,281.325609492549,289.911414951998,298.11700866181985,305.56394466697236,312.0592821506259,327.23343196590884,332.6888489632197,337.9643268360803,343.20518367353077,347.44717385330307,317.89372534379595,317.23566062272835,316.72102283544564,316.26320566742083,303.50451599314925,308.0786940406141,313.0242942638496,317.46645319852905,320.9900121218724,287.0692378344026,293.422545260312,298.89477133264666,303.6234617788865,298.0773803630636,292.72885661847164,325.1715784585483,329.91137944191235,334.4177516936654,338.7752814306756,334.4320213196818,329.92039108324195,291.9629029227894,299.8846908201971,306.7025920537957,310.12127782207904,313.46527012124966,316.86763034852333,320.1083326188135,316.44338834974485,312.82305098891106,308.9810759629437,304.8248826259414,298.45668951586435,294.39208826633455,305.98598031795314,309.66189185480846,313.1224122696458,318.366105839979,313.3646950463151,309.8550905564456,306.1309259067157,138.99071906366575,151.03410970739975,163.40284173535986,175.69356719077723,187.95217882419092,199.0655097004544,208.14978142071425,215.3661576627395,218.27438194492868,216.7638288483206,210.187880871915,202.84677434465038,195.1665206416235,186.73403844544816,177.88441324616815,168.44597972357462,158.97047525989944,152.14456527033383,152.12814302252133,154.03936673015346,157.13373011737377,160.70563886039452,161.20106781125008,159.1145504874366,157.5412024401963,156.3808640756734,157.12311027773058,167.13221780724183,175.20396572022503,183.08115029113128,191.11645406638445,190.18653577738473,192.95848226573094,194.97661713474918,193.8056410219159,191.2471371925975,161.8616039283898,163.53933801494253,164.35623470531118,165.07595538577777,166.44375133275383,165.60773893102743,166.12852297288947,165.77251299610185,165.92524527335826,165.7398726592828,168.0164510862419,167.9121259363979,196.34645825151824,197.61671285178159,198.55830759178866,199.5924041795614,198.78921478305938,198.2203638784615,197.58446292390727,202.25619664501858,205.21799649597097,205.86975736618797,205.30281194377903,201.93485068444238,197.29282386046452,200.6973044739334,201.32142152547715,200.69837183049788,198.45158626227476,201.21375461833566,201.79193952027254,201.17222083739046,-54.82939815489682,9.806443527735686,-6.352951263537136,0.28191972,0.5428059,0.34419593,0.2781631,0.49142262,0.0,0.5123479,0.2506521,0.47326848,0.4357246,0.62088054,0.19409133,0.5910984,1.0,0.42932057,0.6008601,0.0147067355,0.17246798,0.023634847,0.542776,0.020931263,0.0040171794,0.013227811,0.038957123,0.8813921,0.0044702613,0.037004314,/content/data/frame188.jpg,0
262.31092664930554,116.3298511505127,83.21381293402777,105.60595893859863,0.9556106328964233,262.2046986274477,261.086850307573,260.8167607380799,261.44960087873335,264.43191265659806,270.6290715349406,279.20825775101287,289.111222199793,300.1187539799476,310.57726144123023,319.12212065474876,326.89108914864755,333.88199906073424,339.0541254681687,343.19932724623106,346.6596658561699,349.09010374717644,276.577579641237,284.6845835665986,292.44857050957114,299.79713236222653,306.4674630432909,322.52727319786896,328.68107860912886,334.6843422312162,340.86179773489454,346.32487088770534,313.38962075442174,312.8009290895468,312.3005230459388,311.8751310770058,299.6110134618144,304.35205254110684,309.62060727170126,314.4770415799545,318.26314114030214,282.45772077644455,288.7163615861955,294.4375765174797,299.6557076799044,293.9341150722801,288.33099575578865,322.47982949602283,327.36174185018075,332.2622736479067,337.35482365047744,332.6437720725907,327.6727507627444,289.09199092055405,296.6551333626131,303.278073216519,306.98782550471094,310.6010172830239,314.68229356375724,318.82081047059944,314.57692941839,310.3135073923426,306.10270323400107,301.65291681792047,295.27081738934703,291.47551763335406,302.8069748569044,306.7775504255846,310.569775896169,316.93429449110977,310.5604699511484,306.7028913666693,302.71358305151904,139.66008278848233,151.80845393571653,164.11145333012348,176.57021400072352,189.16352942101884,200.71466208780117,210.1558001311168,217.77551848892617,220.73323787190384,219.08733948870585,212.20316846386444,204.2212358352977,195.66291623701716,186.0421402192859,175.97242033605164,165.47280658191016,154.76567478592523,153.41155403605188,153.63312541451126,155.56426763034978,158.23880151674058,161.2177878544305,160.9589360444377,158.99909042674992,157.6113527058423,156.7328699851918,157.71766104205986,166.9643750822441,175.58592147662443,184.02954077040988,192.6466192536866,191.23658729842157,194.25956915297235,196.4547600052437,195.00085716631014,192.13800252644432,162.86209999699997,164.6986040755307,165.23469675651685,165.40518363321132,167.22257351216848,166.5801007364602,166.06918018354318,165.94412021703857,166.03787459171048,165.5948791285644,168.22404275621633,168.15595526561916,198.26860350336716,199.3233024507918,200.1212419151479,201.1500851403278,200.29750346308282,199.8413233189031,199.59535782563523,204.4794531490391,207.59343989450562,208.26235001402245,207.66844641565385,204.136152909395,199.24853764250122,202.51353449580216,203.16991331435372,202.53269023977313,200.48426441327314,203.1348271823564,203.7584161410586,203.14992668243448,-55.961658381863145,6.073881956188313,-2.280958943555878,0.3245909,0.5029718,0.2868197,0.254748,0.5020934,0.0,0.50718015,0.6673851,0.4777683,0.35117328,0.49762806,0.1571334,0.5849096,1.0,0.5360555,0.598494,0.0053172163,0.056928378,0.0323174,0.5804289,0.030726362,0.01285541,0.013419708,0.021207746,0.8933769,0.008615635,0.019798197,/content/data/frame189.jpg,0
263.23619249131946,115.34807682037354,85.23809136284717,107.74888515472412,0.9602720141410828,262.8931079433321,261.67435638685356,260.9592905053885,261.06978290888117,263.83651477317426,270.0174017923448,278.76076540672375,288.7948351235259,299.90957557304444,310.51061150647115,319.3378347473762,327.27913811252654,334.3976634211184,339.6918425441495,344.0842257817171,348.00647104828215,350.9271790130482,276.77115843757537,285.1269181377351,293.0424268405091,300.5732197526748,307.44429895363317,323.07665815419887,329.48890911437195,335.7443266776645,342.2813430364665,348.0860591804485,314.117024368242,313.51362810409637,313.01293266780476,312.55367669957343,300.3607471072056,305.0814516203116,310.190393932005,314.8878046396038,318.5320039458418,283.31270639526514,289.24963270747736,295.02261609904383,300.1701733362935,294.56396896807803,288.93250170674344,322.84785094437154,327.42503555903,332.5300666693024,337.7171675016083,333.07803562188224,327.99960068127245,289.3095338169247,296.9973065551867,303.6714500211482,307.2662564408698,310.8901714473245,314.8736241260775,319.1414731690411,314.6319927996699,310.27980052842815,306.1379422654254,301.84909604360183,295.4448948368952,291.8163133625382,303.15220816866037,307.0059823632556,310.74850503447647,317.120865593556,310.69397171180685,306.87078966310435,303.03635568519076,139.04196812185654,151.2155574975427,163.45633090946012,175.8874237678623,188.38800884934415,199.94222190936466,209.40320620968362,217.36760685692002,220.643575219524,219.19689310181252,212.37815463868776,204.27591785861557,195.42223717046284,185.52537162882845,175.26749641593733,164.55330923273175,153.56844379079212,153.33626100220147,153.6282678322312,155.77971761879928,158.80108410919956,162.07958415587603,161.42621314175142,159.0507613356732,157.30074724411304,156.17048710145917,157.05273468661858,167.42122946521607,175.68282361944046,183.80269355981056,192.1605109757918,190.78027689483235,193.6638689068035,195.78948164359065,194.3501980546755,191.53465709402894,163.0580049085869,164.70910991830112,165.27194914308149,165.68470227510755,167.6947708004583,167.06224282917708,165.84181311681795,165.12528101649508,165.02784393360758,164.63442331146234,167.6706947546669,167.84234832954257,198.40987099363235,199.4781029498099,200.30267669096168,201.32281050316226,200.48949724986983,199.99240859636643,199.81105986604723,204.91807162413284,207.85655147161174,208.43050775658867,207.86347988555747,204.43182643939656,199.46900121803026,202.60082157791908,203.2212652854996,202.64061179060184,200.6679636366788,203.32973850717497,203.90627657042978,203.33924099259775,-55.83727569349467,6.1026940918818,-3.0130335582326877,0.32413653,0.4364025,0.38571623,0.29861867,0.48010832,0.0,0.594161,0.99652654,0.4726839,0.3334947,0.57279086,0.16959092,0.59968215,0.0,0.52130115,0.59941405,0.0026163345,0.044689316,0.009916403,0.5546505,0.016746342,0.0056371624,0.013838354,0.020660413,0.928952,0.004904125,0.00926176,/content/data/frame190.jpg,0
259.84779188368054,111.70422077178955,86.347900390625,111.29429340362549,0.9758888483047485,261.0944950089312,259.9679289318952,259.7088043656762,260.51982463510933,263.7318094276653,269.9354732795602,278.48477098637585,288.0594064938269,299.1269172813956,309.96626344250797,319.06891957386745,327.12386125339333,334.4907547402239,340.1199034458666,344.7212227493709,348.5195299339598,351.07127216976335,272.50624482332864,280.8318158201031,288.908620705789,296.50982821895167,303.3501659082695,320.79979454004854,327.45404223468097,334.07243634091185,341.07518187005394,347.27938105805447,311.0309414815715,310.3322582102562,309.738325687115,309.1976800025084,296.8574941928956,301.69348972039455,306.96696430157556,311.8816522465131,315.8286276409127,279.2088160544601,285.4741948058843,291.514147304389,296.7284483399699,290.76698924919907,284.88144042019496,320.7290028078871,325.8756803458057,331.3495139175002,336.8174727227115,331.5907853231091,326.09622290057143,286.8336300987961,293.96541352047575,300.35705596915375,303.96520540069287,307.66487541523657,311.82838132875486,316.2571910598235,311.7458002616861,307.2469948372749,303.00915083865715,298.6934582237488,292.61931585797396,289.3197787359254,299.8749907812272,303.75427501466487,307.63033529088614,314.30158637468946,307.51406586100313,303.6023629466673,299.7565720465333,140.71943151953212,153.0956301253102,165.38939891139512,177.83645293244012,190.2070553853216,201.74489774862684,211.19572533858025,219.0123329957388,222.2598529611688,220.8347842676418,213.9031966485178,205.13554549368826,195.6561401101377,185.1936984287861,174.26841589698347,162.90097360324387,151.2498270546559,153.49712026399152,153.65065625117956,156.0363885715035,159.31872329467643,162.66601478546852,161.6889049966739,159.42540841718034,157.63364046155039,156.44387288249084,157.40685298225065,167.74364789643306,176.09151992071793,184.26661569956286,192.69890366039397,191.53065301060826,194.3920384261728,196.43202322610625,195.05921448103754,192.37578354342963,163.59503984940977,164.55707266297514,165.1271319819387,166.13061453680223,168.12859236826432,167.5262496950018,166.23635237311169,165.20860257485515,165.31265280886862,165.34199479973188,168.46304807800925,168.4593066955606,200.3621703598751,200.5784222654072,201.11573254736277,202.21791197518291,201.33325015461685,201.3101331873171,201.91486795723029,206.59022683127694,209.2603878017744,209.6237715621968,209.0262329832061,205.7760622085093,201.17372397531688,203.6016503332346,204.285439718249,203.70783395128262,202.40619903700838,204.27638079649034,204.74713427280085,204.07302471982382,-53.3530752731525,2.487069010755849,2.7930702658010604,0.26217726,0.4189653,0.46380576,0.28593352,0.4214804,0.0,0.6265262,0.42665642,0.5031136,0.2631247,0.79258794,0.40559486,0.55346537,0.0,0.5478366,0.5998947,0.0013613357,0.049271196,0.011447128,0.61411816,0.013711641,0.0027636979,0.0052211448,0.06545497,0.89588237,0.0032586313,0.013707568,/content/data/frame191.jpg,0
259.69352213541663,111.76510047912598,86.36344401041669,108.87555885314941,0.980928361415863,258.0783476656377,257.8186714118449,258.2837575144297,259.52340241836276,263.05368768463654,269.52951112884307,277.9503356654243,287.0154185003654,297.3982245262654,307.8581256816061,317.01417687559393,325.50970192017115,333.3639434481508,339.2996298493699,343.70063256934895,347.2595228542306,349.8363691503866,268.2986484503874,276.35761648396635,284.37123077675096,292.0015537843327,298.8770259197412,315.1952302135482,322.40354694239016,329.6005408108072,337.0877160740071,343.7083888066139,306.09907959891984,305.40864988415046,304.74559283402596,304.1617802321024,292.50883973605283,297.1959393664318,302.37787681071154,307.38261226807975,311.5546580283934,275.59741567705305,281.9041476977129,287.66590670817504,292.42723570964785,286.65284555777635,280.95517284708524,316.1681006606092,321.57538171707347,327.13218060033194,332.6886290511839,327.12156639210696,321.5402060908428,283.61676538022493,290.4759852393563,296.317167807916,299.71609348659496,303.2875526137915,307.6641340887275,312.7417049749502,307.9339514669965,303.2940550817797,299.1599533637085,295.01509726444965,289.31712084567283,285.9220849667066,295.93552744871727,299.57812824813664,303.35798174012103,310.7930827477078,303.4633840206241,299.646053729606,295.99948136291243,140.4021097185178,152.83538141639013,165.187313859009,177.64218387420496,189.76681028316267,200.70853263534764,209.6403382386914,217.07868658657884,220.02956107132462,218.323811863981,211.46141864472366,203.151178894569,194.0932565618017,183.71876746501715,172.52763068801113,160.74799330222058,148.63130613411792,152.1570533007269,151.7341281103433,153.5662159876346,156.51987835685912,159.81323432621852,159.51584570494094,157.1195850152664,155.35246341245588,154.54791733134056,155.9866097890401,165.54123112115633,174.2990353535684,182.8301098189433,191.52451693531725,190.52056702748882,193.3069796901478,195.32540026538794,193.92524369132855,191.38839341384005,160.87069136883355,161.52638544472714,162.3040728287272,163.96238127561088,165.33964682613583,164.52665532402267,164.41757739694424,162.94181308432525,163.0773408707113,163.29539548883963,166.351734553183,166.39208100425697,198.4135430174723,199.1898520340066,199.9226139834871,201.0244279813844,200.13290457696365,200.12630866033373,200.11770359790626,204.9293741614265,207.64380022039353,208.046454842905,207.3309964669212,203.81585572115046,199.27179091804453,202.11133692092318,202.9022940120512,202.2689925669361,200.6904347483961,202.80817565503898,203.32128657209464,202.5113671940789,-54.99307185805816,5.10113043131584,2.715890528792003,0.33861724,0.445089,0.5320445,0.27854946,0.3421484,0.0,0.54202795,0.047591493,0.47250393,0.29570574,0.5299664,0.18971933,0.62193537,1.0,0.47414878,0.5989921,0.010023673,0.051647406,0.075595915,0.1619669,0.004792137,0.0054836227,0.014658697,0.016703717,0.95138174,0.003421471,0.0035585815,/content/data/frame192.jpg,0
257.889404296875,113.6513500213623,82.89054361979163,106.66799354553223,0.9785393476486206,257.12810957902803,256.8400334094926,257.3215304878631,258.7393490279026,262.4750369768673,269.12361249383326,277.46388042578724,286.38823918057136,296.5809357036002,307.16398360944004,316.472571081762,324.9796654297459,332.7073616548014,338.61988027095833,342.9064097277865,346.3596310893243,348.9761568622616,266.10043684127504,273.45230250929046,280.9745556575305,288.06876774514063,294.53693826225117,310.72377367943415,317.7827451553346,325.0279219504351,332.709589465717,339.65559872101295,301.6302538848524,300.88288435858055,300.14837052201017,299.4977047743526,289.16143270435316,293.6327789133038,298.6411610689817,303.7906811497551,308.12775597410354,273.25393196918316,279.25961428085554,284.7142452737049,289.6573647767385,283.9768551196167,278.56285878750896,312.272880473706,317.44917624765856,322.87354487065596,328.8888098210613,323.0845994369523,317.5789157155351,281.51296109761176,287.7610361034431,293.082360842104,296.51076347450316,300.0423511367933,304.98970882120915,310.81859297415747,305.62890744624286,300.6246337706268,296.3748822676298,292.2427774917516,286.89423454952407,283.58804870841664,292.9479330529684,296.53621545126504,300.29783222008143,308.97480477987006,300.547141046415,296.7273608648755,293.0692495645065,139.93574792695688,152.35121990256772,164.72906705101985,177.08178266126646,189.0399239662986,199.8656354131724,208.88718623389474,216.56763303086672,219.81828381836212,218.3119860893214,211.6985539080747,203.48457691477174,194.3209726302215,183.76453638353797,172.351468692355,160.4492439154068,148.27704583998485,149.54498687477886,149.13347128826948,151.10651829259888,154.13731389773233,157.56497646965607,158.4478838757766,156.256828025529,154.4968116252601,153.74127091580124,155.102913525116,164.7805317720173,173.7517394066894,182.42617897598495,191.17301477054843,189.8128065052478,192.76560202512186,194.8470488153725,193.59797932270098,191.1283364804052,159.35717024162562,160.64085854261762,161.4532809105742,162.74006296953291,164.07913373434826,163.17208662364902,164.27383067529163,163.4721391842282,163.65496463960758,163.36842771956606,166.33650129203772,166.37375608895871,197.07146460818348,198.29416658536064,199.25483374782328,200.39554160202078,199.66640655550344,199.59990029608093,199.1972997679787,204.18109589394578,206.9393852101124,207.24956973266399,206.26480101306979,202.43688016630097,197.9743231291818,201.09295323145898,202.0219198653108,201.4832550225887,199.78981354714728,202.274120268141,202.64350199923442,201.69475209927242,-54.64087855194267,1.2424127219357493,7.442838766980007,0.28756735,0.3782428,0.34812352,0.25344786,0.19610916,0.0,0.4496697,0.013728491,0.47332978,0.23984067,0.5900021,0.19341971,0.4772765,1.0,0.47865516,0.600665,0.024171531,0.13315009,0.08867366,0.3024167,0.0045398786,0.006088738,0.004492854,0.022410657,0.95466775,0.0029565357,0.0048435116,/content/data/frame193.jpg,0
254.79115125868054,112.91809844970703,82.60408528645831,106.66347885131836,0.9839147329330444,254.68363615869862,254.48010143967002,255.09392701231926,256.64516734831125,260.52860383662676,267.17184172430564,275.28939696923766,283.8949785527637,293.9922071452951,304.69555013041463,314.3550972542236,323.50223903782097,331.9059948356191,338.4006661490527,342.8505835098802,346.21901311220046,348.7645837010729,262.7869267695281,270.20513729969457,277.67660894863525,284.5489049319385,290.8083461540324,307.73347660988173,315.1094387231469,322.6692790078995,330.666529925963,338.1950295946476,298.36544756800396,297.490755997213,296.588530764448,295.7509436450316,285.5733761144516,290.1496286582824,295.32181447197917,300.60053396697424,305.1568553132691,269.537272433286,275.86303399994625,281.4629299617226,286.425271735678,280.44909765192295,274.8671416752206,310.3998855672792,315.9757610982644,321.5682987289313,327.7321007195188,321.6877028141504,315.9416663530824,278.7869158836753,284.8483077574691,290.0756715180285,293.52862847081735,297.16914085335674,302.33389585886215,308.40923003447296,303.01356304587864,297.78114496249907,293.4745262364342,289.30953535766383,284.0465243165354,280.8933745351027,289.91585955233137,293.511356037814,297.36974978702455,306.421771122439,297.65075487748993,293.7548447019127,290.06585278071606,138.86444479405554,151.11116053719238,163.4114368438894,175.5940981049165,187.25961249873927,197.73864654439376,206.6791294652722,214.45133522930138,217.74695969551237,216.451061841101,210.0742611504157,202.09561776949676,193.11261750359716,182.49413755227314,170.89021341977386,158.65329734103315,146.15365565481125,147.89696979442573,147.9809325865718,150.5744563016116,153.90553731922864,157.42769844152886,157.8480845897483,155.35965645811757,153.27036343136223,152.22054815766666,153.33348334057314,164.90840519654313,173.78643576028125,182.42297268696592,191.0591510428241,189.35239968376118,192.31102860640976,194.38821414589637,193.07273985019228,190.67482415016582,158.8563437934044,160.65759000899556,161.65606480658857,162.6735743746513,163.983799803789,162.92222798448466,164.05403391078067,163.5221627521909,163.7074408757349,163.04734250084462,166.20182738641847,166.2386838898811,196.0811033093908,197.30263204855618,198.33140989557032,199.5066372231202,198.7891293701599,198.66639896833777,198.05499756335058,203.214114614797,205.92841947961287,206.21712239909783,205.200474926852,201.47557251884137,197.06634150307,200.26539597945913,201.22953952770794,200.73996828289347,198.70893920085845,201.29685929308863,201.63712774908853,200.6029942271767,-49.893485443691986,1.9956844137811578,1.283792626410706,0.2939792,0.40966746,0.55537176,0.24143934,0.2621266,0.0,0.57599586,0.05507,0.47511405,0.18445948,0.4935806,0.105300084,0.5720746,1.0,0.38077557,0.5886154,0.008605278,0.09143154,0.028375331,0.56081134,0.0024290273,0.0047795847,0.002752547,0.052197617,0.9331963,0.0012070785,0.0034378467,/content/data/frame194.jpg,0
254.5606011284722,111.96544647216797,82.61124674479166,107.96966743469238,0.9831158518791199,254.763287564031,254.33329168806347,254.72750300145694,256.1017112915213,259.6547138843486,265.96827683386744,273.8779065694655,282.3695378980608,292.45110427436276,303.15668314636554,312.96930251944025,322.2667631981118,330.8098733277038,337.4632650948737,342.1608485537872,345.7484792509753,348.43279831411144,262.9920611535133,270.0587023550123,277.1124950933912,283.6521369356763,289.6826398443409,306.94127084034653,314.07002678323727,321.541426428712,329.52986908113763,337.02208883574633,297.49345901006893,296.67024610448055,295.8577289893783,295.1344734586326,284.7000850029519,289.19883873641345,294.31681695828235,299.5405251928195,304.02101113393815,269.2357327110848,275.3730004598003,280.891788950276,285.87958357061433,279.93938865757775,274.44851733865977,308.9138835096843,314.3401630656955,319.965940351402,326.21645991779195,320.09959525822035,314.3575388986152,277.22763508490954,283.4893833006618,288.89202400130984,292.3264268812196,295.9547788081791,301.0431717785301,306.8719296831083,301.5394719022711,296.39861163909507,292.1299911594144,288.01925908153066,282.72276541354097,279.2824972246967,288.65801786743594,292.27068134791705,296.1291858351384,305.0624181654435,296.36094855591756,292.50048253022436,288.8643887043751,137.5921333687296,149.90299594085153,162.23926584199825,174.57084426825662,186.510373706996,197.36172809460265,206.494759335707,214.35213414977125,217.8232618178809,216.6025439132367,210.40402056153488,202.6519355723716,193.8765607534939,183.43049573809108,171.8723388028656,159.6454517005965,147.13641196208113,147.16917506037527,147.32188932525838,149.78850850839174,153.17156387137575,156.86814490226658,158.38388128211,156.25239171914694,154.4803849715152,153.63786558490494,154.75050580878863,164.52597565108104,173.45260516487662,182.0598205340537,190.7304769998687,189.19003604690965,192.2052527495761,194.25893719402092,193.08649321452384,190.70806603669848,157.744674585845,159.44393451298626,160.51574152950866,161.91432618251127,163.16388024720976,162.04265636186375,164.15519468305573,163.6409665610378,163.95039925496798,163.53876963439654,166.58079531660997,166.5150219970646,196.58088133096868,197.5133303061789,198.37798264263267,199.5774711407452,198.78598264477196,198.85726217270476,198.6715029349046,203.25168754402026,205.80623616431967,206.09037350681496,205.09783504007225,201.51475294981287,197.46497143251526,200.3154034583637,201.25311151900428,200.72280882088754,199.21460196864263,201.16837923509541,201.5125597335688,200.54875703317902,-50.51451957733019,2.2425393713038515,1.1987025368943947,0.2377598,0.4452792,0.6216152,0.26647502,0.2506149,0.0,0.47616887,0.55079734,0.48041373,0.16279204,0.5550474,0.094900094,0.5985966,1.0,0.50629246,0.5876877,0.09112467,0.06068859,0.14440809,0.3706,0.0027628453,0.0052560335,0.0055275885,0.023123594,0.95579606,0.0021203815,0.005413541,/content/data/frame195.jpg,0
253.063232421875,111.77591514587402,83.22281901041663,106.7025318145752,0.9854632616043091,252.60157769352375,253.08823342656711,254.30762408068577,256.4274791445378,260.58606917145823,267.0894204857693,274.66299198380057,282.35125275782445,291.607228739527,301.8418280313416,311.544834610772,320.9962994269389,329.801757005282,336.57939523107,341.043801703418,344.3665127804679,346.78458476577015,259.1045149740154,266.2273143060236,273.39704828285204,280.04327942469115,286.1562922467073,302.1907001780177,309.7132558407222,317.47937786869227,325.7619927765694,333.751250413403,293.8402676752998,293.2855882845008,292.6826672757648,292.13885961171025,282.12154603156745,286.6470997658854,291.7548613700245,296.9767589330703,301.5280781636951,265.9611268118914,272.06099358314077,277.57750769059805,282.4187192825142,276.69076554459684,271.2114877690356,305.8604746272696,311.26329924546883,316.9713793600499,323.44299126151566,317.1990559849984,311.3530434608339,275.9497594870812,281.6738476373565,286.6189378341993,289.89307530306047,293.3327576120851,298.36347076599736,303.9508056444794,298.981438183492,293.8870935646928,289.7532577994048,285.7560150347543,280.84534497663896,278.0963626620652,286.47532724651984,289.8883053281814,293.51281080784076,302.0491654834056,293.74125444474976,290.0620774210163,286.562144605299,138.44700833054455,150.37367416714554,162.22357012005264,173.90405182917436,185.0253741870907,194.99047753019698,203.37716184199593,210.7467653982177,213.80176258917402,212.37367790213574,206.04912623418207,198.24523363712945,189.49835135030148,178.88627914243574,166.97059188001646,154.34316712593954,141.5394402843519,147.1582302851765,146.92486021821242,149.1473403375929,152.2090765490584,155.58909601229547,156.30685512024039,153.771312009596,151.47714107577283,150.23570359776306,151.0587723030984,162.59303711026672,171.3679286895847,179.81746219039042,188.36979818979012,187.30514742873882,190.08823315570805,191.95804804438856,190.67891631689434,188.38833622016017,157.43303855723184,159.00532912481452,159.71082367335035,160.48695200989562,162.1203440476894,161.310177170407,161.8684130544758,161.3431281568717,161.5217923359426,160.6450175294487,164.08041830902187,164.19438636481277,194.9694667448496,195.48461639983066,196.0358804886162,197.18067445959585,196.41035022848345,196.80459437620942,196.91963853833306,202.12439090367346,204.7807021462964,205.00832534752618,203.9826510052069,200.1258401169764,195.90497711401457,198.2819891555577,199.20567761898235,198.74890482456146,197.45660796640098,199.40963411285207,199.69668738509534,198.68083537504702,-50.6174725210806,0.15250992867769408,4.026234882560565,0.25034997,0.44945055,0.31506988,0.2726569,0.23592004,0.0,0.54477,0.50269043,0.48888195,0.13047592,0.4992478,0.07415109,0.61544347,0.0,0.45775,0.58064353,0.015814852,0.047120422,0.032527976,0.47028622,0.00403049,0.0085307285,0.0026924002,0.11138329,0.86548567,0.0033196886,0.004557693,/content/data/frame196.jpg,0
252.32541232638889,114.47462940216064,82.24669053819443,103.36523723602295,0.9792071580886841,250.97101016980415,252.04384397493678,253.8636518950732,256.3660183224705,260.5687860100228,266.847952026288,274.08592193451,281.4093394208777,290.39877951817886,300.43696064144046,310.1216479248684,319.5228850937797,328.26214473710115,334.8510975008269,339.1029231511553,342.3591652998034,344.69263275054163,255.94819944230318,263.212871949735,270.44392916182323,277.17213393804076,283.42800934361566,299.4093347600341,306.92819671554037,314.7331703584062,323.1058500954161,331.5209449529816,291.39793766005243,290.9355965808288,290.40106773149796,289.9545075612557,280.1568291173865,284.600975585392,289.7828435061431,295.1333923024453,299.8269872918987,262.62401744137634,268.6667415251491,274.2770783140683,279.55139153156466,273.55675689378353,267.9716680805829,304.3529031922461,309.65342550898765,315.2902227679205,321.8451000059986,315.72853206234964,309.9411563198267,275.2646142545277,280.6533935874158,285.34301839737844,288.6381712623389,292.1270903268953,297.2834773843041,303.1902542418651,298.2496505060698,293.0933115048374,288.95201136344156,285.0404714977136,280.2019316871877,277.3399904653363,285.29657025463996,288.70959013362483,292.39389452125664,301.2703360648586,292.7533066640369,289.03634625627365,285.58543593056623,139.6900985769272,151.19363820190836,162.53296247910822,173.64037134596316,184.29770085181678,193.66882528131325,201.51038815751178,208.37502811496222,211.24439586437126,210.0374317261551,204.2192778510065,196.97021805593886,188.66324220186044,178.4053704201867,166.7221672350483,154.27415000360043,141.51798178300172,147.1465688290399,147.4827032993312,150.16035278158174,153.42318601964507,156.8995587255501,157.03562794051714,154.41963822912834,152.08033380128035,150.74257923423568,151.45395481246499,162.9264094846178,172.06390696456612,180.98699996549874,189.9909826010835,187.32957240980392,190.42990553591807,192.49264666898057,190.96715880078398,188.39355094029028,157.46765296573375,159.41943238764776,160.11929296670232,160.57593754071624,162.2397347810227,161.46679924091325,161.8553703928397,161.68435694442206,161.82790813638096,160.72023545172274,164.09772702988312,164.19753970812283,194.25067467781443,195.33492552145464,196.1716205176686,197.29631248200593,196.51524435820966,196.48907961851188,195.98817900272593,200.8187267014651,203.27603122197965,203.47009684852043,202.50569810865,199.0039036854658,195.2755206942515,197.9427641660119,198.89492706406264,198.39172714507072,196.6713234256752,198.52553032649232,198.8108139689674,197.8267343765749,-54.5474508426132,-0.9528189479356937,6.697486960711501,0.27295744,0.44399777,0.15570815,0.23555963,0.15936199,0.0,0.540491,0.6953447,0.4606489,0.112185515,0.50965023,0.19561528,0.6165638,0.0,0.4176146,0.59253865,0.011200062,0.05077562,0.16603017,0.5966387,0.0058324183,0.02097054,0.0019499476,0.3358906,0.62503475,0.00118578,0.00913604,/content/data/frame197.jpg,0
251.56591796875,112.79949760437012,82.02677408854163,105.03206062316895,0.9768592715263367,250.31740869695932,251.17293349295386,252.8328287414238,255.2377514973983,259.29199568850015,265.3022563671333,272.11111228047474,278.8448997534425,287.3378467300484,296.98644952705405,306.5215500442112,316.03176172044186,324.92383164927924,331.6795330217286,336.0780290228564,339.3152461135049,341.56323507390306,255.0933785657004,261.9227679606182,268.6725495000914,274.9607117795555,280.84581456810844,296.73683240738467,303.9544009516303,311.56401569345826,319.8372602393683,327.99421161970565,288.6677619993256,288.12810311373704,287.50899976910904,286.99972510239377,277.8141802050102,281.96642843302925,286.809588030426,291.8371677037311,296.3086662136736,261.2628943957342,266.8616740951741,272.34343567487616,277.25104858067283,271.516097697824,266.08856494342473,300.82253885800964,305.75596839581476,311.425049868086,317.86220713158116,311.9679691692985,306.1591706238154,273.8937144729481,278.8316026666813,282.9651410672547,285.9173234588351,289.10071739801424,293.8288121200561,299.4090735602495,294.4730146550057,289.6265420546362,285.8212764225401,282.3209159948699,278.18830538537844,275.78432732356225,282.88197417516994,285.92319070446246,289.30389237623854,297.64082395775205,289.40948026009664,285.99061144182883,282.8978142358683,137.67652326032064,148.98678486009973,160.14387078162022,171.04905954627804,181.6657015282176,191.33347241385104,199.54837505253644,206.92876154106222,210.08332634439608,208.8936352406225,203.16765425697872,196.03787653527064,187.84847124826183,177.60847488319246,165.89123227877948,153.48587670319134,140.82938648729777,146.81427377014782,147.07493423305957,149.6518307663595,153.0519634635072,156.69712691226349,157.55215588468386,154.7598277646563,152.2026402184287,150.75301360590862,151.50356278503435,162.7417984981902,171.3611203863764,179.66588729163672,188.14863232258062,186.21793288724447,189.0880977959347,190.9207443632441,189.66601773399492,187.37595889457822,156.27668730258287,157.65684227113442,158.49111802198541,159.84507697836952,161.33269795037822,160.48978284937166,161.64597205573753,160.67527345345138,160.7201079245197,160.19820102538128,163.7378517150634,163.9257275310339,193.59185864434954,194.43988974314388,195.03793561082745,196.2055250031595,195.4351053186759,195.8036599963134,195.77083797820055,200.18761935174456,202.2035779043988,202.2846826211638,201.28239029098256,198.0357675773821,194.4702551808212,196.69630019182418,197.66788151032188,197.24958671322338,196.28579583482252,197.3343575194457,197.53019280627694,196.54041626510374,-56.314097175658205,-1.2549355772635788,6.95230113633243,0.36830866,0.51954424,0.250295,0.2518647,0.15847956,0.0,0.52807903,0.5528431,0.46302697,0.05008402,0.4512973,0.11484244,0.49727112,0.0,0.40870556,0.55733466,0.006427905,0.021003485,0.20626366,0.19991699,0.0105985105,0.018521177,0.0031159786,0.06765875,0.8850258,0.002967565,0.01211225,/content/data/frame198.jpg,0
250.9697808159722,114.76115798950195,81.71850585937503,103.02460098266602,0.9615038633346558,250.2723165826282,250.92528899060886,252.33264267935854,254.74779021855463,259.06273987425885,265.48551551544256,272.62442972134875,279.65453852742155,288.54110745951994,298.7221699467797,308.7090841918931,318.33320569378765,327.2013966050141,334.07286049875654,338.4566374637828,341.6154095411786,343.83169274626454,253.24951359274257,259.918693985701,266.42130237893815,272.38162098969656,278.0292111209907,294.1306196551676,301.6566107934601,309.58809741392605,318.24972349713244,327.1287172065137,286.0908581952142,285.4738201973306,284.7626703736387,284.18854881262683,276.12441105233484,280.2077029547687,285.1008841719424,290.46717783982245,295.2373832745899,259.52687148577604,264.9945334975292,270.4119746565367,275.52757487651235,269.79745682029636,264.41576953349033,299.80533836859485,304.8085076930398,310.5753670532123,317.5229074054479,311.2696863237079,305.3503277085456,273.6668223699102,278.3528639853558,282.09083847596526,285.0916877926128,288.40723308334077,293.9015354880198,300.47832469184743,295.0308258154635,289.5904010770255,285.54452473232107,281.913911338381,277.8683923850207,275.45733826627145,282.19895119979145,285.28693031547255,288.84262048278254,298.58819609053563,289.07927987264736,285.46209260301714,282.253009403928,138.4275935202798,149.84895134958415,161.22017491064383,172.35123148844048,183.03270080864775,192.68196497582503,200.99793099365024,208.64849327983364,212.03084496078816,211.19253013862516,205.52461291407718,198.19531965514898,189.62905442523197,178.89952518035477,166.83947585904806,154.10960883877706,141.2161929074226,146.64415684662467,147.38514700532897,150.69080692516695,154.47033829176172,158.14996956655182,158.82963579193765,156.48900250577162,154.26502617566956,153.00035084883953,153.58507993232337,164.33050388089774,173.02152079660118,181.44852130460214,189.97166376862396,187.7508192183417,190.8491884741308,192.84096359505264,191.62412344163485,189.3558747982214,157.54598187939965,159.38838215625773,160.22395943441356,161.1254698888932,162.67602881546162,161.781397223245,163.38853451559316,162.9880940944935,163.16440592945432,162.41351566207263,165.73654406434653,165.83140751731156,194.45531871877375,195.9938405574936,196.96856097081954,198.1907804166337,197.59857927494448,197.72516949970748,197.0357800190929,201.77610827437945,203.85908082365376,203.77245947828504,202.57452053719143,199.0766024964396,195.42001006778264,198.2952565914221,199.40503408836503,199.11557657518523,197.60148998795347,199.2327272471267,199.26509879712285,198.14611755195654,-72.47543943544,-4.971062418939453,13.159763928064953,0.42243645,0.46037385,0.28969035,0.26085526,0.2592814,1.0,0.37677747,0.031532492,0.46589154,0.1502474,0.5858211,0.3799373,0.4559243,0.0,0.54944706,0.55811787,0.001672806,0.045998402,0.19500695,0.60431397,0.010667266,0.03487023,0.004704788,0.09623932,0.8403312,0.0025986356,0.010588493,/content/data/frame199.jpg,0
250.82177734375,114.30731964111328,81.9153917100694,103.82025146484375,0.963832676410675,250.06382501159678,250.7534240683661,252.17475618841527,254.5092226015724,258.6532643956871,264.9011550069605,271.88755101389614,278.76731248902144,287.61114317757745,297.78223591313434,307.7309629763331,317.3567195874406,326.22774727967044,333.04149336567355,337.3683380099421,340.4983585506998,342.6843367496011,253.17617956689645,259.85981444474385,266.3661062941304,272.3380633462875,278.0221628560794,293.87097633660744,301.4158372877864,309.3881868689976,318.1246218809305,327.00550361380886,285.91853533337564,285.3129016881532,284.61038730342773,284.043835659662,275.5940774874092,279.74912989099755,284.75941203195396,290.1563408861628,294.92486858299526,259.1581224677062,264.7120123774519,270.1393461822525,275.26596466670526,269.43599639468374,264.0461703210931,299.3276791924742,304.4428173854103,310.20175042544724,317.0927694179976,310.81385194512694,304.8605856392489,273.10636663314216,277.81313021309904,281.6418445629126,284.6585622007202,287.96272896172525,293.3494621883452,299.7498286701128,294.3461757512414,288.9631405745407,284.93111887589913,281.29339989345533,277.26122596585117,274.89981316987325,281.68668898753674,284.7912798657468,288.33524437177186,297.8981155697431,288.5360752152825,284.9329641879573,281.7244714734596,137.19811071582444,148.6926003678942,160.09446055270746,171.28187468411633,182.11929215323033,191.9638129222163,200.430713560812,208.24304451208008,211.69936969049886,210.78761474030762,204.93715867766878,197.42866188402985,188.76567549007302,177.9811891451056,165.87398905750598,153.09286021402514,140.1899147843964,146.1092600219381,146.87875886308393,150.2063614585175,154.0240670553081,157.76345642022278,158.5525036879,156.01267483492046,153.5740745291303,152.10470117624354,152.68906360862675,163.73577362382784,172.53219427280564,181.04825372759805,189.70795049080334,187.33978763985215,190.52447694267028,192.5519439496478,191.2771266366937,188.9180158396615,156.8948342470525,159.01417328937532,159.8587321477593,160.4833164423675,162.11165767406564,161.22136700759293,162.73026791011944,162.57223568249248,162.76943902121275,161.76968830486877,165.19661472900916,165.26940616341525,194.13674398515724,195.70912065216254,196.69728711574714,197.95308694708802,197.31941346954554,197.51182345239647,196.9583857768186,201.7183478098319,203.76887193528236,203.68882177839404,202.45109635167898,198.86916371465486,195.14920025052123,198.03614455421194,199.1782924698593,198.88495839774404,197.57179423783526,199.0009865704138,199.03184078209014,197.86408127172035,-71.76039241297575,-4.8016255753113715,13.003902279801693,0.31270462,0.4909193,0.12065615,0.280588,0.23788065,0.0,0.41126272,0.04028289,0.46436495,0.10055674,0.6029018,0.28639546,0.48920068,0.0,0.4329295,0.5590656,0.000981638,0.03151031,0.057374354,0.6661534,0.015979867,0.054959815,0.0052000475,0.14506957,0.76604,0.0028152724,0.009935341,/content/data/frame200.jpg,0
249.6465386284722,113.35725975036621,82.38552517361111,104.33017158508301,0.9715120196342468,249.88637983511586,250.57132157099073,251.9967691452201,254.34761535489474,258.56001570542026,264.81083731671623,271.75835001647295,278.66442843218204,287.59441398304745,297.81152637169816,307.7883497619745,317.362844575137,326.2314678355525,333.0430104156098,337.3315278405804,340.4127685054696,342.573179313015,252.45123104370762,258.9121213036577,265.28953855120693,271.2719253269639,277.0560879506637,293.2326368871402,300.79304865068417,308.79441372870895,317.6416948815376,326.61290950387763,285.3154500065397,284.87536604714063,284.36746492908793,284.0051490725618,275.5291235821646,279.7946161564501,284.88426107939364,290.3630412765791,295.2299298171537,258.44621040916843,263.8301301617231,269.3371364155335,274.64711994362295,268.8140831473217,263.37508807132474,298.82658238026556,303.7773319715608,309.6531052189634,316.7011123812628,310.491044121386,304.4703385615526,273.20065487078574,278.00087544311515,281.9026716399292,284.9829944449467,288.3409810545794,293.80882901833314,300.1036164905994,294.75048608626264,289.32064722215705,285.1922739579794,281.5273079949011,277.4563979822873,275.079476716866,281.91049210452746,285.0803099781775,288.684021853799,298.3195207681931,288.9225012503937,285.2613261232084,281.9954650342798,137.15295018982408,148.5931257821226,159.93519110886228,171.02506510799645,181.77923372460958,191.6644875336977,200.39008136190432,208.507201255624,212.13071054782864,211.32347890859484,205.45271284797218,197.9383955594506,189.16607296281427,178.2886574060247,166.12029805759295,153.30791076362613,140.3261820544605,146.7858447701106,147.47994458344562,150.6623737024879,154.39748132300073,158.15026334275115,159.42007397051708,157.0072591605179,154.67129832465756,153.25495472639182,153.7673444030856,164.48083988773993,173.41041128232177,182.02301133672412,190.770700962331,188.059238429348,191.33886368521507,193.38985514886315,192.11058235591537,189.69232008488876,156.77233926927946,158.65446317221534,159.54527602684308,160.66498671647759,162.2130506686138,161.27543442280256,163.4252413370329,162.97801224895744,163.09301337483896,162.3193358568514,165.8002559910946,165.95266550345613,194.8775791422765,196.31875346186925,197.3299738608913,198.61667908011765,197.9906837230384,198.18753854756335,197.6158610929753,202.32504936794385,204.4422088273866,204.32425264045457,203.04671855767032,199.39259154958148,195.81366189049714,198.5780319559245,199.74508705170757,199.43799203299352,198.16999473814494,199.72036453337353,199.74975097382008,198.52722132286192,-72.02942369737895,-5.671602032268222,13.57911690253095,0.37518638,0.47148657,0.09925606,0.24201076,0.33048224,1.0,0.41690174,0.009232189,0.4684305,0.16778128,0.5099762,0.30799836,0.50387174,0.0,0.45231378,0.5590656,0.0005204168,0.02041196,0.36348465,0.57490045,0.013875864,0.03928162,0.005928007,0.13789526,0.78687435,0.004819953,0.011324886,/content/data/frame201.jpg,0
248.38519965277777,113.57872009277344,82.42214626736109,103.71320343017578,0.9725788235664368,249.21936614022562,250.05239986958554,251.66769567995252,254.2229522361196,258.44584147989247,264.5474931298938,271.22497839254703,277.75738325739746,286.35455127624107,296.35785119561933,306.25514951231816,315.73801824527436,324.52372958155394,331.1933256455333,335.32124221575543,338.23667759666057,340.24288561221294,251.37259625339533,257.6923543886886,263.9419238774826,269.8272178702008,275.48089878760794,291.35464527972727,298.8345328908059,306.7536118582395,315.4721518790593,324.26073403798745,283.6360343000335,283.16090944261975,282.5920229240516,282.1837689471693,274.0876707526992,278.24189206998034,283.1857045968908,288.54645033194674,293.3462766376453,257.45392589139203,262.77128103374196,268.1872363232219,273.3497320963053,267.6503405609122,262.3138187828561,296.94711907136315,301.9476099456806,307.78997141623165,314.7222662979224,308.5602049728856,302.57029657086076,272.04116736601736,276.57833194473653,280.32110206404616,283.3050069360273,286.58434690568936,292.02414040855746,298.2158372283775,292.88241252643456,287.4773359486191,283.45275786652644,279.9156002194703,276.0503676306668,273.8439772260102,280.3356193765094,283.400144663335,286.90807110458564,296.48939718535405,287.11940296769717,283.56334017459477,280.398636529997,138.42401534731272,149.61369941704734,160.65001701947412,171.41614718542024,181.8951691229957,191.57772693832192,200.16771790054406,208.2128163386602,211.7754775729665,210.9071835393317,205.0204541352892,197.52783698502463,188.83817580805734,178.00866129037786,165.90071826207424,153.19537336052244,140.36109365676128,147.0599060902535,147.64308366782035,150.64750342361202,154.2184655637162,157.8962972296261,159.1879374589508,156.85646968820183,154.65021281018008,153.3790948828122,153.96943097163458,164.28249042935101,173.03716053210866,181.47194903579418,190.07673920004197,187.7091858562335,190.90204507541182,192.8728462782983,191.67083951166825,189.3824303715748,156.72953778551474,158.48511259844082,159.34138552586882,160.49749251178025,161.98313952334894,161.07542545985734,163.35117924222857,162.91758858638957,163.07391489410256,162.38154961998663,165.7945794236868,165.89694242556743,194.5692650829269,195.94924059932998,196.92713032756473,198.26369485135928,197.68071014559825,198.03114338053126,197.60810874698927,202.19798296480275,204.23179390303048,204.03824704586202,202.7104804436727,199.00223808668306,195.49656305285845,198.2379983923032,199.44397386724594,199.21240159173993,198.11786151169906,199.46562743652555,199.41682345149965,198.16364631114885,-71.4815955168699,-6.2840528234317095,13.870364773128472,0.30352655,0.4697195,0.23482522,0.26913387,0.3134276,0.0,0.4337564,0.05602125,0.46397507,0.19006526,0.5952879,0.062138457,0.48304746,0.0,0.50225776,0.5523234,0.001968387,0.033278357,0.17424724,0.45713624,0.026754903,0.0278692,0.010300606,0.035833303,0.8730135,0.0077135875,0.018514905,/content/data/frame202.jpg,0
247.60164388020831,113.22427368164062,82.4423828125,104.00372314453125,0.9734429717063904,247.9379970924183,248.7104179703074,250.33764397144986,252.96131410600827,257.26931329717115,263.40637886776676,270.12060466797993,276.79811564907794,285.52926488592567,295.6241515063972,305.5613142990318,315.0824402790531,323.91788325797245,330.62655218048747,334.8459481841768,337.8525388926704,339.89535723059964,250.83169466042128,257.4294361786327,263.94396029177153,270.01956545601934,275.7808908759704,291.5924767995108,299.11212999213313,307.09853115569274,315.85164754092403,324.7118695822428,283.7304879533032,283.235817973745,282.649682679947,282.20886680493425,273.5989980976061,277.9065267767015,283.08029978745765,288.62389156378777,293.5532958564945,256.688340617995,262.23486333115653,267.748829584819,273.12970601398774,267.2268066744764,261.7786935129458,297.06278771612995,302.16095148334716,308.00999299885007,315.04370579153766,308.78898988729486,302.7816852218224,271.3447580447399,276.0499568282336,279.993238497305,283.0911978140008,286.4849399855739,292.0623044857988,298.42107608648223,292.98724566281015,287.4538005815004,283.2504280243462,279.5265797934793,275.49310858597164,273.22294923153385,279.94975425555896,283.16341862676126,286.8242926298459,296.6775406180983,287.07436700411273,283.3534831852441,280.04327271336587,138.04315854946907,149.39171248547865,160.5694017309288,171.4434600546054,182.07364062934647,191.93642904015286,200.74227253264542,208.93650240989956,212.60486741143393,211.72337700100178,205.72708194596197,197.95547233080288,188.9955835593646,178.00579042547758,165.7200619987023,152.82354195800798,139.80655223072463,146.85921568731573,147.49470453544853,150.56622962871697,154.2531510310786,158.03057068730413,159.25220226816091,156.67803260672517,154.22288576077773,152.68111628142432,153.08844211172908,164.35186869842363,173.370112124618,182.06369478532724,190.90379453190252,188.30754985765668,191.61262747061699,193.66130024328305,192.29968667302307,189.80445517449698,156.88113388296696,158.84386846338748,159.67790968453264,160.6188482718382,162.13762031156148,161.26175372916114,163.25258513296285,162.97695804799588,163.0744972452885,162.09199365913665,165.56828559217684,165.7255519260667,194.8706018043478,196.38246680130976,197.46028534588987,198.81473523044258,198.16530955450872,198.35307548486742,197.72484330901642,202.6523357977494,204.9373358094934,204.84379131544557,203.4862989101719,199.5691092739333,195.88483984867923,198.87648575490311,200.10155783902007,199.79765539644868,198.3467523977946,200.08470123277658,200.10932407773072,198.798823367797,-71.8164539212806,-5.95029908913652,12.66929463708619,0.34347722,0.48310706,0.20264934,0.24117582,0.38080835,1.0,0.46659094,0.41853997,0.46587688,0.17366807,0.61178327,0.14632586,0.45058724,0.0,0.43300074,0.5590656,0.0010214716,0.018161518,0.16279699,0.5100851,0.056027975,0.121270314,0.008862013,0.08814732,0.69647825,0.0075074993,0.021706624,/content/data/frame203.jpg,0
247.18660481770831,116.68156814575195,81.598876953125,98.37353897094727,0.971788227558136,247.30552123509113,247.81801163286542,249.1788032461989,251.47454893042664,255.52156498670172,261.5690111365298,268.30344779379504,275.12793052533004,284.1806305420863,294.6019464530581,304.54711406225897,313.81006348282506,322.2875592389458,328.87309180973045,332.99686779065706,335.8834926831238,337.9316881820435,249.08613969666996,255.76679673626276,262.34666866498844,268.32291702509053,274.0111129365508,290.3434971483163,297.6259747241801,305.31205009806047,313.6404412353219,322.3093996776669,282.1626345157797,281.5693682686116,280.90586291721223,280.3638625967587,272.14408261030246,276.2555979712318,281.26743335038304,286.77059768418565,291.61926303307183,255.34952051915025,260.7943053039615,266.29416964879493,271.62331761332194,265.68644396168736,260.2262146656027,295.7102009574548,300.7617100845858,306.48965362437576,313.2442666534299,307.08361645770157,301.21653159197405,269.30359423738935,274.02636395166934,278.07158752992757,281.2650375161741,284.9105543281854,290.71045029270545,297.43616555055223,291.9183447625434,286.1594207292969,281.6992534421207,277.7807381823193,273.5174866548239,271.2328986625105,278.1446516780204,281.43432906115805,285.3232605179302,295.49741851307164,285.5868726431514,281.6139110834711,278.14533770984235,137.6847737249424,148.98008362273305,160.2549462541179,171.1947227987708,181.70069151845837,191.46312839518905,200.2918865165919,208.4909518601374,212.25491646384688,211.64641679211974,205.84528245220827,198.1583416227987,189.2062173892511,178.4150916270214,166.37562014424248,153.73818573489902,141.028552632992,145.25641899092275,146.15967663258735,149.64639994554636,153.51086293400257,157.19038933382268,158.27034766414818,155.96869331097196,153.77867216672934,152.3990938358104,152.86813203341643,163.63362131417693,172.44470092324508,181.05508983855577,189.68484947802864,186.8226191735278,190.22271249887908,192.47317832380267,191.126452121875,188.69478242504903,156.04235905620095,157.78261070175432,158.7391888474874,159.90552737947525,161.2226064523593,160.27289214295752,162.71358931493788,162.37350047307365,162.66098298758658,162.12220877575209,165.21713403803196,165.19110000991722,192.18614260950199,194.18070801050533,195.5787775376096,196.9436923780985,196.3541553295522,196.1996257821317,195.02171266196854,200.48949886243037,203.10693190419067,203.02025266301627,201.6112910614467,197.55963637462173,193.29443229501777,196.8978513799451,198.17137974552753,197.85881661122676,195.7027206201072,198.47795505336188,198.51560588699485,197.18219925674856,-68.44763309932304,-4.506086467857134,11.13892731383551,0.370846,0.4800515,0.1931888,0.25906086,0.4376373,1.0,0.45342612,0.30281588,0.46575165,0.19516982,0.5732661,0.2839787,0.49896443,0.0,0.533122,0.5590656,0.0009277358,0.03641411,0.20548517,0.56575626,0.035622034,0.07252767,0.008530849,0.045969192,0.81924355,0.0051808036,0.012925929,/content/data/frame204.jpg,0
247.38907877604166,116.25833702087402,81.28379991319443,98.43708801269531,0.9729338884353638,247.20762452340287,247.76506158280228,249.1674754350078,251.58809012456004,255.90311001584377,262.2953786043143,269.40343291160497,276.4827397582665,285.5473182137168,295.90166349480603,305.7125388423894,314.86402503241624,323.25108082924453,329.70997973700577,333.6981741629588,336.43251320655946,338.3074418805012,249.48754880267907,255.92804137956847,262.3202113972702,268.19095612982017,273.7660871268874,291.14606043028436,298.3914062165215,305.984889876447,314.18292918342706,322.6926563019653,282.8653378502457,282.46046545837214,281.95734969351577,281.5610529585236,273.11488286352176,277.3287867479905,282.3890403752586,287.8539551713244,292.629606826133,256.1434290704421,261.66615562238,267.11381349314524,272.35886266912837,266.5155698956754,261.1085900689428,296.28100605757317,301.3269915660647,306.99602882228976,313.7798733100062,307.5928396232281,301.7590906124209,270.14178781608445,274.8953455371546,278.9916192906579,282.1953699369715,285.7592348053766,291.4735970133039,298.09015282491237,292.6863835889333,287.01680771386475,282.600566204228,278.648103681947,274.2930992623966,272.05311022600273,279.1133753123724,282.41487999820964,286.2146458385423,296.17690828500344,286.4104390687422,282.50092875894427,279.00015974369325,139.02043304680774,150.42264896663764,161.7032813635984,172.6283197122917,183.04805261690854,192.5533726629037,201.01993282549847,208.81115648830672,212.33454749498594,211.5370677311792,205.78847682380328,198.30712445410063,189.63544556250525,179.00404601353512,167.0324571703255,154.42528753059725,141.77160656955712,146.62247124130698,147.36707130806371,150.57753180742148,154.10614354445988,157.47011393460815,157.97878134597596,155.85802069515503,153.8938045066483,152.76544731483827,153.40751970055607,164.04387243065594,172.79016587381085,181.304906020017,189.8311296607826,187.1236159478205,190.3805912888747,192.51583128154817,191.1256032406294,188.66239717801545,157.25807764987204,158.90949710567202,159.7577232134623,160.80595997220115,162.17675901052226,161.28604186063131,163.06884911040652,162.64770198053537,162.8896474528181,162.28924937997417,165.3796788460706,165.42461303508244,192.29858834799126,194.08119141545976,195.37052523379316,196.64546067911976,196.06095010196768,195.93789857872105,194.87022225623076,200.37872293400721,203.11149892684625,203.09360129154885,201.77581572489254,197.6531566888254,193.3436426790533,196.7962317106929,197.98460793951818,197.6278873681793,195.5042716854492,198.43485808886288,198.52832429994595,197.28734648445388,-68.7955021850917,-4.093999072557055,10.048740897747095,0.37428236,0.47157848,0.21205638,0.2604213,0.38528755,0.0,0.41193685,0.0006011904,0.47119007,0.19990304,0.604763,0.07908103,0.55102414,0.0,0.46787748,0.559856,0.0037931656,0.04284414,0.057678603,0.7617913,0.050070662,0.07723928,0.0070919245,0.085912935,0.73764294,0.006956108,0.035086177,/content/data/frame205.jpg,0
244.76280381944443,113.85582447052002,84.03141276041666,103.07784175872803,0.9739524722099304,246.08982722341437,246.71385638763658,247.9596605125146,249.99371889038156,253.98058294307614,260.31489127827814,267.7135891954131,275.19157314739005,284.7170964624217,295.40591046728923,305.6223591560595,315.27723652365785,323.94609612914576,330.45898604663745,334.4287435880486,337.332172526961,339.49274278086216,249.20993433784113,256.4580245463798,263.5009490532192,270.0263799364228,276.33134491857743,291.73018364519504,299.17571296397745,306.927290505963,315.30010664455057,323.90310590512087,284.07319786692744,283.5828099813517,283.02224503397156,282.57685643365323,273.5174943061789,277.8230599814906,282.9393832387708,288.4079041459878,293.1942621355207,255.95150887568067,261.696911597896,267.32397508399004,272.6512055344735,266.614061316841,261.03078799291404,297.4181567069676,302.522256024712,308.1834293155481,314.8421365286605,308.7097443768524,302.9010285781813,269.401919469147,274.74254611874784,279.0689802264215,282.3703065071964,286.05533399257433,291.56594196784937,298.0523270224754,292.6800088143132,287.19274281284424,282.79434007683597,278.8279887236429,274.25686938960354,271.4990070744516,279.10136481894926,282.4961179765624,286.41857963611454,296.09241959266717,286.7181583135139,282.72509566180565,279.18878663019524,135.72789492199422,147.4844272836442,159.22417937606406,170.56301500524637,181.59992743786626,191.6669462071481,200.50305555230415,208.67454532363942,212.31433022460146,211.58686574088733,205.65253384944714,197.98215924476398,188.92772208207245,177.9617424131884,165.78639635475255,153.1112106070709,140.3466529685249,146.5284680266528,147.3946462078316,150.72976158082162,154.5285940907319,158.20649954619932,158.39009825204397,155.95019844615663,153.74787658212807,152.47453725931194,153.05428966305027,163.7137234513616,172.46938924749765,181.0730520512273,189.7827932880337,186.84343717339266,190.23015408607574,192.51069294318955,191.1060310564339,188.59322260273618,156.1934828591859,158.14201789651287,159.06765691747228,159.96540869398407,161.29084721386278,160.31306844598103,162.2582046677917,161.9981104947252,162.17902922347622,161.492368957712,164.5303386448869,164.5657902813513,193.08782803779928,194.71426079381737,195.8752843778588,197.15977859845395,196.49092709381682,196.33820157663695,195.41690139066958,200.39284840623583,202.6286054727945,202.5642049228275,201.3197371001454,197.83469046394663,194.12160616198034,197.05316933084976,198.2208283464848,197.86390110836209,196.0513961050553,198.35448805688566,198.45571525219725,197.25068401128658,-65.63874725951288,-3.627300884649004,8.87513215752152,0.31280878,0.55037254,0.26613218,0.26785535,0.22038315,1.0,0.44125125,0.015927767,0.46372008,0.12006626,0.69306546,0.22464843,0.54944074,0.0,0.50846577,0.559856,0.004012183,0.025405716,0.22802438,0.58923984,0.020942263,0.055138998,0.006474876,0.106230594,0.7971198,0.0033231128,0.010770424,/content/data/frame206.jpg,0
247.52756076388889,115.1274061203003,80.81713867187497,97.70399951934814,0.9770603179931641,246.44950116785796,247.07894221428958,248.69196340534234,251.39903109346008,255.9120696386106,262.4012345063227,269.6098449291388,276.9657764341083,286.2296525749058,296.70998113491277,306.4969900287977,315.5174135563901,323.74510136953666,330.0325339817333,333.852783974193,336.42769876045315,338.06359801197266,249.42170452442733,255.81153720383105,262.36845222861376,268.41359229115244,274.105087680176,290.8192972441759,297.91936834782,305.45153516943884,313.63625171299856,322.0918500831523,282.92348893636614,282.6028326964313,282.1987811652922,281.9288008338643,273.4268173926611,277.7989012284984,283.0747025209036,288.6970448446813,293.56031076771706,256.0525002228273,261.75370590280727,267.2200685978357,272.59075050939543,266.6164896307542,261.1653055985234,296.4809314793623,301.605631000584,307.14939998404617,313.84633502838653,307.68708244981536,301.95429997984866,270.86769973681265,275.7664629055577,280.06729018742806,283.49682937954094,287.2914251956056,293.1989369961107,299.9682921521325,294.46699127816447,288.72122448247126,284.06103606936557,279.88910512541935,275.3705073600775,272.8515796166366,280.13805056963685,283.67388582550825,287.7463937327961,298.05722722489605,288.0289670432117,283.8799578368236,280.20822043757016,138.40512700870678,150.00293919301524,161.48905682507012,172.4678563052857,182.97726332565225,192.63312913203237,201.31312991521332,209.1143266547515,212.56528509247892,211.6685839238708,205.64952432613916,197.77829748536007,188.68383954078877,177.74686524328214,165.59728909894244,152.8579639017369,140.06593268481691,145.71862185168794,146.18977537186157,149.27333259937168,152.85090917793661,156.40503290551217,156.85107384522388,154.4784364045797,152.3513271125232,151.1387532190286,151.77568401309065,162.77249592579287,172.19076184921323,181.40251200206984,190.58720332327243,187.444283687321,190.83561765405875,193.0102336448714,191.31575118422086,188.55257066326072,156.23052370751432,157.94667000549117,158.78969028170513,159.6779495420906,160.9922840701745,160.16037874017584,161.50188740743496,161.21278000414836,161.41367016534195,160.58586349359874,163.63937437640422,163.7221861416676,192.59208664280095,194.28147460751254,195.54282707666442,196.82749263011323,196.12402590212093,195.7882713652366,194.52214586353836,199.9375041983326,202.7586529549771,202.8750576447655,201.6325946440952,197.69373164810673,193.6744888273031,197.01023059212775,198.18434768020091,197.70645041711765,195.286460021079,198.2241462458697,198.43404087622292,197.22822470230716,-63.189808488166726,-4.887607979722541,9.18197513441865,0.353855,0.4553467,0.1706082,0.2827384,0.5108776,1.0,0.4892424,0.021535408,0.46768168,0.39812598,0.5894744,0.25794473,0.49450016,0.0,0.48666537,0.559856,0.0012855871,0.045641616,0.14768605,0.5790533,0.13407618,0.27182066,0.012138938,0.08517801,0.46712416,0.0039090547,0.02575312,/content/data/frame207.jpg,0
247.20347764756943,114.82077598571777,81.37955729166666,96.24795913696289,0.9784188270568848,245.81137123044869,246.62726483565962,248.53841249647644,251.57010844983517,256.34176806204835,263.0214275389733,270.3648589426348,277.7463014041291,286.9773984948199,297.39775326236213,307.0445005648253,315.9426816451446,324.0255680448263,330.1440162650488,333.7474149814284,336.05412822824064,337.4440600580988,249.67286857487125,256.00219676051324,262.57996505492997,268.70426483707547,274.4628901883664,291.43775845482423,298.48316980974687,305.94352574691584,313.8782781354689,321.9622935423922,283.1629098452106,282.87863752489557,282.50940052545843,282.28466268456714,273.73660120667296,278.08114498783993,283.32518742571665,288.87987551770493,293.6845448233544,256.13380871444747,261.9260461258432,267.34468884521675,272.6294512698871,266.6926906052788,261.271858713327,296.5375323545368,301.80501890315327,307.2610634295006,313.7787602776348,307.60276710904236,301.9462618395937,271.44035881360765,276.15145475991767,280.3430628070839,283.71828502941867,287.3898441159156,293.0798512984211,299.6332702110476,294.332237002136,288.8602555747866,284.3156434493767,280.2202488486057,275.8232509779418,273.3845643571942,280.4536091380953,283.91631221117905,287.8614972173864,297.68991830708273,288.10907336025366,284.0881484901911,280.4971447588025,138.65445983409018,150.33939564881393,161.9443509383359,173.01447346809482,183.55965581983583,193.19627647807692,201.72763346772854,209.19558266701642,212.3276277442119,211.1674006986891,205.05674538210997,197.16467497464237,188.0573590711947,177.1723730764893,165.0548898044167,152.2889226716552,139.47398140769337,145.7442673335322,146.05667878250642,148.83076660639517,152.0795296913832,155.26592545255767,155.1891460759373,152.86807584984217,150.8865304569963,150.0261512127895,151.07830335168956,161.67998425484484,171.07146577365484,180.23714584414165,189.38085846275044,186.72124784264724,190.01713665368698,192.1108392781207,190.44695797159875,187.7325423109437,156.00487101848103,157.75463948565175,158.48847009803535,159.06983310137207,160.46924790364073,159.73955813184148,160.41434304232666,160.24207305931327,160.5478584749335,159.71268569423387,162.67817810862425,162.6636662350552,192.40481486494218,193.88665063794406,194.9412260118993,196.18714746073692,195.42518460388465,195.23117434727965,194.12468529278158,199.1518860562678,201.90655357876267,202.06994984022458,200.92369081722154,197.1643032283555,193.38607361009736,196.41201265915242,197.55527705928898,197.0325604748018,194.83076229117387,197.4209114291557,197.6907579282829,196.591077338187,-62.14655567716685,-6.44805897601635,10.91739280558252,0.30007982,0.44618148,0.20183644,0.2549283,0.43604195,0.0,0.5397985,0.026531054,0.4666822,0.25405455,0.69928676,0.08175984,0.43357334,0.0,0.41555756,0.5603982,0.0045117796,0.08491848,0.12644085,0.7012191,0.06676477,0.062014565,0.012530285,0.046959408,0.7863906,0.0034822167,0.021858104,/content/data/frame208.jpg,0
246.01142035590277,110.00467872619629,82.83767361111109,101.82099723815918,0.9731183648109436,245.36561457192477,246.55906607447992,248.48636398547052,251.28368219737266,255.9189601483217,262.4905903578825,269.87827528148745,277.31403036111374,286.4580001836412,296.6578129036145,306.184231960792,315.1138542593407,323.31459156052733,329.48157636575195,332.9626261824955,335.1141707704945,336.2981218536072,248.519100195048,254.8422866071731,261.52185345257277,267.79128547918253,273.6728571468451,290.25584110434613,297.2914606567843,304.80713359976954,313.07667884491343,321.45741067773685,282.3288535281213,282.3505526463495,282.2881899850343,282.35977267779003,273.53481885622625,278.01454154924033,283.2647012849434,288.7607103187136,293.54916205028246,255.24145534196492,260.6125551622722,266.1738326966505,271.5703003483284,265.7492123782278,260.2565206622468,295.4412275701978,300.3525402262543,306.09635763270256,312.82685677658503,306.89689086806766,300.9875789952259,271.27261204252545,276.10834010434394,280.23400557895667,283.4882178607259,286.9698867159154,292.3554884221673,298.4434256592598,293.38636950463496,288.12983003153704,283.8168580888213,279.94179030129555,275.6374594070033,273.27145441154425,280.247289415724,283.60362119264244,287.34860351287716,296.56749883576794,287.5482179218447,283.7286706001063,280.2991284234599,135.84284508198567,147.46942853615673,158.90873465344575,169.88073957217216,180.466537328742,190.15291592032654,198.64959729545984,206.2900028438808,209.51051758578018,208.25471434611768,201.86020013942044,193.8075659657016,184.53873973004926,173.39945605764427,160.98342379769142,147.89396874372176,134.81708381160541,144.03021115274197,144.05913481377354,146.81927794630118,150.34095853350814,153.9225074212338,153.59981724502387,150.495284818058,147.73479211087857,146.05364391367144,146.61565435304612,160.13732933271194,169.4944668647684,178.5862481049083,187.7778766049608,185.20955163838562,188.42771403419079,190.40790149757385,188.72790398359547,185.99561393972834,154.31290947921164,155.7530113884109,156.37103024152432,157.33233140267868,159.06360350698637,158.3816926034562,158.40856251340864,157.52981923251463,157.41049775137614,156.5857892439994,160.30434590540168,160.6459822994572,191.88076146476632,193.0406574421539,193.932349550774,195.17681346266963,194.36990777271495,194.42815564906658,193.77134129241162,198.74256958722094,201.20724566954544,201.25201307338813,200.09543077238715,196.4361197316551,192.74167643841992,195.47230600269114,196.62186039663044,196.12297367171908,194.3508705198038,196.47079316742781,196.6695773365974,195.52850741076884,-61.74241312791727,-6.193268955643553,9.579205025432454,0.39183766,0.47880182,0.18043499,0.26231858,0.277717,1.0,0.45166758,0.0012884063,0.46628392,0.1352386,0.5480318,0.16403975,0.4903968,0.0,0.43696174,0.45860916,0.035646286,0.034552146,0.29908785,0.17334825,0.12216355,0.18262899,0.016505543,0.105656005,0.5459467,0.0055469912,0.021552226,/content/data/frame209.jpg,0
245.86569552951389,109.68565464019775,82.86496310763889,102.37614154815674,0.9750894904136658,245.41671217624943,246.53871876239575,248.37508584651584,251.0593998504069,255.58473622558768,262.1558525517717,269.66548429062124,277.21157847927213,286.5057723586265,296.87046627288646,306.5780452593975,315.6812240839233,323.9615063031215,330.11478177343827,333.51371622448835,335.5723014188072,336.74095973056546,248.74012406647233,255.05995007815517,261.7575005622859,268.043159731761,273.9274390529306,290.4482349272399,297.5199511428599,305.09575642500795,313.4048820200004,321.78978097186496,282.5179138752538,282.45993788443093,282.3161164211216,282.3067216378913,273.59381441057184,278.0427495234542,283.246873632047,288.704056441852,293.48081676738275,255.525191386513,260.9506951776508,266.4983695939716,271.8662616892715,266.03002537104334,260.53699154121074,295.60167992847755,300.57783958537516,306.3275714050134,313.04745555153875,307.0520900581206,301.1318608630079,270.94502374428475,275.8581878282049,280.1011809450156,283.3981494128376,286.937251393579,292.4096137713001,298.61889913789776,293.4748123073291,288.14135798719053,283.7700817780874,279.82723477758026,275.3911287061784,272.96910526083195,280.15634142987426,283.54620694948966,287.34623567086715,296.6998151246545,287.5302650489991,283.6459432277344,280.1527277700737,136.23165042429787,147.92084767875724,159.41949485791662,170.43891289967246,181.00559831463954,190.67653544979885,199.1270953691037,206.76538364837097,210.0005281451772,208.77001657235417,202.5116264385373,194.56694960126435,185.32665673465988,174.15287647319565,161.685479228247,148.57580978790156,135.49549629920864,144.25104983793352,144.25191023312414,146.99458649035978,150.51077999149408,154.08079029648724,153.7957029266475,150.69288721015766,147.93592839275783,146.31296677533095,146.98079087726092,160.37532801207828,169.51409424619033,178.38677502977873,187.3598254889224,185.01022168983275,188.176790859319,190.14141357631058,188.5052934043515,185.83683813138873,154.6287558564805,156.05884250096466,156.69252905073597,157.6480180468214,159.32655020979354,158.63519521471432,158.74062840749775,157.89790243896857,157.82051812939915,157.0417286766729,160.67420367250463,160.97909111549689,191.49814329296862,192.62482164193716,193.50317895512615,194.73752020186146,193.9517853462561,193.99584490252778,193.33483439825625,198.46927748017777,201.01466328957758,201.06037773362016,199.891946419742,196.1819003902782,192.33746429329665,195.0611532762407,196.19993573797592,195.72100682357507,193.89036411341465,196.29722995838176,196.49242616771107,195.35548165655325,-60.94831242229635,-5.8398500213666855,9.417717422821545,0.31290165,0.4920084,0.122955374,0.25902963,0.27379814,0.0,0.4667119,0.0014997877,0.4643852,0.12103189,0.54760534,0.22723527,0.5104095,0.0,0.44417128,0.5604061,0.0012960902,0.07522917,0.18939602,0.42896596,0.08509506,0.09251021,0.0162376,0.08068551,0.70863795,0.0042901128,0.012543532,/content/data/frame210.jpg,0
246.8860134548611,112.8883752822876,82.10462782118054,96.67425441741943,0.9728359580039978,243.75686210030716,244.6624727519451,246.49933715160884,249.25590259516196,253.8049712991375,260.5217235103636,268.0754426011859,275.7567410232485,285.2500179062126,295.76745938401115,305.5144013582492,314.5822870345845,322.6602254175483,328.4414454215629,331.68472146739475,333.84832531255313,335.240437397354,248.16287468714776,254.43861024019793,260.85105596142523,266.8784489992954,272.63568888782584,289.5980906479923,296.72523266430653,304.0732019493934,311.9154050102443,320.0001266957715,281.6869032670353,281.46881075480064,281.1169468140315,280.89457411394085,272.63095233099,276.84733842071114,281.90381336873133,287.2677392581679,291.95893578328537,254.88711204111075,260.8027361670182,266.1820783388862,271.2784994020021,265.51666470760694,260.09047211115325,295.0970740967246,300.2763779897862,305.6681493016723,312.11973384892895,306.028708454443,300.44983277551904,269.6532242566108,274.688550651226,278.9306178680834,282.26517808189817,285.8738086121293,291.57698260591604,298.3132169323027,293.00651694706085,287.5334358952731,283.0639309741174,278.929248761144,274.3034651231317,271.5987563335791,279.0925078489871,282.55737869323946,286.46716434737027,296.3992607484597,286.74225803665047,282.7126547812768,279.0687801193781,136.23017881700554,147.8699111349778,159.40433976820123,170.4597503823282,181.00198445068867,190.49430710760404,198.85899041819607,206.25909640188473,209.11769488583144,207.6365286178353,201.35962275493918,193.55119099859377,184.51659259905807,173.60111785203364,161.5897352321452,149.1183568820003,136.59331368863948,143.9214966125793,144.04506542854256,146.5893190336052,149.54165639747166,152.4237129384484,152.404866973987,150.3585879873864,148.50780779117937,147.6098050178752,148.51716335526535,158.94450999030107,167.63489554416088,176.118075751827,184.57584450493584,183.05305185423646,185.9852640375617,187.86046343152896,186.19309861977305,183.61666754429353,153.79965504053308,155.4086979710746,156.0556217439903,156.58284200790806,157.9751477037913,157.27678561510655,157.52206319770627,157.26658300253533,157.4233526617793,156.44149208843626,159.38567012811836,159.51123037235712,188.9482119802086,190.4238257589505,191.24194321674452,192.30731585605082,191.47574242803407,191.060405168324,189.70681477422738,194.99124948500008,197.86169973305863,198.21150655607786,197.25792357277885,193.7154630872784,189.9046299829276,192.80181930439375,193.76544931992993,193.12797100195982,190.50657375260664,193.70518787055136,194.14491321195484,193.21314604882673,-58.57154402410404,-5.175459938224579,8.483528077961706,0.26907936,0.43900612,0.31254807,0.27288818,0.3162895,1.0,0.49469545,0.05671573,0.4651325,0.2632865,0.6551685,0.10321499,0.48119262,0.0,0.42476577,0.5582463,0.0022049367,0.04643874,0.12916133,0.56594217,0.049136583,0.02418084,0.021636035,0.02718209,0.861289,0.0044314894,0.012143927,/content/data/frame211.jpg,0
244.898193359375,112.51563835144043,82.49915907118054,99.1395092010498,0.9763086438179016,244.15377254578,245.1074620179379,246.722787067564,249.08424949135247,253.45545313828097,260.1978516206003,267.9214721952227,275.7648599333892,285.38401391966306,295.8926535983128,305.71175989232006,314.9604795018299,323.1774571163328,329.0757310990052,332.41238471085785,334.9056619246476,336.7194359878288,248.31415159347102,254.7559355589462,261.4192816859677,267.77119595997056,274.01236992650934,289.96107314037886,297.45364023620186,305.1446776186108,313.39345841419686,321.8924100522836,282.53933814619245,282.3704799185148,282.069218346983,281.84710663214037,273.45443505605476,277.793420697799,282.8803554668308,288.1867038212956,292.7725594402575,255.32395384601176,261.0105700357394,266.475849203497,271.8305937030884,266.0564584917946,260.5725086939831,295.9615782181854,300.85453840114565,306.2883086647464,312.9521493897346,306.9291941733975,301.32423983074887,269.8684260678831,275.1267860103121,279.4126812581277,282.73236962789747,286.28815673027725,291.71433252187353,298.2212420984665,293.07688432822806,287.86511232330554,283.5326894115708,279.49633745184656,274.7592766752865,271.92537214642357,279.6396609515241,283.0487527788406,286.85786267778826,296.16162980006266,287.0978721025649,283.1586528015871,279.5606848245867,134.42500332322106,146.11543786530626,157.743528245054,168.95537986716658,179.6735837179774,189.31869080185766,197.6873025800803,205.32767469407463,208.30177204157872,207.1050080554528,200.9758507782276,193.15195622730698,183.9280267897184,172.7711163152162,160.6028185907013,147.96005073217327,135.18742520247986,144.45618046152163,144.57880884771168,147.22641480912569,150.17714727777377,152.9994331863012,152.30556719438073,149.82812775204013,147.61617218888898,146.44706314283542,147.26287678395954,159.14006726365642,167.65091052597427,176.01863592791256,184.42290130579772,182.73048279246223,185.6472918679549,187.57099077241855,185.81590900128322,183.15718433575807,154.75696490148653,156.69965707697168,157.12817037339278,156.93899640127734,158.8322358711049,158.30584890536363,157.22110515405643,157.15006741312186,157.17335783636997,155.76971717097717,158.9002032045904,159.19154799825264,189.162624756716,190.58391140117806,191.36461745043084,192.33076050938416,191.45743168391982,190.84710133854355,189.45327817687644,194.75514855835263,197.40637093500686,197.71875121064977,196.86205080428022,193.7554792028193,190.0983048355281,192.70542112827206,193.56542594542975,192.92562536135074,190.26907054496974,193.43658937974396,193.88476959316267,193.04071954912365,-54.92858606224746,-4.655234626700386,8.540069734887995,0.24083008,0.41995135,0.53929365,0.28169474,0.20013204,0.0,0.5144573,0.050682783,0.46751058,0.11204648,0.6055246,0.096016504,0.58755076,0.0,0.42616734,0.5920275,0.039753526,0.028746618,0.15297627,0.84369874,0.03891519,0.05231549,0.0051629236,0.08845108,0.7918412,0.0018133714,0.021500804,/content/data/frame212.jpg,0
245.9375271267361,110.34654235839844,80.40123155381946,99.47215461730957,0.9843026399612427,244.36204192276148,245.32145886815945,246.95244561944693,249.29733525405268,253.66404377315396,260.50067569483815,268.30973397907644,276.25150112495174,285.8763567239651,296.4312486896803,306.23678470908095,315.4358051231753,323.6090559397539,329.6002536163675,333.0355650627068,335.4065944832745,337.0730947733831,248.6447192831666,255.237007527853,262.0711795064244,268.4713111535988,274.60820576459673,290.853990247488,297.97849776789246,305.3758864398437,313.31391475677975,321.50863093379576,283.0845080545435,282.95057544680265,282.7123078115063,282.56732947221786,273.9881862633308,278.2922009177206,283.3326723807143,288.5815293067016,293.17548641006255,255.56904115095332,261.45771985345925,266.92627122169614,272.2071518756678,266.3270518467938,260.81867181175915,296.1743402707095,301.1963381478975,306.5853673637946,313.1195739147684,306.9893743333268,301.4255272946561,269.9642209244391,275.38595688940177,279.8387100564281,283.20038329245006,286.8032981513927,292.3583370640371,298.94527853432214,293.7043368265936,288.3523330451401,283.95581528046614,279.83952470136353,274.9898331215151,271.9769381972874,280.01959680610037,283.4737233487859,287.3503624634225,296.9598643177147,287.6307710764685,283.63261468520244,279.9800420592154,133.49620781729246,145.31801495360455,157.11990419911632,168.49597960411788,179.29416581339882,188.96392293369843,197.3422864039232,204.82708042985982,207.76051367757267,206.42061130112648,200.1955429374268,192.35463168047448,183.16343043479932,172.2301127734839,160.26086557606982,147.72104320034634,135.10594265223037,142.00892011122946,142.11714693598714,144.89942263806748,148.17367273309677,151.31775039373323,151.22795802336515,148.8159117639106,146.601258596924,145.3590780387105,146.07424024214725,157.9046136011861,166.51055827270747,174.9212798666543,183.32391904447348,182.02828497185283,184.9283497938277,186.79873187667573,185.16112480126262,182.59715615486067,152.7634072009192,154.65377832259685,155.29043223311126,155.49227207740998,157.1700493301614,156.46635974644798,156.3150492325525,156.29615587337398,156.44875416659966,155.21804622810947,158.25576114235577,158.4348834209015,188.33811198284815,189.7608946986167,190.56980510285018,191.56490989974108,190.69265640502886,190.1360867162856,188.78830825299679,194.138533333718,196.88104795962846,197.21473933181127,196.30892531168195,193.05119934645575,189.26551231506468,191.98985573429394,192.87783294347975,192.227041919545,189.5874642624143,192.90801393750542,193.34702573744934,192.47334928215128,-54.834145480689465,-4.83547288281564,7.834485847472148,0.36106554,0.48347715,0.07285715,0.2651876,0.25232637,1.0,0.51917803,0.042787537,0.46717837,0.22163013,0.577018,0.07788901,0.50153726,0.0,0.59426314,0.55984807,0.001709141,0.056468792,0.10067222,0.6900259,0.04400619,0.09821903,0.0043017687,0.18640622,0.6382814,0.0020464046,0.026739027,/content/data/frame213.jpg,0
246.136962890625,108.3636302947998,80.47268337673609,101.68586540222168,0.9867429733276367,242.88515458847826,243.98352780604995,245.6570554691465,248.00976529723084,252.48515190409208,259.52425667274804,267.5522393566206,275.65738641787146,285.3710829106813,295.8877085883959,305.64178919029604,314.96037599660895,323.2219719328866,329.17126215130486,332.46856192769394,334.7149075401343,336.2428924014289,247.2738908252946,254.08690640473387,261.2072394176667,267.86062048681913,274.2775554155897,289.8668070348849,297.1561005416942,304.63267012684025,312.7926093872503,321.1995662968334,282.67471904234696,282.6184903980648,282.4457205971851,282.36587606776715,273.2743203222832,277.7116120408261,282.8086211837979,288.0679486256662,292.6523905099208,254.95838675113401,260.84282601796224,266.47030161685467,271.6333472332142,265.8026201042755,260.19840764323544,295.61666775825495,300.485096661607,306.0118756390938,312.50339298059123,306.6494608989191,300.96889137902554,269.033774310179,274.6522712179103,279.1707529967458,282.5306381416575,286.1265148557096,291.50092882620277,297.9269951820716,292.8981062670582,287.6335821667577,283.2618359846618,279.1536974837667,274.1900522698959,271.19187491665946,279.3171685753313,282.78861641260426,286.6491554131374,295.86781655087015,286.90922834836476,282.9133944000969,279.2521394318147,130.77389919670685,142.72530081179957,154.65795590889496,166.12901391143424,177.02495565243294,186.60003700916047,194.82426355282118,202.19879098568694,204.99360407520916,203.55429333512637,197.2256215951653,189.40328694092398,180.27922026025166,169.19703522677668,156.9704652746706,144.14939614328858,131.25441736461704,140.8308478887892,140.92222034489026,143.7051345775963,147.00081971693584,150.1818438063324,149.59032297783045,146.72845517533972,144.0852579594052,142.5210419518822,143.1686932372782,156.1974686968727,164.86930608713266,173.33763375088114,181.85114943259953,180.11521822947697,182.98702477759076,184.84930496641636,183.14300453509634,180.5085059944382,150.72074710449422,152.31740858894682,152.96653268516508,153.71113128836723,155.31031655235236,154.55651379065336,154.00339150405904,153.20153147071414,153.0442825503024,152.06339054265555,155.45984503479934,155.87912336506162,186.44465364912367,187.87950595447032,188.70259991964576,189.68196456792134,188.75914858208193,188.139295237243,186.70210825400028,192.29097802649892,195.0855292829861,195.44551334051386,194.57190741898864,191.33251638219014,187.40454810198554,190.0522764840548,190.91511815858246,190.24282547533005,187.54689072224767,191.00307223894782,191.48280127118286,190.61465747769495,-55.0208857326537,-4.520480100186469,7.648536726585371,0.2997398,0.47090745,0.22057575,0.2512308,0.21269903,0.0,0.5205495,0.05274265,0.46623674,0.17045416,0.41397062,0.30364445,0.58826256,0.0,0.5072054,0.5914922,0.019300202,0.040968217,0.16444026,0.56744486,0.032353766,0.030652668,0.0022382806,0.3117087,0.5911798,0.0014170058,0.030449804,/content/data/frame214.jpg,0
246.02528211805554,108.53058815002441,80.39786783854169,101.0222053527832,0.9851625561714172,243.83589555688116,244.83897768384315,246.50660659724554,248.84106380276887,253.30247319478713,260.30803960898334,268.2564874705606,276.37457964050986,286.2214569984583,296.9122241083837,306.63275337977484,315.69188083811423,323.7272679755383,329.56260442379926,332.9523691012814,335.3722680622959,337.0374167640598,247.8959713000014,254.6532925545406,261.6536330020433,268.2061823476845,274.554082620838,291.03648893245827,298.3923378221252,305.8697658553592,313.9621490871882,322.38283068986993,283.2743947438969,283.2069394904338,283.03033324786315,282.94063015278334,273.9380182817142,278.4054809797781,283.6146190850609,288.9652864120867,293.6013709860481,255.1446255510375,261.0203137601002,266.59736136573974,271.9393940156847,265.999932032634,260.3964420832476,296.554235454581,301.5970819629274,307.0496384795074,313.566362947352,307.54966937770814,301.9359298137283,269.74472283872797,275.42580927110293,280.0046593035099,283.4722408469522,287.1861527471842,292.7543705826206,299.42257402144696,294.13740017815417,288.6803998737878,284.1722963880743,279.9495996889859,274.9197340989456,271.9057296135761,280.1971186686876,283.77438228807046,287.77185120310105,297.3254313414768,287.9506215341953,283.81735696751684,280.04449442882105,131.8794918977419,143.87699274102783,155.8735976010853,167.43290122744202,178.47658818282525,188.29576231740293,196.82324656605306,204.38869050014227,207.17233697490383,205.6154721817038,198.92359744403484,190.67604292324222,181.204633117723,170.05861620684254,157.95577591600568,145.25403225513878,132.4468443744886,141.19799566221786,141.30529687949888,144.1250861615897,147.37773288959488,150.5174351511139,150.28104370505616,147.63129614325317,145.1793946845055,143.58902445396325,144.03542642053708,156.77217845835526,165.70476634985062,174.49436182118552,183.26570524707586,181.34827223545562,184.3429661145501,186.31295865846005,184.4178240681549,181.58318603175348,151.57733634353644,153.40813355750015,154.0320016215171,154.24652818653158,155.9454424498008,155.26490705941842,154.6717336466479,154.53306579069908,154.55770532948213,153.1957385654889,156.38235349725687,156.67170188752016,187.65180327462167,189.21700649238346,190.17886616516444,191.11756033608663,190.1352014341187,189.22640709061125,187.4400188518266,193.21777392631566,196.1856461139255,196.63108706623007,195.8156845229487,192.58171976782432,188.6605503278024,191.44645843764874,192.2542523491593,191.47186389757871,188.39367016212736,192.31381355683925,192.90179532485445,192.08068450132714,-55.61774258379662,-4.638184086917415,7.798558957040706,0.25381383,0.44408917,0.13812785,0.25025287,0.25076777,1.0,0.45238844,0.01018614,0.46676758,0.15032803,0.48221466,0.07507318,0.4967224,0.0,0.4024965,0.54454887,0.002371024,0.038935315,0.34669775,0.6151127,0.09277107,0.14892854,0.0050733564,0.24522549,0.4555037,0.0042142593,0.04828358,/content/data/frame215.jpg,0
246.56849500868054,105.80324077606201,81.30230034722223,104.08801746368408,0.9844743013381958,243.70103313883394,244.9678034280265,246.87831665569226,249.49090032309138,253.99961542601133,260.79404157846,268.58889847145946,276.5190823145397,286.2366547167245,296.7383819118426,306.3715955270239,315.583715032973,323.8129143329253,329.5977487274895,332.7411204735596,334.8590910994469,336.22040859678987,248.73012641186182,255.35063841159635,262.32010848870584,268.9152815835276,275.2535441654273,291.36591613905426,298.6940748499427,306.2035479989818,314.41339786045364,322.7303731818315,283.92893824095927,283.9966724430737,283.9561942218277,284.0577508552683,274.79896264785145,279.2792063809718,284.46488567356135,289.7023930215498,294.18777005125827,256.05087739235853,261.6568262653954,267.34513681621223,272.5344306345356,266.7891550092542,261.1636649901413,296.6730077605163,301.5491555970595,307.1853365717931,313.54436313365505,307.9153442057927,302.1337930364574,271.0728519259511,276.4834619265405,280.80424960988216,284.05850279574025,287.51293593614366,292.57334641308387,298.6584432945108,293.64836071450327,288.6293665231602,284.4457372488704,280.5636472712546,275.93855076791664,273.2160051126927,280.88922260568705,284.2565162683318,287.98426115789135,296.67249405860974,288.0319014260085,284.22615946363607,280.7692173733412,131.49726226376677,143.3699444506923,155.1273973440119,166.54229668263952,177.60948311264394,187.65174489959628,196.27554915829467,203.9477169126104,206.73277041142114,205.05365755779582,198.26874978052888,189.94350311395988,180.44744046287536,169.0285394608452,156.44610736293097,143.2899372399841,130.0874073812089,141.99900434879524,141.74319941171555,144.19504649704712,147.32734759478308,150.47029125593104,149.6104659386747,146.42349653514339,143.6226150616464,141.90372381256083,142.53669017842896,156.05181881477955,165.00751172989246,173.76632280559932,182.65160133473745,180.96397145240047,183.8591507280497,185.70169523751323,183.8951321963745,181.1531403182529,151.48529921869994,152.73365813376313,153.19890454961654,153.91517251885443,155.7333869148304,155.18260540905695,153.92687226590027,152.95787412606688,152.69916937894942,151.77557802068299,155.42913765447543,155.88086030926695,188.12729885587916,189.31040646137632,190.00922717817906,191.04993512618637,190.08410853725434,189.7322152863046,188.6370996059328,193.79463696798894,196.36653395539736,196.65372310098587,195.81822045226198,192.65902073150562,189.02553269684492,191.4324718126058,192.31278564648323,191.66206678501806,189.38778932538793,192.0028372729475,192.43895530170784,191.55745771995873,-55.69652565322461,-4.85512214152941,7.164899115317468,0.24682347,0.51611704,0.21632844,0.244977,0.14952256,1.0,0.50257874,0.16631708,0.4619689,0.08768915,0.46617627,0.09450338,0.48326197,0.0,0.46695098,0.5590656,0.0012449933,0.08522476,0.26418224,0.47573054,0.030483,0.017291367,0.0056429845,0.03612733,0.8924974,0.0053109354,0.012646992,/content/data/frame216.jpg,0
245.27284071180554,108.85384368896484,83.81808810763886,101.73429107666016,0.9766235947608948,243.25241585888733,244.615252754543,246.61904199618002,249.23401681787809,253.82304322170702,260.8588457564689,268.96883869691885,277.2234250262589,287.01331648914527,297.44645970473084,306.9672405389965,315.95719314521466,323.7779556482632,329.08441877785424,331.9641564575595,334.02788126338254,335.4107051698044,249.2986676211563,255.92833380608613,262.8043839676387,269.328499379958,275.62031286265,291.86408232221163,298.8857209481881,305.9530420911718,313.62753030991314,321.4830167650418,284.5105650855015,284.519915521047,284.3847744401519,284.365837079446,275.66402705840045,280.01399884451956,284.95324817659974,289.9357314485969,294.2181290559667,257.02057564599943,262.8692366966651,268.3579969363749,273.4062061298229,267.78369100219186,262.3176010208026,296.968998087026,301.7239819877306,307.0085352640708,313.2368130829767,307.61611710623004,302.1727446810843,271.27595133785815,276.75976712546435,281.2566280688896,284.58078794793846,288.00389508188783,293.13376232023165,299.3382456455705,294.3533210730866,289.39484695446083,285.221973145233,281.2198375614049,276.30974557969876,273.31458277638274,281.4670310601712,284.89714192502527,288.6099270074936,297.3879630888943,288.72405325737293,284.89367098513793,281.33555374915716,134.5170490854588,146.36797301085943,158.20511868746217,169.6551526941812,180.51747726300147,190.0005070781155,197.86465996805708,204.6716606194932,206.89737717326406,204.93491358226638,198.23350372476034,190.17814352366858,180.98114971700306,169.96796660364708,157.94880760446358,145.43521794812622,132.81760196761934,143.82382137139012,143.61233416618143,145.81928799773132,148.50622479011173,151.14970206786546,149.80829295047633,147.18645629164257,144.77996343789226,143.31422263416272,143.79867342956513,156.91424194333794,165.3315185745654,173.55215954840386,181.83352377876128,181.2791557382705,183.7195466495994,185.26101506634186,183.52089537303056,180.9109232162644,153.3549458975841,154.65851667657915,155.0368891456145,155.35613921090916,157.15458451987388,156.6622568011423,154.85947099816758,154.18570844683643,153.96609327547657,152.73996374962744,156.1336988733984,156.60997076642488,188.96565762945193,189.6915133855067,190.0262225950164,190.82559387660876,189.7949211983756,189.12186447758756,187.77970223173233,192.96716378707407,195.7586508190787,196.3100645585333,195.75992422469773,193.0486326402779,189.74052858693412,191.55502972160394,192.1780306866587,191.35501044357005,188.60957703535314,191.8861733953803,192.53313621588347,191.93481749002729,-56.316780227665596,-4.306748528711005,6.083670248508224,0.21331455,0.40545222,0.3093035,0.27133137,0.13714793,0.0,0.41947076,0.038282156,0.4651011,0.03862156,0.45401937,0.22050698,0.59252346,0.0,0.5284026,0.58820313,0.0051971776,0.024783324,0.070256844,0.5519553,0.0055472967,0.004383722,0.0039796373,0.018504899,0.9575779,0.0025712955,0.0074353144,/content/data/frame217.jpg,0
244.88153754340277,110.79384899139404,84.76673719618054,99.72702884674072,0.9775382876396179,243.4363915425648,244.69095294515358,246.75216942874854,249.50041111440822,254.24795634087434,261.4543382734456,269.84938665017023,278.49391285448536,288.539013645972,299.1749578231621,308.5479771166241,317.161763515421,324.65539981811094,329.80525701951325,332.67117413308483,334.6013086533295,335.66127021736474,249.98509713716348,256.70649880937015,263.81165230476483,270.50484104837744,276.83198750637024,293.17800302715875,300.09909217367397,307.2029438905544,314.87477762251865,322.83089838289237,285.66132702802514,285.8905006773102,285.9991546017926,286.2080062401897,276.90425582975075,281.52518437149627,286.8532390021728,292.0054893361314,296.36305203512353,257.20393512853195,263.2286338562126,268.82521507898525,274.19088932546487,268.3580834503315,262.75520375945985,298.27352078351214,303.22868185041597,308.4792717432045,314.7248698019427,309.0307122548663,303.6003342664546,272.1303843619071,278.1065035686498,283.07963987859944,286.62967904982315,290.2490085031688,295.636474165325,302.0843507725926,296.9309056556141,291.721188041656,287.2722012592835,282.983037213294,277.61776954969275,274.2336340254459,283.27328032422065,286.93753718563147,290.86015963369437,300.0838631483157,290.9661779025001,286.9098324856354,283.0813910381898,137.8678725930153,149.62551116794708,161.34687113727128,172.70412900593936,183.5373229434258,192.98828488798378,200.80145966794532,207.3813330500396,209.4586077740738,207.43033698643836,200.5979399716819,192.24092849318822,182.8169008810672,171.883530628765,160.0716988359599,147.66838881751826,135.16660727913703,146.14585363288737,145.84073101521722,148.03272274174537,150.6903481600068,153.2751239127019,151.64003303456235,148.8161366181269,146.2437687762565,144.61524742146824,145.0654202642722,158.47493374388594,167.09766496600798,175.57806364855202,184.04459571503213,183.17507186482146,185.7572440604881,187.39045895096055,185.33039623544602,182.4291349435839,156.08432984776715,157.55704436372594,157.73159681316037,157.43241601194146,159.51500841204341,159.25418549553842,156.46932460194756,156.30225113756615,156.2252322142378,154.70991565895704,157.9768126535605,158.34597564109794,190.21539679020736,191.45634479940213,192.07584871151766,192.8303666713997,191.67791106904096,190.57358204002753,188.62270465995056,194.26402783193154,197.44420497838826,198.17903576731533,197.68879667840486,194.75584332112504,191.1067334551935,193.60883022291068,194.16509979788282,193.18154014982542,189.64080245357462,193.7407128692101,194.55703142661167,194.00696045727716,-58.8744247977129,-4.333250796187808,4.420316010104732,0.27270284,0.45349064,0.3508632,0.24112286,0.18176946,0.0,0.45896953,0.074437425,0.46859136,0.12207461,0.5256369,0.14060901,0.59216714,0.0,0.5739502,0.59489685,0.043482937,0.04324105,0.07383206,0.8126178,0.0057468233,0.0035834983,0.0016348334,0.01278088,0.9621273,0.0013070424,0.01281965,/content/data/frame218.jpg,0
244.67808702256943,111.79524421691895,84.17800564236111,98.1525936126709,0.9821780323982239,242.9360377859704,244.46797955477567,246.73799744439614,249.65496815092177,254.4899089819953,261.7491274039021,270.23756705958056,279.08847102935414,289.2872395854489,299.8741882561915,309.0153515144847,317.4134523982519,324.64381864671583,329.5132104366378,332.1087792689897,333.7550889542165,334.5422606311918,250.06484136513478,256.50913463244285,263.48130736334656,270.10341735309424,276.34081180574606,292.676466963384,299.3876941718635,306.3369276785505,313.88722853328886,321.8382269125535,285.4634516843619,285.76829238640806,285.94790633651394,286.2479801729922,277.39614599749285,281.9790449545318,287.225833493104,292.2962058831406,296.58498081013545,257.51458873603065,263.5449474758252,269.12432492875155,274.55621738631646,268.8427393698478,263.22639940261365,297.97463093969685,302.8671199132983,308.02234812678,314.2312993454873,308.67065588485536,303.29420719875213,273.37302027470497,279.14839382914033,283.99287014645483,287.52678488215366,291.0284653567995,296.3509059474478,302.82169779220214,297.6810018493031,292.6275767545256,288.3013268225212,284.08240157000034,278.77113046848086,275.41138183652464,284.28271874037097,287.8846999637186,291.6778261779606,300.8045975740826,291.72055947797793,287.7893696727812,284.0253079997044,138.37953507333893,150.10247905798198,161.7389981551823,172.993974945385,183.7570027844758,193.16343965447535,200.92685239607545,207.36053429768998,209.2106608329422,206.8323880581126,199.66266420254337,191.1044696480687,181.5542615851899,170.46466484238485,158.60748690620863,146.23729524699644,133.8480466561435,146.91747220425518,146.57744515430582,148.6472336288128,151.15156858563063,153.5967529889251,151.75292728113558,148.80216026997982,146.09617777309316,144.35321093744093,144.69375749851258,158.73058998092603,166.94765878963193,174.98113306976802,183.02847970095294,182.99562413267935,185.34818110695636,186.7811191497603,184.71685574624289,181.86492221588958,157.14832408236072,158.70023017216553,158.71217541776758,158.15636521092907,160.40576763554196,160.25689961732797,156.57007661137638,156.4476299459824,156.27767258437228,154.5612710201618,157.94699520823178,158.41265970472477,190.10343489923048,191.18646113992065,191.4681063723993,192.1821322874424,190.97759660750452,189.98678359101808,188.15017838578615,193.7444637017956,197.0251694185398,197.8485243431395,197.46041443269746,194.60645902121962,190.84752927558043,193.13464890971255,193.64242890921264,192.63822795069677,189.14227613923714,193.16535622929132,194.01488328178073,193.59348253698965,-60.18012122540097,-4.256314020142848,3.366267977227173,0.29421228,0.41584572,0.3523134,0.22275856,0.20543025,1.0,0.47535452,0.08498475,0.4635171,0.21338324,0.57617396,0.15115589,0.6105909,0.0,0.32299325,0.5886154,0.0019766649,0.029573543,0.08449478,0.8181057,0.0073423716,0.009345209,0.001606116,0.0042676227,0.96473265,0.0016623689,0.01104358,/content/data/frame219.jpg,0
244.66978624131943,111.7474536895752,84.30851236979166,98.22527503967285,0.9818208813667297,242.9473560269348,244.4816616730974,246.75229962932366,249.66744154048678,254.5009498379734,261.7626912676954,270.25543885197663,279.11461462875195,289.3266857831601,299.924649607923,309.0763897302374,317.4855148825614,324.7239189618651,329.5930172895712,332.1864894714531,333.83281685859026,334.6228688090953,250.06790358855815,256.51721120156157,263.4977873528187,270.1266276376334,276.3702040450075,292.7155493861025,299.43523092655323,306.3918022935726,313.9495348145751,321.9071093727588,285.50251481755686,285.8083259680071,285.9877848708174,286.28836193499933,277.43095661425036,282.01347993674455,287.26204600609094,292.335793594077,296.6291564835113,257.52901452576737,263.568798798398,269.15364612845707,274.5912751219946,268.87169398064714,263.24878887164147,298.023727833954,302.9228325810585,308.0805082154349,314.2925325671971,308.72815086572797,303.34809330833184,273.4051433533643,279.1880674769866,284.03758540411593,287.57407482949077,291.0799290425531,296.41188921123427,302.893142314522,297.7424220431061,292.6793744730886,288.347918676612,284.12454851798,278.8088877857315,275.44437849157964,284.3245995105249,287.929838132112,291.7278667688505,300.87657182369117,291.7719946827445,287.8356526817597,284.06819953957097,138.39178333867818,150.12422658006562,161.7718811367166,173.03949887657595,183.81437481720658,193.2298075031547,201.00120315380917,207.4419043833513,209.29163047055934,206.9083999418024,199.7290532170908,191.1613106611711,181.59981535305195,170.49837458299595,158.63208978395244,146.25246055751688,133.85379892879843,146.94483181214142,146.5996807072493,148.67106507870437,151.1810412897738,153.6327364771674,151.79026434173386,148.83753361170253,146.12858132781844,144.38467160346892,144.72812602133584,158.76399227072255,166.9831271171273,175.01883358590095,183.06920252184486,183.04716315456488,185.399628497055,186.83331849493638,184.76904405006314,181.91787918330337,157.1796167932681,158.73811340257598,158.75084733728906,158.19002377566744,160.4398272582983,160.29069795336738,156.6071869088073,156.49257447077042,156.3240649954086,154.60132697437376,157.98776673870879,158.4525711633794,190.16275238547166,191.2463417297683,191.52591219268567,192.2413239653193,191.03557315520692,190.04518567458135,188.2045437129369,193.80734149992946,197.0930057831475,197.91794695836154,197.52928268125123,194.6721319869739,190.90881693446573,193.1964849915165,193.7051468437438,192.70010392156706,189.19887256590675,193.2293648891481,194.0793945503541,193.65700027569483,-60.23266353784903,-4.2588172331872896,3.3741943045652856,0.25233403,0.4419508,0.24547553,0.24920799,0.18361762,1.0,0.466682,0.008152539,0.46805015,0.17515555,0.52298594,0.27103308,0.59746903,0.0,0.509302,0.58860767,0.03770397,0.030767238,0.09195857,0.8164393,0.007082387,0.0104738055,0.0020810359,0.007184618,0.96114373,0.0018664107,0.01016789,/content/data/frame220.jpg,0
245.49650065104166,110.43321418762207,84.60196940104166,99.55534172058105,0.9767043590545654,243.4126596645081,245.33324600355374,247.87468010982877,250.9643854892366,255.94743854752738,263.35056137926586,271.96933203122876,280.9744747374175,291.23441516346463,301.6163946136796,310.35855011211504,318.3346977343748,325.1205331753511,329.4852058073042,331.4874974457085,332.6535492217442,332.97532180534824,251.09506376690229,257.34745512254364,264.2112289845762,270.80863150102334,277.08708481240495,294.4533800105159,300.88201000128606,307.4171878182151,314.5427757439551,322.11232837365503,286.99100895398595,287.4920358115866,287.8489172675342,288.33516500241933,279.3873514781062,284.0231360969109,289.2520901162887,294.1891644728814,298.27784384184633,258.8597481694545,264.7665515833024,270.3937906765654,275.86797274587786,270.28076296523614,264.6239157812715,299.25891269814963,303.9525498741707,309.0720721624511,315.06058265584585,309.9632628752152,304.6495078091405,274.94300118119247,280.83851820163915,285.7526103281358,289.28618428133905,292.7196831728009,297.7421353570782,303.83626797875036,299.24941361373504,294.61872389365493,290.40103072302276,286.16407591570277,280.5632548158268,277.01586660193055,286.0661655628534,289.68995233498384,293.3973794710829,301.7739483931083,293.65462379159453,289.80744475840305,286.0209665836017,139.44165174511943,150.9778874441341,162.41137423868045,173.5077076232842,184.10899202237584,193.20407339850374,200.60231495410562,206.73920769714942,208.25919649779428,205.49786107958434,198.0083670751269,189.27318991456727,179.68980290595618,168.56856112758754,156.77956718240995,144.6060312165107,132.4278560800746,148.4040592525718,147.62114670892967,149.00128392194102,150.87808653138066,152.88344365392322,150.29476869249248,147.21126192851415,144.50252395185484,142.5750429437804,142.54594398691358,157.99634720235102,166.38780205838597,174.6373509895658,182.89065967829504,183.1077073484915,185.29384258615858,186.54940222658092,184.3256765341726,181.3060286825108,157.42776220128434,158.36262805217217,158.1741239201137,157.83192901709347,160.24959197604932,160.31254299236673,155.2810154084744,154.53242133360007,153.95887316773803,152.26587143304366,156.00313452393823,156.78049288029143,190.259542369548,191.2624648166073,191.4274526620996,191.99039802684214,190.64149243620147,189.35322717755102,187.33762685191218,192.91879467368898,196.3784196076675,197.44107805109428,197.29765184548762,194.71529655228628,190.95957646978547,192.9631783267297,193.3125295864491,192.13885148402056,188.4314243479215,192.65471443036023,193.72027102023134,193.49753386844026,-57.939048684126455,-3.891651540735767,2.550717704458326,0.27774718,0.47911862,0.32351315,0.23155582,0.18398276,1.0,0.5395945,0.05814923,0.4616472,0.10794065,0.54889786,0.22593814,0.58352536,0.0,0.48878834,0.5886154,0.0031726754,0.051451907,0.062635295,0.5397568,0.013742578,0.014411963,0.0022422078,0.050147958,0.9003093,0.0036821545,0.015463814,/content/data/frame221.jpg,0
245.22102864583331,110.00982856750488,83.40077039930554,100.41328811645508,0.9765884876251221,241.85433704864465,243.90489279783668,246.69188497583124,250.22775660213736,255.9354989290241,264.0830013684249,273.33571686070735,282.93709186443135,293.4411872849413,303.39159527024503,311.1014553467144,317.9860613316062,323.97176060439267,328.11129643430513,330.45304038636107,332.03597920297045,332.46623116643593,251.31746884875338,258.2693461422921,265.44113270817996,272.34788475405645,278.9008887578581,296.33829569676647,302.40434132409655,308.6270504922919,315.5797573204645,323.19349911116853,289.2043983946128,290.22341884886407,291.1617051141975,292.2066889251731,281.58834755295806,286.82237712457345,292.589725644626,297.64796210396946,301.5524487566987,259.16774292401635,265.4066693147521,271.2408797627231,276.8446555443534,271.09069808339143,265.27326865422714,300.3260518260827,305.2422475368958,310.50094409292876,316.56422460481247,311.4211457850307,306.000830026683,276.2418029200859,282.88623887763003,288.28570494729985,292.0180649590179,295.5380641044497,300.17315889718986,305.61624196973287,301.51403878940636,297.3716229301588,293.04055437628386,288.52738321943644,282.46264832864915,278.36189593616723,288.56835002075195,292.41677306003993,296.2184117823978,303.6756911315418,296.34775454622866,292.43051963397363,288.4318107746423,137.7451940373459,149.83651599893673,161.78203737320192,173.29373727133435,184.088654606688,193.3149758151636,200.65897161642016,206.42876205660724,207.5175424234072,204.37436028320334,196.44252966650657,187.26411318537575,177.34934286979987,166.20299013438114,154.514189978493,142.40782507066174,130.23525539871292,147.9246936329164,147.17643543781554,148.43371906707415,150.12040716986925,152.04097376460658,149.31710522208922,146.3090474507406,143.49583695083115,141.12075001576204,140.46679662162077,156.9675871376406,166.01937210450168,174.8871045233417,183.70331960946152,183.48169381090008,185.7281526028836,186.93065462677157,184.52857370103902,181.08066147440178,156.68521498467413,157.43948102151768,157.1329554055736,156.7759897746157,159.33875263625842,159.53819646324496,154.02534988709422,153.07559737030564,152.3759369769407,150.4160949696869,154.437642964394,155.34555246146584,190.20651203357812,191.24833571261496,191.38015630717052,191.8446310631095,190.3487682456497,188.7928772855891,186.57746678990415,191.9799206206797,195.69804567443714,196.99976147696688,197.00925623701931,194.50344398039613,190.89585890543376,192.7011920072351,192.97187885414615,191.61430053748035,187.68188262768308,191.83656554454757,193.10966060667715,193.00008303169977,-57.74180817414452,-3.659948712504646,0.5277942522541529,0.29608637,0.45314777,0.54665256,0.2648219,0.21722774,0.0,0.47103313,0.012462558,0.4639977,0.1566423,0.45427245,0.17128961,0.6381114,0.0,0.57254654,0.59229475,0.0008208878,0.03326276,0.04198373,0.5489467,0.003929707,0.008880809,0.0029733016,0.01419728,0.9617975,0.0015907888,0.0066305883,/content/data/frame222.jpg,0
246.29462348090277,112.19118118286133,81.69927300347223,95.78249931335449,0.9763349294662476,242.7257224172843,244.98127018440755,248.0989718067015,252.17284472948114,258.19771302097087,266.20511650383594,275.1829240282319,284.4465852807208,294.5865826040513,304.264373802843,311.91588168697194,318.88023762906505,324.9499210712395,329.0639197048745,331.2550698851228,332.5045161491946,332.521787263599,252.91550264886888,259.7672863441893,266.82587296580436,273.73987823145364,280.15266150721993,297.25469916904626,302.9850781752409,308.9629938358023,315.66058950313254,322.978746381832,290.3565503073196,291.43098352554694,292.42545991068687,293.51199181516495,282.9753480377807,288.14261403960245,293.86088750864815,299.0074329688134,302.94430162905496,260.5453599819084,266.70834923234554,272.39168312048594,278.0329730462703,272.4380842541078,266.73272472820065,301.3240299463082,306.1389028711071,311.23686176111937,317.2435374923946,312.2471774229364,306.9705334056355,278.00289760309886,284.2767378121317,289.57149902976676,293.2175128062172,296.5656084228151,301.1393502830799,306.3748957619787,302.5538004307016,298.5948444746093,294.36125656170316,289.9531488676241,283.9826287516877,280.0408205938319,289.85169391593263,293.60214278479884,297.2266584426452,304.5860988339987,297.5238983635743,293.76996238751576,289.9082069753224,141.90448344104652,153.589115105362,165.10559832384615,176.1140189305779,186.37917188798065,195.11336147178986,201.96299227234567,207.08319602886763,208.03653277021613,204.85703090783363,197.26640695615674,188.31010440126306,178.58526123351885,167.5315835931674,155.75383452029018,143.58818073948373,131.43739340780758,151.523185642719,150.79802491737678,151.7686156458841,153.19014619681275,154.8743470362689,151.38587308976116,148.30773369194424,145.3032825553464,142.79929980982774,142.0451734868252,158.77072688804958,167.8669213590797,176.78679768815505,185.67576961537475,185.37930384594415,187.62975540115644,188.7764861482649,186.40334870778747,182.897243974719,159.54534424761835,160.1559545293278,159.62656507142674,159.05056210205908,161.78957176180074,162.19006842065232,155.6218690933905,154.4985067600993,153.7074917756488,151.68877870351548,155.89842272715418,156.8757684413032,192.22103556085608,192.84532366085523,192.75541247265892,193.23916124664015,191.82843113675017,190.647000590174,188.95890501508165,194.0065577594885,197.6650470215916,198.86602318078008,198.8538696873436,196.2231042194262,192.8192217386495,194.27830548815314,194.60736783129892,193.3225709324288,189.89749862346775,193.62270878330355,194.77052197233024,194.6177674947919,-59.42742564023679,-7.0625983267559445,0.9302945935958363,0.20235799,0.4234191,0.5683813,0.24326792,0.22726935,1.0,0.5561884,0.028984126,0.497466,0.14493181,0.52045333,0.3031331,0.61577636,0.0,0.35770968,0.59229475,0.001772044,0.0415085,0.00963428,0.68946856,0.0075733033,0.026151536,0.013601132,0.015078445,0.92505646,0.004815988,0.007723263,/content/data/frame223.jpg,0
247.69162326388889,112.38551902770996,82.58059353298611,98.80835723876953,0.9601958394050598,242.6083602486892,245.22902397732082,248.47522454295367,252.54657057368007,258.73033634611977,267.0475171143554,276.40014218740924,285.85610214477526,295.96588148813936,305.3356483566246,312.70213970839905,319.41717216053877,325.23603960427863,329.10984508272725,331.15078943870776,332.4079957834938,332.5421548033548,254.7217587574149,261.67355541247923,268.94472269219534,276.1833696784967,282.97266204219886,299.4921654218571,305.2494128637971,311.2362776768208,318.0107180582105,325.13928793268315,292.6420834669769,293.8378606277229,294.9264618133231,296.13009783884735,285.1116831931075,290.4228163807044,296.22468690916395,301.2081259307488,304.9020892041506,262.39944737312527,268.82071941755584,274.3786329736411,279.7070068992114,274.1872851644046,268.5788155029316,303.06062008051356,308.0863005002815,313.0493856274767,318.7018529172563,313.71811706804493,308.55368386752946,279.92632717858487,286.52952275511007,291.9243118621134,295.54393394972175,298.8206565227836,302.93185342920094,307.9927079227111,304.109580643325,300.3922245260239,296.32733979666756,292.04344575021315,286.0675282227483,282.0328810410122,292.15088321636324,295.8543308391647,299.37031061384766,306.175861357426,299.4702213794682,295.82883193258203,292.0234452220455,143.0702153113769,154.74426211183382,166.0908090977009,176.94903223400178,187.04560274798587,195.58522048567337,202.1553586521264,207.13035928832886,207.81747990709226,204.50577407804812,196.90806107254173,188.1176027884745,178.56797251296922,167.7043499407955,156.2016292194341,144.4300356733821,132.54588085096037,153.41717406297647,152.43577358815756,153.15663361380166,154.3358378987338,155.76766722946704,152.1649572492457,148.84000372053714,145.73521501647275,143.19151886807995,142.63407305181983,159.49234156122665,168.42380356887588,177.13524209836976,185.84210806895044,185.57004434727477,187.67034716123416,188.6529596821947,186.0996837755223,182.4583650018805,161.01608497997557,161.80432841050114,161.17617401321013,160.05929646252198,162.91179228503407,163.39492165113626,155.779593339461,154.98959014514966,154.25019252749718,151.93848483753808,156.04509505039331,156.96841625295718,192.32512732702088,193.22725008992438,193.25204933138738,193.5888356102925,192.13707289097383,190.58459373104833,188.49543608773217,193.4032052665287,196.84795347817214,198.12128745733224,198.30306610927582,196.0873256178993,192.87962253532697,194.28598476243752,194.48999721707204,193.12304239104378,189.5247212193002,193.3428573831281,194.57317962574106,194.5807063262706,-62.68780767120798,-7.35388759629615,-1.3831344408214474,0.23825124,0.5095341,0.342679,0.27652597,0.2440361,1.0,0.5738224,0.72889054,0.5073305,0.32636085,0.5627545,0.20748478,0.62177104,0.0,0.39965317,0.6074067,0.0037902475,0.06460007,0.041568916,0.7588399,0.0034663912,0.008194082,0.019820329,0.011722536,0.9511591,0.0032664181,0.0023710679,/content/data/frame224.jpg,0
247.570068359375,112.5648193359375,82.25906032986109,98.65949249267578,0.9639126658439636,242.47419334325463,245.11181153670094,248.37708408435392,252.4514310901803,258.60496087802164,266.91694286259207,276.28084954505505,285.8132696696093,296.04170394074464,305.52990692844196,312.87770693450693,319.51402455843544,325.242486598112,329.05434110433396,331.05850082690193,332.2380878648646,332.3289708054297,254.60715058881684,261.59022096173385,268.90464994319035,276.13773308278303,282.92660547420957,299.56178603113113,305.26771610177093,311.20392670657185,317.9240564809073,325.0329032970185,292.6521633145645,293.9116813306917,295.06689460697163,296.3344713480095,285.09735216610125,290.46748674266075,296.3242321099662,301.2954845018132,304.9606095272393,262.14482989016795,268.60533041151245,274.1436255963231,279.54415680821796,273.9685282747731,268.37136982039783,302.99742792687505,308.06765726758186,312.9991029455747,318.65634900294026,313.6321080249683,308.49321721895376,279.4096918317083,286.17964527262194,291.7703539243979,295.47144683149656,298.82059503964774,302.98905870818487,308.04613440332815,304.1759494066402,300.40716179895605,296.24779418681993,291.8623306498677,285.7039476325541,281.5517954724505,291.9895484192992,295.77494744418107,299.36637959373786,306.22764996084004,299.4821584900692,295.7605306534695,291.85781437671284,142.99555925208932,154.68105967815526,166.07578267981518,176.99483979645282,187.14627161029748,195.7422495528648,202.37299240211777,207.3906212739239,208.05960129166687,204.68518312387877,196.97078875782026,188.07082329186886,178.46081500584916,167.5904348458089,156.12763255467763,144.3980243702452,132.603815838006,152.94901246984546,152.01343825910544,152.8134960484919,154.09080394684324,155.59807130056106,152.13760048748054,148.8269923196971,145.6919824975167,143.07991123827188,142.45405457248117,159.2638984653292,168.12361617512613,176.7666903786867,185.41550871716606,185.26841934585318,187.3521430993918,188.29907150311027,185.72958728838057,182.0619853693961,160.71534750552345,161.63305421059448,161.03575591583157,159.78450126824245,162.5973843793128,163.07508611559314,155.6340532955872,155.0531582460563,154.3519327436552,151.94223991848648,155.94860113580916,156.83968299929683,191.92512370906988,192.773921965145,192.79318669282128,193.12163971468652,191.6421297991792,190.0527827092099,187.96951763966354,193.02818108708777,196.6096915490574,197.9393882160053,198.13354562160418,195.84866423907658,192.50282561234673,193.88186256351162,194.0554003594878,192.65919451365752,189.0218022280731,193.0390413126899,194.30241227435235,194.34043364897497,-63.012035218965444,-7.21263647266705,-1.133509808541643,0.23472606,0.40397698,0.41545162,0.32258606,0.25387895,0.0,0.5630552,0.61257374,0.50837934,0.36466083,0.49103498,0.13972087,0.68292946,0.0,0.45209083,0.5970067,0.0008406442,0.03248313,0.051981386,0.7435755,0.003531631,0.007337105,0.017390262,0.006280378,0.9613387,0.0021309839,0.0019909104,/content/data/frame225.jpg,0
245.8987358940972,111.61790084838867,84.80126953125003,104.29451751708984,0.9581959843635559,242.1713564076137,245.3308782587188,249.11731541582958,253.66797531088315,260.3104503186917,268.93522421355954,278.3470364159016,287.73708114010316,297.61130305842596,306.6256424526737,313.64800396641203,320.18785553461186,326.1414771380596,330.20217855196006,332.4034166438458,333.87036414516314,334.1536024513713,254.9918639321324,262.45789633214326,270.2095690698774,277.7607318538975,284.6924278675265,300.98734343352936,307.12557831628493,313.2979787404673,320.1339813992005,327.42313252507574,293.93790311730646,295.2461971830202,296.4910388261627,297.8115295425823,286.46197912167725,291.71905261421796,297.3405747113822,302.1327916980757,305.8104735214614,263.6357682922817,270.0348100875619,275.8127887312577,280.9811026834782,275.683735485257,269.98011911224086,304.48326905235973,309.21454754387526,314.4052555911532,320.11912162659735,315.482775598007,310.15524127106744,279.8816510845295,286.961471131639,292.8205034195209,296.484190798427,299.8297507363535,304.3373419079513,309.1525870663445,305.74834892997626,301.6832089795804,297.5653586109047,293.1151028872122,286.53614743950163,282.1112734308102,292.89586902324027,296.75880566230114,300.36896951288037,307.62894565348927,300.6507755518496,296.9280668271425,292.95406233954384,146.24292004380806,157.6133875341805,168.59290574614806,179.1474098445742,188.90262676674394,197.0157567592954,203.45601353631864,208.73956532346511,209.54394003230954,205.9783629592648,197.65847922300492,188.44657646649813,178.74283910794983,168.01478450269096,156.69838510058517,145.0262873515182,133.21344323719586,155.37619356681944,153.8966242104597,154.31509241513604,155.42280565974633,156.93174768409034,152.92320466880474,149.3748036130384,146.2563475491723,143.61143484115146,142.71171365463314,160.73920261695875,169.7800538745756,178.6408795838841,187.50536801826692,187.72531801585828,189.59878324207784,190.4511314436986,187.88595573836574,184.37131366900266,162.52460951702716,162.38131938547775,161.6581176764227,161.49652137922675,164.43378071792776,164.9663454195741,157.09728644605576,155.19949878581392,154.05512099183406,152.32857132361224,156.78607417033882,158.0481999967752,195.0715957173332,195.83074211227574,195.979317459131,196.29014182913744,194.71637106292235,192.97459236569995,191.00087589248596,197.3751961584456,201.63912286603372,203.0773056669708,203.21760817857665,200.2532103595895,195.86043927830633,197.63707727139933,197.7535757998845,196.23994533825078,192.20279427681416,197.63364579780625,198.9945383859218,198.83843617633738,-68.73160338307464,-3.927569868014226,-7.995914629369458,0.28663194,0.4638703,0.52958834,0.30547643,0.35768992,1.0,0.5919224,0.902343,0.49621466,0.4712787,0.6377667,0.25117677,0.52543473,1.0,0.57326925,0.6003923,0.003859895,0.045584265,0.12254518,0.45911825,0.0048828647,0.002910988,0.011647039,0.016582286,0.96050566,0.0018502368,0.0016208362,/content/data/frame226.jpg,0
248.701171875,115.36434173583984,81.67206488715277,99.90990829467773,0.961764395236969,242.65233153592072,246.1047100865806,250.26221173623827,255.1547036663177,262.053717078902,270.9754325615112,280.7687702283657,290.63715995238147,300.6843883131519,309.53945199503335,316.1733678211864,322.2362520088117,327.6017827093553,331.04343673016183,332.76000465691186,333.9376555792577,333.95368431186546,256.5044865978871,263.8015385330974,271.5066281902655,279.05759761731736,286.0300855825051,303.30293154129015,308.98299128195686,314.7852995864757,321.2981959803007,328.38129506348605,296.12883384864125,297.7712608477029,299.34517805652365,300.9935934987085,289.8616172643067,295.13892562048625,300.82457362191946,305.2981407261053,308.57376194557094,264.9805686553511,271.4157189072208,277.1285185669434,282.63372362913844,277.26602765620066,271.59731237073447,306.5240850835662,311.21638043013155,316.16332753170184,321.8334255901326,317.3154310982418,312.2360736594052,283.38771006580384,290.5382577413735,296.418715943261,300.0931974884064,303.2833797747209,307.40333574398585,311.8073997481527,308.6884642135542,305.094790920004,301.1369302435349,296.80235504716,290.1869190705494,285.62143865437037,296.66004019656583,300.4665676271885,303.9555289194453,310.2875786186188,303.9069353475628,300.31108963550497,296.4187516738286,150.30847280304675,161.45250095788674,172.13798087393678,182.32147132715664,191.68148653591908,199.32506959408818,205.09291933925152,209.69643137154208,209.8880758437105,206.0753670248999,198.02106823873427,189.241174524887,179.9062064439846,169.46154698023673,158.62223625166772,147.5065209985628,136.21133467765736,159.08102388526032,157.3181134123841,157.36362700934288,158.3199306387071,159.8515214171955,156.20053272022125,152.51593942445615,149.13316580593286,146.1972708228342,144.98096299944444,163.30059667688437,172.0812836093315,180.6813310844189,189.22431684311186,189.5665370730945,191.31221826629297,191.95207412405608,189.21340472777882,185.45484915716315,165.89635452208918,166.05528765965582,165.0896726443853,164.08204920083367,167.24693781837195,168.03794826914373,159.43166938307377,158.20786885966655,156.95973224669373,154.57017907993836,158.89039058815382,160.22908632460917,196.66417135116353,197.25106021557468,197.14970688763205,197.23784705169072,195.54078086871533,193.42658174780954,191.04213805221534,196.62828356910558,200.65949195466328,202.30719278549685,202.7758277635092,200.65363928769682,197.27689341592105,198.50511023747876,198.4065653321464,196.73494645938771,192.33712101231694,197.25135320622866,198.8065833282152,198.97175859593472,-68.70045974295542,-4.6490954078293125,-11.541843727884993,0.23089421,0.43905124,0.6338397,0.3037554,0.25403994,1.0,0.5849025,0.7044106,0.5014476,0.23074639,0.4919056,0.5579561,0.60878676,0.0,0.4309836,0.5810474,0.00047344144,0.04747485,0.05496541,0.74714905,0.0024141609,0.011409247,0.01337275,0.0054448512,0.96313375,0.001710833,0.0025143947,/content/data/frame227.jpg,0
249.1494683159722,117.19732475280762,81.46714952256943,99.63876914978027,0.9663093686103821,243.96629579606446,247.1831707631192,251.17967149703162,255.9780387096451,262.884240301282,271.8244612682037,281.9316755295677,292.3577891365546,302.93276567360095,311.78992471741645,318.0781363364067,323.7666202030815,328.8228143331704,332.0795330107877,333.7528085032108,334.8370534502325,334.72329674352966,259.4919678434466,267.48681513178497,275.69713167651065,283.6703778761373,290.9540319459789,306.8571938868464,312.14670258052627,317.49370965220874,323.58848070673116,330.4862193182146,300.4953062351601,302.28944377425495,303.9779561943144,305.7390114985693,293.9151984131166,299.16955812311903,304.79583284978577,309.1535941537693,312.12169491959276,268.355847384344,274.96797199656805,281.02809650118223,286.77693656063155,281.1584549024261,275.1822831609344,309.52643564405037,314.017872837498,318.86570305116845,324.26593246877604,320.13790098815844,315.1715747988992,286.32579023293044,293.65971262320363,299.86630191655377,303.56795598527947,306.77349055892853,310.65917792155153,314.88428245704944,312.08078041933084,308.7515046040778,304.81533155605933,300.3340428120758,293.3558506570534,288.64010351089814,300.03725055229376,303.86988661027465,307.3257828620638,313.4205040295453,307.5543866636493,303.93363512183066,299.9540746016654,150.99207102393714,162.52821405137325,173.76502414330128,184.44581822082654,194.31782933776535,202.443330786233,208.65567846944754,213.55204877391822,213.69766191959874,209.54020421156753,200.97649499579342,191.64968509546128,181.96300433548328,171.52788968097315,160.8402468254037,149.85562641532889,138.80873628812486,161.32531990428,159.79696982904494,160.03301748980545,160.99686006360372,162.34177905279245,157.07167998138462,153.15963800772374,149.59310655264835,146.43037506009546,145.0061606193888,164.31696735341046,173.053691953762,181.6926807142612,190.2951236539377,191.0282065933114,192.76885809783636,193.39010141822195,190.53253608160293,186.5658749248716,167.76112946050682,167.59205158880076,166.49603686348567,165.56640610966775,168.965783907472,169.93543832153568,159.64475734052473,157.82728691972676,156.3939182070141,154.24594970358288,158.6574607307811,160.1650934306005,198.28208166309298,198.89972598981336,198.6769589720137,198.72565585065678,196.8849594489576,194.56330921261687,192.01296252732897,198.2741139899885,202.68228971216627,204.52962109030574,205.09685099883185,202.84539182904393,198.92119879756274,200.0431013337473,199.83308401825883,198.06053331443545,193.44804877959277,199.24009814318566,200.9252253711837,201.14648152431596,-66.47900588438117,-4.06550990461079,-11.554510380088551,0.2597745,0.40826017,0.6235274,0.26918378,0.41091758,0.0,0.58777714,0.30952337,0.50759983,0.41179925,0.66893375,0.17252731,0.5564978,1.0,0.48399338,0.5771031,0.009584711,0.12629306,0.07740703,0.61364466,0.0015263064,0.0038142672,0.0063793464,0.0016969048,0.985194,0.00037786085,0.0010113488,/content/data/frame228.jpg,0
251.52186414930554,118.76100540161133,81.48068576388886,98.36411476135254,0.9791079163551331,245.48253303528415,248.45064942691994,252.21988364056233,256.7011154881756,263.4069987177854,272.30042256338595,282.4939280570833,293.17670326876896,303.8990640010825,312.5710615074029,318.5927814967117,323.98674048912017,328.8507185549536,331.9585530494878,333.5923835885085,334.5874987796792,334.32764074992906,263.72755595294154,271.51618038688116,279.5226641363813,287.42736458775244,294.70151092897527,310.2027266107841,314.90784899897494,319.62080898957925,325.1158547606922,331.56340843373346,303.81952007569043,305.64841826687984,307.4236141068825,309.2664075088139,297.20337352416254,302.4929531005869,308.118663101523,312.3547816727596,315.1743485876823,271.63077190331694,278.3677434683527,284.372574620504,290.01884249778857,284.62251956066655,278.71731179287326,312.3646806912477,316.70398263501215,321.21086433810024,326.1810369917514,322.4606734655099,317.82910071433025,290.2399627906549,297.37212822029323,303.39154054928645,306.9918705613661,309.9964653989746,313.36953308326247,317.02359358872786,314.4512066429188,311.5610450218769,307.8905072589139,303.58698108559156,296.9441064805908,292.6109817495005,303.535023550741,307.26954963861476,310.5023777098795,315.5829029612464,310.3682097762844,306.97290271925954,303.15993728730336,148.65925808738484,159.93664278558288,171.03685827015784,181.68085001388636,191.64344876502514,199.97505933923935,206.25339396986692,211.13059183366704,211.088139326519,206.91159075495466,198.46348554809924,189.2451142843031,179.60503920447354,169.3267834785745,158.93541370168566,148.29341653630922,137.6572588772193,161.4121417954168,159.78800272616684,159.67433286674736,160.2643586926023,161.20080091669297,155.36035538428212,151.39266062460752,147.70050613505975,144.22515914638598,142.3116408806651,163.47458154254343,171.89546972521885,180.20062663240014,188.48089176459143,189.33625279567127,190.9405692035209,191.41795939576855,188.52963405320952,184.5258082278308,167.84101608389096,168.23402892807326,166.89364413327485,164.98152945972765,168.78424409570857,169.90100394193223,158.20702323681405,156.89288104255627,155.26087974646873,152.41486971783775,156.94413150465766,158.57644940048363,196.44497225579175,196.78293192323667,196.29427781585082,196.18888528070374,194.3237821505379,192.00834051688548,189.80631194508692,195.47879428071315,199.5628535153587,201.46411233565277,202.26716405439493,200.49925000837607,196.9414850722403,197.84677739984477,197.50029064611158,195.7461522064891,191.19672653410635,196.17124715749856,197.86561156650623,198.252784904402,-66.76784892980608,-4.237173100050018,-14.56624020544264,0.33991203,0.524401,0.81341237,0.3210591,0.5021246,1.0,0.5984581,0.9700013,0.47833234,0.41610014,0.67561394,0.41183436,0.64859617,0.0,0.3663814,0.44457814,0.0009840182,0.09254944,0.018633246,0.8161226,0.0039175004,0.009590891,0.013655372,0.0057530915,0.9638223,0.0012546944,0.0020061857,/content/data/frame229.jpg,0
251.5093044704861,118.84931659698486,81.53168402777777,98.33645153045654,0.9794179797172546,245.2191391164993,248.34502604621983,252.28627355299486,257.0012947684145,263.97159187700424,273.06782102275713,283.25190799526524,293.8300226551695,304.3505569851462,312.7721963253233,318.5156768594376,323.7774773429288,328.77250150762455,332.1548473865123,333.82760643677886,334.6771141223971,334.2462586566463,263.6006483700054,271.4118722074538,279.3100169167333,287.0510175801762,294.1601292482785,309.45522045637216,314.0627229869525,318.67771627076957,324.10913132168304,330.59317655842557,303.16060335688087,305.00403201023676,306.79764891296094,308.66311374461804,297.14450160637506,302.35713742777716,307.8599221247878,312.0545891988122,314.90040723952745,271.40032660046967,278.11479162691774,284.0811132778619,289.63174735916334,284.2708649593844,278.3970593860927,311.9152260207528,316.1859189649521,320.7273551620555,325.69638324791265,322.04688123738913,317.40487200692183,290.8263572115063,297.7998686620954,303.6386681519511,307.2103577652367,310.16157386910027,313.579164972842,317.28469641086235,314.7770595028954,311.92490421460616,308.3035857235377,304.0257255703729,297.4738767080882,293.1076889688696,303.8167652061371,307.5170144322506,310.7007533635829,315.93107158276644,310.6455257631932,307.3052265724269,303.5407397413262,148.73786565142706,159.89952757240314,170.96506519374518,181.5246499105487,191.34476716181777,199.47468210645673,205.6551584139046,210.53470540804514,210.46194311486735,206.17697905487705,197.6518407157525,188.52735771483333,179.0467298405398,168.84746793835254,158.39363296325305,147.6281228681496,136.90457681670708,160.26226641869715,158.7194772122668,158.66751318887412,159.21843171354658,160.08321983241066,153.68083435630558,149.65105880669998,145.92762341340813,142.44395894261834,140.52297461737027,162.75057859002746,171.43152459647672,180.03382121072548,188.5755798783932,189.48419769565623,190.9938411982103,191.38096895234327,188.48664740522355,184.5466940755336,166.94690910362047,167.12615966346928,165.88370394362101,164.3816883489405,168.00910142937946,169.0364670277658,157.367209863396,155.5452125012255,153.78098185861703,151.10577363563664,155.79651496356956,157.55355729649918,196.43131215385318,196.75871082208323,196.12535181037964,195.99537844975788,194.10851046119984,191.80834983396355,189.46702874856618,195.19460637839092,199.37351121954816,201.32237310390792,202.16228699852616,200.43675506418873,196.93772927408526,197.68728991416876,197.34345379024452,195.54767758118825,190.8693188552021,195.8897060773361,197.6007136873224,198.01348584173826,-66.73438416224806,-4.287467795334756,-14.563494158500191,0.3680133,0.49193308,0.55167174,0.24149464,0.41396227,0.0,0.59983194,0.25035197,0.5055217,0.34008914,0.7154789,0.32417434,0.5532004,0.0,0.24145283,0.52951986,0.0061096163,0.17461927,0.04765377,0.62635106,0.0017466622,0.004699502,0.009411485,0.0019879302,0.9800009,0.0006270632,0.0015263795,/content/data/frame230.jpg,0
